Stock,RS,Volume SMA 5,Volume SMA 20,Volume SMA 5 Rank,Volume SMA 20 Rank
0001.HK,,6939284.4,6812903.0,311.0,334.0
0002.HK,,3748370.4,3427839.3,489.0,532.0
0003.HK,,26348965.2,25433581.65,97.0,102.0
0004.HK,,1139378.6,1118098.9,813.0,834.0
0005.HK,,16841393.4,13454189.4,138.0,192.0
0006.HK,,2549983.8,2491456.9,596.0,614.0
0007.HK,,0.0,0.0,2441.5,2488.0
0008.HK,,10483828.8,7095277.9,219.0,325.0
0009.HK,,,,,
0010.HK,,648220.0,618281.5,982.0,1031.0
0012.HK,,6980120.2,7117491.85,307.0,324.0
0013.HK,,2224480.0,3174347.3,631.0,558.0
0014.HK,,1227499.8,964368.85,793.0,881.0
0016.HK,,3815890.2,4216313.0,485.0,464.0
0017.HK,,3458259.6,3703430.35,524.0,501.0
0018.HK,,1969360.0,797432.0,657.0,955.0
0019.HK,,1119954.6,959819.0,820.0,887.0
0020.HK,,506757443.2,481931433.95,2.0,2.0
0021.HK,,1122020.0,458510.0,818.0,1138.0
0022.HK,,32520.0,89378.05,1912.0,1725.0
0023.HK,,3730179.4,1959087.05,490.0,677.0
0025.HK,,32656.0,14564.0,1911.0,2178.0
0026.HK,,1960.0,2199.6,2271.0,2360.0
0027.HK,,18881735.0,17308137.0,125.0,147.0
0028.HK,,18200.0,81000.0,2034.0,1753.0
0029.HK,,81367.8,40948.5,1684.0,1965.0
0030.HK,,951200.0,3613400.0,873.0,509.0
0031.HK,,6774544.0,10685346.0,317.0,235.0
0032.HK,,21793.8,10867.3,1990.0,2219.0
0033.HK,,0.0,0.0,2441.5,2488.0
0034.HK,,403337.2,234509.2,1147.0,1374.0
0035.HK,,634627.8,669860.75,992.0,1008.0
0036.HK,,0.0,0.0,2441.5,2488.0
0037.HK,,403600.0,810200.0,1146.0,948.0
0038.HK,,3046126.0,4239696.05,561.0,463.0
0039.HK,,0.0,0.0,2441.5,2488.0
0040.HK,,55533.4,47233.3,1785.0,1935.0
0041.HK,,104156.8,171185.4,1605.0,1490.0
0042.HK,,499200.0,338550.0,1071.0,1237.5
0045.HK,,234400.0,299145.15,1321.0,1280.0
0046.HK,,800.0,9200.0,2292.5,2241.5
0048.HK,,50000.0,28820.0,1808.0,2040.0
0050.HK,,35401.0,78283.3,1900.0,1764.0
0051.HK,,2600.0,2850.8,2248.5,2339.0
0052.HK,,54054.6,55622.7,1794.0,1882.0
0053.HK,,5000.0,5594.7,2202.0,2298.0
0055.HK,,6000.0,60555.0,2185.0,1855.0
0057.HK,,107600.0,66330.0,1593.0,1824.0
0058.HK,,8000.0,9200.0,2155.5,2241.5
0059.HK,,0.0,0.0,2441.5,2488.0
0060.HK,,234200.0,74050.0,1323.0,1786.0
0061.HK,,22425.0,21915.2,1979.0,2106.0
0062.HK,,79120.0,134633.05,1689.0,1579.0
0063.HK,,2869000.0,936350.0,572.0,896.0
0064.HK,,353207.0,398581.05,1177.0,1177.0
0065.HK,,1806134.4,880213.6,681.0,921.0
0066.HK,,5270598.2,5059216.85,392.0,408.0
0069.HK,,453461.2,405671.8,1107.0,1172.0
0070.HK,,32200.0,15770.5,1914.0,2163.0
0071.HK,,55800.0,47830.2,1784.0,1933.0
0072.HK,,13600.0,9700.0,2081.0,2233.5
0073.HK,,1768.0,2250.6,2275.0,2354.0
0075.HK,,49706.2,18819.6,1810.0,2135.0
0076.HK,,137731.0,109030.75,1514.0,1643.0
0077.HK,,124280.0,56070.0,1543.0,1879.0
0078.HK,,331640.0,387337.8,1202.0,1184.0
0079.HK,,472800.0,327050.0,1093.0,1251.0
0080.HK,,987000.0,686750.0,859.0,1000.0
0081.HK,,5271500.0,5218635.5,391.0,399.0
0082.HK,,7940159.6,3384249.9,278.0,537.0
0083.HK,,5693964.6,5662862.2,369.0,383.0
0084.HK,,47136.0,182634.0,1824.0,1465.0
0085.HK,,1200000.0,1169325.0,800.0,823.0
0086.HK,,129112.8,232446.3,1536.0,1378.0
0087.HK,,1089142.0,957746.9,826.0,888.0
0088.HK,,10400.0,73811.5,2119.5,1788.0
0089.HK,,0.0,10400.0,2441.5,2226.5
0090.HK,,40800.0,40900.0,1862.0,1967.0
0091.HK,,0.0,0.0,2441.5,2488.0
0092.HK,,211340.8,195056.75,1346.0,1443.0
0093.HK,,12800.0,3200.0,2086.5,2332.5
0094.HK,,256000.0,504650.0,1288.5,1097.0
0095.HK,,320800.0,3471300.0,1216.0,530.0
0096.HK,,90000.0,26400.0,1658.0,2058.5
0097.HK,,345592.0,252958.2,1186.0,1341.0
0098.HK,,8400.0,12550.0,2145.0,2196.0
0099.HK,,0.0,1000.0,2441.5,2384.0
0101.HK,,10619518.0,7425329.05,215.0,316.0
0102.HK,,,,,
0103.HK,,20880.0,22650.0,2007.0,2097.0
0104.HK,,122610.4,330541.6,1550.0,1247.0
0105.HK,,800.0,900.0,2292.5,2387.0
0106.HK,,0.0,0.0,2441.5,2488.0
0107.HK,,989840.0,1162182.5,858.0,824.0
0108.HK,,673200.0,1705300.0,967.0,716.0
0110.HK,,2658360.0,1120200.75,584.0,832.0
0111.HK,,878400.0,490500.0,891.0,1110.5
0113.HK,,29100.0,50178.95,1933.0,1924.0
0114.HK,,203000.0,114250.0,1362.0,1631.0
0115.HK,,0.0,0.0,2441.5,2488.0
0116.HK,,690838.0,837994.0,955.0,936.0
0117.HK,,7458400.0,8299569.9,291.0,292.0
0118.HK,,168000.0,200200.0,1437.5,1431.0
0119.HK,,12580600.2,12064575.55,187.0,210.0
0120.HK,,196680.0,268921.5,1375.0,1324.0
0122.HK,,3100.0,22813.2,2240.0,2095.0
0123.HK,,4705457.2,5060538.65,420.0,407.0
0124.HK,,146215.6,881366.1,1496.0,920.0
0125.HK,,0.0,800.0,2441.5,2388.0
0126.HK,,98000.0,235100.0,1627.5,1370.0
0127.HK,,147500.0,118100.0,1491.5,1619.0
0128.HK,,131200.0,32800.0,1528.0,2009.0
0129.HK,,28800.0,140135.3,1935.5,1562.0
0130.HK,,57200.0,94800.0,1780.0,1704.0
0131.HK,,21800.0,31353.95,1989.0,2021.0
0132.HK,,62600.0,51710.3,1757.0,1914.0
0133.HK,,501909.6,622328.15,1068.0,1029.0
0135.HK,,9801602.6,10704682.9,234.0,234.0
0136.HK,,61072270.8,120262860.0,36.0,14.0
0137.HK,,2000.0,10400.0,2266.0,2226.5
0138.HK,,0.0,4990.0,2441.5,2303.0
0139.HK,,10593440.0,58713619.7,216.0,36.0
0142.HK,,3475573.2,3230589.15,521.0,555.0
0144.HK,,3319388.0,2866868.2,538.0,578.0
0145.HK,,4153016.0,1374102.0,455.0,773.0
0146.HK,,42600.0,23250.0,1846.0,2087.0
0147.HK,,2566000.0,5934200.0,593.0,366.0
0148.HK,,45704860.0,44739206.55,53.0,59.0
0149.HK,,12760082.6,5127080.1,184.0,404.0
0150.HK,,182640.0,88220.0,1401.0,1729.0
0151.HK,,26765398.0,13771670.95,95.0,187.0
0152.HK,,3181662.2,3248254.25,550.0,552.0
0154.HK,,188200.0,86300.0,1388.0,1733.0
0156.HK,,42240.0,30530.0,1849.0,2031.0
0157.HK,,16000.0,18500.0,2054.5,2137.5
0158.HK,,0.0,25.0,2441.5,2408.0
0159.HK,,332800.0,151400.0,1199.0,1535.0
0160.HK,,30676.2,46069.05,1924.0,1940.0
0162.HK,,94000.0,52050.0,1642.5,1911.0
0163.HK,,8200.0,96783.35,2149.5,1695.0
0164.HK,,665000.0,268413.1,973.0,1326.0
0165.HK,,13108886.4,7771271.7,178.0,310.0
0166.HK,,541700.0,949345.0,1041.0,890.0
0167.HK,,72119.8,99198.25,1713.0,1691.0
0168.HK,,4378417.2,3598339.9,441.0,515.0
0169.HK,,614600.0,754300.0,1002.0,969.0
0171.HK,,640800.0,2537300.0,987.5,611.0
0173.HK,,626071.2,736225.9,998.0,981.0
0174.HK,,0.0,12900.0,2441.5,2192.0
0175.HK,,56417092.2,46886151.4,39.0,54.0
0176.HK,,0.0,0.0,2441.5,2488.0
0177.HK,,3648802.0,3060270.15,500.0,565.0
0178.HK,,3228000.0,2995804.85,545.0,568.0
0179.HK,,9613776.6,9241129.0,239.0,271.0
0180.HK,,800.0,9700.0,2292.5,2233.5
0181.HK,,24000.0,10000.0,1971.0,2229.0
0182.HK,,5016000.0,9117105.75,405.0,274.0
0183.HK,,41120.0,69320.0,1858.0,1805.0
0184.HK,,40400.0,24996.25,1864.0,2068.0
0185.HK,,8800.0,909950.0,2142.0,912.0
0186.HK,,174624.0,158656.0,1421.0,1521.0
0187.HK,,871600.0,1529100.0,893.0,745.0
0188.HK,,45000.0,124400.0,1834.5,1602.0
0189.HK,,20059119.4,27584072.0,119.0,93.0
0191.HK,,169440.0,150860.0,1434.0,1539.0
0193.HK,,25520.0,29657.5,1958.0,2035.0
0194.HK,,19600.0,18729.0,2022.0,2136.0
0195.HK,,0.0,0.0,2441.5,2488.0
0196.HK,,433200.0,650650.0,1120.0,1015.0
0197.HK,,234478.8,178318.9,1320.0,1470.0
0199.HK,,1230157.0,2276970.0,792.0,642.0
0200.HK,,4218122.4,3317712.25,452.0,541.0
0201.HK,,9825200.0,5017569.5,233.0,413.0
0202.HK,,98000.0,83925.0,1627.5,1739.0
0204.HK,,0.0,0.0,2441.5,2488.0
0205.HK,,64500.0,91862.5,1742.0,1717.0
0206.HK,,532600.0,1288150.0,1045.0,793.0
0209.HK,,5791638.4,5720364.3,358.0,380.0
0210.HK,,90800.0,174900.0,1656.0,1478.0
0211.HK,,14000.0,19723.0,2074.5,2127.0
0212.HK,,2300.0,1735.0,2257.0,2371.0
0213.HK,,28800.0,34800.0,1935.5,2000.0
0214.HK,,15111.6,4641.95,2067.0,2307.0
0215.HK,,2618450.4,2861267.0,589.0,579.0
0216.HK,,0.0,7400.0,2441.5,2268.0
0217.HK,,903200.0,654700.0,882.0,1013.0
0218.HK,,961500.0,725775.0,869.0,985.0
0219.HK,,5200.0,36487.85,2199.0,1992.0
0220.HK,,6295303.2,7133734.2,339.0,322.0
0222.HK,,21600.0,30800.0,1993.5,2029.0
0223.HK,,772000.0,916557.2,932.0,907.0
0224.HK,,0.0,8400.0,2441.5,2251.0
0225.HK,,4800.0,3200.0,2207.5,2332.5
0227.HK,,220800.0,453900.0,1335.0,1141.0
0228.HK,,138980.0,65548.75,1510.0,1826.0
0229.HK,,0.0,22000.0,2441.5,2105.0
0232.HK,,63258697.0,52679212.65,33.0,47.0
0234.HK,,781800.0,779850.0,926.0,960.0
0235.HK,,28904283.8,12306967.25,90.0,206.0
0236.HK,,74800.0,75076.0,1702.0,1779.0
0237.HK,,22000.0,14900.0,1985.0,2173.0
0239.HK,,20000.0,20250.0,2015.5,2118.5
0240.HK,,253600.0,219900.0,1294.0,1400.0
0241.HK,,95507973.2,120027168.8,22.0,15.0
0242.HK,,1950950.0,1493984.45,662.0,752.0
0243.HK,,428679.0,411338.35,1125.0,1168.0
0244.HK,,0.0,22950.0,2441.5,2091.0
0245.HK,,174200.0,172295.5,1423.0,1485.0
0247.HK,,0.0,0.0,2441.5,2488.0
0248.HK,,3562.4,18890.6,2234.0,2134.0
0251.HK,,11902.0,9192.5,2105.0,2243.0
0252.HK,,0.0,0.0,2441.5,2488.0
0253.HK,,2000.0,2200.0,2266.0,2358.0
0254.HK,,4489480.0,10267790.0,431.0,243.0
0255.HK,,45953.0,31288.25,1831.0,2023.0
0256.HK,,4221200.0,6308800.0,451.0,351.0
0257.HK,,6644633.8,6939492.75,322.0,331.0
0258.HK,,356281.6,372682.9,1174.0,1199.0
0259.HK,,660400.0,772462.0,977.0,962.0
0261.HK,,95880.0,924176.1,1639.0,902.0
0262.HK,,6000.0,37000.0,2185.0,1990.0
0264.HK,,3542400.0,3498500.0,510.0,525.0
0265.HK,,0.0,684.25,2441.5,2392.0
0266.HK,,2400.0,726.6,2252.5,2391.0
0267.HK,,14766111.4,15630725.7,154.0,163.0
0268.HK,,54097759.6,49685154.5,42.0,51.0
0269.HK,,2030.0,210257.5,2261.0,1411.0
0270.HK,,10238431.4,10350859.45,224.0,241.0
0271.HK,,0.0,72860.5,2441.5,1795.0
0272.HK,,7188028.2,4112004.35,297.0,472.0
0274.HK,,0.0,0.0,2441.5,2488.0
0276.HK,,59385.0,63683.5,1771.0,1834.0
0277.HK,,4400.0,1200.0,2213.5,2378.0
0279.HK,,543680.0,749055.1,1038.0,974.0
0280.HK,,643600.0,1113400.0,984.0,836.0
0285.HK,,10751152.0,14042412.4,214.0,181.0
0286.HK,,0.0,0.0,2441.5,2488.0
0287.HK,,0.0,0.0,2441.5,2488.0
0288.HK,,45251160.0,38108758.4,54.0,68.0
0289.HK,,8800.0,15100.0,2142.0,2169.0
0290.HK,,66233600.0,46637231.65,31.0,55.0
0291.HK,,11850716.4,10515670.95,200.0,238.0
0293.HK,,16532041.2,15399594.9,141.0,165.0
0294.HK,,20600.0,94527.6,2009.0,1706.0
0295.HK,,255000.0,1013500.0,1291.0,862.0
0296.HK,,197602.8,176851.65,1373.0,1475.0
0297.HK,,21961146.4,26887011.45,113.0,96.0
0298.HK,,113800.0,63950.0,1574.0,1833.0
0299.HK,,0.0,0.0,2441.5,2488.0
0300.HK,,6281942.4,7379782.8,340.0,318.0
0301.HK,,1675760.0,1483043.65,702.0,757.0
0302.HK,,837600.0,1343500.0,905.0,781.0
0303.HK,,1046926.0,750413.65,847.0,972.0
0305.HK,,899600.0,974110.3,884.0,873.0
0306.HK,,10000.0,33900.0,2127.0,2005.0
0308.HK,,6889800.0,9603685.05,312.0,261.0
0309.HK,,37790.0,30077.3,1885.0,2032.0
0310.HK,,0.0,750.0,2441.5,2389.5
0311.HK,,38600.0,32000.0,1878.0,2015.5
0312.HK,,130800.0,123600.0,1531.0,1605.0
0313.HK,,5000.0,128616.65,2202.0,1595.0
0314.HK,,918520.0,1029760.0,880.0,852.0
0315.HK,,295403.0,335950.35,1243.0,1241.0
0316.HK,,865163.4,944193.55,897.0,893.0
0317.HK,,2798640.0,3880985.4,575.0,488.0
0318.HK,,7000.0,26000.0,2169.0,2064.0
0320.HK,,177600.0,52400.0,1414.0,1906.0
0321.HK,,1407200.0,2144510.9,753.0,655.0
0322.HK,,14240758.8,15964415.75,163.0,157.0
0323.HK,,3916800.0,5221759.1,474.0,398.0
0326.HK,,6251565.0,5000156.4,342.0,415.0
0327.HK,,1498921.8,1471710.45,734.0,759.0
0328.HK,,42019328.0,20360852.6,62.0,128.0
0329.HK,,493300.0,546425.0,1078.0,1061.0
0330.HK,,183642.4,75011.8,1397.0,1780.0
0331.HK,,69400.0,52317.4,1722.5,1907.0
0332.HK,,641684.2,234151.55,986.0,1375.0
0333.HK,,0.0,8120.0,2441.5,2254.0
0334.HK,,158400.0,304510.0,1462.0,1273.0
0335.HK,,200000.0,50000.0,1369.0,1926.0
0336.HK,,5287200.0,4318675.55,390.0,459.0
0337.HK,,377280.0,494622.5,1165.0,1106.0
0338.HK,,8940400.0,18872155.7,252.0,133.0
0339.HK,,176000.0,195250.0,1418.0,1442.0
0340.HK,,3972571.0,5774392.5,471.0,378.0
0341.HK,,682840.0,929162.8,961.0,900.0
0343.HK,,964700.0,371725.0,867.0,1201.0
0345.HK,,979850.8,921484.5,860.0,903.0
0346.HK,,92300.0,73550.0,1649.0,1791.0
0347.HK,,4315120.0,6226440.6,446.0,353.0
0348.HK,,99320.0,285880.0,1622.0,1294.0
0351.HK,,1644803.2,1536650.8,707.0,744.0
0352.HK,,0.0,0.0,2441.5,2488.0
0353.HK,,1017600.0,507740.0,852.0,1094.0
0354.HK,,79439417.0,71693394.9,28.0,30.0
0355.HK,,2042296.6,1485316.7,650.0,753.0
0356.HK,,18800.0,19900.0,2030.0,2124.5
0357.HK,,675051.2,519312.8,965.0,1084.0
0358.HK,,8502761.4,14048978.35,266.0,180.0
0360.HK,,2871200.0,3292800.0,571.0,543.0
0361.HK,,3552000.0,3754000.0,508.0,495.0
0362.HK,,0.0,0.0,2441.5,2488.0
0363.HK,,588319.4,626345.85,1013.0,1024.0
0365.HK,,780000.0,1360800.0,928.0,776.0
0366.HK,,154400.0,259100.0,1473.5,1333.0
0367.HK,,1062.8,61265.7,2287.0,1850.0
0368.HK,,263200.0,744000.0,1273.0,978.0
0369.HK,,15893.2,41173.3,2057.0,1964.0
0370.HK,,4712400.0,5826300.0,419.0,374.0
0371.HK,,17897149.4,15069840.7,132.0,168.0
0372.HK,,18000.0,16500.0,2039.0,2156.0
0373.HK,,42000.0,146083.0,1851.5,1548.0
0374.HK,,3200.0,1900.0,2238.5,2367.0
0375.HK,,54400.0,13900.0,1792.0,2183.5
0376.HK,,5542186.4,4583894.7,381.0,443.0
0377.HK,,13864.0,37632.0,2077.0,1986.0
0379.HK,,812200.0,285650.0,914.0,1295.0
0380.HK,,1239200.0,452000.0,787.0,1143.5
0381.HK,,2398400.0,3236391.7,613.0,553.0
0382.HK,,316707.2,509118.45,1221.0,1093.0
0383.HK,,62200.0,15550.0,1759.0,2166.0
0384.HK,,12815332.0,12348618.6,182.0,204.0
0385.HK,,63600.0,33840.0,1750.5,2006.0
0386.HK,,119964341.8,168102196.55,13.0,10.0
0387.HK,,10400.0,6600.0,2119.5,2279.0
0388.HK,,3207128.2,4025512.8,546.0,478.0
0389.HK,,318385.8,157049.35,1219.0,1523.0
0390.HK,,35417143.6,23211865.1,71.0,110.0
0391.HK,,9604000.0,3973000.0,241.0,484.0
0392.HK,,1285494.0,1664953.7,777.0,722.0
0393.HK,,116000.0,115262.2,1567.5,1629.0
0396.HK,,1125200.0,723400.0,816.0,989.0
0397.HK,,1713248.0,1749576.5,696.0,708.0
0398.HK,,494000.0,327330.55,1077.0,1250.0
0399.HK,,0.0,0.0,2441.5,2488.0
0400.HK,,6150690.0,8565637.7,347.0,284.0
0401.HK,,17200.0,58688.0,2048.5,1862.0
0403.HK,,174800.0,259600.0,1420.0,1332.0
0406.HK,,0.0,0.0,2441.5,2488.0
0408.HK,,213200.0,241400.0,1341.0,1361.0
0410.HK,,2716100.0,1484442.5,580.0,755.0
0411.HK,,0.0,0.0,2441.5,2488.0
0412.HK,,4424224.0,8101849.05,436.0,297.0
0413.HK,,483888.2,137919.35,1085.0,1568.0
0417.HK,,145600.0,103639.6,1497.0,1661.0
0418.HK,,26400.0,60800.0,1947.5,1852.5
0419.HK,,3317625.0,1613195.3,539.0,732.0
0420.HK,,61600.0,98600.0,1761.5,1693.0
0422.HK,,31000.0,30807.5,1922.5,2028.0
0423.HK,,72000.0,66900.0,1715.0,1821.5
0425.HK,,2541594.6,4571452.05,597.0,444.0
0426.HK,,78400.0,63600.0,1691.0,1835.0
0428.HK,,101600.0,86801.5,1616.0,1732.0
0430.HK,,6000.0,4425.0,2185.0,2313.0
0432.HK,,684851.8,354240.1,958.0,1215.0
0433.HK,,30249200.0,23746196.15,85.0,107.0
0434.HK,,2047840.0,2787133.9,648.0,585.0
0436.HK,,24000.0,67000.0,1971.0,1820.0
0438.HK,,52850.0,28182.5,1798.0,2043.0
0439.HK,,115057.0,101379.25,1573.0,1675.0
0440.HK,,700530.2,463566.95,953.0,1133.0
0442.HK,,25800.0,12850.0,1955.5,2193.0
0444.HK,,0.0,0.0,2441.5,2488.0
0450.HK,,70400.0,54500.0,1719.5,1888.0
0451.HK,,4424252.6,6133512.95,435.0,358.0
0455.HK,,107200.0,54200.0,1595.0,1890.0
0456.HK,,76400.0,101775.0,1696.0,1669.0
0458.HK,,8200.0,9173.75,2149.5,2244.0
0460.HK,,50619621.0,33935364.7,45.0,78.0
0464.HK,,535200.0,517400.0,1044.0,1086.0
0465.HK,,277133.2,524847.45,1258.0,1081.0
0467.HK,,34845154.4,60684440.85,73.0,34.0
0468.HK,,0.0,0.0,2441.5,2488.0
0471.HK,,342400.0,514715.15,1191.0,1087.0
0472.HK,,430500.0,240325.0,1122.0,1363.0
0474.HK,,0.0,0.0,2441.5,2488.0
0475.HK,,0.0,15000.0,2441.5,2171.5
0476.HK,,142520.0,81401.1,1505.0,1752.0
0480.HK,,67456.0,334523.2,1732.0,1242.0
0482.HK,,64000.0,19000.0,1746.0,2133.0
0483.HK,,0.0,11200.0,2441.5,2212.0
0484.HK,,34460.0,19545.0,1903.0,2129.0
0485.HK,,4000.0,2000.0,2224.5,2365.0
0486.HK,,292800.0,206900.0,1249.5,1420.0
0487.HK,,0.0,127400.0,2441.5,1596.0
0488.HK,,9230.6,23407.65,2135.0,2084.0
0491.HK,,160000.0,57002.0,1457.0,1871.0
0493.HK,,8951086.4,11724752.85,250.0,217.0
0495.HK,,0.0,0.0,2441.5,2488.0
0496.HK,,25600.0,68550.0,1957.0,1808.0
0497.HK,,224000.0,185000.0,1334.0,1461.0
0498.HK,,0.0,0.0,2441.5,2488.0
0499.HK,,0.0,46600.0,2441.5,1937.0
0500.HK,,25237.6,459998.8,1959.0,1136.0
0505.HK,,266000.0,144650.0,1271.0,1554.0
0506.HK,,3333214.0,3108455.1,537.0,560.0
0508.HK,,225000.0,160875.0,1333.0,1514.0
0509.HK,,0.0,0.0,2441.5,2488.0
0510.HK,,154830.0,146345.4,1472.0,1547.0
0511.HK,,2997700.0,2202416.5,564.0,646.0
0512.HK,,2704622.4,4790750.1,581.0,431.0
0513.HK,,8000.0,22500.0,2155.5,2098.5
0515.HK,,0.0,0.0,2441.5,2488.0
0517.HK,,777593.2,889957.8,929.0,919.0
0518.HK,,2400.0,35100.0,2252.5,1997.0
0519.HK,,543000.0,174250.0,1040.0,1481.0
0520.HK,,961297.6,496849.4,870.0,1104.0
0521.HK,,8940000.0,4071300.0,253.0,474.0
0522.HK,,6701245.8,4656079.15,318.0,437.0
0524.HK,,348420.0,320296.15,1181.0,1256.0
0525.HK,,5187200.0,3612317.45,397.0,511.0
0526.HK,,936400.0,1484600.0,877.0,754.0
0527.HK,,1903200.0,1181820.0,665.0,820.0
0528.HK,,204800.0,375700.0,1358.0,1195.0
0529.HK,,1200.0,3200.0,2283.5,2332.5
0532.HK,,824000.0,771000.0,912.0,963.0
0533.HK,,104000.0,67350.0,1606.5,1818.0
0535.HK,,6138800.0,2843136.45,348.0,580.0
0536.HK,,453200.0,386700.0,1108.0,1185.0
0538.HK,,250200.0,183850.0,1299.0,1464.0
0540.HK,,9600.0,2400.0,2132.0,2349.5
0542.HK,,0.0,5700.0,2441.5,2294.0
0543.HK,,24437.4,67518.85,1965.0,1815.0
0544.HK,,598616.0,189655.5,1009.0,1452.0
0546.HK,,4165507.2,3713902.55,453.0,498.0
0547.HK,,245200.0,421901.8,1311.0,1162.0
0548.HK,,468000.4,780119.25,1097.0,959.0
0550.HK,,1518000.0,1503050.0,728.0,751.0
0551.HK,,2849152.0,2464592.7,573.0,623.0
0552.HK,,10172264.0,6113707.6,227.0,360.0
0553.HK,,34040800.0,13163100.0,76.0,197.0
0554.HK,,315600.0,199700.0,1224.0,1433.0
0556.HK,,836400.0,893800.0,906.0,918.0
0557.HK,,0.0,0.0,2441.5,2488.0
0558.HK,,2361688.2,2313561.8,618.0,638.0
0559.HK,,0.0,0.0,2441.5,2488.0
0560.HK,,415200.0,340500.0,1141.0,1233.0
0563.HK,,219320.0,324160.0,1336.0,1252.0
0564.HK,,1604640.0,1615813.5,714.0,731.0
0565.HK,,10128000.0,9478500.0,230.0,266.0
0567.HK,,332000.0,269500.0,1201.0,1322.0
0568.HK,,92517464.4,114076753.65,23.0,19.0
0570.HK,,9159446.8,13190179.45,245.0,196.0
0571.HK,,7200.0,56900.0,2165.5,1872.0
0572.HK,,18158.6,4852.35,2035.0,2304.0
0573.HK,,12400.0,56250.0,2089.0,1878.0
0574.HK,,0.0,0.0,2441.5,2488.0
0575.HK,,26000.0,42212.85,1951.0,1961.0
0576.HK,,13415085.6,5947861.5,172.0,365.0
0579.HK,,4098079.0,3927109.85,460.0,487.0
0580.HK,,8917200.0,13999070.25,254.0,183.0
0581.HK,,578400.0,1506300.0,1017.0,750.0
0582.HK,,3678664.4,1265100.7,496.0,802.0
0583.HK,,118400.0,156500.0,1562.0,1524.0
0585.HK,,635595.0,976733.0,991.0,869.0
0586.HK,,8590418.2,27188370.2,261.0,95.0
0587.HK,,399585.2,754680.55,1151.0,968.0
0588.HK,,1899600.0,2160300.0,666.0,652.0
0589.HK,,,,,
0590.HK,,965034.0,962304.95,866.0,884.0
0591.HK,,4439600.0,2163100.0,434.0,650.0
0593.HK,,,,,
0595.HK,,4394202.4,5320741.6,439.0,394.0
0596.HK,,4995600.0,5950643.9,406.0,364.0
0598.HK,,6272004.8,4056278.65,341.0,476.0
0599.HK,,208000.0,77600.0,1352.0,1768.0
0600.HK,,1851294.0,1413245.95,672.0,767.0
0601.HK,,44600.0,11150.0,1839.0,2213.0
0602.HK,,0.0,26875.0,2441.5,2054.0
0603.HK,,1776776.0,1921058.0,688.0,687.0
0604.HK,,3975569.0,5152863.6,470.0,403.0
0605.HK,,64800.0,50114.8,1739.0,1925.0
0606.HK,,225800.0,79950.0,1330.0,1758.0
0607.HK,,24040.0,153260.0,1968.0,1531.0
0608.HK,,2000.0,4000.0,2266.0,2318.5
0609.HK,,31200.0,38600.0,1921.0,1978.0
0610.HK,,119200.0,100500.0,1560.5,1681.5
0611.HK,,496340.0,678955.1,1072.0,1005.0
0612.HK,,0.0,0.0,2441.5,2488.0
0613.HK,,2565840.0,2148840.0,594.0,654.0
0616.HK,,7129000.0,4335125.0,300.0,458.0
0617.HK,,666075.0,744682.2,971.0,977.0
0618.HK,,1995600.0,933433.75,655.0,899.0
0619.HK,,1600.0,4800.0,2277.0,2306.0
0620.HK,,179600.0,234880.0,1411.0,1372.0
0621.HK,,1854200.0,2057890.0,671.0,669.0
0622.HK,,39950584.4,26070457.95,63.0,99.0
0623.HK,,41600.0,256907.3,1855.0,1335.0
0626.HK,,299200.0,221200.0,1240.0,1396.0
0627.HK,,0.0,16750.15,2441.5,2154.0
0628.HK,,44880843.2,51047578.9,55.0,49.0
0629.HK,,20200.0,38700.0,2011.0,1977.0
0630.HK,,92000.0,53500.0,1651.5,1897.0
0631.HK,,8190716.0,9577104.8,273.0,264.0
0632.HK,,14276520.0,21663505.7,162.0,119.0
0635.HK,,0.0,27600.0,2441.5,2051.0
0636.HK,,577310.4,641663.9,1019.0,1018.0
0637.HK,,98000.0,118300.0,1627.5,1616.5
0639.HK,,12410720.2,10740628.7,190.0,233.0
0640.HK,,43600.0,26800.0,1845.0,2056.0
0641.HK,,75600.0,48300.0,1699.5,1932.0
0643.HK,,106000.0,556000.0,1600.0,1059.0
0645.HK,,36800.0,20700.0,1893.0,2114.0
0646.HK,,107200.0,44700.0,1595.0,1946.0
0648.HK,,1537223.6,6931633.2,725.0,332.0
0650.HK,,9792000.0,6553000.0,235.0,341.0
0653.HK,,8365546.0,22968540.5,271.0,112.0
0655.HK,,262994.6,259642.1,1274.0,1331.0
0656.HK,,14602898.6,10346091.5,158.0,242.0
0657.HK,,0.0,32400.0,2441.5,2012.5
0658.HK,,684200.0,655850.0,959.0,1012.0
0659.HK,,923236.8,937503.65,879.0,895.0
0660.HK,,40000.0,51300.0,1868.5,1916.0
0661.HK,,13919800.0,12962668.0,167.0,199.0
0662.HK,,0.0,0.0,2441.5,2488.0
0663.HK,,,,,
0666.HK,,3534389.4,3604411.9,512.0,513.0
0667.HK,,5437112.2,4062994.65,385.0,475.0
0668.HK,,,,,
0669.HK,,5681464.6,4984995.7,370.0,418.0
0670.HK,,13236458.0,22123497.8,176.0,116.0
0672.HK,,3620600.0,1321340.0,503.0,788.0
0673.HK,,1206.0,21796.5,2280.0,2108.0
0674.HK,,209600.0,452000.0,1348.0,1143.5
0675.HK,,6000.0,6900.0,2185.0,2272.0
0676.HK,,0.0,400.0,2441.5,2399.0
0677.HK,,136800.0,150900.0,1516.5,1538.0
0679.HK,,3623558.0,1945797.5,502.0,680.0
0681.HK,,857442.2,5381610.25,902.0,392.0
0682.HK,,28660.0,21375.9,1938.0,2110.0
0683.HK,,1296826.8,1114242.05,775.0,835.0
0684.HK,,26000.0,11300.0,1951.0,2209.5
0685.HK,,2200.0,24700.0,2259.0,2073.0
0686.HK,,134380.0,202605.0,1521.0,1428.0
0687.HK,,775600.0,415000.0,930.0,1166.0
0688.HK,,14314193.2,16564958.6,161.0,154.0
0689.HK,,1437516.8,6271360.35,745.0,352.0
0690.HK,,3345400.0,2588030.0,535.0,605.0
0691.HK,,22400.0,24800.0,1980.5,2070.5
0693.HK,,0.0,300.0,2441.5,2401.0
0694.HK,,4020363.0,4882303.6,465.0,424.0
0695.HK,,1151200.0,1103000.0,808.0,838.0
0696.HK,,3053699.4,3603506.4,560.0,514.0
0697.HK,,22383734.6,33467893.5,111.0,80.0
0698.HK,,123865.6,94721.4,1547.0,1705.0
0700.HK,,26338992.2,34742627.3,98.0,74.0
0701.HK,,127404.0,228051.0,1538.0,1382.0
0702.HK,,0.0,0.0,2441.5,2488.0
0703.HK,,4800.0,4500.0,2207.5,2311.0
0704.HK,,0.0,0.0,2441.5,2488.0
0707.HK,,0.0,0.0,2441.5,2488.0
0708.HK,,0.0,0.0,2441.5,2488.0
0709.HK,,1101600.0,855724.3,824.0,929.0
0710.HK,,1631714.6,1710399.3,709.0,714.0
0711.HK,,65200.0,180700.0,1737.0,1467.0
0712.HK,,138200.0,169625.0,1512.0,1492.0
0713.HK,,49200.0,50500.0,1814.5,1921.0
0715.HK,,0.0,0.0,2441.5,2488.0
0716.HK,,454800.0,492172.25,1104.0,1108.0
0717.HK,,1227201.0,2547200.25,795.0,610.0
0718.HK,,1726000.0,679000.0,694.0,1004.0
0719.HK,,436160.0,1034385.4,1116.0,850.0
0720.HK,,204166.4,3593541.6,1359.0,516.0
0721.HK,,15600.0,66900.0,2059.0,1821.5
0722.HK,,1200.0,3900.0,2283.5,2322.0
0723.HK,,469258.2,524749.05,1096.0,1082.0
0725.HK,,12000.0,6800.0,2098.0,2273.5
0726.HK,,465000.0,285375.0,1099.0,1296.0
0727.HK,,2000.0,9000.0,2266.0,2246.5
0728.HK,,67417874.6,53268892.6,30.0,44.0
0730.HK,,1317200.0,1892850.0,771.0,688.0
0731.HK,,188080.0,479820.0,1389.0,1117.0
0732.HK,,1444000.0,1651600.0,744.0,724.0
0733.HK,,0.0,13900.0,2441.5,2183.5
0736.HK,,186756.0,146667.8,1391.0,1546.0
0737.HK,,177289.0,161420.1,1415.0,1512.0
0738.HK,,3414400.0,1652120.0,527.0,723.0
0743.HK,,101700.0,25425.0,1615.0,2067.0
0745.HK,,234310.8,243567.25,1322.0,1355.0
0746.HK,,86000.0,191800.0,1665.0,1446.0
0747.HK,,161200.0,99300.0,1453.0,1690.0
0750.HK,,150280.0,445130.0,1482.0,1150.0
0751.HK,,865815.4,974715.8,895.0,872.0
0752.HK,,560800.0,536499.65,1027.0,1072.0
0753.HK,,19920571.6,21937023.85,120.0,118.0
0754.HK,,0.0,0.0,2441.5,2488.0
0755.HK,,4000.0,49610.5,2224.5,1929.0
0756.HK,,1600.0,1080.0,2277.0,2381.0
0757.HK,,1402400.0,648400.0,755.0,1016.0
0759.HK,,7204.0,36001.0,2163.0,1994.0
0760.HK,,180150.0,95437.5,1409.0,1699.0
0762.HK,,31078365.4,21187735.3,82.0,121.0
0763.HK,,14951435.8,28482189.95,150.0,90.0
0764.HK,,3400.0,3300.65,2235.0,2330.0
0765.HK,,96400.0,35000.0,1634.5,1998.0
0767.HK,,629000.0,1213607.35,997.0,814.0
0768.HK,,64800.0,116900.0,1739.0,1623.0
0769.HK,,0.0,0.0,2441.5,2488.0
0770.HK,,0.0,6150.0,2441.5,2284.5
0771.HK,,262981.2,123868.3,1275.0,1604.0
0772.HK,,3912225.4,5055855.7,475.0,410.0
0775.HK,,1951713.2,2337078.3,661.0,634.0
0776.HK,,1044700.0,1862559.5,850.0,693.0
0777.HK,,1047878.6,876112.95,845.0,922.0
0780.HK,,10971222.4,14351506.8,210.0,175.0
0784.HK,,664000.0,536537.5,974.0,1071.0
0788.HK,,16729261.4,12327445.4,139.0,205.0
0789.HK,,21600.0,10567.0,1993.5,2222.0
0794.HK,,26000.0,16700.0,1951.0,2155.0
0797.HK,,1304400.0,7858000.0,773.0,305.0
0798.HK,,5600.0,151200.0,2193.5,1536.0
0799.HK,,890635.0,1262403.85,887.0,803.0
0802.HK,,,,,
0804.HK,,768617.6,208265.6,934.0,1417.0
0806.HK,,1214000.0,3643350.0,797.0,506.0
0807.HK,,169640.0,163660.0,1433.0,1505.0
0809.HK,,434817.0,468854.25,1119.0,1126.0
0810.HK,,5681410.0,1713810.0,371.0,712.0
0811.HK,,1645822.0,789105.5,706.0,958.0
0812.HK,,,,,
0813.HK,,25377558.8,21399190.85,101.0,120.0
0814.HK,,121000.0,37050.0,1555.0,1989.0
0815.HK,,99150800.0,56148350.0,20.0,39.0
0816.HK,,183049.6,300385.4,1399.0,1279.0
0817.HK,,30832466.0,43730192.7,83.0,60.0
0818.HK,,826200.0,512100.0,911.0,1091.0
0819.HK,,3928817.0,4208168.0,473.0,465.0
0821.HK,,7798400.0,7842200.0,283.0,306.0
0822.HK,,334400.0,168500.0,1196.5,1495.0
0825.HK,,116800.0,141074.6,1565.0,1559.0
0826.HK,,21958516.6,26028328.4,114.0,100.0
0827.HK,,3554400.0,1981800.0,507.0,675.0
0828.HK,,46000.0,78270.0,1829.5,1765.0
0829.HK,,167600.0,333500.0,1442.0,1244.0
0830.HK,,379200.0,271700.0,1162.0,1319.0
0831.HK,,303200.0,171600.0,1233.0,1487.5
0832.HK,,665085.6,560271.4,972.0,1055.0
0833.HK,,1431400.0,964325.0,747.0,882.0
0834.HK,,9600.0,6200.0,2132.0,2282.0
0836.HK,,13801296.0,13998708.3,168.0,184.0
0837.HK,,144100.0,100625.0,1499.0,1680.0
0838.HK,,1446800.0,1236510.0,743.0,810.0
0839.HK,,4728461.2,5779053.3,418.0,377.0
0840.HK,,55200.0,52900.0,1787.0,1901.0
0841.HK,,256400.0,92700.0,1286.5,1713.0
0842.HK,,144200.0,338550.0,1498.0,1237.5
0844.HK,,124800.0,31800.0,1541.5,2017.0
0845.HK,,0.0,0.0,2441.5,2488.0
0846.HK,,0.0,5300.0,2441.5,2300.0
0848.HK,,40600.0,41900.0,1863.0,1963.0
0851.HK,,10000.0,18500.0,2127.0,2137.5
0852.HK,,0.0,0.0,2441.5,2488.0
0853.HK,,6444260.2,11707466.7,328.0,219.0
0854.HK,,10200.0,7800.0,2122.0,2260.5
0855.HK,,1505741.0,1146560.25,732.0,827.0
0856.HK,,4945132.0,4272893.85,407.0,462.0
0857.HK,,88737096.6,85514052.35,25.0,24.0
0858.HK,,3400000.0,2483000.0,528.0,619.0
0859.HK,,0.0,58000.0,2441.5,1867.5
0860.HK,,92006.0,107111.5,1650.0,1652.0
0861.HK,,443599.2,307945.6,1113.0,1268.0
0862.HK,,144040.0,76227.45,1500.0,1774.0
0863.HK,,717048.0,812441.3,947.0,946.0
0864.HK,,8000.0,3600.0,2155.5,2325.0
0865.HK,,320000.0,316200.0,1217.0,1262.0
0866.HK,,4112955.8,4624297.95,458.0,438.0
0867.HK,,4878700.0,6446107.15,412.0,345.0
0868.HK,,9312805.4,7818722.9,242.0,308.0
0869.HK,,63200.0,100995.0,1752.5,1677.0
0871.HK,,481700.0,165175.0,1086.0,1501.0
0873.HK,,346600.0,526582.9,1183.0,1079.0
0874.HK,,632120.0,855875.4,994.0,928.0
0875.HK,,2757960.0,1878510.0,577.0,691.0
0876.HK,,3200.0,15389.5,2238.5,2168.0
0878.HK,,18600.0,13934.6,2031.0,2182.0
0880.HK,,10937655.6,9912646.5,213.0,251.0
0881.HK,,9075861.6,7319823.05,248.0,320.0
0882.HK,,170600.0,278050.0,1427.0,1309.0
0883.HK,,84703202.4,76053707.65,26.0,27.0
0884.HK,,29725577.2,57166160.65,87.0,38.0
0887.HK,,5066000.0,6325000.0,404.0,350.0
0888.HK,,76400.0,75500.0,1696.0,1777.0
0889.HK,,547600.0,746500.0,1036.0,976.0
0893.HK,,165000.0,345500.0,1445.0,1224.0
0894.HK,,8556000.0,10226991.2,262.0,244.0
0895.HK,,3512420.0,6528590.6,516.0,342.0
0896.HK,,6745.4,24022.6,2174.0,2078.0
0897.HK,,135424.0,181987.35,1520.0,1466.0
0898.HK,,5200.0,3200.0,2199.0,2332.5
0899.HK,,167760.0,195016.1,1441.0,1444.0
0900.HK,,84800.0,117737.25,1668.5,1621.0
0901.HK,,147140.0,204176.0,1495.0,1425.0
0902.HK,,21043803.6,24337517.1,116.0,105.0
0905.HK,,123200.0,222800.0,1549.0,1391.0
0907.HK,,0.0,0.0,2441.5,2488.0
0909.HK,,6817388.8,11271001.7,314.0,221.0
0910.HK,,7049184.8,1762296.2,305.0,706.0
0911.HK,,209270.0,129401.25,1350.0,1592.0
0912.HK,,44000.0,45900.0,1841.0,1941.0
0913.HK,,20000.0,24800.0,2015.5,2070.5
0914.HK,,7110261.2,7005912.05,303.0,330.0
0915.HK,,115400.0,100200.0,1570.0,1686.0
0916.HK,,12728256.0,20959482.65,185.0,123.0
0917.HK,,4015020.0,6797875.0,466.0,335.0
0918.HK,,3660173.2,5278060.8,499.0,396.0
0919.HK,,120800.0,256000.0,1556.0,1336.5
0921.HK,,722472.0,983487.05,945.0,866.0
0922.HK,,326000.0,830500.0,1209.5,939.0
0923.HK,,3488000.0,2720100.0,519.0,591.0
0924.HK,,0.0,42000.0,2441.5,1962.0
0926.HK,,0.0,2256.25,2441.5,2353.0
0927.HK,,3600.0,2000.0,2233.0,2365.0
0928.HK,,7826186.0,3506666.9,282.0,524.0
0929.HK,,868000.0,860000.0,894.0,925.0
0931.HK,,3710199.6,2291174.9,491.0,641.0
0932.HK,,1376800.0,1025800.0,762.0,854.0
0933.HK,,3170080.0,3289052.1,552.0,545.0
0934.HK,,2514000.0,1555566.85,600.0,739.0
0936.HK,,232000.0,99500.0,1326.0,1689.0
0938.HK,,14400.0,53300.0,2071.5,1899.0
0939.HK,,400362991.0,264495689.0,3.0,3.0
0941.HK,,18513505.0,13628624.8,127.0,190.0
0943.HK,,496000.0,175165.9,1073.0,1477.0
0945.HK,,39624.0,22816.2,1874.0,2094.0
0947.HK,,176500.0,216410.0,1416.0,1404.0
0948.HK,,4000.0,11000.0,2224.5,2217.0
0950.HK,,795400.0,486470.0,921.0,1114.0
0951.HK,,1074600.0,718150.0,835.0,994.0
0952.HK,,22000.0,6000.0,1985.0,2289.0
0953.HK,,573200.0,436700.0,1022.0,1154.0
0954.HK,,21600.0,5400.0,1993.5,2299.0
0956.HK,,6053600.0,6103791.4,351.0,361.0
0959.HK,,0.0,0.0,2441.5,2488.0
0960.HK,,11675734.8,14926940.0,203.0,170.0
0966.HK,,7481744.8,8716907.4,290.0,282.0
0968.HK,,54733358.6,58454499.6,40.0,37.0
0969.HK,,17600.0,27800.0,2046.5,2048.5
0970.HK,,1200.0,38250.0,2283.5,1980.5
0974.HK,,21000.0,20150.0,2004.5,2121.0
0975.HK,,1766288.0,3185606.75,690.0,557.0
0976.HK,,0.0,0.0,2441.5,2488.0
0978.HK,,377600.0,187250.0,1164.0,1457.0
0979.HK,,1140000.0,964125.0,812.0,883.0
0980.HK,,280600.0,216250.0,1256.0,1405.0
0981.HK,,129758299.0,139221720.85,11.0,12.0
0983.HK,,74000.0,31784.7,1706.5,2018.0
0984.HK,,88600.0,31325.0,1661.0,2022.0
0986.HK,,23682.0,24490.0,1974.0,2075.0
0987.HK,,719592.4,718630.7,946.0,993.0
0989.HK,,68000.0,197000.0,1729.0,1438.0
0990.HK,,16218000.0,22727100.0,144.0,113.0
0991.HK,,19478979.2,38037588.0,122.0,69.0
0992.HK,,103323475.8,121638079.65,17.0,13.0
0993.HK,,3157600.0,1077236.15,553.0,843.0
0994.HK,,1010400.0,1186600.0,855.0,817.0
0995.HK,,708185.6,722517.15,950.0,991.0
0997.HK,,68848.0,294884.0,1724.0,1287.0
0998.HK,,18381150.8,18470355.0,128.0,136.0
1000.HK,,100.0,2325.0,2308.0,2351.0
1001.HK,,96400.0,77700.0,1634.5,1767.0
1002.HK,,973600.0,895850.0,861.0,917.0
1003.HK,,416000.0,1128703.2,1140.0,828.0
1004.HK,,4000.0,61930.0,2224.5,1848.0
1005.HK,,23600.0,14800.0,1975.5,2175.0
1007.HK,,0.0,0.0,2441.5,2488.0
1008.HK,,24800.0,69900.0,1962.5,1803.5
1009.HK,,111600.0,67600.0,1583.0,1814.0
1010.HK,,2897600.0,1982500.0,568.0,674.0
1011.HK,,253640.0,169925.0,1293.0,1491.0
1013.HK,,48075.0,16018.75,1819.0,2159.0
1020.HK,,10013600.0,3704000.0,232.0,500.0
1022.HK,,122400.0,297075.0,1552.0,1283.0
1023.HK,,95400.0,304750.0,1640.0,1271.5
1024.HK,,35999726.0,82125861.25,69.0,25.0
1025.HK,,67800.0,1524350.0,1730.0,746.0
1026.HK,,0.0,0.0,2441.5,2488.0
1027.HK,,135799.0,138428.85,1519.0,1566.0
1028.HK,,1623600.0,2299800.0,710.0,640.0
1029.HK,,153106.6,102248.05,1477.0,1667.0
1030.HK,,14099452.6,15940702.75,166.0,158.0
1033.HK,,34607156.8,55169639.5,74.0,40.0
1034.HK,,,,,
1036.HK,,115200.0,43650.0,1571.5,1952.0
1037.HK,,8402562.0,2372104.95,269.0,629.0
1038.HK,,1801348.4,1273394.45,683.0,799.0
1039.HK,,0.0,23150.0,2441.5,2088.0
1044.HK,,6136955.6,3621931.35,349.0,508.0
1045.HK,,2201790.2,4901383.05,633.0,423.0
1046.HK,,63000.0,89682.5,1754.5,1724.0
1047.HK,,72000.0,44000.0,1715.0,1950.5
1049.HK,,4004.4,4526.65,2217.0,2310.0
1050.HK,,4931752.8,4808866.0,408.0,430.0
1051.HK,,80021.8,43177.25,1686.0,1956.0
1052.HK,,656806.0,703701.4,979.0,995.0
1053.HK,,1964000.0,2339040.0,658.0,633.0
1055.HK,,10159252.2,14114688.6,228.0,179.0
1057.HK,,14882400.0,8177750.0,152.0,295.0
1058.HK,,81600.0,53400.0,1682.0,1898.0
1059.HK,,9360.0,27051.75,2134.0,2052.0
1060.HK,,105876250.6,155526280.7,15.0,11.0
1061.HK,,417000.0,367800.0,1139.0,1204.0
1062.HK,,130000.0,191500.0,1533.0,1448.0
1063.HK,,2684910.6,3984114.6,583.0,481.0
1064.HK,,0.0,0.0,2441.5,2488.0
1065.HK,,311600.0,458600.0,1228.0,1137.0
1066.HK,,13215146.2,17215759.3,177.0,148.0
1068.HK,,257400.0,242450.0,1283.0,1358.0
1069.HK,,0.0,652200.6,2441.5,1014.0
1070.HK,,7098554.8,11874727.75,304.0,212.0
1071.HK,,5874821.0,5875731.0,352.0,372.0
1072.HK,,6303997.8,8025348.4,338.0,301.0
1073.HK,,0.0,37850.0,2441.5,1984.0
1075.HK,,51080.0,30880.0,1805.0,2026.0
1079.HK,,801600.0,1273437.5,920.0,798.0
1080.HK,,3121500.0,1278075.0,555.0,797.0
1082.HK,,441600.0,375668.0,1115.0,1196.0
1083.HK,,2022258.2,1774228.45,651.0,702.0
1084.HK,,25200.0,29200.0,1960.0,2038.0
1085.HK,,37600.0,115200.0,1887.5,1630.0
1086.HK,,1426200.0,1232650.0,751.0,811.0
1087.HK,,4537530.0,9198952.5,430.0,272.0
1088.HK,,10438025.2,11770009.65,222.0,216.0
1090.HK,,11200.0,11600.0,2112.0,2204.0
1091.HK,,1841400.0,1880464.1,674.0,690.0
1093.HK,,75461238.6,101419674.5,29.0,20.0
1094.HK,,5169904.0,1324426.0,398.0,787.0
1097.HK,,1437194.6,5743427.45,746.0,379.0
1098.HK,,63800.0,35150.0,1748.5,1996.0
1099.HK,,4663482.8,4677739.9,422.0,436.0
1100.HK,,21600.0,14200.0,1993.5,2179.0
1101.HK,,0.0,0.0,2441.5,2488.0
1102.HK,,26783590.0,28186167.5,94.0,92.0
1104.HK,,1928770.0,3211817.75,664.0,556.0
1105.HK,,2400.0,11600.0,2252.5,2204.0
1107.HK,,0.0,0.0,2441.5,2488.0
1108.HK,,1808800.0,1588000.0,679.0,735.0
1109.HK,,14122741.4,17953501.15,164.0,143.0
1110.HK,,2406400.0,2603200.0,612.0,603.0
1111.HK,,60800.0,90600.0,1765.5,1721.0
1112.HK,,1516434.6,3932479.45,729.0,486.0
1113.HK,,3818043.4,3688754.45,484.0,502.0
1114.HK,,28109762.8,16594985.25,93.0,153.0
1115.HK,,4078000.0,3512741.65,461.0,523.0
1116.HK,,250000.0,211100.0,1300.5,1408.0
1117.HK,,38116849.2,20517996.8,64.0,126.0
1118.HK,,36000.0,9000.0,1896.5,2246.5
1119.HK,,3444320.0,2484125.0,525.0,617.0
1120.HK,,8400.0,60800.0,2145.0,1852.5
1121.HK,,348800.0,674800.0,1178.5,1006.0
1122.HK,,514800.0,1509900.0,1059.0,749.0
1123.HK,,28000.0,120700.0,1943.0,1610.0
1124.HK,,359600.0,973919.45,1173.0,874.0
1125.HK,,0.0,2020.0,2441.5,2362.0
1126.HK,,236100.0,329750.0,1319.0,1248.0
1127.HK,,139200.0,189002.4,1509.0,1453.0
1128.HK,,7403255.0,5535003.6,292.0,386.0
1129.HK,,0.0,0.0,2441.5,2488.0
1130.HK,,492320.0,465883.0,1079.0,1129.0
1132.HK,,251000.0,682750.75,1298.0,1001.0
1133.HK,,5748846.2,7123862.5,363.0,323.0
1134.HK,,3098400.0,842260.0,558.0,935.0
1137.HK,,500800.0,340151.35,1070.0,1235.0
1138.HK,,15642568.0,20751837.9,149.0,125.0
1140.HK,,1833600.0,4391600.0,675.0,455.0
1141.HK,,31377118.4,28291765.9,79.0,91.0
1142.HK,,5611275.0,16626221.5,377.0,152.0
1143.HK,,0.0,2817399.9,2441.5,583.0
1145.HK,,4000.0,58500.0,2224.5,1863.0
1146.HK,,327600.0,502900.0,1208.0,1098.0
1147.HK,,426000.0,552500.0,1132.5,1060.0
1148.HK,,37400.0,279200.0,1889.0,1308.0
1150.HK,,40000.0,23750.0,1868.5,2082.0
1152.HK,,7112400.0,5237711.1,301.0,397.0
1153.HK,,15400.0,62200.0,2062.5,1842.0
1156.HK,,5394916.6,3084381.7,386.0,561.0
1157.HK,,3792061.2,4460499.45,487.0,451.0
1159.HK,,54400.0,63452.5,1792.0,1836.0
1160.HK,,0.0,1820000.0,2441.5,697.0
1161.HK,,668400.0,372100.0,969.0,1200.0
1162.HK,,6577600.0,2490400.0,325.0,615.0
1163.HK,,147500.0,48875.0,1491.5,1931.0
1164.HK,,31261723.4,38747788.35,80.0,66.0
1165.HK,,0.0,0.0,2441.5,2488.0
1166.HK,,2518001.8,698913.05,599.0,997.0
1167.HK,,1784872.0,2896363.75,687.0,576.0
1168.HK,,1036982.4,799684.3,851.0,954.0
1170.HK,,109200.0,234750.0,1585.0,1373.0
1171.HK,,25024536.6,33654870.75,102.0,79.0
1172.HK,,36000.0,250700.0,1896.5,1344.0
1173.HK,,4000.0,253000.0,2224.5,1340.0
1176.HK,,379200.0,1450900.0,1162.0,761.0
1177.HK,,60057930.0,115208371.35,38.0,17.0
1179.HK,,1890292.0,2488219.05,667.0,616.0
1180.HK,,247600.0,855917.25,1306.0,927.0
1181.HK,,725600.0,565069.85,943.0,1052.0
1182.HK,,45700.0,46476.25,1832.0,1939.0
1183.HK,,298700.0,376262.5,1241.0,1193.0
1184.HK,,64800.0,236402.45,1739.0,1368.0
1185.HK,,,,,
1186.HK,,3241456.2,5180394.5,544.0,400.0
1188.HK,,0.0,0.0,2441.5,2488.0
1189.HK,,,,,
1193.HK,,3383196.4,4608690.7,530.0,440.0
1195.HK,,170400.0,343200.0,1429.0,1229.0
1196.HK,,64091529.6,18263099.2,32.0,138.0
1198.HK,,0.0,160800.0,2441.5,1516.0
1199.HK,,2918935.8,2415164.65,567.0,626.0
1200.HK,,771000.0,925384.2,933.0,901.0
1201.HK,,82800.0,201075.0,1676.0,1429.0
1202.HK,,544000.0,351150.0,1037.0,1218.0
1203.HK,,477520.0,249280.65,1088.0,1349.0
1204.HK,,0.0,4000.0,2441.5,2318.5
1205.HK,,1997880.0,2091162.5,654.0,665.0
1206.HK,,23600.0,70600.0,1975.5,1799.5
1207.HK,,0.0,0.0,2441.5,2488.0
1208.HK,,31201481.8,42146690.65,81.0,61.0
1209.HK,,5381121.6,4876543.95,388.0,425.0
1210.HK,,0.0,0.0,2441.5,2488.0
1211.HK,,23625925.6,23415208.25,106.0,108.0
1213.HK,,18000.0,6700.0,2039.0,2277.0
1215.HK,,2356000.0,2712000.0,620.0,592.0
1216.HK,,102200.0,496000.0,1612.0,1105.0
1217.HK,,3704000.0,4994815.35,493.0,417.0
1218.HK,,2400.0,1850.0,2252.5,2368.5
1220.HK,,0.0,0.0,2441.5,2488.0
1221.HK,,15117.2,4079.1,2066.0,2317.0
1222.HK,,35278950.2,44878778.6,72.0,58.0
1223.HK,,3348000.0,2747335.0,533.0,589.0
1224.HK,,20000.0,19171.05,2015.5,2131.0
1225.HK,,64080.0,53980.0,1744.0,1895.0
1226.HK,,6000.0,2500.0,2185.0,2344.5
1228.HK,,3963439.2,2430759.8,472.0,624.0
1229.HK,,18400.0,115600.0,2033.0,1628.0
1231.HK,,30017.6,7504.4,1927.0,2263.0
1232.HK,,74184.2,292187.05,1705.0,1292.0
1233.HK,,1720981.6,1058419.9,695.0,847.0
1234.HK,,98843.2,126560.8,1623.0,1599.0
1235.HK,,12000.0,82750.0,2098.0,1747.0
1237.HK,,22818.4,12383.35,1978.0,2197.0
1238.HK,,371000.0,318900.0,1168.0,1259.0
1239.HK,,0.0,161312.5,2441.5,1513.0
1240.HK,,13500.0,9500.0,2084.0,2237.0
1241.HK,,159200.0,63200.0,1461.0,1837.0
1243.HK,,5784800.0,2880200.0,359.0,577.0
1244.HK,,101400.0,210250.0,1617.0,1412.0
1245.HK,,190800.0,111300.0,1382.0,1640.0
1246.HK,,0.0,0.0,2441.5,2488.0
1247.HK,,401080.0,432650.0,1149.0,1155.0
1250.HK,,6440.0,37998.45,2176.0,1983.0
1251.HK,,120400.0,135900.0,1557.0,1577.0
1252.HK,,0.0,0.0,2441.5,2488.0
1253.HK,,0.0,70600.0,2441.5,1799.5
1255.HK,,38800.0,53600.0,1876.5,1896.0
1257.HK,,158000.0,122200.0,1464.5,1608.0
1258.HK,,10248016.6,13402931.7,223.0,193.0
1259.HK,,2156000.0,1470900.0,636.0,760.0
1260.HK,,640000.0,679700.0,989.0,1003.0
1262.HK,,14780.0,14625.0,2069.0,2176.0
1265.HK,,234000.0,567500.0,1324.0,1048.0
1266.HK,,0.0,0.0,2441.5,2488.0
1268.HK,,856771.6,1942957.95,903.0,681.0
1269.HK,,609760.0,539709.8,1004.0,1069.0
1270.HK,,566479.4,377819.35,1023.0,1190.0
1271.HK,,81164.4,40941.1,1685.0,1966.0
1272.HK,,94000.0,93650.0,1642.5,1711.0
1273.HK,,51200.0,83600.0,1804.0,1741.0
1274.HK,,166760.0,148120.0,1444.0,1541.0
1277.HK,,10534400.0,11356670.75,217.0,220.0
1278.HK,,460377.2,584217.9,1100.0,1043.0
1280.HK,,666100.0,720304.8,970.0,992.0
1281.HK,,69400.0,178150.0,1722.5,1471.0
1282.HK,,384400.0,836260.0,1160.0,937.0
1283.HK,,208000.0,215250.0,1352.0,1406.0
1284.HK,,112000.0,95000.0,1581.5,1702.0
1285.HK,,41800.0,28900.0,1853.0,2039.0
1286.HK,,6432211.0,4126743.3,331.0,471.0
1288.HK,,116911383.0,76470592.05,14.0,26.0
1289.HK,,31400.0,28100.0,1920.0,2044.0
1290.HK,,24800.0,22400.0,1962.5,2101.0
1292.HK,,5200.0,1300.0,2199.0,2374.5
1293.HK,,0.0,0.0,2441.5,2488.0
1298.HK,,0.0,8100.0,2441.5,2255.0
1299.HK,,18334979.8,22696653.3,129.0,114.0
1300.HK,,7666800.0,10400410.0,286.0,240.0
1301.HK,,40000.0,39400.0,1868.5,1972.5
1302.HK,,12848400.0,20757309.4,181.0,124.0
1303.HK,,272000.0,242500.0,1263.5,1357.0
1305.HK,,36200.0,43300.0,1894.0,1954.0
1308.HK,,3675894.4,4302051.7,497.0,460.0
1310.HK,,1088818.0,804448.5,827.0,951.0
1312.HK,,129600.0,1294550.0,1534.5,792.0
1313.HK,,6435000.0,9083163.25,329.0,275.0
1314.HK,,41600.0,1369200.0,1855.0,774.0
1315.HK,,0.0,101697.5,2441.5,1672.0
1316.HK,,7878538.0,7605237.4,280.0,313.0
1317.HK,,246000.8,230500.2,1309.0,1380.0
1319.HK,,180800.0,209200.0,1406.0,1414.5
1321.HK,,27600.0,10500.0,1945.5,2224.0
1323.HK,,6359480.0,4717370.0,334.0,433.0
1326.HK,,0.0,0.0,2441.5,2488.0
1327.HK,,85990.4,340345.6,1666.0,1234.0
1328.HK,,102600.0,101350.0,1609.0,1676.0
1330.HK,,642400.0,822314.25,985.0,942.0
1332.HK,,618437.4,2114328.1,1001.0,657.0
1334.HK,,772500.0,693250.0,931.0,999.0
1335.HK,,66400.0,268000.0,1735.5,1328.0
1336.HK,,7129487.6,10039186.8,299.0,247.0
1338.HK,,1666400.0,910700.0,704.0,911.0
1339.HK,,43921586.8,34503058.4,56.0,77.0
1340.HK,,108050.0,464943.75,1590.0,1130.0
1341.HK,,0.0,0.0,2441.5,2488.0
1343.HK,,314000.0,402500.0,1226.0,1175.0
1345.HK,,105000.0,34450.0,1602.5,2003.0
1346.HK,,156000.0,91800.0,1468.0,1718.5
1347.HK,,45941497.0,49590172.8,52.0,52.0
1348.HK,,485600.0,921300.0,1084.0,904.0
1349.HK,,898800.0,1279950.0,885.0,796.0
1351.HK,,59200.0,42500.0,1774.0,1957.0
1354.HK,,104460.0,106425.0,1604.0,1654.0
1355.HK,,244000.0,408787.6,1313.0,1170.0
1357.HK,,102788672.2,75382515.5,19.0,28.0
1358.HK,,299400.0,336100.0,1239.0,1240.0
1359.HK,,26762046.4,35683226.15,96.0,72.0
1360.HK,,0.0,0.0,2441.5,2488.0
1361.HK,,2623511.0,2929694.8,587.0,574.0
1362.HK,,0.0,200.0,2441.5,2402.5
1368.HK,,5631694.4,9701170.6,373.0,259.0
1370.HK,,0.0,68515.0,2441.5,1810.0
1371.HK,,8222.0,13784.85,2148.0,2185.0
1372.HK,,2393600.0,2221750.0,614.0,644.0
1373.HK,,543600.0,723927.45,1039.0,988.0
1375.HK,,4862600.0,8478481.25,413.0,286.0
1376.HK,,0.0,0.0,2441.5,2488.0
1378.HK,,36677565.6,52710966.9,68.0,46.0
1379.HK,,5500.0,22925.0,2196.0,2092.0
1380.HK,,1488000.0,1119149.65,735.0,833.0
1382.HK,,435200.0,502891.4,1118.0,1099.0
1383.HK,,,,,
1385.HK,,5740433.4,7013690.5,364.0,328.0
1388.HK,,183800.0,59650.0,1396.0,1859.0
1389.HK,,112800.0,220420.0,1578.5,1397.0
1393.HK,,59200.0,94050.0,1774.0,1710.0
1395.HK,,23000.0,32750.0,1977.0,2010.0
1396.HK,,3647802.8,3838442.25,501.0,493.0
1397.HK,,149600.0,176600.0,1484.5,1476.0
1398.HK,,246365214.4,175048118.7,6.0,9.0
1399.HK,,155200.0,109100.0,1470.0,1642.0
1400.HK,,1960000.0,8010520.0,659.0,302.0
1401.HK,,9615400.0,4594500.0,238.0,442.0
1402.HK,,246000.0,342000.0,1310.0,1230.0
1405.HK,,295294.2,462017.5,1245.0,1134.0
1406.HK,,0.0,0.0,2441.5,2488.0
1407.HK,,116000.0,96100.0,1567.5,1696.0
1408.HK,,84800.0,38400.0,1668.5,1979.0
1410.HK,,2006000.0,1623500.0,653.0,729.0
1412.HK,,200400.0,136100.0,1366.0,1576.0
1413.HK,,124800.0,323850.0,1541.5,1253.0
1415.HK,,3899448.0,3843600.3,476.0,491.0
1416.HK,,1182000.0,1261500.0,802.0,804.0
1417.HK,,3384600.0,2759350.0,529.0,588.0
1418.HK,,33200.0,24600.0,1907.0,2074.0
1419.HK,,4400.0,6100.0,2213.5,2286.0
1420.HK,,207200.0,113400.0,1354.0,1633.0
1421.HK,,3814000.0,4344512.5,486.0,457.0
1425.HK,,659000.0,578250.0,978.0,1045.0
1427.HK,,92600.0,228000.0,1647.0,1383.0
1428.HK,,8686115.2,9458205.2,258.0,267.0
1429.HK,,1076800.0,1449575.0,833.0,762.0
1431.HK,,2945400.0,982800.0,565.0,867.0
1432.HK,,11668000.0,9791097.85,204.0,255.0
1433.HK,,0.0,0.0,2441.5,2488.0
1440.HK,,1699320.0,1810270.0,698.0,699.0
1442.HK,,0.0,750.0,2441.5,2389.5
1443.HK,,202800.0,136200.0,1363.0,1575.0
1446.HK,,82000.0,87700.0,1678.0,1731.0
1447.HK,,201600.0,67900.0,1364.0,1811.0
1448.HK,,0.0,0.0,2441.5,2488.0
1449.HK,,4257400.0,1932200.0,449.0,684.0
1450.HK,,1152776.0,373867.5,807.0,1197.0
1451.HK,,96000.0,89000.0,1637.0,1726.0
1452.HK,,192800.0,507400.0,1380.0,1095.0
1455.HK,,516000.0,249750.0,1057.0,1348.0
1456.HK,,1885400.0,2650165.55,668.0,600.0
1458.HK,,148000.0,336625.0,1488.5,1239.0
1459.HK,,108800.0,91600.0,1588.0,1720.0
1460.HK,,19200.0,196860.0,2027.5,1440.0
1461.HK,,36000.0,168850.0,1896.5,1493.0
1463.HK,,48400.0,31400.0,1817.5,2020.0
1466.HK,,470800.0,977961.55,1094.0,868.0
1468.HK,,280560.0,250620.0,1257.0,1345.0
1470.HK,,32000.0,47200.0,1916.0,1936.0
1471.HK,,13800.0,7140.0,2078.0,2269.0
1472.HK,,1117000.0,513000.0,821.0,1089.5
1473.HK,,3492444.6,3248688.95,518.0,551.0
1475.HK,,64700.0,50541.1,1741.0,1920.0
1476.HK,,200.0,7800.0,2305.5,2260.5
1477.HK,,393359.4,2073799.55,1155.0,667.0
1478.HK,,6328179.8,6761624.8,336.0,336.0
1480.HK,,97000.0,100650.0,1633.0,1679.0
1481.HK,,22000.0,385000.0,1985.0,1187.0
1483.HK,,466400.0,488900.0,1098.0,1112.0
1486.HK,,8000.0,88900.0,2155.5,1727.0
1488.HK,,2327200.0,591400.0,623.0,1039.0
1489.HK,,1431000.0,993000.0,748.0,863.0
1490.HK,,168000.0,168000.0,1437.5,1496.0
1495.HK,,,,,
1496.HK,,46400.0,50200.0,1827.0,1922.5
1497.HK,,8320.0,5980.0,2147.0,2292.0
1498.HK,,91600.0,199900.0,1653.0,1432.0
1499.HK,,860000.0,970000.0,901.0,876.0
1500.HK,,10478000.0,2745750.0,220.0,590.0
1501.HK,,338640.0,267660.0,1194.0,1329.0
1502.HK,,26000.0,83800.0,1951.0,1740.0
1508.HK,,8645104.8,18133960.5,259.0,141.0
1513.HK,,557770.6,636851.25,1028.0,1019.0
1515.HK,,782131.2,976417.8,925.0,870.0
1516.HK,,2044502.4,1940135.7,649.0,682.0
1518.HK,,6200.0,26850.0,2179.0,2055.0
1519.HK,,43102245.2,40551527.8,58.0,63.0
1520.HK,,1133400.0,854175.0,815.0,930.0
1521.HK,,372800.0,275700.0,1167.0,1312.0
1522.HK,,469600.0,279800.0,1095.0,1306.0
1523.HK,,1477800.0,938551.7,736.0,894.0
1525.HK,,809500.0,1016600.0,915.0,861.0
1526.HK,,293000.0,373300.0,1248.0,1198.0
1527.HK,,640.0,26390.0,2297.0,2060.0
1528.HK,,1546360.0,4965301.0,722.0,419.0
1529.HK,,52800.0,606750.0,1799.5,1035.0
1530.HK,,19066947.8,36192110.75,123.0,71.0
1532.HK,,182400.0,64800.0,1402.0,1829.5
1536.HK,,1329200.0,856700.0,769.0,926.0
1538.HK,,256400.0,527400.0,1286.5,1078.0
1539.HK,,1254800.0,486900.0,784.0,1113.0
1540.HK,,1358450.0,753825.15,765.0,970.0
1541.HK,,561200.0,541690.0,1026.0,1067.0
1542.HK,,494200.0,124800.0,1076.0,1601.0
1543.HK,,28800.0,154100.0,1935.5,1530.0
1545.HK,,1124000.0,363500.0,817.0,1209.0
1546.HK,,233600.0,367200.0,1325.0,1206.0
1547.HK,,14400.0,66400.0,2071.5,1823.0
1548.HK,,30329920.0,24977505.25,84.0,103.0
1549.HK,,592000.0,330800.0,1012.0,1246.0
1551.HK,,1800.0,3550.0,2274.0,2327.0
1552.HK,,0.0,36000.0,2441.5,1995.0
1553.HK,,549200.0,147800.0,1035.0,1544.0
1555.HK,,1056000.0,611700.0,842.0,1033.0
1556.HK,,50000.0,163000.0,1808.0,1508.5
1557.HK,,13600.0,6800.0,2081.0,2273.5
1559.HK,,170000.0,232500.0,1431.5,1377.0
1560.HK,,55200.0,24800.0,1787.0,2070.5
1561.HK,,10400.0,242200.0,2119.5,1359.0
1563.HK,,107200.0,363900.0,1595.0,1208.0
1565.HK,,1797600.0,2832100.0,684.0,582.0
1566.HK,,0.0,0.0,2441.5,2488.0
1568.HK,,262800.0,137800.0,1276.5,1569.0
1569.HK,,60400.0,160300.0,1767.5,1517.0
1570.HK,,19777.0,54044.25,2021.0,1892.0
1571.HK,,491400.0,366950.0,1080.0,1207.0
1572.HK,,300000.0,367600.0,1236.5,1205.0
1575.HK,,83600.0,122400.0,1674.5,1607.0
1576.HK,,19800.0,15700.0,2020.0,2165.0
1577.HK,,0.0,1200.0,2441.5,2378.0
1578.HK,,132800.0,83450.0,1525.0,1743.0
1579.HK,,1731269.2,2483831.1,693.0,618.0
1580.HK,,120000.0,107500.0,1558.5,1650.0
1581.HK,,272000.0,210500.0,1263.5,1409.5
1582.HK,,523500.0,296125.0,1053.0,1284.0
1583.HK,,30120.0,7880.0,1926.0,2259.0
1585.HK,,7268126.6,8146785.45,295.0,296.0
1586.HK,,0.0,0.0,2441.5,2488.0
1587.HK,,0.0,159000.0,2441.5,1520.0
1588.HK,,59960.0,48950.0,1769.0,1930.0
1591.HK,,148400.0,137600.0,1487.0,1570.0
1592.HK,,716000.0,3489650.0,948.0,527.0
1593.HK,,240400.0,205300.0,1316.0,1423.0
1596.HK,,136800.0,390900.0,1516.5,1182.0
1597.HK,,39200.0,31750.0,1875.0,2019.0
1598.HK,,0.0,0.0,2441.5,2488.0
1599.HK,,57600.0,151450.0,1778.5,1534.0
1600.HK,,634000.0,576317.85,993.0,1046.0
1601.HK,,11200.0,101700.0,2112.0,1671.0
1606.HK,,729200.0,3543272.5,942.0,520.0
1608.HK,,1085600.0,1713706.55,830.0,713.0
1610.HK,,13258444.0,18586261.0,175.0,135.0
1611.HK,,662640.0,502671.85,975.0,1100.0
1612.HK,,148000.0,101400.0,1488.5,1674.0
1613.HK,,17323088.2,6622899.25,136.0,340.0
1615.HK,,212000.0,119500.0,1345.0,1612.5
1616.HK,,0.0,0.0,2441.5,2488.0
1617.HK,,11056000.0,12809900.0,208.0,201.0
1618.HK,,6941200.0,10004895.25,310.0,248.0
1620.HK,,1046000.0,558000.0,849.0,1058.0
1621.HK,,475200.0,344400.0,1090.5,1227.0
1622.HK,,865600.0,605000.0,896.0,1036.0
1623.HK,,225400.0,538340.5,1331.0,1070.0
1626.HK,,678800.0,668330.0,963.0,1009.0
1627.HK,,13600.0,103600.0,2081.0,1662.0
1628.HK,,604649.0,275079.75,1006.0,1313.0
1629.HK,,7200.0,6000.0,2165.5,2289.0
1630.HK,,948000.0,1083000.0,875.0,841.0
1631.HK,,20000.0,67500.0,2015.5,1816.5
1632.HK,,0.0,0.0,2441.5,2488.0
1633.HK,,18204000.0,5020200.0,130.0,412.0
1635.HK,,7516800.0,11264635.0,289.0,222.0
1636.HK,,0.0,0.0,2441.5,2488.0
1637.HK,,124000.0,134600.0,1545.0,1580.0
1638.HK,,5721805.8,14290993.85,367.0,177.0
1640.HK,,254000.0,271800.0,1292.0,1317.0
1643.HK,,577200.0,588750.0,1020.0,1041.0
1645.HK,,4021600.0,4505400.0,464.0,448.0
1647.HK,,432000.0,751500.0,1121.0,971.0
1650.HK,,246400.0,328800.0,1308.0,1249.0
1651.HK,,1585768.8,1483497.8,717.0,756.0
1652.HK,,133600.0,102000.0,1523.0,1668.0
1653.HK,,1382400.0,630070.0,760.0,1022.0
1655.HK,,2420000.0,2982250.0,610.0,569.0
1656.HK,,0.0,0.0,2441.5,2488.0
1657.HK,,5700.0,5650.0,2191.0,2295.0
1658.HK,,47541439.6,34617706.2,47.0,75.0
1660.HK,,2889600.0,6368400.0,570.0,348.0
1661.HK,,1144040.0,1061595.0,811.0,846.0
1662.HK,,81800.0,103300.0,1681.0,1664.0
1663.HK,,407200.0,199600.0,1144.0,1434.0
1666.HK,,555200.0,682071.2,1029.5,1002.0
1667.HK,,40000.0,12000.0,1868.5,2202.0
1668.HK,,0.0,0.0,2441.5,2488.0
1669.HK,,292000.0,116000.0,1251.0,1626.0
1671.HK,,48000.0,17900.0,1821.0,2145.0
1672.HK,,3463677.4,3275120.55,523.0,548.0
1673.HK,,0.0,17000.0,2441.5,2149.5
1675.HK,,4227989.6,3683250.2,450.0,503.0
1676.HK,,8454400.0,5972670.0,267.0,362.0
1679.HK,,295390.0,196967.5,1244.0,1439.0
1680.HK,,38220.0,43240.0,1880.0,1955.0
1681.HK,,1227349.2,1126257.75,794.0,830.0
1682.HK,,5145600.0,2499800.0,400.0,613.0
1683.HK,,1289600.0,1766100.0,776.0,705.0
1685.HK,,2135000.0,2173200.0,638.0,648.0
1686.HK,,6693359.6,5530702.7,319.0,387.0
1689.HK,,286000.0,294500.0,1254.5,1288.0
1690.HK,,586000.0,456000.0,1014.0,1139.0
1691.HK,,2473600.0,2162725.0,606.0,651.0
1692.HK,,72000.0,79600.0,1715.0,1759.0
1693.HK,,2800.0,6000.0,2246.5,2289.0
1695.HK,,102000.0,45750.0,1613.5,1942.0
1696.HK,,196180.2,304372.35,1377.0,1274.0
1697.HK,,190440.0,108180.0,1383.0,1648.0
1698.HK,,2351422.6,1889982.5,622.0,689.0
1699.HK,,,,,
1701.HK,,66400.0,174600.0,1735.5,1479.0
1702.HK,,0.0,400.0,2441.5,2399.0
1703.HK,,10960600.0,9425925.0,211.0,268.0
1705.HK,,629600.0,1016800.0,995.0,860.0
1706.HK,,0.0,0.0,2441.5,2488.0
1707.HK,,0.0,0.0,2441.5,2488.0
1708.HK,,100.0,3950.0,2308.0,2320.0
1709.HK,,4270020.0,3560820.3,448.0,518.0
1710.HK,,5210000.0,3864900.2,394.0,490.0
1711.HK,,0.0,7500.0,2441.5,2265.5
1712.HK,,531400.0,811575.0,1047.0,947.0
1713.HK,,34400.0,62700.0,1904.5,1839.0
1715.HK,,0.0,133100.0,2441.5,1583.0
1716.HK,,1574800.0,1392800.0,720.0,771.0
1717.HK,,158000.0,351400.0,1464.5,1217.0
1718.HK,,6962900.0,4565250.0,309.0,445.0
1719.HK,,0.0,200.0,2441.5,2402.5
1720.HK,,2188800.0,4055000.0,634.0,477.0
1721.HK,,0.0,0.0,2441.5,2488.0
1722.HK,,164000.0,815500.0,1448.5,945.0
1723.HK,,176000.0,600900.0,1418.0,1037.0
1725.HK,,5834520.0,4817970.0,354.0,428.0
1726.HK,,61000.0,126250.0,1764.0,1600.0
1727.HK,,8000.0,73900.0,2155.5,1787.0
1728.HK,,0.0,0.0,2441.5,2488.0
1729.HK,,19510170.0,19270680.95,121.0,132.0
1731.HK,,67200.0,56400.0,1733.0,1877.0
1732.HK,,80000.0,85000.0,1687.5,1736.5
1733.HK,,563630.0,806851.55,1025.0,950.0
1735.HK,,6600200.0,7784668.7,323.0,309.0
1736.HK,,11670.0,17567.5,2107.0,2148.0
1737.HK,,194000.0,281500.0,1379.0,1301.0
1738.HK,,129000.0,2094445.15,1537.0,663.0
1739.HK,,755500.0,441650.0,937.0,1152.0
1740.HK,,519000.0,234000.0,1056.0,1376.0
1741.HK,,56000.0,94200.0,1782.5,1707.5
1742.HK,,138000.0,313750.0,1513.0,1263.0
1745.HK,,25948.0,42251.0,1954.0,1959.0
1746.HK,,684000.0,1577600.0,960.0,737.0
1747.HK,,7200.0,27883.15,2165.5,2047.0
1748.HK,,0.0,0.0,2441.5,2488.0
1749.HK,,43800.0,13100.0,1844.0,2190.0
1750.HK,,338000.0,302500.0,1195.0,1276.0
1751.HK,,168000.0,270200.0,1437.5,1321.0
1752.HK,,124000.0,285000.0,1545.0,1297.0
1753.HK,,113600.0,103740.0,1575.0,1659.0
1755.HK,,0.0,0.0,2441.5,2488.0
1756.HK,,70000.0,74600.0,1721.0,1782.0
1757.HK,,412000.0,934600.0,1142.0,898.0
1758.HK,,0.0,23300.0,2441.5,2085.5
1759.HK,,168800.0,83150.0,1435.0,1744.5
1760.HK,,4130600.0,3940100.4,456.0,485.0
1761.HK,,0.0,0.0,2441.5,2488.0
1762.HK,,29669200.0,14042163.1,88.0,182.0
1763.HK,,148640.0,99960.0,1486.0,1688.0
1765.HK,,16036800.0,10561900.0,146.0,237.0
1766.HK,,24607916.4,18231889.15,103.0,139.0
1767.HK,,176000.0,92500.0,1418.0,1714.0
1769.HK,,1461400.0,4955450.0,740.0,422.0
1771.HK,,15400.0,116950.0,2062.5,1622.0
1772.HK,,14897368.4,14217827.05,151.0,178.0
1773.HK,,11924419.2,8951305.05,198.0,278.0
1775.HK,,180000.0,103400.0,1410.0,1663.0
1776.HK,,4464405.6,6708990.85,433.0,337.0
1777.HK,,806400.0,909401.0,918.0,913.0
1778.HK,,200800.0,254900.0,1365.0,1339.0
1780.HK,,29452347.2,16224911.8,89.0,156.0
1782.HK,,25000.0,18250.0,1961.0,2142.0
1783.HK,,12869800.0,11132147.4,180.0,225.0
1785.HK,,200.0,13600.0,2305.5,2187.0
1786.HK,,101300.0,135125.0,1618.0,1578.0
1787.HK,,12805525.2,14619643.05,183.0,172.0
1788.HK,,0.0,34529383.15,2441.5,76.0
1789.HK,,2802409.6,3541825.65,574.0,521.0
1790.HK,,2000.0,500.0,2266.0,2396.5
1792.HK,,53295.4,58902.6,1797.0,1861.0
1793.HK,,345600.0,916400.0,1185.0,908.0
1795.HK,,348600.0,94950.0,1180.0,1703.0
1796.HK,,249200.0,622350.0,1302.0,1028.0
1797.HK,,10218169.4,9062323.25,225.0,276.0
1798.HK,,8100698.4,9598571.9,275.0,262.0
1799.HK,,902240.0,1034111.3,883.0,851.0
1800.HK,,9123839.4,8739610.45,247.0,280.0
1801.HK,,8634106.2,15113114.2,260.0,167.0
1802.HK,,0.0,0.0,2441.5,2488.0
1803.HK,,78000.0,177125.0,1692.5,1474.0
1808.HK,,90530.0,128650.0,1657.0,1594.0
1809.HK,,68300.0,68547.3,1728.0,1809.0
1810.HK,,328202212.6,243550220.35,4.0,5.0
1811.HK,,3082800.0,4301700.75,559.0,461.0
1812.HK,,344050.0,722687.5,1189.0,990.0
1813.HK,,758647.2,546278.95,936.0,1062.0
1815.HK,,28474113.0,19413208.75,91.0,131.0
1816.HK,,22221367.2,39033548.05,112.0,65.0
1817.HK,,100.0,675.0,2308.0,2393.0
1818.HK,,15997242.4,15896746.25,147.0,160.0
1820.HK,,0.0,2700.0,2441.5,2341.0
1822.HK,,963221.8,541757.95,868.0,1066.0
1823.HK,,164000.0,148100.0,1448.5,1542.0
1825.HK,,15600.0,3900.0,2059.0,2322.0
1826.HK,,328000.0,853500.0,1206.5,931.0
1827.HK,,9000.0,4250.0,2139.0,2316.0
1830.HK,,566036.8,729986.6,1024.0,982.0
1831.HK,,6406000.0,8066429.0,332.0,300.0
1832.HK,,13600.0,4850.0,2081.0,2305.0
1833.HK,,11470088.8,14868870.0,206.0,171.0
1835.HK,,19920.0,208120.0,2019.0,1418.0
1836.HK,,1226842.0,1219777.6,796.0,812.0
1837.HK,,1452000.0,1838340.55,742.0,695.0
1841.HK,,252000.0,800000.0,1295.5,953.0
1842.HK,,490400.0,761600.0,1081.0,966.0
1843.HK,,681600.0,405600.0,962.0,1173.0
1845.HK,,0.0,0.0,2441.5,2488.0
1846.HK,,24200.0,55100.0,1967.0,1884.0
1847.HK,,93600.0,29550.0,1645.0,2036.0
1848.HK,,306213.8,191355.3,1231.0,1449.0
1849.HK,,0.0,0.0,2441.5,2488.0
1850.HK,,10532560.0,4963280.0,218.0,420.0
1851.HK,,1350400.0,847425.0,767.0,934.0
1853.HK,,9000.0,11000.0,2139.0,2217.0
1854.HK,,8309811.8,5282552.95,272.0,395.0
1855.HK,,115200.0,280100.0,1571.5,1304.0
1856.HK,,191200.0,195350.0,1381.0,1441.0
1857.HK,,373600.0,179400.0,1166.0,1469.0
1858.HK,,508400.0,758675.0,1066.0,967.0
1859.HK,,0.0,0.0,2441.5,2488.0
1860.HK,,12509638.4,13252431.4,189.0,195.0
1861.HK,,4400.0,31200.0,2213.5,2024.0
1862.HK,,0.0,0.0,2441.5,2488.0
1863.HK,,,,,
1865.HK,,6973440.0,4493200.0,308.0,449.0
1866.HK,,1944588.2,2660398.4,663.0,599.0
1867.HK,,360000.0,225000.0,1171.5,1387.0
1868.HK,,18000.0,221875.0,2039.0,1392.0
1869.HK,,45964000.0,50557000.0,51.0,50.0
1870.HK,,2226500.0,4697125.0,630.0,434.0
1871.HK,,1236800.0,1196800.0,789.0,816.0
1872.HK,,827000.0,1698087.25,910.0,717.0
1873.HK,,3532500.0,4962843.55,513.0,421.0
1875.HK,,324960.0,368900.0,1211.0,1203.0
1876.HK,,42343906.6,19896011.2,61.0,129.0
1877.HK,,1585800.0,3605306.3,716.0,512.0
1878.HK,,17740.0,44192.5,2045.0,1948.0
1880.HK,,1676084.0,1419785.7,701.0,764.0
1882.HK,,3110087.2,3337244.7,557.0,540.0
1883.HK,,4597041.4,3643534.4,425.0,505.0
1884.HK,,3608000.0,1017800.0,504.0,858.0
1888.HK,,126430690.4,117831145.8,12.0,16.0
1889.HK,,11980.0,70230.0,2104.0,1802.0
1890.HK,,427200.0,413700.0,1128.5,1167.0
1891.HK,,86400.0,116200.0,1664.0,1625.0
1894.HK,,1194750.0,1069975.0,801.0,844.0
1895.HK,,0.0,0.0,2441.5,2488.0
1896.HK,,7908885.6,14601614.5,279.0,173.0
1897.HK,,21227.6,11140.9,2000.0,2214.0
1898.HK,,12324249.2,18619033.85,193.0,134.0
1899.HK,,213400.0,506470.0,1340.0,1096.0
1900.HK,,344610.2,231102.55,1188.0,1379.0
1901.HK,,137600.0,565600.0,1515.0,1051.0
1902.HK,,0.0,0.0,2441.5,2488.0
1903.HK,,102400.0,116500.0,1610.0,1624.0
1905.HK,,597200.0,764800.0,1010.0,964.0
1906.HK,,5144000.0,4183000.0,401.0,467.0
1907.HK,,10155400.0,17625149.25,229.0,146.0
1908.HK,,3862081.6,4624076.65,480.0,439.0
1909.HK,,11090.0,9145.0,2115.0,2245.0
1910.HK,,2215789.6,3385642.8,632.0,536.0
1911.HK,,199920.0,289813.4,1371.0,1293.0
1912.HK,,418100.0,418340.0,1137.0,1164.0
1913.HK,,2502471.8,1735844.3,602.0,709.0
1915.HK,,0.0,0.0,2441.5,2488.0
1916.HK,,332300.0,533525.0,1200.0,1074.0
1917.HK,,256000.0,127000.0,1288.5,1598.0
1918.HK,,209203451.2,201861949.75,8.0,8.0
1919.HK,,13019358.6,15431453.65,179.0,164.0
1920.HK,,653600.0,968900.0,980.0,878.0
1921.HK,,3021647.8,3301999.7,563.0,542.0
1925.HK,,22000.0,27900.0,1985.0,2046.0
1927.HK,,267000.0,184000.0,1269.0,1463.0
1928.HK,,19045630.6,17655980.0,124.0,145.0
1929.HK,,14120460.8,13541816.3,165.0,191.0
1930.HK,,334400.0,140600.0,1196.5,1560.0
1931.HK,,261800.0,293600.0,1279.0,1290.0
1932.HK,,160000.0,134326.3,1457.0,1581.0
1933.HK,,3709600.0,1215200.0,492.0,813.0
1935.HK,,31600.0,23300.0,1918.5,2085.5
1936.HK,,48400.0,32400.0,1817.5,2012.5
1937.HK,,6000.0,180000.0,2185.0,1468.0
1938.HK,,131000.0,73750.0,1529.5,1789.0
1939.HK,,190400.0,370600.0,1384.5,1202.0
1940.HK,,228800.0,297600.0,1328.0,1282.0
1941.HK,,214000.0,100900.0,1338.5,1678.0
1942.HK,,12232400.0,12047700.0,194.0,211.0
1943.HK,,2495000.0,2971500.0,603.0,572.0
1945.HK,,12160.0,29950.0,2091.0,2034.0
1947.HK,,21000.0,22250.0,2004.5,2102.0
1948.HK,,45000.0,24400.0,1834.5,2077.0
1949.HK,,15200.0,46480.0,2064.5,1938.0
1950.HK,,55200.0,160200.0,1787.0,1518.0
1951.HK,,6569000.0,10988137.95,326.0,227.0
1952.HK,,1409341.2,2832399.75,752.0,581.0
1953.HK,,2359800.0,2112175.0,619.0,658.0
1955.HK,,112800.0,56600.0,1578.5,1875.0
1957.HK,,126500.0,377375.0,1539.0,1191.0
1958.HK,,3340200.0,4482293.65,536.0,450.0
1959.HK,,2632930.0,1158232.5,585.0,825.0
1960.HK,,290000.0,221500.0,1252.0,1394.5
1961.HK,,0.0,0.0,2441.5,2488.0
1962.HK,,15600.0,304800.0,2059.0,1270.0
1963.HK,,3266000.0,2196751.6,542.0,647.0
1965.HK,,0.0,500.0,2441.5,2396.5
1966.HK,,1459600.0,1148550.0,741.0,826.0
1967.HK,,46240.0,94200.0,1828.0,1707.5
1968.HK,,61600.0,27800.0,1761.5,2048.5
1969.HK,,530400.0,247150.05,1048.0,1350.0
1970.HK,,247300.0,83490.0,1307.0,1742.0
1971.HK,,1200.0,5600.0,2283.5,2296.5
1972.HK,,3027543.0,2469591.3,562.0,622.0
1973.HK,,0.0,160.0,2441.5,2404.0
1975.HK,,19200.0,59200.0,2027.5,1860.0
1977.HK,,58000.0,26200.0,1777.0,2061.0
1978.HK,,328000.0,159700.0,1206.5,1519.0
1979.HK,,814800.0,1543600.0,913.0,741.0
1980.HK,,524000.0,318300.0,1052.0,1260.0
1981.HK,,715000.0,293700.0,949.0,1289.0
1982.HK,,346800.0,347200.0,1182.0,1221.0
1983.HK,,4000.0,1000.0,2224.5,2384.0
1985.HK,,490000.0,726200.0,1082.0,984.0
1986.HK,,585000.0,971850.25,1015.0,875.0
1987.HK,,1634400.0,514400.0,708.0,1088.0
1988.HK,,12362325.8,19652218.15,192.0,130.0
1991.HK,,392220.0,558570.0,1156.0,1057.0
1993.HK,,1500.0,10200.0,2279.0,2228.0
1995.HK,,1120400.0,2705650.05,819.0,593.0
1996.HK,,1055800.0,276400.0,843.0,1311.0
1997.HK,,4161333.8,4172087.2,454.0,468.0
1999.HK,,5721837.2,6478569.65,366.0,344.0
2000.HK,,109000.0,87780.5,1586.5,1730.0
2001.HK,,1814369.8,1111049.2,678.0,837.0
2002.HK,,182800.0,107000.0,1400.0,1653.0
2003.HK,,19480.0,13220.0,2023.0,2189.0
2005.HK,,2095713.2,3480541.2,643.0,529.0
2007.HK,,283566882.0,259056933.2,5.0,4.0
2008.HK,,38080.0,62130.0,1882.0,1843.0
2009.HK,,4013550.0,6434420.3,467.0,346.0
2011.HK,,9200.0,4300.0,2136.5,2315.0
2012.HK,,1144502.0,948596.5,810.0,891.0
2013.HK,,33436463.8,28524053.4,77.0,89.0
2015.HK,,16039830.2,11843897.5,145.0,213.0
2016.HK,,7260580.4,6141548.6,296.0,357.0
2017.HK,,326000.0,431000.0,1209.5,1157.0
2018.HK,,5726414.2,5915683.9,365.0,367.0
2019.HK,,,,,
2020.HK,,8761633.2,7369033.0,257.0,319.0
2022.HK,,495200.0,461400.0,1074.0,1135.0
2023.HK,,37600.0,24800.0,1887.5,2070.5
2025.HK,,1076000.0,589600.0,834.0,1040.0
2028.HK,,4370800.0,8624657.5,442.0,283.0
2030.HK,,21200.0,20200.0,2001.0,2120.0
2031.HK,,14000.0,17000.0,2074.5,2149.5
2033.HK,,13600.0,36100.0,2081.0,1993.0
2038.HK,,1511057.0,992919.5,730.0,864.0
2039.HK,,5445456.8,6215720.75,384.0,354.0
2048.HK,,1578420.0,1982915.0,719.0,673.0
2051.HK,,2943000.0,2111525.0,566.0,659.0
2057.HK,,1333634.8,1285890.2,768.0,794.0
2060.HK,,,,,
2068.HK,,1238800.0,2102700.0,788.0,662.0
2076.HK,,49316.6,79228.35,1813.0,1760.0
2078.HK,,18000.0,6750.0,2039.0,2275.0
2080.HK,,164800.0,84600.0,1446.0,1738.0
2086.HK,,7400.0,11550.0,2162.0,2206.0
2088.HK,,0.0,0.0,2441.5,2488.0
2096.HK,,5580196.4,7961384.6,379.0,303.0
2098.HK,,2066400.0,2107650.0,645.0,661.0
2099.HK,,2431577.6,2553481.75,609.0,609.0
2100.HK,,1618400.0,628000.0,711.0,1023.0
2101.HK,,286000.0,228349.4,1254.5,1381.0
2102.HK,,12000.0,56000.0,2098.0,1880.0
2105.HK,,1475330.4,1363977.6,738.0,775.0
2107.HK,,2722120.0,2169655.0,578.0,649.0
2108.HK,,87200.0,58200.0,1663.0,1865.0
2110.HK,,154000.0,177500.0,1475.5,1473.0
2111.HK,,270800.0,280000.05,1267.0,1305.0
2112.HK,,261200.0,1476200.0,1280.0,758.0
2113.HK,,300000.0,499250.0,1236.5,1102.0
2116.HK,,73600.0,64800.0,1709.0,1829.5
2117.HK,,0.0,0.0,2441.5,2488.0
2119.HK,,50400.0,60100.0,1806.0,1856.0
2120.HK,,6960.0,6160.0,2170.0,2283.0
2121.HK,,417709.4,479694.45,1138.0,1118.0
2122.HK,,75600.0,100400.0,1699.5,1684.0
2125.HK,,19400.0,19400.0,2025.0,2130.0
2126.HK,,608593.2,543288.1,1005.0,1064.0
2127.HK,,0.0,0.0,2441.5,2488.0
2128.HK,,4813307.2,8477399.35,414.0,287.0
2129.HK,,250000.0,224000.0,1300.5,1389.0
2130.HK,,2600.0,6950.0,2248.5,2270.0
2131.HK,,0.0,0.0,2441.5,2488.0
2132.HK,,59200.0,132200.0,1774.0,1585.0
2135.HK,,94000.0,58000.0,1642.5,1867.5
2136.HK,,91000.0,129625.0,1655.0,1591.0
2137.HK,,1059159.0,623389.75,841.0,1026.0
2138.HK,,330000.0,244350.0,1203.0,1352.0
2139.HK,,696600.0,1792166.65,954.0,701.0
2142.HK,,2721493.6,2951797.05,579.0,573.0
2145.HK,,2137569.8,1697709.85,637.0,718.0
2146.HK,,161300.0,208075.0,1452.0,1419.0
2147.HK,,181920.0,70860.0,1403.0,1798.0
2149.HK,,16940.0,15070.0,2050.0,2170.0
2150.HK,,1802075.4,2093259.0,682.0,664.0
2152.HK,,0.0,75.0,2441.5,2407.0
2153.HK,,4000.0,1000.0,2224.5,2384.0
2155.HK,,7646532.8,5173932.5,287.0,402.0
2156.HK,,768200.0,1513200.0,935.0,748.0
2157.HK,,7377600.0,9877487.7,293.0,253.0
2158.HK,,6691960.0,5957290.4,320.0,363.0
2159.HK,,72320.0,115960.0,1712.0,1627.0
2160.HK,,1253760.4,1650485.15,785.0,725.0
2161.HK,,181300.0,320277.55,1404.0,1258.0
2162.HK,,3535354.2,4003009.35,511.0,480.0
2163.HK,,0.0,0.0,2441.5,2488.0
2165.HK,,5600.0,10750.0,2193.5,2221.0
2166.HK,,884000.0,1555045.0,888.0,740.0
2167.HK,,38200.0,20730.0,1881.0,2113.0
2168.HK,,16350.0,21875.0,2053.0,2107.0
2169.HK,,2478000.0,1632200.0,605.0,727.0
2170.HK,,21600.0,22225.0,1993.5,2103.5
2171.HK,,2465181.6,3290396.1,607.0,544.0
2172.HK,,2353800.0,1946374.75,621.0,679.0
2175.HK,,155600.0,110500.0,1469.0,1641.0
2176.HK,,36000.0,25500.0,1896.5,2066.0
2177.HK,,11800.0,8260.0,2106.0,2253.0
2178.HK,,5678000.0,9047451.25,372.0,277.0
2179.HK,,0.0,1300.0,2441.5,2374.5
2180.HK,,17600.0,19912.5,2046.5,2123.0
2181.HK,,26400.0,26100.0,1947.5,2062.5
2182.HK,,98400.0,50200.0,1624.0,1922.5
2185.HK,,172500.0,200610.0,1424.0,1430.0
2186.HK,,25941800.0,48287060.25,100.0,53.0
2187.HK,,420400.0,273900.0,1135.0,1315.0
2188.HK,,82000.0,32000.0,1678.0,2015.5
2189.HK,,29600.0,100480.3,1932.0,1683.0
2190.HK,,102382.6,236999.2,1611.0,1367.0
2192.HK,,1065951.2,1578692.8,838.0,736.0
2193.HK,,154400.0,86200.0,1473.5,1734.0
2195.HK,,72800.0,27000.0,1710.0,2053.0
2196.HK,,1668743.6,2977533.9,703.0,570.0
2197.HK,,4325400.0,4150931.65,444.0,470.0
2198.HK,,3833600.0,3632980.0,482.0,507.0
2199.HK,,807800.0,351950.0,917.0,1216.0
2202.HK,,14770865.6,18403454.9,153.0,137.0
2203.HK,,110000.0,235500.0,1584.0,1369.0
2205.HK,,9000.0,2250.0,2139.0,2355.5
2208.HK,,13267802.8,23353172.4,174.0,109.0
2209.HK,,1606000.0,777800.0,713.0,961.0
2210.HK,,37760.0,55060.0,1886.0,1885.0
2211.HK,,5155640.0,1541392.0,399.0,742.0
2212.HK,,0.0,13000.0,2441.5,2191.0
2215.HK,,1879000.0,529300.0,669.0,1077.0
2216.HK,,509696.4,468424.1,1065.0,1127.0
2218.HK,,3821890.0,2316053.5,483.0,637.0
2219.HK,,209500.0,277428.9,1349.0,1310.0
2221.HK,,2400.0,85382.0,2252.5,1735.0
2222.HK,,28000.0,11100.0,1943.0,2215.0
2223.HK,,31600.0,158400.0,1918.5,1522.0
2225.HK,,8169550.0,17039608.3,274.0,149.0
2226.HK,,5300.0,9625.0,2197.0,2235.0
2227.HK,,106400.0,346400.0,1598.0,1222.0
2228.HK,,61064995.0,55117060.4,37.0,41.0
2230.HK,,622000.0,544250.0,999.0,1063.0
2231.HK,,2695400.0,7923900.0,582.0,304.0
2232.HK,,4582167.2,1930367.8,427.0,685.0
2233.HK,,11840860.0,21072515.2,201.0,122.0
2235.HK,,17980.0,21715.0,2043.0,2109.0
2236.HK,,208000.0,424281.05,1352.0,1161.0
2237.HK,,98000.0,113500.0,1627.5,1632.0
2238.HK,,14629862.0,13803540.95,157.0,186.0
2239.HK,,7800.0,72950.0,2161.0,1794.0
2245.HK,,3314788.0,3650842.4,540.0,504.0
2246.HK,,19428.0,16000.5,2024.0,2160.0
2250.HK,,106600.0,221550.0,1597.0,1393.0
2251.HK,,2860.0,28440.0,2244.0,2042.0
2252.HK,,5389106.2,6330080.45,387.0,349.0
2255.HK,,103005102.0,69688329.9,18.0,31.0
2256.HK,,1398800.0,1311410.1,756.0,789.0
2257.HK,,64121.0,52237.75,1743.0,1910.0
2258.HK,,37200.0,44100.0,1890.0,1949.0
2260.HK,,4800.0,5000.0,2207.5,2302.0
2262.HK,,1273800.0,320550.0,778.0,1255.0
2263.HK,,304000.0,162500.0,1232.0,1511.0
2265.HK,,426000.0,379000.0,1132.5,1189.0
2266.HK,,11200.0,45200.0,2112.0,1944.0
2268.HK,,5205610.8,6432630.5,395.0,347.0
2269.HK,,23530656.0,30793948.0,108.0,83.0
2270.HK,,2400.0,6300.0,2252.5,2281.0
2271.HK,,419600.0,499600.0,1136.0,1101.0
2273.HK,,834120.0,1180127.1,908.0,821.0
2276.HK,,3181883.2,2703888.4,549.0,595.0
2279.HK,,555200.0,250400.0,1029.5,1346.0
2280.HK,,0.0,0.0,2441.5,2488.0
2281.HK,,32800.0,71750.0,1909.5,1796.0
2282.HK,,5774542.6,4823522.05,361.0,427.0
2283.HK,,1251246.0,533384.05,786.0,1075.0
2285.HK,,453580.0,1019590.35,1106.0,856.0
2286.HK,,2200.0,17950.0,2259.0,2144.0
2288.HK,,21400.0,24460.85,1999.0,2076.0
2289.HK,,0.0,0.0,2441.5,2488.0
2291.HK,,1163400.0,1730379.65,806.0,710.0
2293.HK,,149600.0,166800.0,1484.5,1499.0
2295.HK,,40000.0,227000.05,1868.5,1385.0
2297.HK,,94000.0,128900.0,1642.5,1593.0
2298.HK,,429400.0,316400.0,1123.0,1261.0
2299.HK,,0.0,6925.0,2441.5,2271.0
2302.HK,,648000.0,920600.0,983.0,905.5
2306.HK,,262800.0,138000.0,1276.5,1567.0
2307.HK,,14000.0,78400.0,2074.5,1763.0
2309.HK,,3666760.4,2409704.1,498.0,627.0
2310.HK,,122400.0,88800.0,1552.0,1728.0
2312.HK,,158100.0,122120.6,1463.0,1609.0
2313.HK,,6584662.4,8282861.25,324.0,293.0
2314.HK,,6801405.4,9544110.65,315.0,265.0
2315.HK,,2063494.0,2066927.95,647.0,668.0
2317.HK,,42400.0,23800.0,1847.5,2080.5
2318.HK,,28423076.8,29451546.4,92.0,87.0
2319.HK,,23563270.0,25615088.0,107.0,101.0
2320.HK,,2480800.0,5475740.35,604.0,389.0
2321.HK,,454000.0,203250.0,1105.0,1427.0
2322.HK,,4118400.0,5599200.0,457.0,385.0
2323.HK,,0.0,0.0,2441.5,2488.0
2324.HK,,294040.0,204714.0,1247.0,1424.0
2325.HK,,85200.0,132050.0,1667.0,1586.0
2326.HK,,0.0,2500.0,2441.5,2344.5
2327.HK,,238800.0,152400.0,1318.0,1532.5
2328.HK,,45984988.6,30402771.35,50.0,85.0
2329.HK,,206600.0,301550.0,1357.0,1277.0
2330.HK,,248000.0,102400.0,1305.0,1666.0
2331.HK,,22916384.2,22114743.4,109.0,117.0
2333.HK,,16316386.4,15675919.6,143.0,162.0
2336.HK,,612000.0,647164.6,1003.0,1017.0
2337.HK,,248600.0,280750.0,1304.0,1303.0
2338.HK,,15969204.2,16955052.45,148.0,150.0
2339.HK,,1569408.8,1705758.3,721.0,715.0
2340.HK,,172130.0,73632.5,1426.0,1790.0
2342.HK,,5777047.0,7008750.95,360.0,329.0
2343.HK,,16409943.4,11821660.1,142.0,214.0
2347.HK,,187200.0,209500.0,1390.0,1413.0
2348.HK,,68800.0,82071.4,1725.0,1750.0
2349.HK,,14406960.0,5101940.0,160.0,406.0
2350.HK,,1096200.0,740300.0,825.0,980.0
2352.HK,,560.0,2010.0,2298.0,2363.0
2355.HK,,52800.0,33800.0,1799.5,2007.0
2356.HK,,3865431.2,2057257.45,479.0,670.0
2357.HK,,11687980.0,17684820.1,202.0,144.0
2358.HK,,5614000.0,4427000.0,376.0,454.0
2359.HK,,4594482.4,5876999.35,426.0,371.0
2360.HK,,190400.0,206300.0,1384.5,1421.0
2361.HK,,3900.0,2250.0,2232.0,2355.5
2362.HK,,0.0,0.0,2441.5,2488.0
2363.HK,,40015.0,16777.5,1865.0,2153.0
2367.HK,,4548182.2,5045494.0,429.0,411.0
2368.HK,,9600.0,9800.0,2132.0,2230.5
2369.HK,,1069150.0,1283898.0,837.0,795.0
2370.HK,,84000.0,104700.0,1672.0,1656.0
2371.HK,,93480.0,56670.0,1646.0,1874.0
2372.HK,,379200.0,567400.0,1162.0,1049.0
2373.HK,,186375.0,219643.25,1393.0,1401.0
2376.HK,,8000.0,6725.0,2155.5,2276.0
2377.HK,,162800.0,163550.0,1450.0,1507.0
2378.HK,,180859.0,131912.7,1405.0,1587.0
2380.HK,,36741641.2,31421376.7,66.0,82.0
2381.HK,,2250000.0,2705500.0,629.0,594.0
2382.HK,,17582820.6,15925042.95,135.0,159.0
2383.HK,,14000.0,54100.0,2074.5,1891.0
2385.HK,,174400.0,185640.0,1422.0,1459.0
2386.HK,,3347900.0,3044057.9,534.0,566.0
2388.HK,,13408738.0,13637726.9,173.0,189.0
2389.HK,,702000.0,823800.0,951.5,941.0
2390.HK,,19220.0,14870.0,2026.0,2174.0
2391.HK,,38000.0,18440.0,1883.5,2139.0
2392.HK,,91100.0,82675.0,1654.0,1748.0
2393.HK,,116500.0,322500.0,1566.0,1254.0
2399.HK,,4003600.0,3065700.0,469.0,563.0
2400.HK,,3350547.6,4078041.65,532.0,473.0
2402.HK,,506989.4,960764.6,1067.0,886.0
2405.HK,,539200.0,386200.0,1042.0,1186.0
2407.HK,,39700.0,54310.0,1873.0,1889.0
2409.HK,,121800.0,102650.0,1554.0,1665.0
2410.HK,,3703993.6,5414873.4,494.0,391.0
2411.HK,,686800.0,666425.0,957.0,1011.0
2415.HK,,52700.0,177712.5,1801.0,1472.0
2416.HK,,515640.0,867409.4,1058.0,923.0
2418.HK,,27600.0,61425.0,1945.5,1849.0
2419.HK,,674368.0,762604.35,966.0,965.0
2420.HK,,54900.0,55825.0,1790.0,1881.0
2421.HK,,256800.0,155205.0,1284.5,1528.0
2422.HK,,2457600.0,2470200.0,608.0,621.0
2423.HK,,8547565.4,12170860.85,263.0,208.0
2425.HK,,28075.8,22862.05,1940.0,2093.0
2427.HK,,329000.0,490500.0,1204.0,1110.5
2429.HK,,143300.0,822125.0,1502.0,943.0
2433.HK,,1169200.0,1079600.0,805.0,842.0
2436.HK,,513540.0,541245.0,1060.0,1068.0
2438.HK,,3172800.0,3234709.05,551.0,554.0
2439.HK,,80035200.0,28781300.0,27.0,88.0
2440.HK,,62800.0,77450.0,1756.0,1770.0
2442.HK,,271246.0,271755.0,1266.0,1318.0
2443.HK,,323720.0,350070.0,1214.0,1220.0
2450.HK,,147600.0,96075.0,1490.0,1697.0
2451.HK,,863097.2,986649.3,899.0,865.0
2453.HK,,244240.0,166900.0,1312.0,1498.0
2455.HK,,129600.0,52300.0,1534.5,1908.0
2457.HK,,141000.0,69000.0,1507.0,1807.0
2458.HK,,8400.0,184823.2,2145.0,1462.0
2459.HK,,159340.0,124275.0,1460.0,1603.0
2469.HK,,5615140.4,5014327.25,375.0,414.0
2473.HK,,43565500.0,71869755.0,57.0,29.0
2477.HK,,900665280.0,807390310.05,1.0,1.0
2479.HK,,0.0,0.0,2441.5,2488.0
2480.HK,,1880.0,1120.0,2273.0,2380.0
2481.HK,,1000.0,8350.0,2288.5,2252.0
2482.HK,,15200.0,10850.0,2064.5,2220.0
2483.HK,,400.0,57300.0,2301.0,1869.5
2486.HK,,37120.0,42380.0,1891.0,1958.0
2487.HK,,41600.0,80210.0,1855.0,1756.0
2488.HK,,203860.0,235001.15,1360.0,1371.0
2489.HK,,967200.0,1272300.0,864.5,801.0
2490.HK,,2168640.0,1377430.0,635.0,772.0
2495.HK,,32460.0,26703.0,1913.0,2057.0
2496.HK,,0.0,0.0,2441.5,2488.0
2497.HK,,89200.0,117800.0,1660.0,1620.0
2498.HK,,4578470.2,4554266.75,428.0,446.0
2499.HK,,4440.0,3320.0,2211.0,2329.0
2500.HK,,1047400.0,1017150.0,846.0,859.0
2501.HK,,9179200.0,3402200.0,243.0,534.0
2502.HK,,17200.0,22445.0,2048.5,2100.0
2503.HK,,4791200.0,6214800.0,415.0,355.0
2505.HK,,97400.0,131500.0,1631.0,1588.0
2507.HK,,942780.0,906310.3,876.0,915.0
2509.HK,,68400.0,129850.0,1726.5,1590.0
2511.HK,,74223.2,137105.8,1704.0,1572.0
2512.HK,,41400.0,49700.0,1857.0,1928.0
2515.HK,,1476400.0,2309500.0,737.0,639.0
2516.HK,,1428000.0,1327800.0,750.0,786.0
2517.HK,,8420032.0,11117855.95,268.0,226.0
2518.HK,,10740.0,12220.0,2116.0,2201.0
2520.HK,,122400.0,118300.0,1552.0,1616.5
2521.HK,,2538000.0,4512375.0,598.0,447.0
2522.HK,,1366200.0,673327.9,763.0,1007.0
2528.HK,,76400.0,120300.0,1696.0,1611.0
2529.HK,,0.0,2500.0,2441.5,2344.5
2531.HK,,60400.0,60700.0,1767.5,1854.0
2533.HK,,5492227.0,5610897.4,383.0,384.0
2535.HK,,14524000.0,5898500.0,159.0,370.0
2536.HK,,34200.0,82900.0,1906.0,1746.0
2540.HK,,40000.0,105375.0,1868.5,1655.0
2545.HK,,83600.0,108800.0,1674.5,1644.0
2550.HK,,1268900.0,1018850.0,779.0,857.0
2552.HK,,1791174.2,2665343.55,685.0,597.0
2555.HK,,1046800.0,1419379.9,848.0,765.0
2556.HK,,12063221.2,10075710.3,196.0,246.0
2558.HK,,3000.0,1050.0,2242.0,2382.0
2559.HK,,6380973.0,9313359.5,333.0,269.0
2588.HK,,443642.0,617108.0,1112.0,1032.0
2598.HK,,578125.0,912167.0,1018.0,910.0
2599.HK,,0.0,0.0,2441.5,2488.0
2600.HK,,30242068.6,52976162.9,86.0,45.0
2601.HK,,9666841.0,9635456.7,237.0,260.0
2602.HK,,1297732.8,915347.7,774.0,909.0
2607.HK,,1262970.4,1958370.65,780.0,678.0
2608.HK,,6800.0,30050.0,2173.0,2033.0
2611.HK,,6663955.6,11255879.95,321.0,223.0
2616.HK,,3891919.0,6181502.8,477.0,356.0
2618.HK,,10465279.4,7686173.2,221.0,312.0
2623.HK,,1392589.0,1616011.05,757.0,730.0
2628.HK,,47338847.2,59568594.1,48.0,35.0
2633.HK,,71200.0,310450.05,1717.0,1266.0
2638.HK,,1988106.0,2696790.05,656.0,596.0
2660.HK,,170400.0,283067.45,1429.0,1298.0
2663.HK,,702000.0,848500.0,951.5,932.0
2666.HK,,9155300.0,5056575.0,246.0,409.0
2668.HK,,42990000.0,46346000.0,59.0,56.0
2669.HK,,5143949.6,5496939.65,402.0,388.0
2678.HK,,200194.4,217848.6,1367.0,1402.0
2680.HK,,38400.0,11400.0,1879.0,2208.0
2682.HK,,477600.0,451000.0,1087.0,1146.5
2683.HK,,170000.0,188600.0,1431.5,1455.0
2688.HK,,7797396.0,4997639.65,284.0,416.0
2689.HK,,11872927.2,14498146.3,199.0,174.0
2696.HK,,1379614.8,974997.0,761.0,871.0
2699.HK,,18480.0,12360.2,2032.0,2198.0
2700.HK,,28000.0,40750.95,1943.0,1968.0
2708.HK,,,,,
2722.HK,,8377739.4,15125739.2,270.0,166.0
2727.HK,,35945021.6,23173849.85,70.0,111.0
2728.HK,,925600.0,1026195.0,878.0,853.0
2738.HK,,57600.0,91800.0,1778.5,1718.5
2768.HK,,1084232.0,1522997.6,832.0,747.0
2772.HK,,5823100.0,5698800.0,355.0,382.0
2777.HK,,1364560.0,1209797.35,764.0,815.0
2779.HK,,513400.0,425650.0,1061.0,1160.0
2789.HK,,1208800.0,920600.0,799.0,905.5
2798.HK,,153000.0,188250.0,1478.0,1456.0
2799.HK,,48619848.0,54144749.5,46.0,42.0
2858.HK,,23724900.0,36540269.15,104.0,70.0
2863.HK,,8543200.0,18110650.0,264.0,142.0
2866.HK,,13727530.0,12995707.5,170.0,198.0
2869.HK,,2274867.2,2568008.95,627.0,607.0
2877.HK,,404308.8,666585.4,1145.0,1010.0
2878.HK,,1787200.0,2126750.0,686.0,656.0
2880.HK,,1209600.0,3082870.0,798.0,562.0
2881.HK,,3000.0,13625.05,2242.0,2186.0
2882.HK,,59263.0,19819.85,1772.0,2126.0
2883.HK,,5602616.8,8243906.4,378.0,294.0
2885.HK,,210400.0,98700.0,1347.0,1692.0
2886.HK,,74560.0,95160.0,1703.0,1701.0
2888.HK,,2108140.0,1175778.4,641.0,822.0
2892.HK,,0.0,0.0,2441.5,2488.0
2898.HK,,0.0,0.0,2441.5,2488.0
2899.HK,,46172921.4,53958281.5,49.0,43.0
2977.HK,,80.0,75533.2,2310.5,1776.0
2983.HK,,,,,
2986.HK,,12000.0,,2098.0,
3300.HK,,951600.0,725100.0,872.0,986.0
3301.HK,,249100.0,251025.0,1303.0,1343.0
3302.HK,,339200.0,341400.0,1193.0,1231.0
3303.HK,,203133.2,2471546.2,1361.0,620.0
3306.HK,,781408.0,594206.4,927.0,1038.0
3309.HK,,239200.0,393400.25,1317.0,1179.0
3311.HK,,7002086.8,6121442.4,306.0,359.0
3313.HK,,528530.0,220192.5,1050.0,1398.0
3315.HK,,96000.0,340950.0,1637.0,1232.0
3316.HK,,196852.0,270615.1,1374.0,1320.0
3318.HK,,275600.0,1020400.0,1261.0,855.0
3319.HK,,575750.0,1238633.8,1021.0,809.0
3320.HK,,5624363.6,7380810.75,374.0,317.0
3321.HK,,1062250.0,1352622.5,840.0,779.0
3322.HK,,82000.0,54900.0,1678.0,1887.0
3323.HK,,62184950.0,87521033.25,35.0,23.0
3328.HK,,34182590.0,26635060.45,75.0,97.0
3329.HK,,1402492.2,30307240.7,754.0,86.0
3330.HK,,17621843.4,24806195.6,134.0,104.0
3332.HK,,1232800.0,563400.0,790.0,1054.0
3333.HK,,0.0,0.0,2441.5,2488.0
3336.HK,,3433200.0,2424217.0,526.0,625.0
3337.HK,,1352398.0,2765403.55,766.0,587.0
3339.HK,,6433174.4,7094880.8,330.0,326.0
3347.HK,,1063664.4,2049352.8,839.0,671.0
3348.HK,,12000.0,9300.0,2098.0,2240.0
3360.HK,,8509734.0,10502906.3,265.0,239.0
3363.HK,,4400.0,11600.0,2213.5,2204.0
3366.HK,,11200.0,16000.0,2112.0,2161.0
3368.HK,,604000.0,172200.0,1007.0,1486.0
3369.HK,,387300.0,491925.0,1159.0,1109.0
3377.HK,,9734268.4,11812821.25,236.0,215.0
3380.HK,,2622200.0,3108898.2,588.0,559.0
3382.HK,,879600.0,1807426.25,890.0,700.0
3383.HK,,2323750.0,1558011.2,624.0,738.0
3389.HK,,274560.0,2078500.0,1262.0,666.0
3390.HK,,754800.0,300500.0,938.0,1278.0
3393.HK,,3509721.2,4599437.8,517.0,441.0
3395.HK,,6000.0,139250.0,2185.0,1565.0
3396.HK,,6471920.8,6489690.15,327.0,343.0
3398.HK,,103200.0,52500.0,1608.0,1905.0
3399.HK,,70600.0,94100.0,1718.0,1709.0
3600.HK,,960897.4,1272448.75,871.0,800.0
3601.HK,,29800.0,50550.0,1931.0,1919.0
3603.HK,,2017200.0,1099500.0,652.0,839.0
3606.HK,,3474548.2,3266572.85,522.0,549.0
3611.HK,,0.0,0.0,2441.5,2488.0
3613.HK,,427000.0,800568.0,1130.0,952.0
3616.HK,,400.0,1200.0,2301.0,2378.0
3618.HK,,10943117.4,9587414.45,212.0,263.0
3623.HK,,63200.0,74400.0,1752.5,1783.0
3626.HK,,115600.0,197400.0,1569.0,1436.0
3628.HK,,0.0,26400.0,2441.5,2058.5
3633.HK,,1680800.0,2344955.1,700.0,632.0
3638.HK,,67000.0,119050.0,1734.0,1614.0
3639.HK,,231200.0,156200.0,1327.0,1525.0
3650.HK,,132820.0,258340.0,1524.0,1334.0
3658.HK,,52600.0,70250.0,1802.0,1801.0
3660.HK,,10670.0,16942.4,2117.0,2151.0
3662.HK,,891600.0,534100.0,886.0,1073.0
3666.HK,,0.0,0.0,2441.5,2488.0
3668.HK,,1319882.8,1340359.45,770.0,782.0
3669.HK,,4320969.8,8472105.3,445.0,288.0
3678.HK,,4380600.0,5705600.0,440.0,381.0
3680.HK,,1085200.0,526300.0,831.0,1080.0
3681.HK,,3542700.0,1772120.0,509.0,703.0
3683.HK,,323500.0,111500.0,1215.0,1638.5
3686.HK,,342000.0,174500.0,1192.0,1480.0
3688.HK,,30400.0,22225.0,1925.0,2103.5
3689.HK,,4960.0,9510.0,2204.0,2236.0
3690.HK,,62247991.4,61856348.25,34.0,32.0
3692.HK,,10178420.2,12176343.9,226.0,207.0
3698.HK,,9605992.0,5911427.55,240.0,368.0
3699.HK,,2800.0,57300.0,2246.5,1869.5
3700.HK,,6357600.0,3980050.0,335.0,482.0
3708.HK,,520400.0,472757.8,1055.0,1122.0
3709.HK,,450200.0,698873.95,1110.0,998.0
3718.HK,,311200.0,407200.0,1229.0,1171.0
3728.HK,,132000.0,64000.0,1526.0,1832.0
3737.HK,,458600.0,376600.0,1101.0,1192.0
3738.HK,,18561200.0,22653758.3,126.0,115.0
3759.HK,,4077211.4,9903095.15,462.0,252.0
3768.HK,,12400.0,18300.0,2089.0,2141.0
3773.HK,,59600.0,92300.0,1770.0,1715.0
3778.HK,,0.0,2200.0,2441.5,2358.0
3788.HK,,1520000.0,2326400.0,727.0,635.0
3789.HK,,427200.0,1256200.0,1128.5,806.0
3798.HK,,60800.0,727400.0,1765.5,983.0
3800.HK,,156615812.2,236737500.9,10.0,6.0
3808.HK,,8843668.2,13303388.2,255.0,194.0
3813.HK,,2121600.0,2636250.0,640.0,601.0
3816.HK,,550400.0,471775.0,1034.0,1124.0
3818.HK,,2063800.0,1926600.0,646.0,686.0
3822.HK,,72600.0,37550.0,1711.0,1987.0
3828.HK,,123400.0,212800.0,1548.0,1407.0
3830.HK,,151000.0,173095.0,1481.0,1484.0
3833.HK,,2575600.0,3743193.45,592.0,496.0
3836.HK,,512400.0,936100.0,1062.0,897.0
3838.HK,,1170000.0,3613250.0,804.0,510.0
3839.HK,,11480.0,52738.0,2108.0,1902.0
3848.HK,,159600.0,39900.0,1459.0,1970.0
3860.HK,,32000.0,113250.0,1916.0,1634.5
3866.HK,,2890500.0,2977198.6,569.0,571.0
3868.HK,,5695214.2,5795839.95,368.0,376.0
3869.HK,,40.0,80.0,2312.0,2406.0
3877.HK,,5807519.4,9711580.35,357.0,258.0
3878.HK,,1002000.0,441500.0,857.0,1153.0
3882.HK,,156600.0,119500.0,1467.0,1612.5
3883.HK,,3256894.8,2588351.75,543.0,604.0
3886.HK,,452100.0,443460.0,1109.0,1151.0
3888.HK,,12118653.0,11711549.9,195.0,218.0
3889.HK,,28800.0,156100.0,1935.5,1526.0
3893.HK,,456800.0,376100.0,1102.0,1194.0
3896.HK,,105328131.0,99577865.7,16.0,21.0
3898.HK,,3853078.6,3724485.95,481.0,497.0
3899.HK,,4402400.0,4353266.45,438.0,456.0
3900.HK,,6091983.4,7834289.35,350.0,307.0
3903.HK,,0.0,0.0,2441.5,2488.0
3908.HK,,14663935.0,15752307.4,155.0,161.0
3913.HK,,1701768.0,1329011.0,697.0,784.0
3918.HK,,2511227.2,2769790.1,601.0,586.0
3919.HK,,324900.0,140112.5,1212.0,1563.0
3928.HK,,241400.0,299027.5,1315.0,1281.0
3931.HK,,4011971.2,4786758.2,468.0,432.0
3933.HK,,4673963.4,7595330.85,421.0,314.0
3938.HK,,324800.0,103900.0,1213.0,1658.0
3939.HK,,51314930.2,32182648.7,44.0,81.0
3958.HK,,9034880.0,7426354.3,249.0,315.0
3963.HK,,24000.0,7500.0,1971.0,2265.5
3968.HK,,12574702.4,10789263.35,188.0,231.0
3969.HK,,2292000.0,5125793.75,626.0,405.0
3978.HK,,784864.0,510084.5,924.0,1092.0
3983.HK,,3202431.0,3278935.55,547.0,547.0
3988.HK,,211043647.2,204438069.45,7.0,7.0
3989.HK,,2090000.0,1963341.6,644.0,676.0
3990.HK,,875400.0,631790.0,892.0,1020.0
3991.HK,,178800.0,303200.0,1412.0,1275.0
3993.HK,,26300689.2,38328672.35,99.0,67.0
3996.HK,,20602575.2,23981257.25,117.0,106.0
3997.HK,,62000.0,426050.0,1760.0,1159.0
3998.HK,,22850519.8,30472855.75,110.0,84.0
3999.HK,,45200.0,19550.0,1833.0,2128.0
4332.HK,,,,,
4333.HK,,0.0,0.0,2441.5,2488.0
4335.HK,,0.0,0.0,2441.5,2488.0
4336.HK,,0.0,0.0,2441.5,2488.0
4337.HK,,,,,
4338.HK,,,,,
6030.HK,,8824179.6,10845774.8,256.0,230.0
6033.HK,,34800.0,144450.0,1901.0,1555.0
6036.HK,,1744000.0,965000.0,691.0,880.0
6038.HK,,160000.0,191000.0,1457.0,1450.0
6049.HK,,435616.6,618571.75,1117.0,1030.0
6055.HK,,6168075.4,3468068.5,343.0,531.0
6058.HK,,295200.0,2404926.55,1246.0,628.0
6060.HK,,7130486.8,9761381.55,298.0,256.0
6063.HK,,8018000.0,3580400.0,276.0,517.0
6066.HK,,6156161.8,8842485.35,346.0,279.0
6068.HK,,164400.0,400400.0,1447.0,1176.0
6069.HK,,4907212.8,4198156.2,411.0,466.0
6078.HK,,1429360.0,1868245.65,749.0,692.0
6080.HK,,92400.0,243000.0,1648.0,1356.0
6083.HK,,1955200.0,3258000.0,660.0,550.0
6086.HK,,259700.0,292225.0,1281.0,1291.0
6088.HK,,36682539.8,34835296.65,67.0,73.0
6093.HK,,800.0,1800.0,2292.5,2370.0
6098.HK,,4477033.8,6706760.45,432.0,338.0
6099.HK,,9163266.8,7703792.9,244.0,311.0
6100.HK,,410994.0,748498.5,1143.0,975.0
6108.HK,,21440.0,42240.0,1998.0,1960.0
6110.HK,,54460773.8,45954346.65,41.0,57.0
6111.HK,,0.0,0.0,2441.5,2488.0
6113.HK,,18000.0,69900.0,2039.0,1803.5
6116.HK,,0.0,0.0,2441.5,2488.0
6117.HK,,5600.0,3564.7,2193.5,2326.0
6118.HK,,17800.0,31150.0,2044.0,2025.0
6119.HK,,0.0,0.0,2441.5,2488.0
6123.HK,,16400.0,58100.0,2052.0,1866.0
6127.HK,,7110474.8,14332785.4,302.0,176.0
6128.HK,,3183360.0,2040582.2,548.0,672.0
6133.HK,,0.0,0.0,2441.5,2488.0
6136.HK,,429054.4,493063.6,1124.0,1107.0
6138.HK,,1842400.0,1356800.0,673.0,778.0
6158.HK,,687400.0,1332700.0,956.0,783.0
6160.HK,,3111002.2,4853280.95,556.0,426.0
6162.HK,,209198800.0,94571199.8,9.0,22.0
6163.HK,,56800.0,91900.0,1781.0,1716.0
6169.HK,,829600.0,2371500.0,909.0,630.0
6178.HK,,969820.0,1755178.15,863.0,707.0
6181.HK,,3573745.2,1680713.6,505.0,719.0
6182.HK,,348800.0,742400.0,1178.5,979.0
6185.HK,,403280.0,533306.6,1148.0,1076.0
6186.HK,,21191107.8,20434011.05,115.0,127.0
6188.HK,,12100.0,14575.0,2092.0,2177.0
6189.HK,,0.0,0.0,2441.5,2488.0
6190.HK,,3360.0,3440.0,2236.0,2328.0
6193.HK,,24400.0,15000.0,1966.0,2171.5
6196.HK,,7630196.0,6910362.1,288.0,333.0
6198.HK,,2379822.4,3005870.4,617.0,567.0
6199.HK,,527000.0,381750.0,1051.0,1188.0
6288.HK,,4261.2,4545.3,2216.0,2309.0
6601.HK,,487080.0,566220.0,1083.0,1050.0
6606.HK,,,,,
6608.HK,,2611305.4,1257795.15,590.0,805.0
6609.HK,,43940.0,52625.0,1843.0,1903.0
6610.HK,,180300.0,141410.0,1408.0,1558.0
6611.HK,,0.0,0.0,2441.5,2488.0
6616.HK,,2591400.0,2900349.8,591.0,575.0
6618.HK,,7279785.0,9294222.1,294.0,270.0
6622.HK,,277000.0,262424.15,1259.0,1330.0
6623.HK,,0.0,0.0,2441.5,2488.0
6626.HK,,1086389.6,1304571.1,829.0,790.0
6628.HK,,266800.0,393000.0,1270.0,1180.0
6633.HK,,0.0,400.0,2441.5,2399.0
6639.HK,,0.0,0.0,2441.5,2488.0
6655.HK,,3557306.8,3977192.0,506.0,483.0
6657.HK,,24620.0,559875.0,1964.0,1056.0
6660.HK,,73720.0,139320.0,1708.0,1564.0
6661.HK,,0.0,100.0,2441.5,2405.0
6663.HK,,78000.0,64500.0,1692.5,1831.0
6666.HK,,31426779.6,27389595.45,78.0,94.0
6667.HK,,49680.0,47380.0,1811.0,1934.0
6668.HK,,147400.0,133600.0,1493.0,1582.0
6669.HK,,367988.8,355803.65,1169.0,1214.0
6677.HK,,133800.0,144675.0,1522.0,1553.0
6680.HK,,2415880.0,3559722.2,611.0,519.0
6682.HK,,4607022.0,8302580.85,423.0,291.0
6683.HK,,4292110.0,3527112.5,447.0,522.0
6686.HK,,6860.0,5080.0,2172.0,2301.0
6689.HK,,,,,
6690.HK,,18064765.2,13899950.1,131.0,185.0
6696.HK,,0.0,0.0,2441.5,2488.0
6698.HK,,63800.0,118915.0,1748.5,1615.0
6699.HK,,426232.2,571173.3,1131.0,1047.0
6805.HK,,9200.0,26100.0,2136.5,2062.5
6806.HK,,5547360.0,8460347.6,380.0,289.0
6808.HK,,6843464.4,10762167.35,313.0,232.0
6811.HK,,442800.0,463700.0,1114.0,1132.0
6812.HK,,4000.0,20500.0,2224.5,2115.5
6816.HK,,42400.0,21200.0,1847.5,2111.0
6818.HK,,14647501.4,12961947.4,156.0,200.0
6820.HK,,138800.0,623200.0,1511.0,1027.0
6821.HK,,651912.0,969222.4,981.0,877.0
6822.HK,,4000.0,16800.0,2224.5,2152.0
6823.HK,,16645015.0,10900843.6,140.0,228.0
6826.HK,,112040.0,191794.95,1580.0,1447.0
6828.HK,,96095552.2,41162688.05,21.0,62.0
6829.HK,,39800.0,23950.0,1872.0,2079.0
6830.HK,,44000.0,221500.0,1841.0,1394.5
6833.HK,,54400.0,186600.0,1792.0,1458.0
6836.HK,,0.0,0.0,2441.5,2488.0
6838.HK,,7200.0,16100.0,2165.5,2158.0
6839.HK,,400.0,15500.0,2301.0,2167.0
6855.HK,,1775960.0,2633230.45,689.0,602.0
6858.HK,,0.0,0.0,2441.5,2488.0
6860.HK,,256800.0,834250.0,1284.5,938.0
6862.HK,,10090492.4,12747359.8,231.0,202.0
6865.HK,,3484189.4,3841966.95,520.0,492.0
6866.HK,,1200.0,6000.0,2283.5,2289.0
6868.HK,,2200.0,2400.0,2259.0,2349.5
6869.HK,,36915906.8,39274485.5,65.0,64.0
6877.HK,,178000.0,100500.0,1413.0,1681.5
6878.HK,,0.0,0.0,2441.5,2488.0
6880.HK,,151306.6,,1480.0,
6881.HK,,13787896.0,18165304.5,169.0,140.0
6882.HK,,299600.0,141900.0,1238.0,1556.0
6885.HK,,212600.0,208350.0,1342.0,1416.0
6886.HK,,6307873.0,8424029.6,337.0,290.0
6888.HK,,0.0,9450.0,2441.5,2238.5
6889.HK,,81440.0,95205.85,1683.0,1700.0
6890.HK,,78800.0,67700.0,1690.0,1813.0
6893.HK,,131600.0,146800.0,1527.0,1545.0
6896.HK,,167800.0,145850.0,1440.0,1550.0
6898.HK,,21600.0,1302300.0,1993.5,791.0
6899.HK,,0.0,0.0,2441.5,2488.0
6900.HK,,,,,
6908.HK,,1260800.0,1812250.0,781.5,698.0
6909.HK,,51400.0,163650.0,1803.0,1506.0
6911.HK,,3280.0,1460.0,2237.0,2372.0
6913.HK,,391600.0,360700.0,1157.0,1211.0
6918.HK,,1138400.0,1933800.0,814.0,683.0
6919.HK,,166940.0,145345.0,1443.0,1551.0
6922.HK,,34560.0,39140.0,1902.0,1975.0
6928.HK,,11200.0,39000.0,2112.0,1976.0
6929.HK,,38800.0,76600.0,1876.5,1772.0
6933.HK,,967200.0,1045500.0,864.5,848.0
6939.HK,,1011600.0,9835400.0,854.0,254.0
6955.HK,,2311200.0,7037650.0,625.0,327.0
6958.HK,,792800.0,961750.0,922.0,885.0
6959.HK,,240.0,2720.0,2304.0,2340.0
6963.HK,,11932700.0,16789702.8,197.0,151.0
6966.HK,,0.0,6000.0,2441.5,2289.0
6968.HK,,1050600.0,631250.0,844.0,1021.0
6969.HK,,17237181.2,12692533.35,137.0,203.0
6978.HK,,1086640.0,420291.75,828.0,1163.0
6979.HK,,3529212.0,3708283.55,514.0,499.0
6988.HK,,3871400.0,5900700.0,478.0,369.0
6989.HK,,303000.0,132300.0,1234.0,1584.0
6990.HK,,809299.6,1411490.15,916.0,768.0
6993.HK,,1662466.0,1238780.5,705.0,808.0
6996.HK,,1313250.0,1605390.8,772.0,733.0
6998.HK,,495000.0,702400.0,1075.0,996.0
6999.HK,,0.0,0.0,2441.5,2488.0
7801.HK,,0.0,0.0,2441.5,2488.0
80016.HK,,6100.0,6150.0,2180.0,2284.5
80020.HK,,315200.0,345800.0,1225.0,1223.0
8003.HK,,12000.0,33200.0,2098.0,2008.0
8005.HK,,0.0,14000.0,2441.5,2180.5
8006.HK,,54000.0,52624.3,1795.5,1904.0
8007.HK,,3154393.4,1410596.0,554.0,769.0
8013.HK,,,,,
8017.HK,,1828000.0,1647550.0,676.0,726.0
80175.HK,,25800.0,22500.0,1955.5,2098.5
8018.HK,,216000.0,320285.0,1337.0,1257.0
8019.HK,,20060.0,151022.5,2012.0,1537.0
8020.HK,,0.0,45500.0,2441.5,1943.0
8021.HK,,12000.0,40310.0,2098.0,1969.0
8023.HK,,170400.0,67200.0,1429.0,1819.0
8026.HK,,0.0,2500.0,2441.5,2344.5
8027.HK,,106000.0,101760.0,1600.0,1670.0
8028.HK,,42140.0,75575.0,1850.0,1775.0
8029.HK,,6500.0,2125.0,2175.0,2361.0
80291.HK,,15900.0,9450.0,2056.0,2238.5
8030.HK,,130440.0,947460.0,1532.0,892.0
8031.HK,,102000.0,76900.0,1613.5,1771.0
8033.HK,,0.0,3900.0,2441.5,2322.0
8035.HK,,190000.0,1715500.0,1386.0,711.0
8036.HK,,162000.0,163000.0,1451.0,1508.5
8037.HK,,428400.0,564100.0,1126.5,1053.0
80388.HK,,4946.8,6621.7,2205.0,2278.0
8039.HK,,0.0,0.0,2441.5,2488.0
8040.HK,,2000.0,32500.0,2266.0,2011.0
8041.HK,,724000.0,446950.0,944.0,1149.0
8042.HK,,394000.0,391000.0,1154.0,1181.0
8043.HK,,0.0,9750.0,2441.5,2232.0
8045.HK,,0.0,0.0,2441.5,2488.0
8047.HK,,0.0,0.0,2441.5,2488.0
8049.HK,,80000.0,75100.0,1687.5,1778.0
8050.HK,,113200.0,44900.0,1576.0,1945.0
8051.HK,,80.0,3150.0,2310.5,2335.0
8052.HK,,0.0,0.0,2441.5,2488.0
8056.HK,,22400.0,100225.0,1980.5,1685.0
8057.HK,,5600.0,1400.0,2193.5,2373.0
8059.HK,,2000.0,305000.0,2266.0,1269.0
8060.HK,,63000.0,15750.0,1754.5,2164.0
8062.HK,,0.0,44000.0,2441.5,1950.5
8065.HK,,18000.0,52250.0,2039.0,1909.0
8066.HK,,154000.0,167750.0,1475.5,1497.0
8067.HK,,0.0,2000.0,2441.5,2365.0
8069.HK,,21500.0,8050.0,1997.0,2256.5
8070.HK,,31000.0,37250.0,1922.5,1988.0
80700.HK,,11320.0,17835.0,2109.0,2146.0
8071.HK,,180644.0,80914.5,1407.0,1755.0
8072.HK,,4000.0,150003.1,2224.5,1540.0
8073.HK,,44800.0,54000.0,1837.0,1893.5
80737.HK,,6900.0,2500.0,2171.0,2344.5
8076.HK,,1383000.0,481750.0,759.0,1115.0
8079.HK,,206810.4,168565.95,1356.0,1494.0
8080.HK,,0.0,8050.0,2441.5,2256.5
8081.HK,,1612720.0,476068.0,712.0,1119.0
8082.HK,,2096000.0,5177500.0,642.0,401.0
8087.HK,,99475.0,130637.5,1621.0,1589.0
80883.HK,,678000.0,237750.0,964.0,1365.0
8091.HK,,10000.0,7500.0,2127.0,2265.5
8092.HK,,156800.0,56800.0,1466.0,1873.0
8093.HK,,48600.0,30850.0,1816.0,2027.0
80941.HK,,88500.0,108289.0,1662.0,1647.0
8095.HK,,333600.0,339650.0,1198.0,1236.0
8096.HK,,551000.0,274700.0,1033.0,1314.0
8098.HK,,108000.0,67500.0,1591.5,1816.5
80992.HK,,198800.0,223200.0,1372.0,1390.0
8100.HK,,6400.0,2500.0,2177.5,2344.5
81024.HK,,21040.0,22705.0,2002.0,2096.0
8103.HK,,0.0,74185.0,2441.5,1784.0
8106.HK,,19000.0,10500.0,2029.0,2224.0
8107.HK,,109000.0,185250.0,1586.5,1460.0
8111.HK,,0.0,0.0,2441.5,2488.0
8112.HK,,0.0,0.0,2441.5,2488.0
8113.HK,,21000.0,27768.0,2004.5,2050.0
8115.HK,,0.0,0.0,2441.5,2488.0
8117.HK,,200000.0,190430.0,1369.0,1451.0
8118.HK,,168000.0,66000.0,1437.5,1825.0
8120.HK,,172153.6,137088.4,1425.0,1573.0
8121.HK,,28030.0,282717.5,1941.0,1299.0
81211.HK,,10080.0,8602.5,2123.0,2250.0
8123.HK,,212260.0,358037.55,1344.0,1212.0
8125.HK,,3694080.0,966352.0,495.0,879.0
8128.HK,,126400.0,252000.0,1540.0,1342.0
81299.HK,,760.0,3050.0,2296.0,2336.0
8130.HK,,0.0,0.0,2441.5,2488.0
8131.HK,,1506000.0,4682951.4,731.0,435.0
8132.HK,,302000.0,451000.0,1235.0,1146.5
8133.HK,,6400.0,5600.0,2177.5,2296.5
8136.HK,,18000.0,464000.0,2039.0,1131.0
8137.HK,,4774800.0,9934500.0,416.0,250.0
8139.HK,,1900.0,17600.0,2272.0,2147.0
8140.HK,,8000.0,8000.0,2155.5,2258.0
8143.HK,,10000.0,112800.0,2127.0,1636.0
8146.HK,,422000.0,273500.0,1134.0,1316.0
8147.HK,,37050.0,73122.5,1892.0,1793.0
8148.HK,,0.0,1850.0,2441.5,2368.5
8149.HK,,50000.0,96000.0,1808.0,1698.0
8152.HK,,48000.0,29500.0,1821.0,2037.0
8153.HK,,21000.0,12288.75,2004.5,2200.0
8156.HK,,0.0,14000.0,2441.5,2180.5
8158.HK,,76185.0,55247.5,1698.0,1883.0
8159.HK,,0.0,38000.0,2441.5,1982.0
8160.HK,,160800.0,141792.0,1454.0,1557.0
8161.HK,,0.0,0.0,2441.5,2488.0
8162.HK,,7858000.0,8086525.8,281.0,298.0
8163.HK,,265920.0,5851517.15,1272.0,373.0
8167.HK,,0.0,0.0,2441.5,2488.0
8168.HK,,456000.0,226500.0,1103.0,1386.0
8169.HK,,16000.0,52000.0,2054.5,1912.0
8172.HK,,0.0,0.0,2441.5,2488.0
8173.HK,,112000.0,39400.0,1581.5,1972.5
8176.HK,,1466000.0,451250.0,739.0,1145.0
8178.HK,,40804.0,62074.3,1861.0,1844.0
8179.HK,,297600.0,362400.0,1242.0,1210.0
8181.HK,,0.0,69200.0,2441.5,1806.0
81810.HK,,188827.2,171186.8,1387.0,1489.0
8186.HK,,308557.8,199454.85,1230.0,1435.0
8187.HK,,32000.0,73455.85,1916.0,1792.0
8188.HK,,916000.0,955600.0,881.0,889.0
8189.HK,,444000.0,282250.0,1111.0,1300.0
8191.HK,,530160.0,1447230.0,1049.0,763.0
8193.HK,,316000.0,453855.0,1222.5,1142.0
8195.HK,,629256.0,311031.2,996.0,1265.0
8196.HK,,1260800.0,906460.0,781.5,914.0
8198.HK,,356000.0,519263.0,1175.0,1085.0
8200.HK,,7022.2,12606.5,2168.0,2195.0
8201.HK,,160200.0,224650.0,1455.0,1388.0
82020.HK,,2360.0,920.0,2256.0,2386.0
8203.HK,,2774000.0,724300.0,576.0,987.0
8205.HK,,0.0,3800.0,2441.5,2324.0
8206.HK,,0.0,0.0,2441.5,2488.0
8208.HK,,46800.0,171600.0,1826.0,1487.5
8210.HK,,584000.0,146000.0,1016.0,1549.0
8213.HK,,152000.0,93500.0,1479.0,1712.0
8215.HK,,,,,
8217.HK,,521375.0,2152375.0,1054.0,653.0
8218.HK,,0.0,0.0,2441.5,2488.0
8219.HK,,2122000.0,1679250.0,639.0,720.0
8220.HK,,395510.0,398537.5,1153.0,1178.0
8221.HK,,973400.0,309750.0,862.0,1267.0
8222.HK,,62400.0,78800.0,1758.0,1762.0
8223.HK,,292800.0,136800.0,1249.5,1574.0
8225.HK,,48000.0,61000.0,1821.0,1851.0
8226.HK,,1816000.0,472150.0,677.0,1123.0
8227.HK,,74000.0,249950.0,1706.5,1347.0
8229.HK,,98000.0,415250.0,1627.5,1165.0
82318.HK,,49500.0,53200.0,1812.0,1900.0
8232.HK,,319000.0,97775.0,1218.0,1694.0
82331.HK,,15500.0,11250.0,2061.0,2211.0
82333.HK,,500.0,4575.0,2299.0,2308.0
8237.HK,,428400.0,203612.0,1126.5,1426.0
8238.HK,,399680.0,217738.0,1150.0,1403.0
82388.HK,,61400.0,56415.0,1763.0,1876.0
8239.HK,,147159.6,90589.4,1494.0,1722.0
8241.HK,,13000.0,16250.0,2085.0,2157.0
8245.HK,,2560800.0,3396863.6,595.0,535.0
8246.HK,,10000.0,65300.0,2127.0,1827.0
8247.HK,,30000.0,75000.0,1929.0,1781.0
8249.HK,,0.0,0.0,2441.5,2488.0
8250.HK,,12000.0,12650.0,2098.0,2194.0
8262.HK,,0.0,111500.0,2441.5,1638.5
8267.HK,,142000.0,107300.0,1506.0,1651.0
8268.HK,,804800.0,1183500.0,919.0,818.0
8269.HK,,501666.6,584349.95,1069.0,1042.0
8270.HK,,12000.0,20381.25,2098.0,2117.0
8271.HK,,47600.0,345400.0,1823.0,1225.0
8275.HK,,155000.0,205750.0,1471.0,1422.0
8277.HK,,0.0,21000.0,2441.5,2112.0
8279.HK,,8945217.0,5361604.25,251.0,393.0
8280.HK,,4000.0,542600.0,2224.5,1065.0
8281.HK,,20800.0,8800.0,2008.0,2249.0
8282.HK,,75360.0,20040.0,1701.0,2122.0
8283.HK,,731080.0,1835210.0,941.0,696.0
8285.HK,,47000.0,59750.0,1825.0,1857.5
8286.HK,,1000.0,3000.0,2288.5,2337.5
8290.HK,,136000.0,279500.0,1518.0,1307.0
8291.HK,,0.0,28575.0,2441.5,2041.0
8292.HK,,150000.0,210500.0,1483.0,1409.5
8293.HK,,92000.0,37840.0,1651.5,1985.0
8295.HK,,64000.0,55000.0,1746.0,1886.0
8296.HK,,5920.0,4440.0,2190.0,2312.0
8297.HK,,0.0,0.0,2441.5,2488.0
8299.HK,,20504985.6,16281591.25,118.0,155.0
8300.HK,,388000.0,791000.0,1158.0,957.0
8305.HK,,3760000.0,3481000.0,488.0,528.0
8307.HK,,0.0,600.0,2441.5,2394.0
8308.HK,,0.0,23000.0,2441.5,2089.5
8309.HK,,46000.0,499000.0,1829.5,1103.0
8310.HK,,0.0,20500.0,2441.5,2115.5
8311.HK,,108000.0,100000.0,1591.5,1687.0
8313.HK,,0.0,51500.0,2441.5,1915.0
8315.HK,,68400.0,237100.0,1726.5,1366.0
8316.HK,,225200.0,244300.0,1332.0,1353.0
8317.HK,,140400.0,51200.0,1508.0,1917.0
8319.HK,,8000.0,11500.0,2155.5,2207.0
8320.HK,,1384000.0,820000.0,758.0,944.0
8321.HK,,30000.0,104300.0,1929.0,1657.0
8326.HK,,142560.0,357890.0,1504.0,1213.0
8328.HK,,113037.6,103657.1,1577.0,1660.0
8329.HK,,118000.0,448500.0,1563.0,1148.0
8331.HK,,8000.0,3000.0,2155.5,2337.5
8333.HK,,20000.0,7500.0,2015.5,2265.5
8337.HK,,2000.0,23000.0,2266.0,2089.5
8340.HK,,621000.0,343400.0,1000.0,1228.0
8341.HK,,54000.0,38250.0,1795.5,1980.5
8347.HK,,0.0,154680.0,2441.5,1529.0
8348.HK,,12800.0,43500.0,2086.5,1953.0
8349.HK,,0.0,0.0,2441.5,2488.0
8350.HK,,4800.0,152400.0,2207.5,1532.5
8356.HK,,255200.0,67800.0,1290.0,1812.0
8357.HK,,42000.0,44500.0,1851.5,1947.0
8360.HK,,30000.0,10500.0,1929.0,2224.0
8362.HK,,0.0,255000.0,2441.5,1338.0
8365.HK,,1544320.0,1538260.0,723.0,743.0
8366.HK,,744000.0,295500.0,940.0,1286.0
8367.HK,,0.0,62500.0,2441.5,1840.0
8368.HK,,5310000.0,1352500.0,389.0,780.0
83690.HK,,41060.0,51940.0,1859.0,1913.0
8370.HK,,44960.0,34820.0,1836.0,1999.0
8371.HK,,186400.0,140150.0,1392.0,1561.0
8372.HK,,354000.0,108500.0,1176.0,1646.0
8373.HK,,33000.0,12350.0,1908.0,2199.0
8375.HK,,104000.0,62000.0,1606.5,1846.0
8377.HK,,270000.0,77500.0,1268.0,1769.0
8379.HK,,252000.0,164000.0,1295.5,1503.0
8383.HK,,0.0,0.0,2441.5,2488.0
8385.HK,,22000.0,241500.0,1985.0,1360.0
8391.HK,,3378400.0,3064400.0,531.0,564.0
8392.HK,,26000.0,39500.0,1951.0,1971.0
8395.HK,,596000.0,1041000.0,1011.0,849.0
8400.HK,,1232000.0,428000.0,791.0,1158.0
8401.HK,,6162000.0,2505300.0,344.0,612.0
8402.HK,,105000.0,113250.0,1602.5,1634.5
8403.HK,,32800.0,118150.0,1909.5,1618.0
8406.HK,,4068000.0,2346500.0,463.0,631.0
8411.HK,,106000.0,90000.0,1600.0,1723.0
8412.HK,,0.0,0.0,2441.5,2488.0
8413.HK,,2000.0,404000.0,2266.0,1174.0
8416.HK,,512000.0,165500.0,1064.0,1500.0
8417.HK,,360000.0,101500.0,1171.5,1673.0
8418.HK,,89600.0,82200.0,1659.0,1749.0
8419.HK,,0.0,20250.0,2441.5,2118.5
8420.HK,,10000.0,108750.0,2127.0,1645.0
8422.HK,,1733498.4,626124.6,692.0,1025.0
8423.HK,,0.0,241000.0,2441.5,1362.0
8425.HK,,0.0,11000.0,2441.5,2217.0
8426.HK,,24000.0,28000.0,1971.0,2045.0
8427.HK,,14960.0,62980.0,2068.0,1838.0
8428.HK,,0.0,0.0,2441.5,2488.0
8429.HK,,12000.0,25750.0,2098.0,2065.0
8430.HK,,746000.0,194000.0,939.0,1445.0
8431.HK,,1582000.0,2567829.5,718.0,608.0
8432.HK,,44000.0,256000.0,1841.0,1336.5
8436.HK,,124000.0,59750.0,1545.0,1857.5
8437.HK,,0.0,0.0,2441.5,2488.0
8439.HK,,70400.0,127200.0,1719.5,1597.0
8445.HK,,49200.0,18150.0,1814.5,2143.0
8446.HK,,343600.0,466937.5,1190.0,1128.0
8447.HK,,196000.0,351000.0,1378.0,1219.0
8448.HK,,20320.0,32080.0,2010.0,2014.0
8450.HK,,3280000.0,2664500.0,541.0,598.0
8451.HK,,22000.0,189000.0,1985.0,1454.0
8452.HK,,4000.0,62300.0,2224.5,1841.0
8455.HK,,4336000.0,1768500.0,443.0,704.0
8456.HK,,880638.0,220159.5,889.0,1399.0
8460.HK,,864000.0,1844900.0,898.0,694.0
8462.HK,,41000.0,76500.0,1860.0,1773.0
8471.HK,,10000.0,34600.0,2127.0,2001.0
8472.HK,,800.0,240300.0,2292.5,1364.0
8473.HK,,214000.0,148000.0,1338.5,1543.0
8475.HK,,0.0,0.0,2441.5,2488.0
8480.HK,,1257600.0,1243400.0,783.0,807.0
8481.HK,,5000.0,1250.0,2202.0,2376.0
8482.HK,,242000.0,79000.0,1314.0,1761.0
8483.HK,,5868800.0,1599200.0,353.0,734.0
8487.HK,,271600.0,344500.0,1265.0,1226.0
8489.HK,,207000.0,480000.0,1355.0,1116.0
8490.HK,,345000.0,197022.5,1187.0,1437.0
8491.HK,,77000.0,583250.0,1694.0,1044.0
8493.HK,,0.0,0.0,2441.5,2488.0
8495.HK,,8800.0,4400.0,2142.0,2314.0
8496.HK,,0.0,0.0,2441.5,2488.0
8500.HK,,0.0,0.0,2441.5,2488.0
8501.HK,,1200.0,2200.0,2283.5,2358.0
8502.HK,,100800.0,62000.0,1620.0,1846.0
8507.HK,,4730400.0,2107800.0,417.0,660.0
8509.HK,,4000.0,23800.0,2224.5,2080.5
8510.HK,,0.0,85000.0,2441.5,1736.5
8511.HK,,0.0,0.0,2441.5,2488.0
8512.HK,,346000.0,174000.0,1184.0,1482.5
8513.HK,,6000.0,8850.0,2185.0,2248.0
8516.HK,,64000.0,80080.7,1746.0,1757.0
8519.HK,,24000.0,34250.0,1971.0,2004.0
8521.HK,,3000.0,7750.0,2242.0,2262.0
8525.HK,,0.0,0.0,2441.5,2488.0
8526.HK,,276000.0,155750.0,1260.0,1527.0
8527.HK,,1499000.0,825000.0,733.0,940.0
8529.HK,,365000.0,750000.0,1170.0,973.0
8532.HK,,97120.0,431440.0,1632.0,1156.0
8535.HK,,84000.0,174000.0,1672.0,1482.5
8536.HK,,131000.0,54000.0,1529.5,1893.5
8537.HK,,117600.0,280900.0,1564.0,1302.0
8540.HK,,328400.0,311600.0,1205.0,1264.0
8545.HK,,660800.0,410400.0,976.0,1169.0
8547.HK,,51872000.0,51999250.0,43.0,48.0
8601.HK,,8000.0,13500.0,2155.5,2188.0
8603.HK,,640800.0,,987.5,
8606.HK,,22000.0,62000.0,1985.0,1846.0
8607.HK,,0.0,0.0,2441.5,2488.0
8611.HK,,5814000.0,3407290.65,356.0,533.0
8612.HK,,98000.0,268500.0,1627.5,1325.0
8613.HK,,84000.0,36500.0,1672.0,1991.0
8616.HK,,316000.0,123500.0,1222.5,1606.0
8619.HK,,512088.0,2210262.0,1063.0,645.0
8620.HK,,200000.0,389000.0,1369.0,1183.0
8621.HK,,56000.0,108000.0,1782.5,1649.0
8622.HK,,289600.0,164800.0,1253.0,1502.0
8623.HK,,196600.0,83150.0,1376.0,1744.5
8627.HK,,120000.0,39200.0,1558.5,1974.0
8629.HK,,300.0,2450.0,2303.0,2348.0
8631.HK,,0.0,0.0,2441.5,2488.0
8635.HK,,259200.0,1126000.0,1282.0,831.0
8637.HK,,262400.0,160850.0,1278.0,1515.0
8645.HK,,63600.0,30600.0,1750.5,2030.0
8646.HK,,1696200.0,8521250.0,699.0,285.0
8657.HK,,16800.0,19900.0,2051.0,2124.5
8659.HK,,536000.0,304750.0,1043.0,1271.5
86618.HK,,2830.0,2307.5,2245.0,2352.0
8668.HK,,6000.0,34500.0,2185.0,2002.0
89618.HK,,10400.0,5890.0,2119.5,2293.0
89888.HK,,14570.0,19095.0,2070.0,2132.0
89988.HK,,58880.0,71505.0,1776.0,1797.0
9600.HK,,1072800.0,1128000.0,836.0,829.0
9608.HK,,950000.0,1062500.0,874.0,845.0
9616.HK,,28640.0,78240.0,1939.0,1766.0
9618.HK,,12401409.2,10132884.9,191.0,245.0
9626.HK,,3526334.4,3873156.85,515.0,489.0
9633.HK,,11041298.6,8720372.05,209.0,281.0
9636.HK,,2381144.6,2249862.35,616.0,643.0
9638.HK,,0.0,0.0,2441.5,2488.0
9658.HK,,143680.0,243567.7,1501.0,1354.0
9663.HK,,840500.0,227525.0,904.0,1384.0
9668.HK,,1111500.0,2577367.35,822.0,606.0
9669.HK,,553960.0,513000.0,1031.0,1089.5
9676.HK,,142880.0,163730.0,1503.0,1504.0
9677.HK,,800.0,550.0,2292.5,2395.0
9680.HK,,35880.0,18346.2,1899.0,2140.0
9686.HK,,20000.0,6400.0,2015.5,2280.0
9688.HK,,4406977.0,7239200.95,437.0,321.0
9689.HK,,12000.0,209200.0,2098.0,1414.5
9690.HK,,860291.6,807062.6,900.0,949.0
9696.HK,,4920398.6,6625151.65,410.0,339.0
9698.HK,,6161178.0,4453098.75,345.0,452.0
9699.HK,,1536920.0,1625826.15,726.0,728.0
9857.HK,,4780.0,15990.0,2210.0,2162.0
9858.HK,,42526872.6,26341351.15,60.0,98.0
9860.HK,,44700.0,81850.0,1838.0,1751.0
9863.HK,,11061608.6,9745587.1,207.0,257.0
9866.HK,,5191584.0,4167669.35,396.0,469.0
9868.HK,,13716698.4,15045696.25,171.0,169.0
9869.HK,,473700.0,1092075.0,1092.0,840.0
9877.HK,,1174400.0,331820.0,803.0,1245.0
9878.HK,,183120.0,5806883.95,1398.0,375.0
9879.HK,,475200.0,473750.0,1090.5,1120.0
9880.HK,,5508437.4,8073931.7,382.0,299.0
9882.HK,,1600.0,11300.0,2277.0,2209.5
9885.HK,,531440.0,1327900.0,1046.0,785.0
9886.HK,,67700.0,162525.0,1731.0,1510.0
9888.HK,,11601700.6,10861194.55,205.0,229.0
9889.HK,,108200.0,111600.0,1589.0,1637.0
9890.HK,,1013332.0,1416958.0,853.0,766.0
9896.HK,,4111476.4,4022146.05,459.0,479.0
9898.HK,,81916.0,80919.3,1680.0,1754.0
9899.HK,,1104262.8,848408.3,823.0,933.0
9900.HK,,1860000.0,2323084.0,670.0,636.0
9901.HK,,6775284.6,3810240.1,316.0,494.0
9906.HK,,0.0,0.0,2441.5,2488.0
9908.HK,,184300.0,49750.0,1395.0,1927.0
9909.HK,,38000.0,51000.0,1883.5,1918.0
9911.HK,,7995582.0,9972658.4,277.0,249.0
9913.HK,,551831.0,455399.65,1032.0,1140.0
9916.HK,,119200.0,65100.0,1560.5,1828.0
9918.HK,,12400.0,9800.0,2089.0,2230.5
9919.HK,,34400.0,74170.25,1904.5,1785.0
9922.HK,,1537600.0,1406300.05,724.0,770.0
9923.HK,,212381.6,245887.6,1343.0,1351.0
9926.HK,,5755087.6,10615706.5,362.0,236.0
9928.HK,,186276.8,137188.35,1394.0,1571.0
9929.HK,,5253600.0,5457400.0,393.0,390.0
9930.HK,,55182.6,58285.25,1789.0,1864.0
9933.HK,,96000.0,145200.0,1637.0,1552.0
9936.HK,,1598060.0,1678415.0,715.0,721.0
9938.HK,,1807000.0,3371500.0,680.0,539.0
9939.HK,,476900.0,521575.0,1089.0,1083.0
9955.HK,,398660.0,269095.0,1152.0,1323.0
9958.HK,,101000.0,13739450.0,1619.0,188.0
9959.HK,,2384363.6,2805513.1,615.0,584.0
9960.HK,,789800.0,472850.0,923.0,1121.0
9961.HK,,4927664.2,3494018.35,409.0,526.0
9963.HK,,251300.0,333625.0,1297.0,1243.0
9966.HK,,835800.0,1181883.85,907.0,819.0
9968.HK,,2266800.0,3279800.0,628.0,546.0
9969.HK,,4604285.2,9156427.35,424.0,273.0
9978.HK,,17691980.0,4432395.0,133.0,453.0
9979.HK,,636400.0,897285.0,990.0,916.0
9982.HK,,1147485.6,1357171.4,809.0,777.0
9983.HK,,672200.0,610850.0,968.0,1034.0
9985.HK,,5126856.0,3379312.85,403.0,538.0
9986.HK,,0.0,0.0,2441.5,2488.0
9987.HK,,1005885.0,867174.45,856.0,924.0
9988.HK,,89296093.8,115103673.65,24.0,18.0
9989.HK,,227800.0,470425.0,1329.0,1125.0
9990.HK,,312600.0,268026.7,1227.0,1327.0
9991.HK,,84660.0,23530.0,1670.0,2083.0
9992.HK,,12664447.6,12075896.75,186.0,209.0
9993.HK,,23662360.0,61228589.3,105.0,33.0
9995.HK,,2632300.8,4815014.95,586.0,429.0
9996.HK,,601999.8,795929.25,1008.0,956.0
9998.HK,,317000.0,296000.0,1220.0,1285.0
9999.HK,,7724270.8,11185080.2,285.0,224.0
