Stock,RS,Volume SMA 5,Volume SMA 20,Volume SMA 5 Rank,Volume SMA 20 Rank
0001.HK,,7958555.8,6477438.05,267.0,335.0
0002.HK,,3060487.2,3330134.5,533.0,529.0
0003.HK,,66994942.4,36125530.75,31.0,71.0
0004.HK,,1094358.0,1762063.45,805.0,704.0
0005.HK,,7593715.6,13055784.65,278.0,174.0
0006.HK,,2860554.6,2520838.45,546.0,609.0
0007.HK,,0.0,0.0,2448.5,2491.5
0008.HK,,9055856.6,10014393.05,241.0,235.0
0009.HK,,,,,
0010.HK,,1045614.4,831882.7,818.0,926.0
0012.HK,,6620765.0,7141830.35,315.0,307.0
0013.HK,,7044632.6,4375557.2,293.0,453.0
0014.HK,,2272810.8,1328169.7,605.0,783.0
0016.HK,,4125483.2,4403969.75,446.0,450.0
0017.HK,,3350971.6,3980860.35,511.0,478.0
0018.HK,,89200.0,672940.0,1613.0,998.0
0019.HK,,967171.8,1188158.75,834.0,822.0
0020.HK,,718337994.8,502334044.95,2.0,2.0
0021.HK,,3610020.0,2510265.0,483.0,612.0
0022.HK,,131840.0,69899.95,1470.0,1788.0
0023.HK,,2363367.8,2702051.3,591.0,585.0
0025.HK,,4800.0,11219.15,2202.5,2222.0
0026.HK,,1280.0,2080.15,2283.0,2352.0
0027.HK,,10774893.0,12805880.35,202.0,181.0
0028.HK,,49200.0,36250.0,1779.0,1991.0
0029.HK,,61600.0,48241.95,1723.0,1914.0
0030.HK,,18800.0,325400.0,2017.5,1254.0
0031.HK,,4400646.0,6146057.5,423.0,355.0
0032.HK,,8189.4,11360.15,2144.0,2221.0
0033.HK,,0.0,0.0,2448.5,2491.5
0034.HK,,130200.0,229213.0,1476.0,1394.0
0035.HK,,577761.0,719645.0,989.0,970.0
0036.HK,,0.0,0.0,2448.5,2491.5
0037.HK,,213600.0,445500.0,1325.0,1150.0
0038.HK,,1624516.8,3001471.4,703.0,555.0
0039.HK,,0.0,0.0,2448.5,2491.5
0040.HK,,22600.0,38758.15,1973.0,1972.0
0041.HK,,162721.6,142131.55,1406.0,1564.0
0042.HK,,224400.0,215200.0,1308.0,1417.0
0045.HK,,355186.6,351987.85,1138.0,1227.0
0046.HK,,66800.0,18300.0,1698.5,2150.0
0048.HK,,26480.0,22520.0,1930.0,2108.0
0050.HK,,100600.0,58925.5,1567.0,1851.0
0051.HK,,32800.0,9250.0,1893.5,2244.0
0052.HK,,58920.0,62999.9,1735.0,1830.0
0053.HK,,1400.0,4600.0,2280.0,2315.0
0055.HK,,25700.0,51425.0,1940.0,1896.0
0057.HK,,78800.0,74000.0,1644.0,1766.5
0058.HK,,22432.0,16608.0,1974.0,2161.0
0059.HK,,0.0,0.0,2448.5,2491.5
0060.HK,,9600.0,185200.0,2130.5,1474.0
0061.HK,,7007.8,24633.3,2160.0,2089.0
0062.HK,,94890.4,81965.7,1589.0,1735.0
0063.HK,,24800.0,954950.0,1950.5,880.0
0064.HK,,312457.0,250392.7,1186.0,1361.0
0065.HK,,31399.0,540513.75,1902.0,1082.0
0066.HK,,7998821.0,5884582.7,266.0,369.0
0069.HK,,335388.6,499804.45,1153.0,1116.0
0070.HK,,155000.0,61220.5,1424.0,1837.0
0071.HK,,110400.0,80462.65,1537.0,1741.0
0072.HK,,93600.0,50800.0,1593.0,1898.0
0073.HK,,1601.0,5133.1,2275.0,2302.0
0075.HK,,3021.2,23222.45,2242.0,2102.0
0076.HK,,496001.0,240464.15,1037.0,1376.0
0077.HK,,20200.0,155220.0,1995.0,1537.0
0078.HK,,99320.0,159357.3,1574.0,1526.0
0079.HK,,431400.0,466005.0,1083.0,1138.0
0080.HK,,2156500.0,1462418.85,620.0,756.0
0081.HK,,3914969.8,5125048.65,458.0,412.0
0082.HK,,1663160.0,2880259.9,692.0,569.0
0083.HK,,4854537.2,5804391.95,391.0,373.0
0084.HK,,58500.0,112084.0,1737.0,1636.0
0085.HK,,917200.0,905700.0,856.0,901.0
0086.HK,,273800.0,196519.35,1237.0,1450.0
0087.HK,,824938.8,966902.35,886.0,874.0
0088.HK,,46020.0,40160.0,1807.0,1965.0
0089.HK,,17400.0,9100.0,2036.0,2248.0
0090.HK,,108000.0,59500.0,1544.0,1846.5
0091.HK,,0.0,0.0,2448.5,2491.5
0092.HK,,1714825.0,589808.3,683.0,1056.0
0093.HK,,57600.0,25900.0,1745.0,2080.0
0094.HK,,480000.0,244000.0,1049.5,1372.0
0095.HK,,556400.0,355000.0,1001.0,1223.0
0096.HK,,14800.0,69200.0,2064.0,1792.0
0097.HK,,378730.4,273446.55,1119.0,1327.0
0098.HK,,37400.0,14150.0,1853.5,2179.0
0099.HK,,6400.0,1600.0,2170.0,2361.5
0101.HK,,5747262.2,8806623.15,354.0,257.0
0102.HK,,,,,
0103.HK,,45000.0,33600.0,1816.0,2015.0
0104.HK,,251014.0,139456.1,1272.0,1567.0
0105.HK,,0.0,700.0,2448.5,2397.0
0106.HK,,0.0,0.0,2448.5,2491.5
0107.HK,,936873.2,1081199.75,849.0,847.0
0108.HK,,871200.0,850100.0,873.0,917.0
0110.HK,,239600.0,960161.2,1286.0,878.0
0111.HK,,271200.0,760600.0,1243.0,953.0
0113.HK,,76800.0,48617.0,1653.5,1912.0
0114.HK,,131021.0,92505.25,1472.0,1688.0
0115.HK,,0.0,0.0,2448.5,2491.5
0116.HK,,3727015.0,1602711.6,474.0,734.0
0117.HK,,7416000.0,7269240.0,282.0,302.0
0118.HK,,7200.0,211800.0,2157.5,1420.0
0119.HK,,11948675.8,13302977.5,187.0,168.0
0120.HK,,126120.0,248310.0,1485.0,1368.0
0122.HK,,2000.0,1238.8,2267.5,2376.0
0123.HK,,10259310.6,8134695.35,211.0,276.0
0124.HK,,398648.2,220913.8,1099.0,1405.0
0125.HK,,34000.0,18500.0,1882.0,2148.0
0126.HK,,18800.0,155500.0,2017.5,1533.0
0127.HK,,279900.0,267250.0,1226.0,1334.0
0128.HK,,99200.0,24800.0,1575.5,2084.0
0129.HK,,249710.8,87665.5,1275.0,1706.0
0130.HK,,52400.0,35600.0,1767.0,2003.5
0131.HK,,107400.0,58093.75,1546.0,1860.0
0132.HK,,0.0,53036.65,2448.5,1882.0
0133.HK,,189759.4,316628.8,1367.0,1266.0
0135.HK,,9719576.6,8868109.3,224.0,256.0
0136.HK,,42426871.2,51259648.25,55.0,42.0
0137.HK,,7400.0,4100.0,2156.0,2322.0
0138.HK,,14025.0,4006.25,2073.0,2324.0
0139.HK,,2670816.6,10395999.45,557.0,230.0
0142.HK,,2420451.2,3038731.5,583.0,553.0
0144.HK,,2403239.4,2730684.55,585.0,582.0
0145.HK,,2007488.0,3157406.0,640.0,545.0
0146.HK,,15800.0,14600.0,2051.0,2175.0
0147.HK,,7211000.0,6052500.0,286.0,361.0
0148.HK,,26433178.8,37209855.3,94.0,68.0
0149.HK,,1668681.2,7287853.3,691.0,301.0
0150.HK,,33600.0,54570.0,1886.5,1872.0
0151.HK,,12976799.8,15414437.75,172.0,146.0
0152.HK,,3820891.2,5373065.2,467.0,399.0
0154.HK,,85800.0,108200.0,1625.0,1646.0
0156.HK,,25400.0,53560.0,1942.0,1878.0
0157.HK,,8000.0,41500.0,2147.5,1954.5
0158.HK,,0.0,50.0,2448.5,2414.0
0159.HK,,954752.0,555295.2,839.0,1074.0
0160.HK,,14421.8,41974.5,2069.0,1951.0
0162.HK,,74800.0,389925.0,1661.0,1188.0
0163.HK,,92006.4,169601.6,1599.0,1506.0
0164.HK,,580410.0,570087.5,987.0,1069.0
0165.HK,,3576077.0,7151653.75,490.0,306.0
0166.HK,,747905.0,1824296.25,912.0,693.0
0167.HK,,63559.8,134381.65,1709.0,1583.0
0168.HK,,1365395.2,2945704.25,750.0,560.0
0169.HK,,691400.0,591310.0,934.0,1054.0
0171.HK,,163200.0,792000.0,1404.5,943.0
0173.HK,,382419.2,640004.75,1111.0,1021.0
0174.HK,,11200.0,20300.0,2099.5,2129.0
0175.HK,,53663354.8,48772851.4,42.0,48.0
0176.HK,,0.0,0.0,2448.5,2491.5
0177.HK,,2600430.2,4529615.0,562.0,443.0
0178.HK,,2646523.2,3239350.2,560.0,537.0
0179.HK,,4137197.6,6218466.5,445.0,348.0
0180.HK,,800.0,7800.0,2300.0,2268.0
0181.HK,,0.0,38000.0,2448.5,1977.5
0182.HK,,7794889.4,13339529.75,270.0,167.0
0183.HK,,6560.0,76640.0,2168.0,1757.0
0184.HK,,0.0,26800.0,2448.5,2074.0
0185.HK,,15054.8,58813.7,2056.0,1853.0
0186.HK,,203780.0,219961.0,1342.0,1408.0
0187.HK,,6355600.0,2460800.0,325.0,616.0
0188.HK,,115000.0,133500.0,1520.0,1587.0
0189.HK,,19901759.6,22610815.45,121.0,108.0
0191.HK,,121400.0,147310.0,1500.0,1553.0
0193.HK,,7951.4,11562.85,2152.0,2219.0
0194.HK,,14916.0,20829.0,2061.0,2124.0
0195.HK,,0.0,0.0,2448.5,2491.5
0196.HK,,5363800.0,1715400.0,368.0,713.0
0197.HK,,790623.2,272696.45,899.0,1330.0
0199.HK,,2743337.6,3620009.4,552.0,507.0
0200.HK,,4218656.2,3410767.05,439.0,526.0
0201.HK,,4536800.0,6187589.5,415.0,352.0
0202.HK,,1623000.0,591600.0,705.0,1053.0
0204.HK,,0.0,0.0,2448.5,2491.5
0205.HK,,126000.0,540132.5,1487.0,1083.0
0206.HK,,121000.0,1080463.75,1502.0,848.0
0209.HK,,15179193.4,10139798.75,151.0,234.0
0210.HK,,503200.0,270400.0,1033.0,1332.0
0211.HK,,2000.0,10937.7,2267.5,2224.0
0212.HK,,500.0,775.0,2306.5,2394.0
0213.HK,,62195.0,24103.85,1719.0,2095.0
0214.HK,,2800.0,9610.45,2249.0,2236.0
0215.HK,,1572789.4,2447028.4,714.0,617.0
0216.HK,,3200.0,12000.0,2238.5,2209.5
0217.HK,,479200.0,517900.0,1051.0,1098.0
0218.HK,,395000.0,697375.0,1103.0,989.0
0219.HK,,3060.0,7665.0,2241.0,2271.0
0220.HK,,4754889.0,7680379.9,398.0,289.0
0222.HK,,137200.0,50600.0,1457.5,1899.5
0223.HK,,292000.0,727300.0,1211.0,964.0
0224.HK,,51200.0,12800.0,1773.0,2197.0
0225.HK,,0.0,1400.0,2448.5,2371.0
0227.HK,,202400.0,219800.0,1343.0,1409.0
0228.HK,,289050.0,189520.0,1216.0,1466.0
0229.HK,,12000.0,48700.0,2089.0,1911.0
0232.HK,,38123761.6,57390385.0,63.0,36.0
0234.HK,,134760.0,512139.0,1462.0,1104.0
0235.HK,,9411610.0,12956762.15,232.0,179.0
0236.HK,,2800.0,58776.0,2249.0,1854.0
0237.HK,,45600.0,18600.0,1813.0,2145.5
0239.HK,,11500.0,12875.0,2094.0,2194.0
0240.HK,,102000.0,319460.0,1565.0,1260.0
0241.HK,,89169555.2,88170574.05,24.0,19.0
0242.HK,,2050652.6,1816421.65,633.0,694.0
0243.HK,,300195.6,289663.65,1202.0,1306.0
0244.HK,,369000.0,158450.0,1128.0,1530.0
0245.HK,,18263.4,328417.05,2023.0,1249.0
0247.HK,,0.0,0.0,2448.5,2491.5
0248.HK,,46000.0,58844.45,1809.5,1852.0
0251.HK,,0.0,7434.0,2448.5,2277.0
0252.HK,,6000.0,1600.0,2178.5,2361.5
0253.HK,,0.0,16175.0,2448.5,2164.0
0254.HK,,2024740.0,2901635.55,638.0,567.0
0255.HK,,5600.0,18588.25,2187.0,2147.0
0256.HK,,4580000.0,4618200.0,409.0,434.0
0257.HK,,5539584.4,5773850.65,361.0,376.0
0258.HK,,230658.2,532772.8,1299.0,1086.0
0259.HK,,377500.0,471480.0,1120.0,1133.0
0261.HK,,73736.0,1883136.8,1667.0,680.0
0262.HK,,15000.0,19750.0,2059.5,2131.5
0264.HK,,7699200.0,6612000.0,273.0,325.0
0265.HK,,0.0,784.25,2448.5,2393.0
0266.HK,,4000.0,1600.0,2219.5,2361.5
0267.HK,,11750547.0,11778253.85,188.0,199.0
0268.HK,,50012407.8,50254924.4,45.0,45.0
0269.HK,,0.0,198007.5,2448.5,1447.0
0270.HK,,4820980.6,7393995.6,393.0,297.0
0271.HK,,46880.0,19222.8,1800.0,2137.0
0272.HK,,7061458.6,5533295.8,292.0,389.0
0274.HK,,0.0,0.0,2448.5,2491.5
0276.HK,,29685.0,51973.15,1915.0,1893.0
0277.HK,,0.0,1100.0,2448.5,2379.0
0279.HK,,4604520.0,1357685.15,407.0,777.0
0280.HK,,599200.0,700250.0,976.0,984.0
0285.HK,,5903270.2,8511858.85,347.0,264.0
0286.HK,,0.0,0.0,2448.5,2491.5
0287.HK,,0.0,100.0,2448.5,2412.5
0288.HK,,26159375.2,41279964.15,96.0,60.0
0289.HK,,21200.0,9100.0,1982.0,2248.0
0290.HK,,23016980.0,61090065.0,105.0,34.0
0291.HK,,11980267.4,10328999.85,186.0,232.0
0293.HK,,5717853.0,11353862.5,355.0,210.0
0294.HK,,22200.0,36000.0,1975.0,1998.0
0295.HK,,2290000.0,3039000.0,601.0,552.0
0296.HK,,47964.0,108101.65,1791.0,1648.0
0297.HK,,14385989.8,19448348.8,158.0,121.0
0298.HK,,8000.0,44731.9,2147.5,1932.0
0299.HK,,0.0,0.0,2448.5,2491.5
0300.HK,,2915899.0,4327715.35,543.0,456.0
0301.HK,,480000.0,1239533.75,1049.5,804.0
0302.HK,,900000.0,1253450.0,863.0,801.0
0303.HK,,369978.2,655999.35,1127.0,1009.0
0305.HK,,683000.0,827455.0,937.0,929.0
0306.HK,,42400.0,21100.0,1829.0,2119.0
0308.HK,,8289200.0,7565250.0,255.0,292.0
0309.HK,,15690.0,28730.0,2052.0,2057.0
0310.HK,,34500.0,9375.0,1879.0,2239.0
0311.HK,,35640.0,67160.0,1871.0,1803.0
0312.HK,,140000.0,159600.0,1449.5,1524.0
0313.HK,,0.0,44116.65,2448.5,1939.0
0314.HK,,752953.0,809048.25,910.0,936.0
0315.HK,,365280.0,318855.3,1129.0,1262.0
0316.HK,,1563935.6,1063065.95,716.0,852.0
0317.HK,,2006520.0,2383125.0,641.0,628.0
0318.HK,,0.0,2750.0,2448.5,2340.0
0320.HK,,397200.0,216100.0,1100.0,1415.0
0321.HK,,1188000.0,1436300.0,785.0,761.0
0322.HK,,31029336.4,22868209.4,75.0,106.0
0323.HK,,2459664.4,3795462.7,577.0,493.0
0326.HK,,3112800.6,3752942.5,530.0,494.0
0327.HK,,1855052.6,1340289.5,667.0,779.0
0328.HK,,828200.0,31410642.0,883.0,81.0
0329.HK,,93600.0,256725.0,1593.0,1351.0
0330.HK,,78309.6,97115.45,1646.0,1674.0
0331.HK,,54000.0,54509.1,1761.5,1873.0
0332.HK,,16000.0,186125.05,2047.5,1472.0
0333.HK,,18400.0,6800.0,2021.5,2283.0
0334.HK,,603240.0,245020.0,971.0,1370.0
0335.HK,,80000.0,830900.0,1640.0,928.0
0336.HK,,1993600.0,3677888.5,645.0,504.0
0337.HK,,264005.0,499221.25,1252.0,1117.0
0338.HK,,7634024.8,8985618.3,275.0,252.0
0339.HK,,196000.0,186125.0,1357.0,1473.0
0340.HK,,13616536.0,14940498.5,165.0,149.0
0341.HK,,786744.2,1072899.05,900.0,850.0
0343.HK,,460086.0,705056.5,1061.0,980.0
0345.HK,,363350.0,601825.85,1131.0,1046.0
0346.HK,,83000.0,165550.0,1634.0,1514.0
0347.HK,,3961684.4,4700229.15,454.0,432.0
0348.HK,,714000.0,2463550.0,926.0,615.0
0351.HK,,227440.0,636252.8,1303.0,1026.0
0352.HK,,0.0,0.0,2448.5,2491.5
0353.HK,,124270.0,689967.5,1493.0,991.0
0354.HK,,35347080.0,48994676.35,68.0,47.0
0355.HK,,1271847.0,1409368.25,769.0,764.0
0356.HK,,89400.0,42850.0,1612.0,1946.0
0357.HK,,195800.0,389362.8,1358.0,1189.0
0358.HK,,7765080.4,10397259.75,272.0,229.0
0360.HK,,2052800.0,2751600.0,632.0,578.0
0361.HK,,1476000.0,2563000.0,733.0,605.0
0362.HK,,0.0,0.0,2448.5,2491.5
0363.HK,,405353.0,635531.9,1096.0,1027.0
0365.HK,,439200.0,526700.0,1077.0,1091.0
0366.HK,,85200.0,139100.0,1627.0,1568.0
0367.HK,,39017.0,220952.15,1842.0,1404.0
0368.HK,,3133840.0,2663090.0,529.0,592.0
0369.HK,,53200.0,20933.3,1763.5,2122.0
0370.HK,,3070800.0,3730855.0,532.0,498.0
0371.HK,,11277041.2,14199116.15,194.0,154.0
0372.HK,,99958.4,29489.6,1572.0,2053.0
0373.HK,,171408.0,176052.0,1389.0,1495.0
0374.HK,,0.0,800.0,2448.5,2391.0
0375.HK,,19000.0,20450.0,2015.0,2128.0
0376.HK,,4298608.0,4518941.6,430.0,444.0
0377.HK,,13712.0,75775.5,2081.0,1761.0
0379.HK,,452600.0,455500.0,1071.0,1141.0
0380.HK,,59200.0,376200.0,1733.0,1207.0
0381.HK,,1468504.0,2779740.5,736.0,577.0
0382.HK,,237328.8,297997.75,1288.0,1289.0
0383.HK,,1000.0,17914.0,2293.5,2153.0
0384.HK,,11644981.0,11854332.2,189.0,197.0
0385.HK,,82400.0,79800.0,1636.0,1743.0
0386.HK,,58849054.6,91128999.95,37.0,17.0
0387.HK,,4800.0,9200.0,2202.5,2246.0
0388.HK,,3412741.2,3483166.75,507.0,520.0
0389.HK,,0.0,409393.15,2448.5,1173.0
0390.HK,,20829097.6,28099324.55,115.0,91.0
0391.HK,,15788000.0,8517250.0,142.0,263.0
0392.HK,,1094202.6,1275367.5,806.0,794.0
0393.HK,,319600.0,159256.1,1174.0,1527.0
0396.HK,,1335200.0,838900.0,755.0,920.0
0397.HK,,5546607.0,2511927.25,360.0,611.0
0398.HK,,134574.0,285394.85,1464.0,1312.0
0399.HK,,0.0,0.0,2448.5,2491.5
0400.HK,,4285600.0,4262672.5,431.0,462.0
0401.HK,,120000.0,122669.45,1504.5,1611.0
0403.HK,,244000.0,278700.0,1280.5,1319.0
0406.HK,,14000.0,7725.0,2077.0,2269.0
0408.HK,,69200.0,145250.0,1687.0,1555.0
0410.HK,,210200.0,1276850.0,1331.0,793.0
0411.HK,,0.0,400.0,2448.5,2404.5
0412.HK,,5337961.4,5004699.95,369.0,419.0
0413.HK,,22140.0,128307.05,1976.0,1601.0
0417.HK,,58342.2,170402.2,1740.0,1505.0
0418.HK,,10400.0,36374.95,2110.5,1988.0
0419.HK,,8691398.6,17193386.75,248.0,132.0
0420.HK,,142800.0,296800.0,1442.0,1291.0
0422.HK,,9000.0,21800.0,2136.5,2113.0
0423.HK,,26000.0,35450.0,1934.0,2006.0
0425.HK,,3888669.6,3615764.3,460.0,508.0
0426.HK,,99200.0,56900.0,1575.5,1862.0
0428.HK,,165400.0,98551.5,1396.0,1673.0
0430.HK,,10600.0,7950.0,2109.0,2266.0
0432.HK,,155622.0,372822.75,1422.0,1209.0
0433.HK,,36614812.4,39965372.1,65.0,62.0
0434.HK,,2365200.0,1850060.0,590.0,687.0
0436.HK,,24000.0,12000.0,1959.5,2209.5
0438.HK,,1664.0,14428.5,2274.0,2178.0
0439.HK,,68568.4,104986.35,1689.0,1661.0
0440.HK,,256289.2,514905.1,1262.0,1102.0
0442.HK,,0.0,45800.0,2448.5,1926.0
0444.HK,,0.0,0.0,2448.5,2491.5
0450.HK,,24000.0,43800.0,1959.5,1941.0
0451.HK,,1907698.2,2735412.55,657.0,581.0
0455.HK,,34800.0,73700.0,1876.5,1768.0
0456.HK,,18000.0,77100.0,2028.5,1752.5
0458.HK,,17800.0,10705.0,2031.0,2226.0
0460.HK,,25823422.0,30212252.9,97.0,84.0
0464.HK,,244000.0,257600.0,1280.5,1350.0
0465.HK,,199600.0,320141.65,1349.0,1259.0
0467.HK,,30775916.2,32927401.85,78.0,77.0
0468.HK,,0.0,0.0,2448.5,2491.5
0471.HK,,346600.0,286047.5,1147.0,1311.0
0472.HK,,174000.0,293125.0,1385.0,1298.0
0474.HK,,22948371.4,5737092.85,106.0,380.0
0475.HK,,38800.0,11600.0,1846.0,2217.0
0476.HK,,126880.0,135583.1,1482.0,1578.0
0480.HK,,167840.0,144187.85,1392.0,1558.0
0482.HK,,2000.0,54742.0,2267.5,1870.0
0483.HK,,0.0,0.0,2448.5,2491.5
0484.HK,,24000.0,24640.0,1959.5,2088.0
0485.HK,,43200.0,31250.0,1824.5,2033.0
0486.HK,,280400.0,232000.0,1223.5,1390.0
0487.HK,,46400.0,46600.0,1805.0,1922.5
0488.HK,,245254.6,66036.3,1278.0,1809.0
0491.HK,,816000.0,278000.0,889.0,1321.0
0493.HK,,5109811.8,7459934.55,378.0,294.0
0496.HK,,17200.0,17900.0,2038.0,2154.0
0497.HK,,40000.0,73000.0,1839.5,1773.0
0498.HK,,0.0,0.0,2448.5,2491.5
0499.HK,,149200.0,60410.0,1435.0,1842.0
0500.HK,,499167.0,520824.7,1035.0,1096.0
0505.HK,,22800.0,82100.0,1970.0,1732.0
0506.HK,,1704862.0,2349364.65,685.0,634.0
0508.HK,,111700.0,183025.0,1532.0,1478.0
0509.HK,,0.0,0.0,2448.5,2491.5
0510.HK,,19321.6,50078.35,2012.0,1903.0
0511.HK,,645946.4,1813849.6,952.0,697.0
0512.HK,,7434757.0,5131883.65,280.0,411.0
0513.HK,,382000.0,105370.0,1112.5,1659.0
0515.HK,,0.0,0.0,2448.5,2491.5
0517.HK,,1165599.6,1046936.8,790.0,856.0
0518.HK,,0.0,2200.0,2448.5,2351.0
0519.HK,,631000.0,376750.0,965.0,1206.0
0520.HK,,2146600.0,1051199.4,621.0,854.0
0521.HK,,6348158.0,6012139.5,326.0,363.0
0522.HK,,2763949.0,3722252.95,550.0,500.0
0524.HK,,193600.0,217116.75,1362.0,1414.0
0525.HK,,3296090.8,3726120.7,519.0,499.0
0526.HK,,71600.0,793800.0,1680.5,941.0
0527.HK,,6766080.0,5704340.0,306.0,382.0
0528.HK,,1200.0,54200.0,2287.5,1875.0
0529.HK,,0.0,500.0,2448.5,2401.5
0532.HK,,888000.0,683378.05,870.0,994.0
0533.HK,,38800.0,63250.0,1846.0,1826.0
0535.HK,,916850.0,2390224.0,857.0,627.0
0536.HK,,305600.0,370100.0,1196.0,1211.0
0538.HK,,355200.0,239250.0,1137.0,1378.0
0540.HK,,36800.0,11600.0,1858.5,2217.0
0542.HK,,29760.0,7640.0,1913.5,2272.0
0543.HK,,9631.0,27029.0,2128.0,2071.0
0544.HK,,1000.0,157840.0,2293.5,1531.0
0546.HK,,2159493.8,2907680.2,619.0,565.0
0547.HK,,92600.0,2200110.0,1598.0,650.0
0548.HK,,526608.0,584340.95,1025.0,1060.0
0550.HK,,390400.0,786450.0,1105.0,945.0
0551.HK,,2538672.2,2617845.45,570.0,600.0
0552.HK,,4552066.4,7109787.8,413.0,309.0
0553.HK,,2244800.0,12731600.0,607.0,182.0
0554.HK,,68000.0,109600.0,1692.5,1639.0
0556.HK,,1953507.8,1132230.85,653.0,833.0
0557.HK,,0.0,0.0,2448.5,2491.5
0558.HK,,1277197.0,1689908.8,767.0,717.0
0559.HK,,0.0,0.0,2448.5,2491.5
0560.HK,,376400.0,239000.0,1121.0,1379.5
0563.HK,,382589.6,420016.15,1110.0,1166.0
0564.HK,,708860.8,1075227.15,930.0,849.0
0565.HK,,10775200.0,9666800.0,201.0,242.0
0567.HK,,332000.0,280000.0,1159.5,1317.0
0568.HK,,38317200.0,57874645.1,61.0,35.0
0570.HK,,7194585.2,8255118.9,287.0,271.0
0571.HK,,20200.0,21650.0,1995.0,2115.0
0572.HK,,20000.6,17588.8,1997.0,2156.0
0573.HK,,104400.0,63755.0,1554.5,1822.0
0574.HK,,0.0,0.0,2448.5,2491.5
0575.HK,,21500.0,39973.7,1981.0,1968.0
0576.HK,,3700308.2,7825620.2,475.0,282.0
0579.HK,,5890930.8,7292001.4,348.0,300.0
0580.HK,,9667600.0,7884800.0,225.0,281.0
0581.HK,,718800.0,1013400.0,922.0,860.0
0582.HK,,97210.0,1114096.35,1583.0,837.0
0583.HK,,90800.0,177400.0,1605.0,1491.5
0585.HK,,765187.0,602806.85,904.0,1045.0
0586.HK,,5256955.6,6314191.3,372.0,341.0
0587.HK,,304987.4,484436.7,1197.0,1128.0
0588.HK,,10170800.0,12898200.0,212.0,180.0
0589.HK,,,,,
0590.HK,,1230830.0,1317108.45,774.0,786.0
0591.HK,,873400.0,1699950.0,872.0,715.0
0593.HK,,,,,
0595.HK,,2084800.0,2684630.6,628.0,589.0
0596.HK,,3832371.6,4419792.9,466.0,447.0
0598.HK,,2198733.8,3842345.85,610.0,490.0
0599.HK,,76800.0,76801.8,1653.5,1755.0
0600.HK,,641470.4,1315611.1,956.0,787.0
0601.HK,,38000.0,9500.0,1851.5,2237.5
0602.HK,,0.0,0.0,2448.5,2491.5
0603.HK,,1680800.0,2525720.0,687.0,608.0
0604.HK,,3896881.6,4007773.85,459.0,477.0
0605.HK,,60400.0,58700.0,1726.0,1855.0
0606.HK,,15400.0,434400.0,2053.0,1154.0
0607.HK,,157260.0,75740.0,1418.0,1762.0
0608.HK,,32000.0,9100.0,1896.0,2248.0
0609.HK,,68800.0,61800.0,1688.0,1833.0
0610.HK,,71200.0,59819.45,1683.0,1845.0
0611.HK,,363600.0,711085.0,1130.0,977.0
0612.HK,,0.0,0.0,2448.5,2491.5
0613.HK,,2563880.0,2893815.0,566.0,568.0
0616.HK,,2016000.0,5422000.0,639.0,395.0
0617.HK,,261800.0,516246.55,1255.0,1100.0
0618.HK,,1550400.0,1420207.55,719.0,762.0
0619.HK,,14000.0,9253.75,2077.0,2243.0
0620.HK,,223680.0,150720.0,1312.0,1547.0
0621.HK,,1325800.0,2188406.2,758.0,653.0
0622.HK,,19730741.4,31138627.8,123.0,83.0
0623.HK,,137200.0,170600.0,1457.5,1503.0
0626.HK,,630400.0,326600.0,966.0,1251.0
0627.HK,,0.0,0.0,2448.5,2491.5
0628.HK,,19551208.0,29542864.9,124.0,87.0
0629.HK,,55800.0,35600.0,1758.0,2003.5
0630.HK,,4000.0,38000.0,2219.5,1977.5
0631.HK,,10013408.8,7792242.15,220.0,283.0
0632.HK,,8295200.0,12389630.0,254.0,186.0
0635.HK,,56260.0,40131.0,1750.0,1967.0
0636.HK,,1645940.2,936296.95,699.0,889.0
0637.HK,,59600.0,64800.0,1732.0,1817.0
0639.HK,,14600980.8,16402457.55,156.0,140.0
0640.HK,,34000.0,26900.0,1882.0,2073.0
0641.HK,,20400.0,37800.0,1989.5,1981.0
0643.HK,,276000.0,350000.0,1232.0,1230.0
0645.HK,,1200.0,8000.0,2287.5,2264.5
0646.HK,,11200.0,64460.0,2099.5,1819.0
0648.HK,,297711.6,1472401.95,1204.0,754.0
0650.HK,,4334400.0,5435200.0,428.0,393.0
0653.HK,,21761826.0,21458096.0,111.0,114.0
0655.HK,,194836.0,328407.5,1360.0,1250.0
0656.HK,,9345895.4,12328404.65,236.0,189.0
0657.HK,,0.0,0.0,2448.5,2491.5
0658.HK,,121000.0,278300.0,1502.0,1320.0
0659.HK,,1061637.0,1366651.65,813.0,772.0
0660.HK,,24200.0,28050.0,1955.0,2064.0
0661.HK,,62179600.0,27974750.0,35.0,92.0
0662.HK,,4400.0,5400.0,2208.0,2299.0
0663.HK,,,,,
0666.HK,,2175067.6,2636007.35,616.0,596.0
0667.HK,,12465684.6,6057102.75,181.0,359.0
0668.HK,,,,,
0669.HK,,6007704.8,6240812.35,340.0,346.0
0670.HK,,15795227.4,12980050.25,141.0,177.0
0672.HK,,753560.0,1528140.0,909.0,742.0
0673.HK,,271200.0,79576.5,1243.0,1744.0
0674.HK,,18600.0,76250.0,2020.0,1759.0
0675.HK,,0.0,4500.0,2448.5,2316.0
0676.HK,,0.0,900.0,2448.5,2387.5
0677.HK,,441200.0,221600.0,1076.0,1402.0
0679.HK,,3459000.0,3246572.8,501.0,536.0
0681.HK,,1780585.6,894994.4,676.0,907.0
0682.HK,,26520.0,47041.05,1929.0,1920.0
0683.HK,,896388.6,1221019.75,865.0,810.0
0684.HK,,4000.0,13300.0,2219.5,2187.5
0685.HK,,21000.0,6450.0,1984.0,2287.0
0686.HK,,104120.0,119775.0,1557.0,1619.0
0687.HK,,704000.0,545800.0,933.0,1079.0
0688.HK,,26348589.4,18126149.85,95.0,128.0
0689.HK,,333173.0,933029.55,1158.0,890.0
0690.HK,,8470000.0,5354090.5,251.0,400.0
0691.HK,,36000.0,16250.0,1868.0,2162.0
0693.HK,,0.0,750.0,2448.5,2395.5
0694.HK,,5965569.0,5625221.0,344.0,386.0
0695.HK,,633400.0,1089500.0,963.0,842.0
0696.HK,,2381685.0,2422818.25,587.0,621.0
0697.HK,,60321959.4,39248428.45,36.0,63.0
0698.HK,,47003.6,84204.6,1797.0,1724.0
0700.HK,,22611686.2,26204537.95,107.0,98.0
0701.HK,,126400.0,128351.0,1484.0,1600.0
0702.HK,,0.0,0.0,2448.5,2491.5
0703.HK,,109200.0,54300.0,1540.0,1874.0
0704.HK,,0.0,0.0,2448.5,2491.5
0707.HK,,0.0,0.0,2448.5,2491.5
0708.HK,,0.0,0.0,2448.5,2491.5
0709.HK,,868800.0,914317.65,876.0,898.0
0710.HK,,1641200.0,1240823.6,700.0,803.0
0711.HK,,60675.0,293668.75,1725.0,1297.0
0712.HK,,126700.0,290450.0,1483.0,1303.0
0713.HK,,259600.0,87400.0,1257.0,1708.0
0715.HK,,0.0,0.0,2448.5,2491.5
0716.HK,,536000.0,571300.0,1018.0,1068.0
0717.HK,,1607410.6,1070154.5,708.0,851.0
0718.HK,,20000.0,1217000.0,2002.0,812.0
0719.HK,,467840.0,424760.0,1057.0,1163.0
0720.HK,,350000.0,317473.1,1143.0,1264.0
0721.HK,,283200.0,306700.0,1219.0,1277.0
0722.HK,,46800.0,29730.1,1802.0,2047.0
0723.HK,,582999.8,388514.05,986.0,1191.0
0725.HK,,27200.0,11600.0,1926.5,2217.0
0726.HK,,0.0,262425.0,2448.5,1343.0
0727.HK,,491500.0,129875.0,1043.0,1595.0
0728.HK,,93543284.0,73041408.15,20.0,24.0
0730.HK,,534200.0,950150.0,1020.0,882.0
0731.HK,,401200.0,501320.0,1097.5,1113.0
0732.HK,,1104800.0,1979722.0,803.0,671.0
0733.HK,,0.0,0.0,2448.5,2491.5
0736.HK,,88201.0,124506.45,1618.0,1608.0
0737.HK,,303650.0,213350.75,1198.0,1419.0
0738.HK,,1130800.0,1608810.0,798.0,733.0
0743.HK,,91100.0,22775.0,1603.0,2104.0
0745.HK,,23039.0,135848.2,1968.0,1576.0
0746.HK,,932000.0,450000.0,852.0,1148.0
0747.HK,,795600.0,295400.0,895.0,1294.0
0750.HK,,114000.0,226795.1,1522.5,1397.0
0751.HK,,671211.4,737856.8,942.0,962.0
0752.HK,,316400.0,396428.05,1180.0,1185.0
0753.HK,,19885847.0,18688084.3,122.0,125.0
0754.HK,,0.0,0.0,2448.5,2491.5
0755.HK,,33850.0,12812.5,1885.0,2196.0
0756.HK,,10800.0,10020.0,2107.0,2232.0
0757.HK,,1333600.0,1100550.0,756.0,841.0
0759.HK,,220800.0,87601.0,1318.0,1707.0
0760.HK,,0.0,81075.0,2448.5,1738.0
0762.HK,,103832393.4,46780693.8,17.0,50.0
0763.HK,,12217288.6,13681828.45,184.0,165.0
0764.HK,,10056.0,67899.2,2113.0,1798.0
0765.HK,,10000.0,37900.0,2118.0,1980.0
0767.HK,,6870825.6,2005512.8,300.0,669.0
0768.HK,,457200.0,193500.0,1064.0,1458.5
0769.HK,,0.0,0.0,2448.5,2491.5
0770.HK,,2000.0,500.0,2267.5,2401.5
0771.HK,,113483.2,128504.1,1524.0,1596.0
0772.HK,,5494335.8,5085891.75,364.0,414.0
0775.HK,,8090408.0,4350605.65,263.0,454.0
0776.HK,,297000.0,582683.75,1205.0,1061.0
0777.HK,,1069497.6,925979.75,811.0,894.0
0780.HK,,11384604.6,9427167.65,192.0,247.0
0784.HK,,794000.0,634000.0,896.0,1031.5
0788.HK,,20547866.2,17643537.35,117.0,130.0
0789.HK,,113360.0,58998.0,1525.0,1850.0
0794.HK,,0.0,9700.0,2448.5,2235.0
0797.HK,,186000.0,634700.0,1371.5,1030.0
0798.HK,,16000.0,8800.0,2047.5,2252.0
0799.HK,,2073374.2,1414262.7,630.0,763.0
0802.HK,,,,,
0804.HK,,797165.0,532701.7,894.0,1087.0
0806.HK,,1631400.0,1198200.0,702.0,819.0
0807.HK,,918200.0,386060.0,855.0,1197.0
0809.HK,,764400.0,528494.25,906.0,1089.0
0810.HK,,1138140.0,3577933.25,796.0,511.0
0811.HK,,804658.8,975849.3,891.0,870.0
0812.HK,,,,,
0813.HK,,14974264.0,27405469.6,153.0,95.0
0814.HK,,5200.0,33550.0,2191.0,2016.0
0815.HK,,49171200.0,69556600.0,46.0,25.0
0816.HK,,254826.6,351657.4,1265.0,1228.0
0817.HK,,62619095.4,53313685.8,34.0,40.0
0818.HK,,1849200.0,885300.0,669.0,909.0
0819.HK,,2820000.0,3627905.4,547.0,506.0
0821.HK,,2960080.0,3946900.0,540.0,481.0
0822.HK,,355364.4,220841.1,1136.0,1406.0
0825.HK,,18400.0,719609.6,2021.5,971.0
0826.HK,,8994538.2,13003289.45,245.0,176.0
0827.HK,,3474400.0,2299600.0,500.0,643.0
0828.HK,,7600.0,17000.0,2154.5,2158.0
0829.HK,,854400.0,526200.0,878.0,1092.0
0830.HK,,633600.0,309000.0,962.0,1275.0
0831.HK,,4168000.0,1362600.0,441.0,774.0
0832.HK,,134600.0,388221.4,1463.0,1193.0
0833.HK,,1892599.8,971949.95,662.0,873.0
0834.HK,,84000.0,40600.0,1631.5,1961.5
0836.HK,,10519655.6,13430625.3,207.0,166.0
0837.HK,,63100.0,128450.0,1714.0,1599.0
0838.HK,,950800.0,850700.0,843.0,916.0
0839.HK,,5054728.0,4729315.1,382.0,431.0
0840.HK,,72800.0,85300.0,1669.0,1714.0
0841.HK,,273200.0,154700.0,1238.0,1538.0
0842.HK,,267800.0,180300.0,1249.0,1483.0
0844.HK,,4800.0,36400.0,2202.5,1986.5
0845.HK,,0.0,0.0,2448.5,2491.5
0846.HK,,17600.0,243700.0,2033.0,1373.0
0848.HK,,104977.6,108694.4,1552.0,1642.0
0851.HK,,10000.0,29500.0,2118.0,2051.5
0852.HK,,0.0,0.0,2448.5,2491.5
0853.HK,,12675477.2,10868200.1,177.0,218.0
0854.HK,,4800.0,9230.0,2202.5,2245.0
0855.HK,,801600.0,938587.75,893.0,888.0
0856.HK,,4907800.0,4603464.75,388.0,435.0
0857.HK,,74002221.0,85634999.1,28.0,21.0
0858.HK,,1404000.0,2082000.0,746.0,660.0
0859.HK,,0.0,0.0,2448.5,2491.5
0860.HK,,86381.8,101174.45,1624.0,1670.0
0861.HK,,282054.4,407840.25,1221.0,1177.0
0862.HK,,30000.0,61434.9,1910.0,1835.0
0863.HK,,1106609.8,864213.55,802.0,913.0
0864.HK,,0.0,3600.0,2448.5,2330.5
0865.HK,,508000.0,351400.0,1032.0,1229.0
0866.HK,,4639040.0,4233898.95,404.0,463.0
0867.HK,,9868405.8,6681579.5,221.0,321.0
0868.HK,,5198592.8,9474123.25,376.0,245.0
0869.HK,,4000.0,42155.0,2219.5,1949.0
0871.HK,,72000.0,196250.0,1677.0,1451.0
0873.HK,,708214.2,493363.35,931.0,1122.0
0874.HK,,566008.8,613642.0,995.0,1040.0
0875.HK,,8245220.0,7068156.85,257.0,312.0
0876.HK,,16800.0,18470.0,2040.5,2149.0
0878.HK,,19600.0,24722.0,2008.5,2086.0
0880.HK,,5028620.4,8619359.5,384.0,262.0
0881.HK,,4138345.2,7079447.35,444.0,311.0
0882.HK,,204000.0,196050.0,1341.0,1452.0
0883.HK,,48000882.2,65603824.05,47.0,26.0
0884.HK,,66660360.2,55563594.75,32.0,38.0
0887.HK,,3492985.2,3571612.3,496.0,514.0
0888.HK,,10800.0,46900.0,2107.0,1921.0
0889.HK,,1175600.0,608100.0,787.0,1041.0
0893.HK,,291000.0,384650.0,1213.0,1199.0
0894.HK,,4967600.0,6247803.75,386.0,345.0
0895.HK,,2165860.0,3583447.5,618.0,510.0
0896.HK,,33341.2,17402.45,1890.0,2157.0
0897.HK,,153506.4,65191.4,1428.0,1814.0
0898.HK,,4800.0,8200.0,2202.5,2260.0
0899.HK,,302480.0,175560.0,1200.0,1497.0
0900.HK,,63600.0,89199.55,1708.0,1696.0
0901.HK,,409820.0,211599.05,1092.0,1421.0
0902.HK,,40336148.8,25911604.4,60.0,100.0
0905.HK,,1811440.0,685060.0,673.0,993.0
0907.HK,,0.0,0.0,2448.5,2491.5
0909.HK,,7387438.4,7120678.05,283.0,308.0
0910.HK,,1387020.0,5689686.2,747.0,383.0
0911.HK,,90200.0,96203.75,1607.0,1676.0
0912.HK,,62000.0,49700.0,1721.0,1905.0
0913.HK,,16800.0,70275.0,2040.5,1784.0
0914.HK,,3590673.8,4953049.45,488.0,424.0
0915.HK,,435800.0,456600.0,1080.0,1139.0
0916.HK,,13222839.8,13957385.1,171.0,160.0
0917.HK,,4256600.0,3751659.15,434.0,495.0
0918.HK,,1750960.0,4104029.0,682.0,470.0
0919.HK,,156800.0,314400.0,1420.0,1269.0
0921.HK,,819831.0,698817.3,887.0,985.0
0922.HK,,476000.0,355100.0,1054.0,1222.0
0923.HK,,2198400.0,1854700.0,611.0,685.0
0924.HK,,0.0,0.0,2448.5,2491.5
0926.HK,,600.0,1375.0,2304.5,2373.5
0927.HK,,7200.0,6400.0,2157.5,2288.5
0928.HK,,5530400.0,4621078.5,362.0,433.0
0929.HK,,397000.0,701500.0,1102.0,983.0
0931.HK,,2106200.0,2651024.9,624.0,594.0
0932.HK,,168800.0,860200.0,1391.0,914.0
0933.HK,,5086960.0,3750221.05,379.0,496.0
0934.HK,,1310700.0,1662288.0,761.0,726.0
0936.HK,,1025000.0,500750.0,823.0,1114.0
0938.HK,,0.0,4900.0,2448.5,2311.0
0939.HK,,179570523.6,236797895.75,6.0,6.0
0941.HK,,15665908.0,14130606.0,145.0,157.0
0943.HK,,72400.0,163560.0,1671.0,1517.0
0945.HK,,24272.4,24860.05,1954.0,2083.0
0947.HK,,49220.0,105570.0,1778.0,1656.0
0948.HK,,41480.0,22370.0,1834.0,2110.0
0950.HK,,651300.0,531987.5,949.0,1088.0
0951.HK,,434800.0,593900.0,1081.0,1050.0
0952.HK,,62000.0,52000.0,1721.0,1892.0
0953.HK,,2933200.0,1814800.0,542.0,695.0
0954.HK,,0.0,7400.0,2448.5,2278.0
0956.HK,,6082124.8,6623428.55,338.0,322.0
0959.HK,,0.0,0.0,2448.5,2491.5
0960.HK,,10796230.2,11440401.6,200.0,205.0
0966.HK,,6538503.0,6589996.95,320.0,328.0
0968.HK,,34307248.8,63603271.35,71.0,29.0
0969.HK,,57200.0,20800.0,1746.0,2125.0
0970.HK,,20600.0,25825.0,1985.5,2081.0
0974.HK,,1000.0,4150.0,2293.5,2321.0
0975.HK,,6496240.0,4012461.6,321.0,476.0
0976.HK,,0.0,0.0,2448.5,2491.5
0978.HK,,652920.0,663330.0,948.0,1006.0
0979.HK,,262802.0,485400.5,1253.0,1126.0
0980.HK,,477000.0,301050.0,1053.0,1287.0
0981.HK,,123310321.4,102216829.6,12.0,16.0
0983.HK,,86400.0,61500.0,1623.0,1834.0
0984.HK,,4900.0,35525.0,2198.0,2005.0
0986.HK,,21070.0,30327.5,1983.0,2042.0
0987.HK,,471130.2,603160.9,1055.0,1043.0
0989.HK,,18006.0,36876.5,2026.0,1985.0
0990.HK,,6268000.0,13154540.0,330.0,171.0
0991.HK,,27187049.8,26714752.45,91.0,96.0
0992.HK,,155724005.4,125006761.25,8.0,14.0
0993.HK,,142720.0,831206.5,1443.0,927.0
0994.HK,,1108800.0,812600.0,801.0,935.0
0995.HK,,325969.4,625990.1,1164.0,1034.0
0997.HK,,152000.0,362412.0,1430.0,1217.0
0998.HK,,16223482.2,14393196.65,138.0,153.0
1000.HK,,0.0,1050.0,2448.5,2380.0
1001.HK,,130400.0,100050.0,1474.5,1671.0
1002.HK,,3596200.0,1844200.0,487.0,689.0
1003.HK,,600010.0,603002.5,973.0,1044.0
1004.HK,,2000.0,27035.0,2267.5,2070.0
1005.HK,,10000.0,6000.0,2118.0,2294.0
1007.HK,,0.0,0.0,2448.5,2491.5
1008.HK,,5200.0,19800.0,2191.0,2130.0
1009.HK,,354800.0,133700.0,1140.0,1586.0
1010.HK,,558800.0,1380000.0,998.0,770.0
1011.HK,,43000.0,150807.5,1826.0,1546.0
1013.HK,,4000.0,76232.5,2219.5,1760.0
1020.HK,,10613200.0,9950400.0,204.0,236.0
1022.HK,,375900.0,265575.0,1122.0,1336.0
1023.HK,,77000.0,105500.0,1652.0,1657.0
1024.HK,,98397075.6,51239307.05,18.0,43.0
1025.HK,,1042560.0,356510.0,819.0,1220.0
1026.HK,,322000.0,82500.0,1171.0,1730.0
1027.HK,,38932.6,77152.9,1844.0,1751.0
1028.HK,,4434400.0,2308850.0,421.0,640.0
1029.HK,,30706.6,58416.6,1906.0,1857.0
1030.HK,,15460674.4,18826448.3,147.0,123.0
1033.HK,,20320786.6,25401797.15,120.0,102.0
1034.HK,,,,,
1036.HK,,2700.0,30475.0,2251.5,2041.0
1037.HK,,3180400.0,3551840.5,527.0,515.0
1038.HK,,1707856.6,1463612.4,684.0,755.0
1039.HK,,25800.0,32550.0,1937.5,2025.0
1044.HK,,5991781.6,4596128.15,342.0,437.0
1045.HK,,2560160.0,2312740.05,567.0,637.0
1046.HK,,5407720.0,5375855.0,366.0,397.0
1047.HK,,26000.0,27900.0,1934.0,2065.0
1049.HK,,10018.4,4614.9,2114.0,2314.0
1050.HK,,1855265.2,2711809.5,666.0,584.0
1051.HK,,36373.2,35938.85,1863.0,2000.0
1052.HK,,1432919.0,972303.65,742.0,871.0
1053.HK,,1784400.0,1839600.0,675.0,690.0
1055.HK,,12419394.8,10752411.8,182.0,221.0
1057.HK,,6904560.0,15105387.0,298.0,148.0
1058.HK,,400.0,23500.0,2314.5,2097.0
1059.HK,,8400.0,19236.0,2142.5,2136.0
1060.HK,,112484658.2,128961931.6,15.0,12.0
1061.HK,,198200.0,363150.0,1353.0,1215.0
1062.HK,,178000.0,60500.0,1378.0,1841.0
1063.HK,,21760.2,178516.4,1979.0,1487.0
1064.HK,,20400.0,9850.0,1989.5,2233.0
1065.HK,,1272000.0,654500.0,768.0,1010.0
1066.HK,,12672223.2,14005806.4,178.0,159.0
1068.HK,,207800.0,199400.0,1335.0,1445.0
1069.HK,,164400.0,41100.0,1400.0,1958.0
1070.HK,,4993492.2,6338599.85,385.0,338.0
1071.HK,,3686598.8,5029038.85,477.0,417.0
1072.HK,,5269268.2,7598940.2,371.0,291.0
1073.HK,,25720.0,15730.0,1939.0,2165.0
1075.HK,,39880.0,68820.0,1841.0,1793.0
1079.HK,,483600.0,867428.15,1046.0,911.0
1080.HK,,384600.0,1765875.0,1108.0,703.0
1082.HK,,238256.0,584369.0,1287.0,1059.0
1083.HK,,3692023.0,2424106.6,476.0,620.0
1084.HK,,222000.0,67500.0,1316.0,1800.5
1085.HK,,25000.0,79550.0,1946.5,1745.0
1086.HK,,546000.0,1104900.0,1008.5,838.0
1087.HK,,47850.0,1391560.0,1793.0,768.0
1088.HK,,6457220.8,8324442.4,322.0,270.0
1090.HK,,1200.0,7100.0,2287.5,2281.0
1091.HK,,5549963.2,2739104.85,359.0,580.0
1093.HK,,133259831.4,90412829.35,11.0,18.0
1094.HK,,436640.0,1974953.0,1078.0,672.0
1097.HK,,3926347.2,2526220.45,456.0,607.0
1098.HK,,95400.0,58600.0,1588.0,1856.0
1099.HK,,4260033.2,3884424.45,433.0,486.0
1100.HK,,48800.0,41500.0,1781.5,1954.5
1101.HK,,0.0,0.0,2448.5,2491.5
1102.HK,,6896060.0,20901337.5,299.0,117.0
1104.HK,,2591600.8,2674323.05,563.0,591.0
1105.HK,,43600.0,54600.0,1822.0,1871.0
1107.HK,,0.0,0.0,2448.5,2491.5
1108.HK,,640000.0,977900.0,957.0,868.0
1109.HK,,11428264.4,12975259.25,191.0,178.0
1110.HK,,1297600.0,2061800.0,762.0,663.0
1111.HK,,191200.0,248400.0,1365.0,1367.0
1112.HK,,942304.0,1271274.3,848.0,795.0
1113.HK,,6654424.0,4297418.55,313.0,458.0
1114.HK,,16954371.6,22053265.6,136.0,109.0
1115.HK,,6630666.2,4270566.55,314.0,461.0
1116.HK,,102000.0,175500.0,1565.0,1498.0
1117.HK,,38072200.0,43129966.6,64.0,55.0
1118.HK,,0.0,10550.0,2448.5,2227.0
1119.HK,,4253440.0,3439875.0,435.0,523.0
1120.HK,,0.0,48300.0,2448.5,1913.0
1121.HK,,2282800.0,1280500.0,603.0,792.0
1122.HK,,735600.0,1886400.0,916.0,679.0
1123.HK,,527600.0,642500.0,1024.0,1018.0
1124.HK,,277153.4,281073.35,1230.0,1316.0
1125.HK,,1200.0,800.0,2287.5,2391.0
1126.HK,,571800.0,523050.0,991.0,1095.0
1127.HK,,323200.0,166600.0,1169.0,1511.0
1128.HK,,2586537.6,4952013.6,564.0,425.0
1129.HK,,0.0,0.0,2448.5,2491.5
1130.HK,,180080.0,224487.0,1374.0,1400.0
1132.HK,,4684000.0,1409250.0,402.0,765.0
1133.HK,,3923176.2,5239756.9,457.0,406.0
1134.HK,,635200.0,1084200.0,959.0,844.0
1137.HK,,154958.0,265600.45,1425.0,1335.0
1138.HK,,20981951.4,16886257.95,114.0,136.0
1140.HK,,1652800.0,1876200.0,697.0,681.0
1141.HK,,3486690.0,16579790.65,497.0,138.0
1142.HK,,9350195.0,12112007.75,235.0,191.0
1143.HK,,0.0,,2448.5,
1145.HK,,52000.0,31000.0,1769.0,2036.5
1146.HK,,568800.0,357400.0,994.0,1218.0
1147.HK,,526000.0,648500.0,1027.0,1014.0
1148.HK,,99600.0,76650.0,1573.0,1756.0
1150.HK,,74000.0,76500.0,1665.0,1758.0
1152.HK,,6120000.0,8381100.0,337.0,267.0
1153.HK,,9800.0,105450.0,2124.5,1658.0
1156.HK,,1261600.0,2695329.15,770.0,588.0
1157.HK,,2468194.0,3925250.25,573.0,483.0
1159.HK,,14800.0,29600.0,2064.0,2049.0
1160.HK,,120000.0,60000.0,1504.5,1843.5
1161.HK,,274000.0,357275.0,1235.5,1219.0
1162.HK,,2550400.0,3536000.0,569.0,516.0
1163.HK,,11000.0,70750.0,2103.0,1783.0
1164.HK,,27859423.2,35336634.45,88.0,73.0
1165.HK,,0.0,0.0,2448.5,2491.5
1166.HK,,7001.4,634750.8,2161.0,1029.0
1167.HK,,2168392.4,2935712.1,617.0,562.0
1168.HK,,211103.6,511984.05,1329.0,1105.0
1170.HK,,681600.0,444700.0,938.0,1151.0
1171.HK,,24419407.2,27777762.45,101.0,93.0
1172.HK,,460000.0,126000.0,1062.0,1605.0
1173.HK,,16000.0,12000.0,2047.5,2209.5
1176.HK,,34807200.0,11075700.0,70.0,214.0
1177.HK,,113373765.6,76659777.35,14.0,23.0
1179.HK,,4244190.2,2433825.75,436.0,618.0
1180.HK,,277264.0,331956.0,1229.0,1245.0
1181.HK,,66800.0,323550.0,1698.5,1255.0
1182.HK,,54700.0,143981.25,1760.0,1559.0
1183.HK,,293200.0,328637.5,1209.0,1248.0
1184.HK,,115369.8,106042.45,1518.0,1655.0
1185.HK,,,,,
1186.HK,,3255652.4,3682746.8,522.0,503.0
1188.HK,,0.0,0.0,2448.5,2491.5
1189.HK,,,,,
1193.HK,,2192396.4,2719525.85,613.0,583.0
1195.HK,,310400.0,2309288.85,1187.0,639.0
1196.HK,,17578000.0,32789743.85,133.0,78.0
1198.HK,,2400.0,155287.5,2258.5,1535.0
1199.HK,,3385113.4,2916551.05,510.0,564.0
1200.HK,,1284400.0,1003211.8,764.0,865.0
1201.HK,,277800.0,282225.0,1228.0,1315.0
1202.HK,,105600.0,273000.0,1549.5,1329.0
1203.HK,,174000.0,217480.0,1385.0,1412.0
1204.HK,,36000.0,34100.0,1868.0,2012.0
1205.HK,,3435714.0,3423548.5,503.0,525.0
1206.HK,,306800.0,163200.0,1192.0,1518.0
1207.HK,,0.0,0.0,2448.5,2491.5
1208.HK,,76178970.4,53359538.4,27.0,39.0
1209.HK,,4009940.8,4552742.45,451.0,440.0
1210.HK,,0.0,0.0,2448.5,2491.5
1211.HK,,12272990.6,16092109.1,183.0,142.0
1213.HK,,4000.0,5000.0,2219.5,2307.0
1215.HK,,1448000.0,2137450.0,740.0,657.0
1216.HK,,381400.0,197500.0,1114.0,1449.0
1217.HK,,128000.0,2032000.0,1478.5,668.0
1218.HK,,2640.0,1260.0,2253.0,2375.0
1220.HK,,0.0,0.0,2448.5,2491.5
1221.HK,,3600.0,7186.55,2232.5,2280.0
1222.HK,,1002698.6,10143138.4,826.0,233.0
1223.HK,,3322900.0,3180555.0,516.0,543.0
1224.HK,,75000.0,252150.0,1660.0,1360.0
1225.HK,,64736.0,89982.0,1705.0,1695.0
1226.HK,,18000.0,6500.0,2028.5,2285.0
1228.HK,,3807793.2,4066708.1,469.0,474.0
1229.HK,,63200.0,33100.0,1712.0,2019.0
1231.HK,,0.0,7504.4,2448.5,2275.0
1232.HK,,36200.0,144537.75,1864.0,1557.0
1233.HK,,23163000.0,11938882.85,104.0,196.0
1234.HK,,1002199.2,404460.6,827.0,1180.0
1235.HK,,11000.0,15000.0,2103.0,2172.5
1237.HK,,109308.2,36111.65,1539.0,1994.0
1238.HK,,462800.0,513250.0,1059.5,1103.0
1239.HK,,0.0,13068.75,2448.5,2191.0
1240.HK,,25500.0,8750.0,1941.0,2253.0
1241.HK,,149600.0,80500.0,1434.0,1739.5
1243.HK,,1172000.0,2495600.0,788.0,613.0
1244.HK,,945900.0,331800.0,846.0,1246.0
1245.HK,,223200.0,290200.0,1313.0,1304.0
1247.HK,,370880.0,394590.0,1125.0,1187.0
1250.HK,,140480.0,52570.0,1448.0,1888.0
1251.HK,,1972000.0,2380400.0,651.0,629.0
1252.HK,,0.0,0.0,2448.5,2491.5
1253.HK,,9680.0,2420.0,2127.0,2345.0
1255.HK,,32000.0,23800.0,1896.0,2096.0
1257.HK,,303224.6,257768.2,1199.0,1349.0
1258.HK,,7654348.2,13171763.15,274.0,170.0
1259.HK,,192800.0,1456350.0,1363.0,759.0
1260.HK,,132000.0,249400.0,1468.5,1363.0
1262.HK,,24920.0,12735.0,1948.0,2201.0
1265.HK,,6000.0,253000.0,2178.5,1358.0
1266.HK,,0.0,0.0,2448.5,2491.5
1268.HK,,1868682.4,2040395.3,664.0,667.0
1269.HK,,952000.0,909309.8,842.0,900.0
1270.HK,,1901824.0,691578.25,660.0,990.0
1271.HK,,33576.4,72752.5,1889.0,1774.0
1272.HK,,74400.0,174050.0,1662.5,1501.0
1273.HK,,118400.0,46200.0,1509.5,1925.0
1274.HK,,151060.0,152330.0,1432.0,1543.0
1277.HK,,10343057.6,13224419.85,209.0,169.0
1278.HK,,195009.0,507704.9,1359.0,1111.0
1280.HK,,643720.0,648285.0,954.0,1016.0
1281.HK,,98400.0,176950.0,1579.0,1493.0
1282.HK,,953960.0,723160.0,840.0,968.0
1283.HK,,207000.0,205250.0,1337.0,1433.0
1284.HK,,219000.0,325750.0,1321.0,1253.0
1285.HK,,140000.0,65750.0,1449.5,1811.0
1286.HK,,3669006.2,5187889.35,478.0,410.0
1288.HK,,81719234.2,84152035.45,25.0,22.0
1289.HK,,5000.0,19150.0,2196.0,2138.0
1290.HK,,10800.0,12000.0,2107.0,2209.5
1292.HK,,4000.0,34250.0,2219.5,2011.0
1293.HK,,0.0,0.0,2448.5,2491.5
1298.HK,,400.0,100.0,2314.5,2412.5
1299.HK,,30049012.0,29802786.45,80.0,86.0
1300.HK,,5629040.0,6685835.0,358.0,320.0
1301.HK,,102800.0,46600.0,1562.5,1922.5
1302.HK,,11296800.0,16755863.75,193.0,137.0
1303.HK,,41600.0,134350.0,1833.0,1584.0
1305.HK,,63000.0,27800.0,1715.0,2067.0
1308.HK,,5231923.6,4110245.15,375.0,468.0
1310.HK,,536698.0,673474.05,1017.0,997.0
1312.HK,,2310000.0,1154100.0,597.0,827.0
1313.HK,,7154474.2,6231503.1,288.0,347.0
1314.HK,,9600.0,110900.0,2130.5,1637.0
1315.HK,,164000.0,89000.0,1402.0,1698.0
1316.HK,,18974878.0,14082300.55,127.0,158.0
1317.HK,,138400.0,160300.2,1453.5,1523.0
1319.HK,,186400.0,95800.0,1369.5,1677.0
1321.HK,,16400.0,73400.0,2042.0,1770.0
1323.HK,,888500.0,3306205.0,868.0,531.0
1326.HK,,0.0,0.0,2448.5,2491.5
1327.HK,,0.0,31427.6,2448.5,2032.0
1328.HK,,35600.0,59050.0,1872.0,1849.0
1330.HK,,487058.8,639264.7,1045.0,1024.0
1332.HK,,709312.2,713828.0,929.0,973.0
1334.HK,,601500.0,620875.0,972.0,1037.0
1335.HK,,62400.0,229200.0,1717.0,1395.0
1336.HK,,6246073.0,6600504.9,333.0,327.0
1338.HK,,526400.0,1499800.0,1026.0,746.0
1339.HK,,18105121.2,28683867.3,130.0,89.0
1340.HK,,233200.0,125687.5,1295.0,1606.0
1341.HK,,0.0,0.0,2448.5,2491.5
1343.HK,,288000.0,271750.0,1217.0,1331.0
1345.HK,,59000.0,59500.0,1734.0,1846.5
1346.HK,,20000.0,72000.0,2002.0,1777.0
1347.HK,,55109541.4,40795038.05,41.0,61.0
1348.HK,,1535600.0,1082600.0,721.0,845.0
1349.HK,,2434200.0,1400550.0,580.0,767.0
1351.HK,,104400.0,363900.0,1554.5,1214.0
1354.HK,,139740.0,116070.0,1451.0,1622.0
1355.HK,,894700.0,913125.0,866.0,899.0
1357.HK,,42711361.8,64277748.9,54.0,27.0
1358.HK,,519000.0,506800.0,1029.0,1112.0
1359.HK,,33522084.2,43952497.7,72.0,52.0
1360.HK,,0.0,0.0,2448.5,2491.5
1361.HK,,6822600.0,3907666.1,302.0,485.0
1362.HK,,0.0,200.0,2448.5,2408.0
1368.HK,,9504324.4,8667188.8,231.0,261.0
1370.HK,,546000.0,218700.0,1008.5,1411.0
1371.HK,,72370.8,31030.85,1673.0,2035.0
1372.HK,,1635200.0,1729150.0,701.0,711.0
1373.HK,,108400.0,412061.15,1543.0,1172.0
1375.HK,,6038325.0,5777653.15,339.0,374.0
1376.HK,,0.0,0.0,2448.5,2491.5
1378.HK,,26544841.2,37477942.0,92.0,64.0
1379.HK,,0.0,1375.0,2448.5,2373.5
1380.HK,,911100.0,939075.7,859.0,887.0
1382.HK,,269200.0,402653.05,1247.5,1181.0
1383.HK,,,,,
1385.HK,,3430998.4,3656591.95,504.0,505.0
1388.HK,,11400.0,48900.0,2095.5,1908.0
1389.HK,,36720.0,66180.0,1860.0,1808.0
1393.HK,,454800.0,191750.0,1069.0,1462.0
1395.HK,,26000.0,53500.0,1934.0,1879.0
1396.HK,,5693911.2,4995809.3,356.0,420.0
1397.HK,,1032034.4,378808.6,822.0,1204.0
1398.HK,,119772053.4,168548699.25,13.0,9.0
1399.HK,,135200.0,153200.0,1461.0,1541.0
1400.HK,,43156040.0,23460110.0,53.0,104.0
1401.HK,,12636400.0,9116250.0,179.0,248.0
1402.HK,,1060000.0,921000.0,814.0,897.0
1405.HK,,111260.0,206470.95,1534.0,1429.0
1406.HK,,0.0,0.0,2448.5,2491.5
1407.HK,,93200.0,106500.0,1596.0,1653.5
1408.HK,,14800.0,41200.0,2064.0,1956.5
1410.HK,,1610000.0,1670500.0,707.0,722.0
1412.HK,,48400.0,80500.0,1783.5,1739.5
1413.HK,,3245000.0,1224650.0,523.0,809.0
1415.HK,,4082424.2,3514951.55,448.0,518.0
1416.HK,,538000.0,563000.0,1014.5,1070.0
1417.HK,,1213400.0,2586000.0,781.0,602.0
1418.HK,,72400.0,41600.0,1671.0,1953.0
1419.HK,,15200.0,18600.0,2055.0,2145.5
1420.HK,,115200.0,83600.0,1519.0,1726.0
1421.HK,,1219000.0,4981100.0,778.0,423.0
1425.HK,,1655000.0,897250.0,696.0,904.0
1427.HK,,280400.0,167600.0,1223.5,1510.0
1428.HK,,10146400.0,10746119.1,213.0,222.0
1429.HK,,8148800.0,3308400.0,261.0,530.0
1431.HK,,496000.0,1345850.0,1038.0,778.0
1432.HK,,1093000.0,6979028.8,808.0,313.0
1433.HK,,0.0,0.0,2448.5,2491.5
1440.HK,,1975060.0,1835081.7,650.0,692.0
1442.HK,,0.0,0.0,2448.5,2491.5
1443.HK,,44400.0,191300.0,1820.0,1464.0
1446.HK,,33200.0,57700.0,1891.0,1861.0
1447.HK,,72400.0,112600.0,1671.0,1634.0
1448.HK,,0.0,0.0,2448.5,2491.5
1449.HK,,2464800.0,2431800.0,575.0,619.0
1450.HK,,176351.2,547425.3,1382.0,1077.0
1451.HK,,64400.0,298600.0,1706.0,1288.0
1452.HK,,53000.0,121000.0,1765.0,1618.0
1455.HK,,414000.0,407450.0,1087.0,1178.0
1456.HK,,1842800.0,1940253.9,670.0,675.0
1458.HK,,240380.6,178267.95,1284.0,1488.0
1459.HK,,0.0,77600.0,2448.5,1749.0
1460.HK,,0.0,202800.0,2448.5,1438.0
1461.HK,,81000.0,36400.0,1638.0,1986.5
1463.HK,,90800.0,30700.0,1605.0,2039.0
1466.HK,,776400.0,596909.95,901.0,1049.0
1468.HK,,162240.0,545870.0,1409.0,1078.0
1470.HK,,172800.0,65600.0,1388.0,1812.0
1471.HK,,320.0,5315.0,2323.0,2300.0
1472.HK,,92000.0,395000.0,1600.5,1186.0
1473.HK,,3600640.0,2630271.15,485.0,597.0
1475.HK,,272080.0,114615.1,1240.0,1627.0
1476.HK,,3200.0,2350.0,2238.5,2349.0
1477.HK,,355008.4,406408.4,1139.0,1179.0
1478.HK,,5233595.0,5874402.85,374.0,370.0
1480.HK,,88400.0,71050.0,1616.5,1781.0
1481.HK,,42000.0,20500.0,1831.5,2127.0
1483.HK,,28000.0,526800.0,1921.5,1090.0
1486.HK,,0.0,8000.0,2448.5,2264.5
1488.HK,,0.0,582200.0,2448.5,1062.0
1489.HK,,5120000.0,4538500.0,377.0,441.0
1490.HK,,227200.0,210200.0,1304.5,1425.0
1495.HK,,,,,
1496.HK,,52800.0,63400.0,1766.0,1824.5
1497.HK,,264080.0,71520.0,1251.0,1779.0
1498.HK,,66200.0,61050.0,1700.0,1839.0
1499.HK,,1526000.0,835500.0,723.0,923.0
1500.HK,,535000.0,3277500.0,1019.0,534.0
1501.HK,,212160.0,283610.0,1326.0,1313.0
1502.HK,,51600.0,44250.0,1772.0,1938.0
1508.HK,,9380598.0,10348599.75,233.0,231.0
1513.HK,,909010.0,797122.05,860.0,940.0
1515.HK,,892881.4,1088829.85,867.0,843.0
1516.HK,,2376098.4,1837053.45,588.0,691.0
1518.HK,,1400.0,17800.0,2280.0,2155.0
1519.HK,,44921618.0,44146673.3,51.0,51.0
1520.HK,,948000.0,792075.0,845.0,942.0
1521.HK,,114000.0,304505.5,1522.5,1280.0
1522.HK,,333600.0,1364800.0,1156.0,773.0
1523.HK,,411566.2,788591.4,1090.0,944.0
1525.HK,,205400.0,476700.0,1339.0,1131.0
1526.HK,,236000.0,215900.0,1289.0,1416.0
1527.HK,,465280.0,116550.0,1058.0,1621.0
1528.HK,,1504360.0,1806790.75,726.0,699.0
1529.HK,,1003200.0,467700.0,825.0,1135.0
1530.HK,,28661809.6,21550813.1,87.0,113.0
1532.HK,,2400.0,133950.0,2258.5,1585.0
1536.HK,,3231600.0,2802500.0,525.0,574.0
1538.HK,,1056800.0,634000.0,816.0,1031.5
1539.HK,,1586000.0,1737900.0,711.0,710.0
1540.HK,,1157050.0,1212525.0,791.0,814.0
1541.HK,,674615.6,710433.9,941.0,979.0
1542.HK,,114800.0,155400.0,1521.0,1534.0
1543.HK,,400.0,28200.0,2314.5,2061.0
1545.HK,,234000.0,509500.0,1292.5,1107.0
1546.HK,,152000.0,188000.0,1430.0,1470.0
1547.HK,,32000.0,52800.0,1896.0,1886.5
1548.HK,,68033498.8,50075031.9,30.0,46.0
1549.HK,,118400.0,200400.0,1509.5,1440.5
1551.HK,,400.0,2700.0,2314.5,2342.0
1552.HK,,13000.0,46250.0,2083.0,1924.0
1553.HK,,78400.0,163000.0,1645.0,1519.0
1555.HK,,2530400.0,1498500.0,571.0,748.0
1556.HK,,765000.0,255750.0,905.0,1353.0
1557.HK,,24000.0,10200.0,1959.5,2229.5
1559.HK,,96000.0,83500.0,1585.0,1727.0
1560.HK,,4338000.0,1129500.0,427.0,834.0
1561.HK,,58400.0,88800.0,1738.0,1700.0
1563.HK,,379200.0,262500.0,1118.0,1341.5
1565.HK,,6800.0,961750.0,2165.0,876.0
1566.HK,,15916830.0,3979207.5,139.0,479.0
1568.HK,,47600.0,141000.0,1794.0,1566.0
1569.HK,,186800.0,88400.0,1368.0,1703.0
1570.HK,,9800.0,36194.25,2124.5,1993.0
1571.HK,,626800.0,495605.0,969.0,1121.0
1572.HK,,231200.0,452800.0,1298.0,1144.0
1575.HK,,286000.0,153800.0,1218.0,1540.0
1576.HK,,1400.0,8700.0,2280.0,2254.0
1577.HK,,0.0,0.0,2448.5,2491.5
1578.HK,,31200.0,70025.0,1903.5,1786.0
1579.HK,,2426329.6,1974871.5,582.0,673.0
1580.HK,,48000.0,75000.0,1787.5,1765.0
1581.HK,,46000.0,138900.0,1809.5,1569.0
1582.HK,,196500.0,308000.0,1356.0,1276.0
1583.HK,,5200.0,26235.0,2191.0,2079.0
1585.HK,,2961867.2,5905544.7,539.0,367.0
1586.HK,,0.0,0.0,2448.5,2491.5
1587.HK,,160800.0,112800.0,1413.0,1633.0
1588.HK,,20340.0,37220.0,1992.0,1982.0
1591.HK,,178400.0,135666.35,1377.0,1577.0
1592.HK,,934000.0,1315600.0,851.0,788.0
1593.HK,,400.0,73600.0,2314.5,1769.0
1596.HK,,958200.0,724150.0,837.0,966.0
1597.HK,,24000.0,21150.0,1959.5,2118.0
1598.HK,,0.0,0.0,2448.5,2491.5
1599.HK,,42600.0,49900.0,1828.0,1904.0
1600.HK,,899300.0,486757.4,864.0,1125.0
1601.HK,,23200.0,27500.0,1966.5,2068.0
1606.HK,,1199200.0,1008900.0,783.0,862.0
1608.HK,,1998400.0,1509200.0,643.0,744.0
1610.HK,,12574112.0,12080531.45,180.0,193.0
1611.HK,,666523.0,544506.55,944.0,1081.0
1612.HK,,147600.0,188300.0,1439.0,1468.0
1613.HK,,3795251.2,7406377.25,470.0,296.0
1615.HK,,229000.0,184750.0,1301.0,1475.0
1616.HK,,0.0,0.0,2448.5,2491.5
1617.HK,,22036000.0,12027400.0,110.0,195.0
1618.HK,,3525371.2,6055528.5,494.0,360.0
1620.HK,,112000.0,1694000.0,1530.0,716.0
1621.HK,,148800.0,226000.0,1436.0,1398.0
1622.HK,,2294400.0,945500.0,600.0,885.0
1623.HK,,142200.0,235142.85,1444.0,1384.0
1626.HK,,859200.0,783150.0,877.0,947.0
1627.HK,,227200.0,112400.0,1304.5,1635.0
1628.HK,,827650.6,651538.0,884.0,1012.0
1629.HK,,36000.0,14000.0,1868.0,2182.0
1630.HK,,1360800.0,1338300.0,751.0,780.0
1631.HK,,122000.0,121750.0,1498.0,1614.0
1632.HK,,0.0,0.0,2448.5,2491.5
1633.HK,,3388800.0,7774100.0,509.0,284.0
1635.HK,,6005400.0,6517348.0,341.0,333.0
1636.HK,,0.0,0.0,2448.5,2491.5
1637.HK,,462800.0,1021600.0,1059.5,859.0
1638.HK,,8112180.0,14651929.55,262.0,151.0
1640.HK,,215200.0,217200.0,1324.0,1413.0
1643.HK,,145800.0,264450.0,1441.0,1337.0
1645.HK,,3598400.0,4108800.0,486.0,469.0
1647.HK,,121000.0,353250.0,1502.0,1226.0
1650.HK,,190400.0,446800.0,1366.0,1149.0
1651.HK,,1413137.2,1327561.45,745.0,784.0
1652.HK,,38200.0,64650.0,1850.0,1818.0
1653.HK,,48000.0,412600.0,1787.5,1171.0
1655.HK,,966000.0,2211000.0,836.0,647.0
1656.HK,,2080.4,520.1,2262.0,2399.0
1657.HK,,800.0,3225.0,2300.0,2333.0
1658.HK,,30463983.8,34897868.0,79.0,74.0
1660.HK,,13921600.0,6090400.0,160.0,358.0
1661.HK,,1908760.0,1292215.0,656.0,791.0
1662.HK,,177000.0,124700.0,1379.0,1607.0
1663.HK,,2356400.0,1860100.0,592.0,683.0
1666.HK,,1216257.6,859388.15,779.0,915.0
1667.HK,,50000.0,56500.0,1777.0,1863.0
1668.HK,,0.0,0.0,2448.5,2491.5
1669.HK,,113200.0,256400.0,1526.0,1352.0
1671.HK,,14400.0,19000.0,2071.5,2141.5
1672.HK,,1506090.0,2128553.7,725.0,658.0
1673.HK,,0.0,113700.0,2448.5,1629.0
1675.HK,,5856547.2,3934797.45,350.0,482.0
1676.HK,,9153680.0,8944220.0,240.0,254.0
1679.HK,,131602.0,143808.0,1471.0,1560.0
1680.HK,,14420.0,35820.0,2070.0,2002.0
1681.HK,,1078859.8,1143055.45,810.0,831.0
1682.HK,,271200.0,2537700.0,1243.0,606.0
1683.HK,,719600.0,1170300.0,921.0,825.0
1685.HK,,255400.0,1101850.0,1264.0,839.0
1686.HK,,4610380.0,5060251.45,406.0,415.0
1689.HK,,391200.0,346600.0,1104.0,1233.0
1690.HK,,142000.0,277000.0,1445.0,1322.0
1691.HK,,41733724.4,12501361.5,56.0,184.0
1692.HK,,800.0,22000.0,2300.0,2112.0
1693.HK,,3200.0,1800.0,2238.5,2357.0
1695.HK,,41000.0,108500.0,1835.5,1644.0
1696.HK,,104160.0,248619.25,1556.0,1366.0
1697.HK,,90000.0,206010.0,1609.5,1430.0
1698.HK,,2451235.4,2211130.75,579.0,646.0
1699.HK,,,,,
1701.HK,,2400.0,62800.0,2258.5,1831.0
1702.HK,,0.0,200.0,2448.5,2408.0
1703.HK,,2283000.0,16031387.6,602.0,143.0
1705.HK,,433600.0,722000.0,1082.0,969.0
1706.HK,,0.0,0.0,2448.5,2491.5
1707.HK,,0.0,0.0,2448.5,2491.5
1708.HK,,18100.0,4975.0,2025.0,2310.0
1709.HK,,2911000.0,3434965.0,544.0,524.0
1710.HK,,2407200.0,3209200.0,584.0,540.0
1711.HK,,48000.0,132000.0,1787.5,1592.0
1712.HK,,221600.0,1213250.0,1317.0,813.0
1713.HK,,28000.0,36300.0,1921.5,1990.0
1715.HK,,456000.0,484500.0,1066.0,1127.0
1716.HK,,446800.0,834300.0,1073.0,924.0
1717.HK,,36600.0,76850.0,1861.0,1754.0
1718.HK,,1987100.0,5022750.0,647.0,418.0
1719.HK,,4000.0,1000.0,2219.5,2382.0
1720.HK,,9332800.0,4587800.0,237.0,438.0
1721.HK,,0.0,0.0,2448.5,2491.5
1722.HK,,356000.0,323500.0,1134.5,1256.0
1723.HK,,1090000.0,1369320.0,809.0,771.0
1725.HK,,9265520.0,7187660.0,239.0,305.0
1726.HK,,29000.0,44750.0,1917.0,1931.0
1727.HK,,4300.0,24125.0,2209.0,2094.0
1728.HK,,0.0,0.0,2448.5,2491.5
1729.HK,,13681384.6,14769433.85,164.0,150.0
1731.HK,,67200.0,47400.0,1697.0,1919.0
1732.HK,,4908000.0,1562000.0,387.0,737.0
1733.HK,,1662990.0,2216465.0,693.0,644.0
1735.HK,,6377540.0,6454485.0,324.0,337.0
1736.HK,,14000.0,24542.5,2077.0,2091.0
1737.HK,,164000.0,206500.0,1402.0,1428.0
1738.HK,,379500.0,420000.0,1117.0,1167.0
1739.HK,,1057800.0,625700.0,815.0,1035.0
1740.HK,,30000.0,287250.0,1910.0,1309.0
1741.HK,,186400.0,68200.0,1369.5,1797.0
1742.HK,,240000.0,312250.0,1285.0,1271.0
1745.HK,,5032.0,28140.0,2195.0,2062.0
1746.HK,,226400.0,259600.0,1306.0,1346.0
1747.HK,,4800.0,11000.0,2202.5,2223.0
1748.HK,,0.0,0.0,2448.5,2491.5
1749.HK,,19600.0,31500.0,2008.5,2030.0
1750.HK,,380000.0,312000.0,1116.0,1272.0
1751.HK,,74000.0,81100.0,1665.0,1737.0
1752.HK,,250000.0,206000.0,1274.0,1431.5
1753.HK,,116320.0,80360.0,1514.0,1742.0
1755.HK,,0.0,0.0,2448.5,2491.5
1756.HK,,400.0,29000.0,2314.5,2056.0
1757.HK,,97400.0,336450.0,1582.0,1239.0
1758.HK,,8800.0,3600.0,2139.5,2330.5
1759.HK,,30600.0,65150.0,1907.0,1815.0
1760.HK,,1339800.0,2198750.0,754.0,651.0
1761.HK,,0.0,0.0,2448.5,2491.5
1762.HK,,4777816.2,11752767.15,397.0,200.0
1763.HK,,46360.0,88320.0,1806.0,1704.0
1765.HK,,4564501.8,8354091.95,410.0,269.0
1766.HK,,20617408.2,18331810.2,116.0,127.0
1767.HK,,174000.0,260000.0,1385.0,1345.0
1769.HK,,1677200.0,2200500.0,688.0,649.0
1771.HK,,20600.0,19650.0,1985.5,2133.0
1772.HK,,10087606.4,12419860.55,218.0,185.0
1773.HK,,9616820.0,11409378.85,227.0,207.0
1775.HK,,88800.0,72200.0,1615.0,1776.0
1776.HK,,3851756.4,5217731.3,462.0,409.0
1777.HK,,2585542.4,1700361.95,565.0,714.0
1778.HK,,2675800.0,835611.4,556.0,922.0
1780.HK,,1191500.0,9547596.8,784.0,244.0
1782.HK,,18000.0,169000.0,2028.5,1509.0
1783.HK,,5821000.0,18726953.4,351.0,124.0
1785.HK,,2600.0,7600.0,2254.0,2273.5
1786.HK,,26200.0,84525.0,1931.0,1721.0
1787.HK,,22375035.0,18442611.45,108.0,126.0
1788.HK,,56034600.2,61465249.8,39.0,33.0
1789.HK,,2336515.2,2850008.65,594.0,572.0
1790.HK,,0.0,500.0,2448.5,2401.5
1792.HK,,1223599.4,355394.95,777.0,1221.0
1793.HK,,4559600.0,1856900.0,411.0,684.0
1795.HK,,22800.0,105000.0,1970.0,1660.0
1796.HK,,8262800.0,2961300.0,256.0,558.0
1797.HK,,8208417.4,9891188.3,259.0,237.0
1798.HK,,3442417.0,7195419.45,502.0,304.0
1799.HK,,1649280.0,2070913.5,698.0,662.0
1800.HK,,6692508.8,8404828.95,309.0,266.0
1801.HK,,13907628.4,12077231.35,161.0,194.0
1802.HK,,0.0,0.0,2448.5,2491.5
1803.HK,,87000.0,181875.0,1620.0,1480.0
1808.HK,,65260.0,49475.5,1702.0,1906.0
1809.HK,,71300.0,65225.0,1682.0,1813.0
1810.HK,,177781403.4,202871139.9,7.0,7.0
1811.HK,,4847600.0,6789673.55,392.0,318.0
1812.HK,,206900.0,455850.0,1338.0,1140.0
1813.HK,,883848.2,1047313.3,871.0,855.0
1815.HK,,9024839.8,17895740.15,243.0,129.0
1816.HK,,27821457.2,29992192.95,89.0,85.0
1817.HK,,31800.0,9325.0,1899.0,2240.0
1818.HK,,17480672.4,18960342.6,134.0,122.0
1820.HK,,1400.0,350.0,2280.0,2406.0
1822.HK,,1296907.8,841336.4,763.0,919.0
1823.HK,,102800.0,177400.0,1562.5,1491.5
1825.HK,,10900.0,2725.0,2105.0,2341.0
1826.HK,,4008000.0,3115000.0,452.0,547.0
1827.HK,,98000.0,28250.0,1580.0,2060.0
1830.HK,,645185.2,837792.8,953.0,921.0
1831.HK,,5400100.0,5275114.95,367.0,403.0
1832.HK,,6000.0,8400.0,2178.5,2257.0
1833.HK,,15846490.6,11723148.0,140.0,201.0
1835.HK,,800.0,7240.0,2300.0,2279.0
1836.HK,,498069.8,713003.5,1036.0,975.0
1837.HK,,1893248.8,1314182.5,661.0,789.0
1841.HK,,278000.0,196000.0,1227.0,1453.0
1842.HK,,211200.0,231200.0,1328.0,1392.0
1843.HK,,308800.0,763950.0,1189.0,952.0
1845.HK,,0.0,1500.0,2448.5,2366.0
1846.HK,,5600.0,9800.0,2187.0,2234.0
1847.HK,,41000.0,56450.0,1835.5,1864.0
1848.HK,,186000.0,203748.25,1371.5,1434.0
1849.HK,,0.0,0.0,2448.5,2491.5
1850.HK,,1378120.0,6314925.0,749.0,340.0
1851.HK,,1000000.0,985300.0,828.0,867.0
1853.HK,,500.0,1875.0,2306.5,2356.0
1854.HK,,2434000.0,4945792.95,581.0,426.0
1855.HK,,738800.0,286500.0,914.0,1310.0
1856.HK,,161400.0,180700.0,1411.0,1482.0
1857.HK,,173000.0,304665.0,1387.0,1279.0
1858.HK,,656550.0,508095.0,946.0,1109.0
1859.HK,,0.0,0.0,2448.5,2491.5
1860.HK,,13262250.2,12704378.15,170.0,183.0
1861.HK,,5200.0,6050.0,2191.0,2292.0
1862.HK,,0.0,0.0,2448.5,2491.5
1863.HK,,,,,
1865.HK,,4496800.0,5239114.3,418.0,407.0
1866.HK,,1658955.8,2299773.25,695.0,642.0
1867.HK,,262000.0,197800.0,1254.0,1448.0
1868.HK,,400.0,9275.0,2314.5,2242.0
1869.HK,,5036000.0,43552500.0,383.0,54.0
1870.HK,,952500.0,1491000.0,841.0,750.0
1871.HK,,632800.0,718800.0,964.0,972.0
1872.HK,,436000.0,992000.0,1079.0,866.0
1873.HK,,7244300.0,6971075.0,285.0,314.0
1875.HK,,1245920.0,711520.0,772.0,976.0
1876.HK,,10297489.8,19907141.95,210.0,120.0
1877.HK,,4035892.4,2655223.1,450.0,593.0
1878.HK,,224180.0,144622.5,1309.0,1556.0
1880.HK,,849933.2,1164487.0,879.0,826.0
1882.HK,,1606568.6,2041631.45,709.0,666.0
1883.HK,,10590649.6,5401480.05,205.0,396.0
1884.HK,,296000.0,1401000.0,1206.5,766.0
1888.HK,,91368676.2,127827219.05,22.0,13.0
1889.HK,,29760.0,23100.0,1913.5,2103.0
1890.HK,,575600.0,375700.0,990.0,1208.0
1891.HK,,324800.0,199600.0,1166.5,1444.0
1894.HK,,596900.0,945487.5,980.0,886.0
1895.HK,,0.0,0.0,2448.5,2491.5
1896.HK,,6975357.0,9061626.05,294.0,251.0
1897.HK,,30349.2,29512.65,1908.0,2050.0
1898.HK,,9847804.4,11496299.65,222.0,203.0
1899.HK,,888312.6,388262.3,869.0,1192.0
1900.HK,,250800.0,170402.55,1273.0,1504.0
1901.HK,,281600.0,426300.0,1222.0,1160.0
1902.HK,,0.0,0.0,2448.5,2491.5
1903.HK,,88400.0,91900.0,1616.5,1689.0
1905.HK,,21229814.2,6466131.15,112.0,336.0
1906.HK,,6216000.0,6180472.5,334.0,353.0
1907.HK,,22105600.0,21665258.3,109.0,111.0
1908.HK,,4683206.0,4069039.45,403.0,472.0
1909.HK,,22790.0,12335.0,1972.0,2206.0
1910.HK,,4550833.4,3106760.45,414.0,548.0
1911.HK,,459260.0,309795.0,1063.0,1274.0
1912.HK,,211300.0,283061.3,1327.0,1314.0
1913.HK,,903680.2,2085964.55,862.0,659.0
1915.HK,,0.0,0.0,2448.5,2491.5
1916.HK,,1493000.0,697600.0,730.0,988.0
1917.HK,,0.0,113500.0,2448.5,1630.0
1918.HK,,148061242.4,239933698.9,9.0,5.0
1919.HK,,26518139.8,16457962.1,93.0,139.0
1920.HK,,477200.0,573185.0,1052.0,1067.0
1921.HK,,1671223.2,2137828.1,690.0,656.0
1925.HK,,9600.0,24600.0,2130.5,2090.0
1927.HK,,306000.0,317750.0,1195.0,1263.0
1928.HK,,10097948.8,14176361.4,217.0,155.0
1929.HK,,16816342.8,15210035.15,137.0,147.0
1930.HK,,68000.0,149600.0,1692.5,1550.0
1931.HK,,116000.0,210400.0,1515.5,1424.0
1932.HK,,17600.0,61200.0,2033.0,1838.0
1933.HK,,716000.0,1361000.0,923.5,775.0
1935.HK,,10000.0,29800.0,2118.0,2046.0
1936.HK,,0.0,18700.0,2448.5,2144.0
1937.HK,,124000.0,62500.0,1495.0,1832.0
1938.HK,,67600.0,73200.0,1695.0,1771.5
1939.HK,,248400.0,1639400.0,1276.0,728.0
1940.HK,,194000.0,177500.0,1361.0,1490.0
1941.HK,,82800.0,176100.0,1635.0,1494.0
1942.HK,,2041600.0,13026900.0,635.0,175.0
1943.HK,,10921000.0,4868500.0,198.0,429.0
1945.HK,,73680.0,43680.0,1668.0,1942.0
1947.HK,,10000.0,22750.0,2118.0,2105.0
1948.HK,,78200.0,43150.0,1647.0,1944.0
1949.HK,,4500000.0,1188420.0,417.0,821.0
1950.HK,,42080.0,87320.0,1830.0,1709.0
1951.HK,,13596646.0,9836099.95,166.0,238.0
1952.HK,,28953476.8,8804247.6,84.0,258.0
1953.HK,,503000.0,1260950.0,1034.0,797.0
1955.HK,,166800.0,121600.0,1393.0,1616.0
1957.HK,,226000.0,329125.0,1307.0,1247.0
1958.HK,,3338378.0,3158237.4,515.0,544.0
1959.HK,,634400.0,932717.5,961.0,891.0
1960.HK,,332000.0,389000.0,1159.5,1190.0
1961.HK,,0.0,0.0,2448.5,2491.5
1962.HK,,47200.0,12200.0,1795.0,2207.0
1963.HK,,1560100.0,2056049.95,717.0,664.0
1965.HK,,6400.0,95250.0,2170.0,1680.0
1966.HK,,222200.0,592950.0,1315.0,1052.0
1967.HK,,48000.0,68210.0,1787.5,1796.0
1968.HK,,43200.0,134600.0,1824.5,1581.0
1969.HK,,159000.0,362550.0,1414.0,1216.0
1970.HK,,11400.0,90333.85,2095.5,1694.0
1971.HK,,9400.0,6150.0,2134.0,2290.0
1972.HK,,2647763.4,2857779.75,559.0,571.0
1973.HK,,0.0,301720.0,2448.5,1285.0
1975.HK,,21600.0,58200.0,1980.0,1859.0
1977.HK,,63200.0,40150.0,1712.0,1966.0
1978.HK,,584000.0,289700.0,985.0,1305.0
1979.HK,,1100000.0,882323.05,804.0,910.0
1980.HK,,29600.0,179200.0,1916.0,1486.0
1981.HK,,233000.0,304950.0,1296.0,1278.0
1982.HK,,518800.0,435113.5,1030.0,1153.0
1983.HK,,0.0,950.0,2448.5,2385.0
1985.HK,,162400.0,304500.0,1407.5,1281.0
1986.HK,,754300.0,735425.0,908.0,963.0
1987.HK,,553600.0,705000.0,1003.0,981.0
1988.HK,,14686144.2,13700468.75,155.0,164.0
1991.HK,,314580.0,340729.05,1183.0,1236.0
1993.HK,,2700.0,18975.0,2251.5,2143.0
1995.HK,,686601.6,960473.95,936.0,877.0
1996.HK,,2281400.0,932400.0,604.0,892.0
1997.HK,,3243764.4,6864496.5,524.0,316.0
1999.HK,,3860281.6,5228113.55,461.0,408.0
2000.HK,,71600.0,127380.0,1680.5,1603.0
2001.HK,,1915870.8,1383401.5,655.0,769.0
2002.HK,,52000.0,91300.0,1769.0,1691.0
2003.HK,,1840.0,31910.0,2272.0,2029.0
2005.HK,,3748400.0,2606827.3,471.0,601.0
2007.HK,,255891886.2,354067831.25,4.0,3.0
2008.HK,,36880.0,44520.0,1857.0,1933.0
2009.HK,,6322410.2,7745902.55,328.0,285.0
2011.HK,,8000.0,4300.0,2147.5,2319.0
2012.HK,,934030.0,779023.1,850.0,948.0
2013.HK,,69492200.0,35836933.85,29.0,72.0
2015.HK,,6945195.0,9644211.65,297.0,243.0
2016.HK,,3609464.6,5427993.05,484.0,394.0
2017.HK,,1837200.0,1758000.0,672.0,705.0
2018.HK,,5315145.4,4945727.85,370.0,427.0
2019.HK,,,,,
2020.HK,,4896800.6,6560704.25,389.0,330.0
2022.HK,,63200.0,203600.0,1712.0,1435.0
2023.HK,,28800.0,38000.0,1918.0,1977.5
2025.HK,,382000.0,648300.0,1112.5,1015.0
2028.HK,,8164500.0,5761925.0,260.0,378.0
2030.HK,,37400.0,33750.0,1853.5,2014.0
2031.HK,,60000.0,33500.0,1729.0,2017.0
2033.HK,,25200.0,33400.0,1945.0,2018.0
2038.HK,,808919.8,1175469.1,890.0,823.0
2039.HK,,4533509.6,4386114.85,416.0,452.0
2048.HK,,3610560.0,7944560.0,482.0,280.0
2051.HK,,2071600.0,2211750.0,631.0,645.0
2057.HK,,1906797.2,1319660.65,658.0,785.0
2060.HK,,,,,
2068.HK,,804600.0,1206550.0,892.0,815.0
2076.HK,,24433.6,52969.4,1953.0,1884.0
2078.HK,,11000.0,8900.0,2103.0,2251.0
2080.HK,,110800.0,103200.0,1536.0,1666.5
2086.HK,,6800.0,30550.0,2165.0,2040.0
2088.HK,,0.0,0.0,2448.5,2491.5
2096.HK,,6689625.2,6263131.1,310.0,343.0
2098.HK,,493600.0,827000.0,1042.0,930.0
2099.HK,,3588626.6,3234704.75,489.0,538.0
2100.HK,,760000.0,1144400.0,907.0,830.0
2101.HK,,253400.0,190525.0,1267.0,1465.0
2102.HK,,60000.0,66000.0,1729.0,1810.0
2105.HK,,1990600.0,1530057.6,646.0,741.0
2107.HK,,712500.0,1540780.0,927.0,739.0
2108.HK,,179200.0,114900.0,1376.0,1624.0
2110.HK,,516400.0,408300.0,1031.0,1176.0
2111.HK,,648000.0,649000.0,951.0,1013.0
2112.HK,,1471600.0,1150300.0,735.0,829.0
2113.HK,,41556000.0,11417250.0,58.0,206.0
2116.HK,,14800.0,55200.0,2064.0,1866.5
2117.HK,,0.0,0.0,2448.5,2491.5
2119.HK,,126000.0,131700.0,1487.0,1594.0
2120.HK,,6780.0,3865.0,2167.0,2328.0
2121.HK,,293552.4,408864.15,1208.0,1175.0
2122.HK,,2818400.0,808400.0,548.0,937.0
2125.HK,,18800.0,12400.0,2017.5,2204.0
2126.HK,,748500.0,832470.7,911.0,925.0
2127.HK,,0.0,0.0,2448.5,2491.5
2128.HK,,4156890.4,4390421.5,442.0,451.0
2129.HK,,348000.0,744250.0,1146.0,959.0
2130.HK,,3200.0,7000.0,2238.5,2282.0
2131.HK,,0.0,0.0,2448.5,2491.5
2132.HK,,276800.0,122400.0,1231.0,1612.0
2135.HK,,10000.0,27000.0,2118.0,2072.0
2136.HK,,124500.0,84725.0,1492.0,1719.0
2137.HK,,362600.0,553264.75,1132.0,1075.0
2138.HK,,149800.0,384404.85,1433.0,1200.0
2139.HK,,326400.0,423900.0,1163.0,1164.0
2142.HK,,6947404.8,5761974.55,296.0,377.0
2145.HK,,5523280.0,2621257.45,363.0,599.0
2146.HK,,92900.0,103425.0,1597.0,1665.0
2147.HK,,161160.0,234830.0,1412.0,1385.0
2149.HK,,86880.0,44805.0,1621.0,1930.0
2150.HK,,561902.2,1003610.25,997.0,864.0
2152.HK,,6400.0,1600.0,2170.0,2361.5
2153.HK,,88200.0,47450.0,1619.0,1918.0
2155.HK,,3141450.4,8923612.15,528.0,255.0
2156.HK,,838600.0,617000.0,881.0,1039.0
2157.HK,,11180326.8,8691613.6,195.0,260.0
2158.HK,,6163820.0,5819383.15,335.0,371.0
2159.HK,,158160.0,104420.0,1415.0,1662.0
2160.HK,,978402.0,1260074.35,832.0,798.0
2161.HK,,282151.8,232639.45,1220.0,1388.0
2162.HK,,1685663.8,2470886.35,686.0,614.0
2163.HK,,0.0,0.0,2448.5,2491.5
2165.HK,,2400.0,13700.0,2258.5,2185.0
2166.HK,,1779200.0,946200.0,677.0,884.0
2167.HK,,68120.0,159080.0,1690.0,1528.0
2168.HK,,26550.0,12837.5,1928.0,2195.0
2169.HK,,339600.0,893700.0,1150.0,908.0
2170.HK,,38700.0,24200.0,1848.0,2093.0
2171.HK,,3833000.0,2795658.65,465.0,575.0
2172.HK,,1259137.6,1586752.15,771.0,736.0
2175.HK,,108600.0,132550.0,1542.0,1591.0
2176.HK,,100000.0,415000.0,1570.0,1170.0
2177.HK,,4960.0,8110.0,2197.0,2262.0
2178.HK,,4730243.8,5441172.75,399.0,392.0
2179.HK,,200.0,800.0,2325.5,2391.0
2180.HK,,31989.4,35909.85,1898.0,2001.0
2181.HK,,76400.0,54800.0,1655.0,1868.5
2182.HK,,35200.0,48200.0,1873.0,1915.0
2185.HK,,108660.0,235510.0,1541.0,1383.0
2186.HK,,35160031.4,26306463.25,69.0,97.0
2187.HK,,410800.0,399000.0,1091.0,1182.0
2188.HK,,954800.0,354000.0,838.0,1225.0
2189.HK,,23314.8,52510.35,1965.0,1890.0
2190.HK,,246311.8,184737.75,1277.0,1476.0
2192.HK,,1330600.0,1205767.9,757.0,816.0
2193.HK,,20000.0,82400.0,2002.0,1731.0
2195.HK,,4000.0,37200.0,2219.5,1983.0
2196.HK,,4857828.4,2970149.25,390.0,557.0
2197.HK,,4303571.4,5774472.35,429.0,375.0
2198.HK,,3057000.0,3212700.0,534.0,539.0
2199.HK,,335000.0,545650.0,1154.0,1080.0
2202.HK,,15226149.2,16380926.6,150.0,141.0
2203.HK,,106000.0,160500.0,1548.0,1522.0
2205.HK,,0.0,2350.0,2448.5,2349.0
2208.HK,,47312133.6,27452292.2,49.0,94.0
2209.HK,,350400.0,1335300.0,1142.0,782.0
2210.HK,,11760.0,13300.0,2092.0,2187.5
2211.HK,,5815120.0,8001053.5,352.0,278.0
2212.HK,,180000.0,47500.0,1375.0,1917.0
2215.HK,,1804800.0,5375850.0,674.0,398.0
2216.HK,,130700.0,290549.1,1473.0,1302.0
2218.HK,,742180.0,3041438.4,913.0,551.0
2219.HK,,127700.0,137555.0,1480.0,1572.0
2221.HK,,261200.0,262260.0,1256.0,1344.0
2222.HK,,26000.0,22700.0,1934.0,2106.0
2223.HK,,70400.0,106500.0,1685.0,1653.5
2225.HK,,4461000.0,6190397.35,419.0,351.0
2226.HK,,65000.0,34625.0,1703.5,2009.0
2227.HK,,600000.0,248800.0,974.5,1365.0
2228.HK,,66531804.2,64036659.2,33.0,28.0
2230.HK,,38000.0,333750.0,1851.5,1242.0
2231.HK,,24808400.0,13086350.0,100.0,173.0
2232.HK,,5947305.4,4232672.15,345.0,464.0
2233.HK,,13518800.0,17188761.55,167.0,133.0
2235.HK,,7020.0,10780.0,2159.0,2225.0
2236.HK,,252600.0,301147.3,1269.0,1286.0
2237.HK,,298000.0,206000.0,1203.0,1431.5
2238.HK,,10078145.0,9736627.0,219.0,241.0
2239.HK,,17400.0,12350.0,2036.0,2205.0
2245.HK,,3635901.4,3289902.05,480.0,533.0
2246.HK,,42892.0,28073.0,1827.0,2063.0
2250.HK,,29800.0,101700.0,1912.0,1669.0
2251.HK,,11340.0,4055.0,2097.0,2323.0
2252.HK,,3835430.8,5505153.85,464.0,390.0
2255.HK,,28799000.0,62608477.75,86.0,30.0
2256.HK,,1502099.6,1257682.75,728.0,799.0
2257.HK,,67590.0,55460.25,1696.0,1865.0
2258.HK,,20400.0,88100.0,1989.5,1705.0
2260.HK,,0.0,123200.0,2448.5,1610.0
2262.HK,,37200.0,755250.0,1855.0,956.0
2263.HK,,320000.0,387000.0,1173.0,1195.0
2265.HK,,494000.0,451500.0,1041.0,1145.0
2266.HK,,60800.0,20700.0,1724.0,2126.0
2268.HK,,7892514.0,6569885.55,268.0,329.0
2269.HK,,41470077.8,37328664.25,59.0,66.0
2270.HK,,400.0,1000.0,2314.5,2382.0
2271.HK,,330800.0,367200.0,1161.0,1212.0
2273.HK,,590208.6,671057.0,982.0,1000.0
2276.HK,,3056064.8,2957083.9,535.0,559.0
2279.HK,,141700.0,263075.0,1446.0,1339.0
2280.HK,,0.0,0.0,2448.5,2491.5
2281.HK,,17400.0,70150.0,2036.0,1785.0
2282.HK,,3419364.0,5258575.65,505.0,404.0
2283.HK,,869198.6,753311.15,875.0,957.0
2285.HK,,1582589.8,775053.0,712.0,949.0
2286.HK,,333400.0,976060.0,1157.0,869.0
2288.HK,,1000.0,48950.0,2293.5,1907.0
2289.HK,,0.0,0.0,2448.5,2491.5
2291.HK,,2088402.4,1082558.8,627.0,846.0
2293.HK,,11200.0,60000.0,2099.5,1843.5
2295.HK,,79000.0,67500.0,1643.0,1800.5
2297.HK,,111400.0,145550.0,1533.0,1554.0
2298.HK,,302000.0,516200.0,1201.0,1101.0
2299.HK,,0.0,1500.0,2448.5,2366.0
2302.HK,,494800.0,680500.0,1040.0,996.0
2306.HK,,100200.0,165150.0,1568.0,1516.0
2307.HK,,2800.0,44000.0,2249.0,1940.0
2309.HK,,4179200.0,4071870.1,440.0,471.0
2310.HK,,384400.0,200700.0,1109.0,1439.0
2312.HK,,126000.0,240143.45,1487.0,1377.0
2313.HK,,4583390.0,5601090.65,408.0,387.0
2314.HK,,7521094.4,8198902.35,279.0,274.0
2315.HK,,2104322.0,2193313.2,625.0,652.0
2317.HK,,1600.0,16200.0,2276.5,2163.0
2318.HK,,38212874.6,29181993.0,62.0,88.0
2319.HK,,19362663.8,20966167.95,125.0,116.0
2320.HK,,490800.0,2746400.0,1044.0,579.0
2321.HK,,257000.0,233750.0,1261.0,1386.0
2322.HK,,4388800.0,3572800.0,424.0,513.0
2323.HK,,0.0,0.0,2448.5,2491.5
2324.HK,,158014.4,169013.6,1416.0,1508.0
2325.HK,,39000.0,77100.0,1843.0,1752.5
2326.HK,,0.0,0.0,2448.5,2491.5
2327.HK,,220000.0,208600.0,1319.5,1426.0
2328.HK,,17621999.0,28497138.5,132.0,90.0
2329.HK,,56000.0,85700.0,1754.0,1712.0
2330.HK,,334640.0,273260.0,1155.0,1328.0
2331.HK,,20467287.0,20109072.2,118.0,119.0
2333.HK,,10545215.2,13722570.25,206.0,162.0
2336.HK,,90000.0,599240.0,1609.5,1048.0
2337.HK,,275200.0,242250.0,1233.0,1374.0
2338.HK,,14858065.2,13800187.3,154.0,161.0
2339.HK,,1139192.0,1767912.2,795.0,701.0
2340.HK,,40334.8,143766.6,1838.0,1561.0
2342.HK,,8042974.8,7988403.05,264.0,279.0
2343.HK,,31100820.0,25678126.25,74.0,101.0
2347.HK,,176399.8,200399.95,1381.0,1442.0
2348.HK,,164800.0,103200.0,1398.0,1666.5
2349.HK,,133200.0,4020640.0,1465.0,475.0
2350.HK,,544600.0,625350.0,1010.0,1036.0
2352.HK,,2560.0,1120.0,2255.0,2378.0
2355.HK,,86800.0,42700.0,1622.0,1947.0
2356.HK,,996521.0,2418323.6,830.0,623.0
2357.HK,,8485622.6,10670131.9,250.0,223.0
2358.HK,,1438000.0,3919000.0,741.0,484.0
2359.HK,,6787079.0,7486773.9,304.0,293.0
2360.HK,,165600.0,155900.0,1394.0,1532.0
2361.HK,,3000.0,1625.0,2244.5,2359.0
2362.HK,,0.0,0.0,2448.5,2491.5
2363.HK,,49010.0,24491.25,1780.0,2092.0
2367.HK,,7838178.8,4602440.9,269.0,436.0
2368.HK,,9600.0,11900.0,2130.5,2212.0
2369.HK,,1997373.0,902570.75,644.0,902.0
2370.HK,,638200.0,262775.0,958.0,1340.0
2371.HK,,17600.0,42350.0,2033.0,1948.0
2372.HK,,170400.0,220800.0,1390.0,1407.0
2373.HK,,328462.6,370991.65,1162.0,1210.0
2376.HK,,1600.0,3425.0,2276.5,2332.0
2377.HK,,25000.0,52300.0,1946.5,1891.0
2378.HK,,84353.8,137525.9,1630.0,1573.0
2380.HK,,15455362.6,23401289.5,148.0,105.0
2381.HK,,3322000.0,5818500.0,517.0,372.0
2382.HK,,9741429.2,11288935.45,223.0,211.0
2383.HK,,46936.0,29184.0,1799.0,2055.0
2385.HK,,207840.0,188160.0,1334.0,1469.0
2386.HK,,7785523.4,4533911.55,271.0,442.0
2388.HK,,6663248.0,11381758.85,312.0,209.0
2389.HK,,634800.0,508100.0,960.0,1108.0
2390.HK,,17020.0,15695.0,2039.0,2166.0
2391.HK,,3240.0,12950.0,2236.0,2193.0
2392.HK,,27900.0,90950.0,1925.0,1693.0
2393.HK,,232000.0,253000.0,1297.0,1358.0
2399.HK,,8229000.0,5638800.0,258.0,385.0
2400.HK,,2251971.2,2571645.4,606.0,604.0
2402.HK,,406085.2,397615.95,1095.0,1184.0
2405.HK,,32800.0,210600.0,1893.5,1423.0
2407.HK,,3280.0,25170.0,2235.0,2082.0
2409.HK,,138400.0,222300.0,1453.5,1401.0
2410.HK,,4350800.0,3717698.4,426.0,501.0
2411.HK,,481300.0,619900.0,1048.0,1038.0
2415.HK,,9850.0,344200.0,2123.0,1235.0
2416.HK,,1068330.0,532820.4,812.0,1085.0
2418.HK,,51000.0,40275.0,1774.0,1964.0
2419.HK,,664712.6,644778.0,945.0,1017.0
2420.HK,,58100.0,85000.0,1741.0,1716.5
2421.HK,,156540.0,136085.0,1421.0,1575.0
2422.HK,,999200.0,1627200.0,829.0,730.0
2423.HK,,6266284.2,6522761.2,332.0,332.0
2425.HK,,36175.8,35992.2,1865.0,1999.0
2427.HK,,148000.0,179500.0,1437.5,1485.0
2429.HK,,93400.0,143425.0,1595.0,1562.0
2433.HK,,252800.0,586100.0,1268.0,1058.0
2436.HK,,483360.0,525015.0,1047.0,1094.0
2438.HK,,716000.0,1814450.0,923.5,696.0
2439.HK,,10128800.0,33241500.0,216.0,76.0
2440.HK,,75200.0,53700.0,1659.0,1877.0
2442.HK,,769600.0,422516.0,903.0,1165.0
2443.HK,,165440.0,244670.0,1395.0,1371.0
2450.HK,,1553840.0,671960.0,718.0,999.0
2451.HK,,2600667.8,1236939.9,561.0,805.0
2453.HK,,117480.0,322840.0,1513.0,1257.0
2455.HK,,60000.0,92900.0,1729.0,1686.0
2457.HK,,56000.0,158500.0,1754.0,1529.0
2458.HK,,24880.0,10380.0,1949.0,2228.0
2459.HK,,1357240.0,470570.0,752.0,1134.0
2469.HK,,3390800.0,4409078.6,508.0,449.0
2473.HK,,58656000.0,62298125.0,38.0,31.0
2477.HK,,852936960.0,1059904119.95,1.0,1.0
2479.HK,,0.0,0.0,2448.5,2491.5
2480.HK,,400.0,1580.0,2314.5,2364.0
2481.HK,,4800.0,1950.0,2202.5,2353.0
2482.HK,,97800.0,66550.0,1581.0,1807.0
2483.HK,,400.0,900.0,2314.5,2387.5
2486.HK,,20320.0,26750.0,1993.0,2075.0
2487.HK,,81360.0,53940.0,1637.0,1876.0
2488.HK,,217170.2,279532.5,1322.0,1318.0
2489.HK,,1281000.0,1808200.0,765.0,698.0
2490.HK,,3204180.0,1908645.0,526.0,677.0
2495.HK,,109648.0,48898.0,1538.0,1909.0
2496.HK,,40.0,190.0,2328.0,2410.0
2497.HK,,130400.0,94600.0,1474.5,1684.0
2498.HK,,4119843.6,3846754.1,447.0,489.0
2499.HK,,6920.0,3900.0,2163.0,2327.0
2500.HK,,667500.0,628025.0,943.0,1033.0
2501.HK,,944000.0,3202600.0,847.0,541.0
2502.HK,,20000.0,10100.0,2002.0,2231.0
2503.HK,,3947200.0,5549600.0,455.0,388.0
2505.HK,,8400.8,36300.2,2141.0,1989.0
2507.HK,,619232.0,663550.85,970.0,1005.0
2509.HK,,164520.0,133400.0,1399.0,1588.0
2511.HK,,407100.0,1269088.75,1094.0,796.0
2512.HK,,136800.0,180250.0,1460.0,1484.0
2515.HK,,48400.0,697900.0,1783.5,987.0
2516.HK,,2223200.0,1616600.0,609.0,731.0
2517.HK,,11569301.2,8492206.95,190.0,265.0
2518.HK,,2060.0,4640.0,2263.0,2313.0
2520.HK,,124000.0,124000.0,1495.0,1609.0
2521.HK,,793500.0,2160375.0,897.0,655.0
2522.HK,,316700.0,659725.0,1179.0,1008.0
2528.HK,,62000.0,63400.0,1721.0,1824.5
2529.HK,,200.0,950.0,2325.5,2385.0
2531.HK,,85200.0,91025.0,1627.0,1692.0
2533.HK,,3572290.2,5654448.75,491.0,384.0
2535.HK,,29030000.0,21712500.0,83.0,110.0
2536.HK,,6800.0,69250.0,2165.0,1790.0
2540.HK,,89000.0,107125.0,1614.0,1651.0
2545.HK,,228800.0,85100.0,1302.0,1715.0
2550.HK,,588100.0,954750.0,983.0,881.0
2552.HK,,1938000.0,1665343.55,654.0,724.0
2555.HK,,687800.0,924220.0,935.0,895.0
2556.HK,,14099810.6,10772656.0,159.0,220.0
2558.HK,,800.0,950.0,2300.0,2385.0
2559.HK,,2459545.2,4124147.1,578.0,466.0
2588.HK,,1040400.2,640238.15,820.0,1020.0
2598.HK,,1093753.6,668677.2,807.0,1002.0
2599.HK,,0.0,0.0,2448.5,2491.5
2600.HK,,31406751.6,37343903.0,73.0,65.0
2601.HK,,7315352.8,8086911.15,284.0,277.0
2602.HK,,825232.0,803090.45,885.0,939.0
2607.HK,,1109788.2,1201449.3,800.0,818.0
2608.HK,,1472200.0,7195600.0,734.0,303.0
2611.HK,,7077761.2,8145934.25,291.0,275.0
2616.HK,,6703400.0,6110237.9,308.0,357.0
2618.HK,,29126477.4,13705358.35,81.0,163.0
2623.HK,,1485543.8,1459418.3,732.0,758.0
2628.HK,,55573614.4,50532317.35,40.0,44.0
2633.HK,,76000.0,203328.25,1657.5,1436.0
2638.HK,,2179826.8,2311762.35,615.0,638.0
2660.HK,,223127.6,165181.9,1314.0,1515.0
2663.HK,,1318000.0,1204500.0,759.0,817.0
2666.HK,,4221504.0,6606367.65,438.0,326.0
2668.HK,,21044000.0,32422000.0,113.0,79.0
2669.HK,,4270628.0,4990491.15,432.0,421.0
2678.HK,,202100.0,193525.2,1344.0,1457.0
2680.HK,,14400.0,32660.0,2071.5,2024.0
2682.HK,,967200.0,511600.0,833.0,1106.0
2683.HK,,204800.0,127500.0,1340.0,1602.0
2688.HK,,2739384.2,4448374.95,553.0,446.0
2689.HK,,29072892.4,15636957.2,82.0,145.0
2696.HK,,537430.6,723444.65,1016.0,967.0
2699.HK,,715160.8,2699191.4,925.0,587.0
2700.HK,,57700.0,44425.75,1744.0,1937.0
2708.HK,,,,,
2722.HK,,6774400.0,9750481.9,305.0,240.0
2727.HK,,19335851.8,22815495.35,126.0,107.0
2728.HK,,1244000.0,1741600.0,773.0,709.0
2738.HK,,1229600.0,333000.0,775.0,1244.0
2768.HK,,1451753.2,1500855.95,738.0,745.0
2772.HK,,4039168.8,4113141.25,449.0,467.0
2777.HK,,1965280.0,1863489.05,652.0,682.0
2779.HK,,725600.0,385550.0,920.0,1198.0
2789.HK,,3416000.0,4314100.0,506.0,457.0
2798.HK,,165000.0,186750.0,1397.0,1471.0
2799.HK,,51485765.2,53166550.55,43.0,41.0
2858.HK,,30923700.0,21613326.7,77.0,112.0
2863.HK,,1527000.0,2789200.0,722.0,576.0
2866.HK,,11113801.8,11495873.8,196.0,204.0
2869.HK,,1503298.6,1987886.4,727.0,670.0
2877.HK,,455400.0,425733.65,1068.0,1161.0
2878.HK,,1751600.0,1590400.0,681.0,735.0
2880.HK,,1316040.0,1892560.0,760.0,678.0
2881.HK,,3800.0,1775.0,2227.0,2358.0
2882.HK,,9101.4,19240.8,2135.0,2135.0
2883.HK,,6412297.6,5721161.7,323.0,381.0
2885.HK,,103600.0,121700.0,1559.0,1615.0
2886.HK,,28000.0,69240.0,1921.5,1791.0
2888.HK,,528048.2,1136076.6,1023.0,832.0
2892.HK,,5600.0,1400.0,2187.0,2371.0
2898.HK,,0.0,0.0,2448.5,2491.5
2899.HK,,47816429.4,57003379.7,48.0,37.0
2977.HK,,0.0,23433.2,2448.5,2098.0
2983.HK,,,,,
2986.HK,,250.0,253281.25,2324.0,1356.0
3300.HK,,348800.0,492000.0,1145.0,1124.0
3301.HK,,6858100.0,11845575.0,301.0,198.0
3302.HK,,210800.0,269600.0,1330.0,1333.0
3303.HK,,627733.2,303874.25,968.0,1283.0
3306.HK,,557019.6,687629.85,1000.0,992.0
3309.HK,,349147.0,292886.75,1144.0,1300.0
3311.HK,,5868405.8,6202523.75,349.0,350.0
3313.HK,,15010.0,231042.5,2058.0,1393.0
3315.HK,,115600.0,151200.0,1517.0,1545.0
3316.HK,,103111.4,155221.8,1561.0,1536.0
3318.HK,,207104.6,294176.15,1336.0,1295.0
3319.HK,,848350.0,745234.2,880.0,958.0
3320.HK,,5460802.2,5976208.1,365.0,365.0
3321.HK,,156950.0,507987.5,1419.0,1110.0
3322.HK,,14000.0,58400.0,2077.0,1858.0
3323.HK,,36311450.8,47020092.4,67.0,49.0
3328.HK,,18027457.2,25243552.95,131.0,103.0
3329.HK,,3745614.0,8377500.1,472.0,268.0
3330.HK,,23322911.4,26050637.95,103.0,99.0
3332.HK,,56400.0,416000.0,1748.5,1169.0
3333.HK,,0.0,0.0,2448.5,2491.5
3336.HK,,3283600.0,2201100.0,520.0,648.0
3337.HK,,1591452.0,1753387.65,710.0,706.0
3339.HK,,12709622.2,7648149.1,175.0,290.0
3347.HK,,2197605.8,1765903.35,612.0,702.0
3348.HK,,2400.0,10200.0,2258.5,2229.5
3360.HK,,8748327.2,9786080.4,247.0,239.0
3363.HK,,0.0,1200.0,2448.5,2377.0
3366.HK,,23200.0,15400.0,1966.5,2171.0
3368.HK,,99000.0,297275.0,1577.0,1290.0
3369.HK,,322300.0,326275.0,1170.0,1252.0
3377.HK,,15013308.2,12289993.7,152.0,190.0
3380.HK,,2960000.0,3353791.85,541.0,528.0
3382.HK,,949200.0,895800.0,844.0,905.0
3383.HK,,1150400.0,1744824.45,792.0,708.0
3389.HK,,12015451.8,3468922.95,185.0,521.0
3390.HK,,100000.0,317400.0,1570.0,1265.0
3393.HK,,4556573.8,3391099.95,412.0,527.0
3395.HK,,209800.6,67150.15,1332.0,1804.0
3396.HK,,13459525.8,11393698.5,168.0,208.0
3398.HK,,22800.0,55200.0,1970.0,1866.5
3399.HK,,158000.0,77850.0,1417.0,1747.0
3600.HK,,1494303.2,928220.4,729.0,893.0
3601.HK,,107800.0,68600.0,1545.0,1794.0
3603.HK,,121800.0,604200.0,1499.0,1042.0
3606.HK,,3030789.0,2676078.85,537.0,590.0
3611.HK,,0.0,0.0,2448.5,2491.5
3613.HK,,966906.0,634830.7,835.0,1028.0
3616.HK,,48000.0,21700.0,1787.5,2114.0
3618.HK,,6327496.8,7742167.0,327.0,286.0
3623.HK,,31600.0,38500.0,1900.5,1973.0
3626.HK,,100000.0,95600.0,1570.0,1678.0
3628.HK,,0.0,103800.0,2448.5,1664.0
3633.HK,,1513800.0,1678431.15,724.0,719.0
3638.HK,,96690.0,63512.5,1584.0,1823.0
3639.HK,,12757600.0,5908200.0,174.0,366.0
3650.HK,,258740.0,199730.0,1259.0,1443.0
3658.HK,,95800.0,73200.0,1587.0,1771.5
3660.HK,,20420.0,12785.0,1987.0,2198.0
3662.HK,,316800.0,498600.0,1177.5,1118.0
3666.HK,,0.0,0.0,2448.5,2491.5
3668.HK,,1054062.2,1170327.2,817.0,824.0
3669.HK,,4427525.8,3606246.0,422.0,509.0
3678.HK,,3558800.0,3816353.0,493.0,492.0
3680.HK,,1767200.0,1153000.0,679.0,828.0
3681.HK,,370800.0,1662600.0,1126.0,725.0
3683.HK,,176000.0,218750.0,1383.0,1410.0
3686.HK,,1838000.0,667500.0,671.0,1004.0
3688.HK,,43600.0,29875.0,1822.0,2045.0
3689.HK,,0.0,5060.0,2448.5,2304.0
3690.HK,,44106134.2,42818545.15,52.0,56.0
3692.HK,,9531123.0,10493974.75,230.0,225.0
3698.HK,,3081995.8,5995595.0,531.0,364.0
3699.HK,,8000.0,84700.0,2147.5,1720.0
3700.HK,,3631400.0,5256561.85,481.0,405.0
3708.HK,,372600.0,397750.0,1124.0,1183.0
3709.HK,,549253.2,639948.4,1004.0,1023.0
3718.HK,,558400.0,336000.0,999.0,1240.0
3728.HK,,68000.0,85000.0,1692.5,1716.5
3737.HK,,335800.0,381800.0,1152.0,1202.0
3738.HK,,14574400.0,16888724.95,157.0,135.0
3759.HK,,10514968.8,9459185.8,208.0,246.0
3768.HK,,18200.0,8100.0,2024.0,2263.0
3773.HK,,112800.0,85500.0,1527.5,1713.0
3778.HK,,0.0,0.0,2448.5,2491.5
3788.HK,,4718200.0,2858815.0,400.0,570.0
3789.HK,,89600.0,200400.0,1611.0,1440.5
3798.HK,,56000.0,31100.0,1754.0,2034.0
3800.HK,,214935116.6,255753130.5,5.0,4.0
3808.HK,,5238947.4,6216648.35,373.0,349.0
3813.HK,,3347800.0,8726340.25,514.0,259.0
3816.HK,,680800.0,525400.0,939.0,1093.0
3818.HK,,2485200.0,2407699.25,572.0,625.0
3822.HK,,4000.0,32370.0,2219.5,2026.0
3828.HK,,373100.0,347575.0,1123.0,1232.0
3830.HK,,78000.0,117750.0,1649.5,1620.0
3833.HK,,2877200.0,3103200.0,545.0,549.0
3836.HK,,155100.0,275300.0,1423.0,1325.0
3838.HK,,1982000.0,1451000.0,649.0,760.0
3839.HK,,14464.0,16741.0,2068.0,2160.0
3848.HK,,254200.0,152000.0,1266.0,1544.0
3860.HK,,33000.0,41000.0,1892.0,1959.5
3866.HK,,1424700.0,2170250.0,744.0,654.0
3868.HK,,6267456.8,8212230.35,331.0,273.0
3869.HK,,0.0,10.0,2448.5,2415.0
3877.HK,,7598626.6,6619450.65,277.0,323.0
3878.HK,,316000.0,425400.0,1181.5,1162.0
3882.HK,,50800.0,61250.0,1775.0,1836.0
3883.HK,,1178494.8,2644555.6,786.0,595.0
3886.HK,,677900.0,593350.0,940.0,1051.0
3888.HK,,10762011.2,11518155.4,203.0,202.0
3889.HK,,34800.0,59100.0,1876.5,1848.0
3893.HK,,2750200.0,956775.0,551.0,879.0
3896.HK,,89717949.0,113538840.5,23.0,15.0
3898.HK,,3315339.6,3443770.4,518.0,522.0
3899.HK,,3483399.4,3521225.9,498.0,517.0
3900.HK,,9666830.0,8975819.2,226.0,253.0
3903.HK,,0.0,0.0,2448.5,2491.5
3908.HK,,8362396.4,10425935.05,253.0,228.0
3913.HK,,735273.6,1530148.75,917.0,740.0
3918.HK,,1868072.4,2308077.95,665.0,641.0
3919.HK,,453600.0,704115.0,1070.0,982.0
3928.HK,,291100.0,255325.0,1212.0,1354.0
3931.HK,,4804740.8,3856969.25,394.0,488.0
3933.HK,,10967249.2,6716409.9,197.0,319.0
3938.HK,,47950.0,169287.5,1792.0,1507.0
3939.HK,,41627962.8,43641749.35,57.0,53.0
3958.HK,,4237719.6,6150989.75,437.0,354.0
3963.HK,,0.0,6000.0,2448.5,2294.0
3968.HK,,9013868.4,10470579.35,244.0,226.0
3969.HK,,2076492.8,2359757.6,629.0,632.0
3978.HK,,323247.6,386781.9,1168.0,1196.0
3983.HK,,6297281.8,3883140.8,329.0,487.0
3988.HK,,136994443.6,152390326.05,10.0,11.0
3989.HK,,2650000.0,1652716.45,558.0,727.0
3990.HK,,629320.0,767839.95,967.0,950.0
3991.HK,,316800.0,380300.0,1177.5,1203.0
3993.HK,,36593686.0,37136718.65,66.0,69.0
3996.HK,,13801584.6,17472150.15,163.0,131.0
3997.HK,,98800.0,107335.0,1578.0,1650.0
3998.HK,,20443110.8,21246252.25,119.0,115.0
3999.HK,,23600.0,21600.0,1964.0,2116.5
4332.HK,,,,,
4333.HK,,0.0,0.0,2448.5,2491.5
4335.HK,,0.0,0.0,2448.5,2491.5
4336.HK,,0.0,0.0,2448.5,2491.5
4337.HK,,,,,
4338.HK,,,,,
6030.HK,,6975195.6,12336347.85,295.0,188.0
6033.HK,,14800.0,71750.0,2064.0,1778.0
6036.HK,,538000.0,1337750.0,1014.5,781.0
6038.HK,,184000.0,142000.0,1373.0,1565.0
6049.HK,,523167.4,492762.55,1028.0,1123.0
6055.HK,,2098400.0,3826378.3,626.0,491.0
6058.HK,,2467200.0,1124900.0,574.0,835.0
6060.HK,,6546872.2,5890729.8,318.0,368.0
6063.HK,,6667200.0,6889257.0,311.0,315.0
6066.HK,,4790652.0,5305547.35,396.0,401.0
6068.HK,,176400.0,198200.0,1380.0,1446.0
6069.HK,,8557500.0,6045240.85,249.0,362.0
6078.HK,,1672240.0,1498962.65,689.0,747.0
6080.HK,,736800.0,319200.0,915.0,1261.0
6083.HK,,726400.0,1196600.0,918.0,820.0
6086.HK,,313000.0,194625.0,1185.0,1455.0
6088.HK,,28910380.8,42766430.8,85.0,57.0
6093.HK,,10400.0,6500.0,2110.5,2285.0
6098.HK,,3478747.4,4067962.75,499.0,473.0
6099.HK,,2723921.2,4981339.75,554.0,422.0
6100.HK,,318268.0,437192.55,1175.0,1152.0
6108.HK,,4064.0,32712.0,2211.0,2023.0
6110.HK,,18900253.0,36429231.95,128.0,70.0
6111.HK,,0.0,0.0,2448.5,2491.5
6113.HK,,18000.0,54800.0,2028.5,1868.5
6116.HK,,0.0,0.0,2448.5,2491.5
6117.HK,,8400.0,5000.0,2142.5,2307.0
6118.HK,,94000.0,32900.0,1591.0,2021.0
6119.HK,,0.0,0.0,2448.5,2491.5
6123.HK,,342800.0,149700.0,1149.0,1549.0
6127.HK,,5945888.8,7414450.15,346.0,295.0
6128.HK,,1889360.0,3189165.0,663.0,542.0
6133.HK,,0.0,0.0,2448.5,2491.5
6136.HK,,578200.0,354163.6,988.0,1224.0
6138.HK,,925000.0,1485250.0,854.0,752.0
6158.HK,,105413600.0,34623400.0,16.0,75.0
6160.HK,,4702997.4,4823538.45,401.0,430.0
6162.HK,,25283200.0,195311300.0,98.0,8.0
6163.HK,,31600.0,30000.0,1900.5,2044.0
6169.HK,,2114400.0,1748400.0,623.0,707.0
6178.HK,,982995.8,1226883.95,831.0,807.0
6181.HK,,1169949.8,2079739.15,789.0,661.0
6182.HK,,571200.0,1242400.0,992.0,802.0
6185.HK,,8840373.6,2699606.3,246.0,586.0
6186.HK,,9592196.4,16030594.2,228.0,144.0
6188.HK,,9900.0,8675.0,2122.0,2255.0
6189.HK,,0.0,0.0,2448.5,2491.5
6190.HK,,80.0,850.0,2327.0,2389.0
6193.HK,,6000.0,40600.0,2178.5,1961.5
6196.HK,,5064925.2,6299615.3,381.0,342.0
6198.HK,,2303762.4,2409489.65,599.0,624.0
6199.HK,,46800.0,232600.0,1802.0,1389.0
6288.HK,,420.0,1875.3,2308.0,2355.0
6601.HK,,412700.0,495672.35,1088.0,1120.0
6606.HK,,,,,
6608.HK,,1486000.0,1636587.85,731.0,729.0
6609.HK,,44580.0,41750.0,1819.0,1952.0
6610.HK,,198250.0,152680.0,1352.0,1542.0
6611.HK,,0.0,0.0,2448.5,2491.5
6616.HK,,2234800.0,3251660.2,608.0,535.0
6618.HK,,15749462.8,9064975.0,144.0,250.0
6622.HK,,125400.0,192275.0,1490.0,1461.0
6623.HK,,0.0,0.0,2448.5,2491.5
6626.HK,,292650.0,555933.65,1210.0,1073.0
6628.HK,,415752.0,349538.0,1086.0,1231.0
6633.HK,,0.0,150.0,2448.5,2411.0
6639.HK,,0.0,0.0,2448.5,2491.5
6655.HK,,2183234.0,3142797.05,614.0,546.0
6657.HK,,5900.0,548800.0,2184.0,1076.0
6660.HK,,542120.0,258250.0,1011.0,1348.0
6661.HK,,0.0,0.0,2448.5,2491.5
6663.HK,,34000.0,128500.0,1882.0,1597.5
6666.HK,,18307482.2,20486315.45,129.0,118.0
6667.HK,,3640.0,22550.0,2231.0,2107.0
6668.HK,,85000.0,114750.0,1629.0,1625.0
6669.HK,,470320.4,426422.95,1056.0,1159.0
6677.HK,,19700.0,214525.0,2007.0,1418.0
6680.HK,,2384286.4,3036556.5,586.0,554.0
6682.HK,,4004522.4,4222350.6,453.0,465.0
6683.HK,,45174510.0,14138949.8,50.0,156.0
6686.HK,,340.0,8385.0,2322.0,2258.0
6689.HK,,,,,
6690.HK,,12951136.8,13113422.8,173.0,172.0
6696.HK,,0.0,0.0,2448.5,2491.5
6698.HK,,44740.0,41995.0,1818.0,1950.0
6699.HK,,533282.6,815432.9,1021.0,933.0
6805.HK,,8800.0,67200.0,2139.5,1802.0
6806.HK,,4794460.0,6327375.0,395.0,339.0
6808.HK,,25040226.6,10650511.35,99.0,224.0
6811.HK,,2309000.0,1673900.0,598.0,720.0
6812.HK,,60000.0,30750.0,1729.0,2038.0
6816.HK,,20000.0,19100.0,2002.0,2139.5
6818.HK,,7619232.2,10880332.65,276.0,217.0
6820.HK,,258800.0,276500.0,1258.0,1323.5
6821.HK,,1621107.8,1226418.85,706.0,808.0
6822.HK,,3600.0,3000.0,2232.5,2336.5
6823.HK,,5983517.6,11227851.2,343.0,212.0
6826.HK,,95956.0,113159.0,1586.0,1632.0
6828.HK,,3022400.0,42063288.05,538.0,58.0
6829.HK,,36412.0,71156.5,1862.0,1780.0
6830.HK,,19200.0,110000.0,2013.5,1638.0
6833.HK,,68000.0,41200.0,1692.5,1956.5
6836.HK,,0.0,0.0,2448.5,2491.5
6838.HK,,5200.0,72700.0,2191.0,1775.0
6839.HK,,45400.0,36100.0,1815.0,1995.0
6855.HK,,3348603.4,2421669.85,512.0,622.0
6858.HK,,800.0,200.0,2300.0,2408.0
6860.HK,,569200.0,227150.0,993.0,1396.0
6862.HK,,13902450.4,10940248.75,162.0,216.0
6865.HK,,2035051.4,4579161.5,636.0,439.0
6866.HK,,38400.0,19100.0,1849.0,2139.5
6868.HK,,25800.0,8150.0,1937.5,2261.0
6869.HK,,27734020.2,31139520.85,90.0,82.0
6877.HK,,146000.0,133000.0,1440.0,1589.0
6878.HK,,0.0,0.0,2448.5,2491.5
6880.HK,,72228.6,92568.7,1674.0,1687.0
6881.HK,,10915039.8,14597958.9,199.0,152.0
6882.HK,,548000.0,295900.0,1005.0,1293.0
6885.HK,,38800.0,2928150.0,1846.0,563.0
6886.HK,,6545446.2,6528788.1,319.0,331.0
6888.HK,,79600.0,21600.0,1642.0,2116.5
6889.HK,,649221.0,339667.1,950.0,1237.0
6890.HK,,252400.0,159500.0,1270.0,1525.0
6893.HK,,351600.0,451300.0,1141.0,1146.0
6896.HK,,234799.2,249249.65,1291.0,1364.0
6898.HK,,20400.0,28400.0,1989.5,2058.0
6899.HK,,0.0,0.0,2448.5,2491.5
6900.HK,,,,,
6908.HK,,1565000.0,1685100.0,715.0,718.0
6909.HK,,85200.0,77750.0,1627.0,1748.0
6911.HK,,13000.0,8470.0,2083.0,2256.0
6913.HK,,1141600.0,710500.0,794.0,978.0
6918.HK,,564400.0,577800.0,996.0,1064.0
6919.HK,,8820.0,50150.0,2138.0,1902.0
6922.HK,,40640.0,38880.0,1837.0,1971.0
6928.HK,,24800.0,63200.0,1950.5,1827.0
6929.HK,,269200.0,107900.0,1247.5,1649.0
6933.HK,,162400.0,600300.0,1407.5,1047.0
6939.HK,,401200.0,759400.0,1097.5,954.0
6955.HK,,4622090.4,2983947.65,405.0,556.0
6958.HK,,133000.0,822500.0,1466.0,931.0
6959.HK,,16020.0,5065.0,2044.0,2303.0
6963.HK,,5674014.0,8216411.5,357.0,272.0
6966.HK,,0.0,0.0,2448.5,2491.5
6968.HK,,792000.0,590700.0,898.0,1055.0
6969.HK,,30946122.0,17115086.1,76.0,134.0
6978.HK,,198880.0,382413.9,1351.0,1201.0
6979.HK,,3563224.2,3489948.25,492.0,519.0
6988.HK,,255800.0,1792950.0,1263.0,700.0
6989.HK,,77400.0,135300.0,1651.0,1579.0
6990.HK,,704760.4,669933.0,932.0,1001.0
6993.HK,,361196.0,921841.75,1133.0,896.0
6996.HK,,1624214.2,1492571.0,704.0,749.0
6998.HK,,308400.0,713025.0,1190.0,974.0
6999.HK,,0.0,0.0,2448.5,2491.5
7801.HK,,0.0,0.0,2448.5,2491.5
80016.HK,,5800.0,4875.0,2185.0,2312.0
80020.HK,,324800.0,236150.0,1166.5,1382.0
8003.HK,,0.0,5000.0,2448.5,2307.0
8005.HK,,93600.0,91800.0,1593.0,1690.0
8006.HK,,6225.0,29253.1,2173.0,2054.0
8007.HK,,90030.0,842785.85,1608.0,918.0
8013.HK,,,,,
8017.HK,,2463200.0,1956000.0,576.0,674.0
80175.HK,,46600.0,29650.0,1804.0,2048.0
8018.HK,,1382000.0,556130.0,748.0,1072.0
8019.HK,,324840.0,86225.0,1165.0,1710.0
8020.HK,,84000.0,95500.0,1631.5,1679.0
8021.HK,,35100.0,16762.5,1874.0,2159.0
8023.HK,,163200.0,191700.0,1404.5,1463.0
8026.HK,,12000.0,3000.0,2089.0,2336.5
8027.HK,,22000.0,26250.0,1977.5,2078.0
8028.HK,,48000.0,26545.0,1787.5,2076.0
8029.HK,,6000.0,499875.0,2178.5,1115.0
80291.HK,,19500.0,14025.0,2010.5,2180.0
8030.HK,,119200.0,263410.0,1506.0,1338.0
8031.HK,,43600.0,53300.0,1822.0,1880.0
8033.HK,,153600.0,39300.0,1426.5,1970.0
8035.HK,,164000.0,586500.0,1402.0,1057.0
8036.HK,,138000.0,107000.0,1456.0,1652.0
8037.HK,,130000.0,741600.0,1477.0,960.0
80388.HK,,7980.0,5916.7,2151.0,2297.0
8039.HK,,0.0,0.0,2448.5,2491.5
8040.HK,,1000.0,11750.0,2293.5,2214.0
8041.HK,,386000.0,454466.0,1107.0,1142.0
8042.HK,,252000.0,255000.0,1271.0,1355.0
8043.HK,,70000.0,29500.0,1686.0,2051.5
8045.HK,,0.0,0.0,2448.5,2491.5
8047.HK,,0.0,0.0,2448.5,2491.5
8049.HK,,161600.0,70000.0,1410.0,1787.0
8050.HK,,76040.0,67869.9,1656.0,1799.0
8051.HK,,368.0,4432.0,2321.0,2317.0
8052.HK,,0.0,0.0,2448.5,2491.5
8056.HK,,8000.0,22350.0,2147.5,2111.0
8057.HK,,16000.0,4000.0,2047.5,2325.5
8059.HK,,431000.0,296000.0,1084.0,1292.0
8060.HK,,24000.0,27850.0,1959.5,2066.0
8062.HK,,58000.0,51250.0,1742.5,1897.0
8065.HK,,2000.0,34750.0,2267.5,2008.0
8066.HK,,78050.0,63012.5,1648.0,1829.0
8067.HK,,0.0,1400.0,2448.5,2371.0
8069.HK,,24700.0,13125.0,1952.0,2190.0
8070.HK,,24000.0,24750.0,1959.5,2085.0
80700.HK,,9420.0,13787.0,2133.0,2184.0
8071.HK,,15326.0,64002.5,2054.0,1821.0
8072.HK,,72000.0,287750.0,1677.0,1308.0
8073.HK,,50400.0,66962.5,1776.0,1805.0
80737.HK,,3000.0,2475.0,2244.5,2344.0
8076.HK,,1000.0,346000.0,2293.5,1234.0
8079.HK,,57000.0,333547.2,1747.0,1243.0
8080.HK,,8000.0,3009.0,2147.5,2334.0
8081.HK,,318160.0,668340.0,1176.0,1003.0
8082.HK,,2342000.0,5108000.0,593.0,413.0
8087.HK,,139175.0,114646.75,1452.0,1626.0
80883.HK,,90800.0,225650.0,1605.0,1399.0
8091.HK,,0.0,2500.0,2448.5,2343.0
8092.HK,,320800.0,183000.0,1172.0,1479.0
8093.HK,,7600.0,36050.0,2154.5,1997.0
80941.HK,,123400.0,83700.0,1497.0,1725.0
8095.HK,,138200.0,313200.0,1455.0,1270.0
8096.HK,,148000.0,409150.0,1437.5,1174.0
8098.HK,,66000.0,41000.0,1701.0,1959.5
80992.HK,,111200.0,162600.0,1535.0,1521.0
8100.HK,,2400.0,13200.0,2258.5,2189.0
81024.HK,,58620.0,31455.0,1736.0,2031.0
8103.HK,,0.0,0.0,2448.5,2491.5
8106.HK,,30000.0,22500.0,1910.0,2109.0
8107.HK,,192000.0,138000.0,1364.0,1571.0
8111.HK,,0.0,0.0,2448.5,2491.5
8112.HK,,105600.0,26400.0,1549.5,2077.0
8113.HK,,34677.6,20919.4,1878.0,2123.0
8115.HK,,4000.0,1000.0,2219.5,2382.0
8117.HK,,597611.2,249902.8,979.0,1362.0
8118.HK,,0.0,48800.0,2448.5,1910.0
8120.HK,,201225.0,149054.3,1345.0,1552.0
8121.HK,,45982.8,113285.65,1812.0,1631.0
81211.HK,,6340.0,9315.0,2172.0,2241.0
8123.HK,,209520.0,170685.0,1333.0,1502.0
8125.HK,,656076.8,1357859.2,947.0,776.0
8128.HK,,33600.0,82000.0,1886.5,1733.5
81299.HK,,7640.0,6110.0,2153.0,2291.0
8130.HK,,0.0,0.0,2448.5,2491.5
8131.HK,,290000.0,1005050.0,1214.0,863.0
8132.HK,,36000.0,247575.0,1868.0,1369.0
8133.HK,,2000.0,5300.0,2267.5,2301.0
8136.HK,,456000.0,365000.0,1066.0,1213.0
8137.HK,,2001600.0,3290200.0,642.0,532.0
8139.HK,,3500.0,2850.0,2234.0,2339.0
8140.HK,,200000.0,71000.0,1348.0,1782.0
8143.HK,,62320.0,39700.0,1718.0,1969.0
8146.HK,,54000.0,262500.0,1761.5,1341.5
8147.HK,,132800.0,50542.5,1467.0,1901.0
8148.HK,,532080.0,134393.9,1022.0,1582.0
8149.HK,,0.0,12500.0,2448.5,2203.0
8152.HK,,80000.0,193500.0,1640.0,1458.5
8153.HK,,3000.0,11705.0,2244.5,2215.0
8156.HK,,3680.0,1420.0,2230.0,2369.0
8158.HK,,12965.0,33997.5,2085.0,2013.0
8159.HK,,6000.0,1500.0,2178.5,2366.0
8160.HK,,14496.0,81624.0,2067.0,1736.0
8161.HK,,52000.0,13000.0,1769.0,2192.0
8162.HK,,7106000.0,7365000.0,290.0,298.0
8163.HK,,380330.0,433818.75,1115.0,1155.0
8167.HK,,0.0,0.0,2448.5,2491.5
8168.HK,,596000.0,387500.0,981.0,1194.0
8169.HK,,0.0,40500.0,2448.5,1963.0
8172.HK,,0.0,0.0,2448.5,2491.5
8173.HK,,224000.0,94400.0,1310.5,1685.0
8176.HK,,310000.0,683000.0,1188.0,995.0
8178.HK,,2334360.0,639963.45,595.0,1022.0
8179.HK,,72032.0,135008.0,1675.0,1580.0
8181.HK,,0.0,7600.0,2448.5,2273.5
81810.HK,,47120.0,104230.95,1796.0,1663.0
8186.HK,,412153.4,275187.2,1089.0,1326.0
8187.HK,,0.0,38250.0,2448.5,1974.0
8188.HK,,819200.0,807830.0,888.0,938.0
8189.HK,,2366000.0,1232790.0,589.0,806.0
8191.HK,,10132600.0,6124495.0,214.0,356.0
8193.HK,,1580000.0,865500.0,713.0,912.0
8195.HK,,598510.4,538252.4,978.0,1084.0
8196.HK,,712270.0,1037267.5,928.0,858.0
8198.HK,,271960.0,276500.0,1241.0,1323.5
8200.HK,,4010.0,7452.5,2212.0,2276.0
8201.HK,,76000.0,115000.0,1657.5,1623.0
82020.HK,,1680.0,1890.0,2273.0,2354.0
8203.HK,,7000.0,698750.0,2162.0,986.0
8205.HK,,36000.0,9000.0,1868.0,2250.0
8206.HK,,0.0,0.0,2448.5,2491.5
8208.HK,,0.0,45000.0,2448.5,1929.0
8210.HK,,0.0,166500.0,2448.5,1512.5
8213.HK,,16000.0,53000.0,2047.5,1883.0
8215.HK,,,,,
8217.HK,,546125.0,576625.0,1007.0,1066.0
8218.HK,,0.0,4410.0,2448.5,2318.0
8219.HK,,1854000.0,1614500.0,668.0,732.0
8220.HK,,279902.8,302649.7,1225.0,1284.0
8221.HK,,199520.0,418835.0,1350.0,1168.0
8222.HK,,235200.0,176000.0,1290.0,1496.0
8223.HK,,60000.0,184600.0,1729.0,1477.0
8225.HK,,0.0,14000.0,2448.5,2182.0
8226.HK,,8025240.0,2518270.0,265.0,610.0
8227.HK,,51800.0,52850.0,1771.0,1885.0
8229.HK,,71000.0,96250.0,1684.0,1675.0
82318.HK,,83500.0,51500.0,1633.0,1895.0
8232.HK,,13000.0,102500.0,2083.0,1668.0
82331.HK,,104700.0,38175.0,1553.0,1975.0
82333.HK,,3700.0,3825.0,2228.5,2329.0
8237.HK,,1200.0,108380.0,2287.5,1645.0
8238.HK,,539040.0,293084.0,1013.0,1299.0
82388.HK,,19500.0,43000.0,2010.5,1945.0
8239.HK,,233510.0,180825.85,1294.0,1481.0
8241.HK,,20000.0,19500.0,2002.0,2134.0
8245.HK,,1450400.0,2379710.0,739.0,630.0
8246.HK,,20000.0,38000.0,2002.0,1977.5
8247.HK,,36800.0,36205.0,1858.5,1992.0
8249.HK,,20000.0,5000.0,2002.0,2307.0
8250.HK,,9000.0,52548.0,2136.5,1889.0
8262.HK,,40000.0,13500.0,1839.5,2186.0
8267.HK,,127500.0,84225.0,1481.0,1723.0
8268.HK,,1228800.0,972000.0,776.0,872.0
8269.HK,,3258750.0,1720146.15,521.0,712.0
8270.HK,,46000.0,15500.0,1809.5,2169.0
8271.HK,,112800.0,51800.0,1527.5,1894.0
8275.HK,,1460000.0,433750.0,737.0,1156.0
8277.HK,,0.0,6400.0,2448.5,2288.5
8279.HK,,91638378.2,37308804.75,21.0,67.0
8280.HK,,242400.0,131800.0,1282.0,1593.0
8281.HK,,11200.0,15600.0,2099.5,2167.0
8282.HK,,0.0,18240.0,2448.5,2152.0
8283.HK,,15000.0,577520.0,2059.5,1065.0
8285.HK,,0.0,19750.0,2448.5,2131.5
8286.HK,,10000.0,4250.0,2118.0,2320.0
8290.HK,,726000.0,481000.0,919.0,1129.0
8291.HK,,63500.0,18250.0,1710.0,2151.0
8292.HK,,46800.0,121450.0,1802.0,1617.0
8293.HK,,16280.0,63060.0,2043.0,1828.0
8295.HK,,220000.0,89000.0,1319.5,1698.0
8296.HK,,0.0,1480.0,2448.5,2368.0
8297.HK,,0.0,0.0,2448.5,2491.5
8299.HK,,95218247.2,61670488.35,19.0,32.0
8300.HK,,152000.0,427000.0,1430.0,1157.0
8305.HK,,7146000.0,7717500.0,289.0,287.0
8307.HK,,0.0,0.0,2448.5,2491.5
8308.HK,,0.0,3000.0,2448.5,2336.5
8309.HK,,28000.0,89000.0,1921.5,1698.0
8310.HK,,58000.0,14500.0,1742.5,2177.0
8311.HK,,2000.0,32000.0,2267.5,2027.5
8313.HK,,116000.0,32000.0,1515.5,2027.5
8315.HK,,258000.0,88540.0,1260.0,1702.0
8316.HK,,356000.0,239000.0,1134.5,1379.5
8317.HK,,31200.0,64100.0,1903.5,1820.0
8319.HK,,56000.0,35000.0,1754.0,2007.0
8320.HK,,102000.0,426500.0,1565.0,1158.0
8321.HK,,4000.0,21000.0,2219.5,2120.0
8326.HK,,13300000.0,3714740.0,169.0,502.0
8328.HK,,33580.6,84333.05,1888.0,1722.0
8329.HK,,34000.0,335000.0,1882.0,1241.0
8331.HK,,34000.0,23250.0,1882.0,2101.0
8333.HK,,1400.0,2350.0,2280.0,2349.0
8337.HK,,0.0,500.0,2448.5,2401.5
8340.HK,,245000.0,221525.0,1279.0,1403.0
8341.HK,,16000.0,34325.0,2047.5,2010.0
8347.HK,,48800.0,12760.0,1781.5,2199.0
8348.HK,,313600.0,82600.0,1184.0,1729.0
8349.HK,,0.0,0.0,2448.5,2491.5
8350.HK,,9276800.0,2349200.0,238.0,635.0
8356.HK,,15040.0,75655.0,2057.0,1763.0
8357.HK,,132000.0,100000.0,1468.5,1672.0
8360.HK,,125680.0,84820.0,1489.0,1718.0
8362.HK,,0.0,6000.0,2448.5,2294.0
8365.HK,,2332000.0,1669080.0,596.0,723.0
8366.HK,,456000.0,1256000.0,1066.0,800.0
8367.HK,,6000.0,11525.0,2178.5,2220.0
8368.HK,,495400.0,1460050.0,1039.0,757.0
83690.HK,,20200.0,30014.1,1995.0,2043.0
8370.HK,,31040.0,43160.0,1905.0,1943.0
8371.HK,,74400.0,150200.0,1662.5,1548.0
8372.HK,,296000.0,233500.0,1206.5,1387.0
8373.HK,,119000.0,53275.0,1507.0,1881.0
8375.HK,,4000.0,128500.0,2219.5,1597.5
8377.HK,,242000.0,338000.0,1283.0,1238.0
8379.HK,,22000.0,175000.0,1977.5,1499.0
8383.HK,,0.0,0.0,2448.5,2491.5
8385.HK,,24000.0,33000.0,1959.5,2020.0
8391.HK,,2032800.0,2376600.0,637.0,631.0
8392.HK,,0.0,6500.0,2448.5,2285.0
8395.HK,,8411200.0,4286800.0,252.0,460.0
8400.HK,,230000.0,478000.0,1300.0,1130.0
8401.HK,,1149200.0,2314900.0,793.0,636.0
8402.HK,,28000.0,126500.0,1921.5,1604.0
8403.HK,,18800.0,23300.0,2017.5,2099.0
8406.HK,,1548000.0,2902500.0,720.0,566.0
8411.HK,,0.0,109000.0,2448.5,1640.0
8412.HK,,12000.0,5000.0,2089.0,2307.0
8413.HK,,112000.0,467500.0,1530.0,1136.0
8416.HK,,3000.0,166500.0,2244.5,1512.5
8417.HK,,0.0,138500.0,2448.5,1570.0
8418.HK,,78000.0,94800.0,1649.5,1682.5
8419.HK,,274000.0,69750.0,1235.5,1789.0
8420.HK,,47000.0,32750.0,1798.0,2022.0
8422.HK,,266000.0,641874.6,1250.0,1019.0
8423.HK,,0.0,3000.0,2448.5,2336.5
8425.HK,,56000.0,14800.0,1754.0,2174.0
8426.HK,,20000.0,44500.0,2002.0,1935.0
8427.HK,,14000.0,11860.0,2077.0,2213.0
8428.HK,,0.0,0.0,2448.5,2491.5
8429.HK,,339000.0,88750.0,1151.0,1701.0
8430.HK,,12000.0,208000.0,2089.0,1427.0
8431.HK,,2551080.0,2043275.0,568.0,665.0
8432.HK,,216000.0,1037500.0,1323.0,857.0
8436.HK,,37000.0,74000.0,1856.0,1766.5
8437.HK,,0.0,0.0,2448.5,2491.5
8439.HK,,53200.0,45600.0,1763.5,1927.5
8445.HK,,14000.0,24700.0,2077.0,2087.0
8446.HK,,10320.0,20980.0,2112.0,2121.0
8447.HK,,128000.0,114000.0,1478.5,1628.0
8448.HK,,28000.0,23263.5,1921.5,2100.0
8450.HK,,1760000.0,1847000.0,680.0,688.0
8451.HK,,112000.0,44500.0,1530.0,1935.0
8452.HK,,56400.0,60900.0,1748.5,1840.0
8455.HK,,15266000.0,12110000.0,149.0,192.0
8456.HK,,0.0,288175.75,2448.5,1307.0
8460.HK,,2130000.0,1295250.0,622.0,790.0
8462.HK,,6000.0,8250.0,2178.5,2259.0
8471.HK,,3700.0,5925.0,2228.5,2296.0
8472.HK,,2806600.0,783862.5,549.0,946.0
8473.HK,,316000.0,149500.0,1181.5,1551.0
8475.HK,,0.0,0.0,2448.5,2491.5
8480.HK,,833600.0,900400.0,882.0,903.0
8481.HK,,46000.0,12750.0,1809.5,2200.0
8482.HK,,124000.0,177750.0,1495.0,1489.0
8483.HK,,307200.0,2402800.0,1191.0,626.0
8487.HK,,343200.0,292700.0,1148.0,1301.0
8489.HK,,104000.0,85750.0,1558.0,1711.0
8490.HK,,105000.0,259500.0,1551.0,1347.0
8491.HK,,9582000.0,2850000.0,229.0,573.0
8493.HK,,0.0,0.0,2448.5,2491.5
8495.HK,,0.0,2400.0,2448.5,2346.0
8496.HK,,0.0,0.0,2448.5,2491.5
8500.HK,,0.0,0.0,2448.5,2491.5
8501.HK,,0.0,600.0,2448.5,2398.0
8502.HK,,4800.0,45600.0,2202.5,1927.5
8507.HK,,1015836.0,1854159.0,824.0,686.0
8509.HK,,196800.0,52800.0,1355.0,1886.5
8510.HK,,0.0,0.0,2448.5,2491.5
8511.HK,,800.0,5903.75,2300.0,2298.0
8512.HK,,118000.0,203000.0,1511.5,1437.0
8513.HK,,6000.0,4000.0,2178.5,2325.5
8516.HK,,390000.0,304225.0,1106.0,1282.0
8519.HK,,12000.0,15000.0,2089.0,2172.5
8521.HK,,35000.0,15500.0,1875.0,2169.0
8525.HK,,0.0,0.0,2448.5,2491.5
8526.HK,,4000.0,132750.0,2219.5,1590.0
8527.HK,,137000.0,895000.0,1459.0,906.0
8529.HK,,197000.0,1556750.0,1354.0,738.0
8532.HK,,44800.0,162720.0,1817.0,1520.0
8535.HK,,0.0,37000.0,2448.5,1984.0
8536.HK,,118000.0,66750.0,1511.5,1806.0
8537.HK,,274731.0,454082.75,1234.0,1143.0
8540.HK,,306600.0,321000.0,1193.0,1258.0
8545.HK,,600000.0,518000.0,974.5,1097.0
8547.HK,,50534000.0,41590600.0,44.0,59.0
8601.HK,,14000.0,9500.0,2077.0,2237.5
8603.HK,,598600.0,740350.0,977.0,961.0
8606.HK,,6000.0,15500.0,2178.5,2169.0
8607.HK,,0.0,0.0,2448.5,2491.5
8611.HK,,3666000.0,4289750.0,479.0,459.0
8612.HK,,269800.0,194550.0,1245.0,1456.0
8613.HK,,234000.0,95000.0,1292.5,1681.0
8616.HK,,92000.0,253000.0,1600.5,1358.0
8619.HK,,408000.0,466022.0,1093.0,1137.0
8620.HK,,65000.0,1101750.0,1703.5,840.0
8621.HK,,0.0,14000.0,2448.5,2182.0
8622.HK,,56000.0,108800.0,1754.0,1641.0
8623.HK,,56000.0,82750.0,1754.0,1728.0
8627.HK,,448000.0,192800.0,1072.0,1460.0
8629.HK,,600.0,750.0,2304.5,2395.5
8631.HK,,0.0,0.0,2448.5,2491.5
8635.HK,,153600.0,174600.0,1426.5,1500.0
8637.HK,,80000.0,137100.0,1640.0,1574.0
8645.HK,,94800.0,68400.0,1590.0,1795.0
8646.HK,,4362600.0,5445600.0,425.0,391.0
8657.HK,,19200.0,27100.0,2013.5,2069.0
8659.HK,,1772000.0,948250.0,678.0,883.0
86618.HK,,4150.0,2395.0,2210.0,2347.0
8668.HK,,26000.0,44500.0,1934.0,1935.0
89618.HK,,12890.0,7885.2,2086.0,2267.0
89888.HK,,25250.0,14585.0,1944.0,2176.0
89988.HK,,58364.0,64851.0,1739.0,1816.0
9600.HK,,71680.0,559960.0,1679.0,1071.0
9608.HK,,870000.0,3085500.0,874.0,550.0
9616.HK,,64000.0,78680.0,1707.0,1746.0
9618.HK,,17017977.2,10786270.5,135.0,219.0
9626.HK,,3039309.2,2944758.5,536.0,561.0
9633.HK,,3501808.4,6843572.75,495.0,317.0
9636.HK,,908380.0,1515680.85,861.0,743.0
9638.HK,,0.0,0.0,2448.5,2491.5
9658.HK,,272144.4,194751.7,1239.0,1454.0
9663.HK,,54900.0,376975.0,1759.0,1205.0
9668.HK,,643061.4,2583465.35,955.0,603.0
9669.HK,,547725.6,496721.4,1006.0,1119.0
9676.HK,,1214000.0,638540.0,780.0,1025.0
9677.HK,,400.0,400.0,2314.5,2404.5
9680.HK,,1220.0,36075.0,2284.0,1996.0
9686.HK,,42000.0,19000.0,1831.5,2141.5
9688.HK,,12702785.4,11114458.75,176.0,213.0
9689.HK,,124800.0,50600.0,1491.0,1899.5
9690.HK,,397047.4,662838.55,1101.0,1007.0
9696.HK,,4149568.8,4508916.1,443.0,445.0
9698.HK,,6581621.0,5058166.55,316.0,416.0
9699.HK,,1340431.2,1929402.8,753.0,676.0
9857.HK,,4520.0,7715.0,2207.0,2270.0
9858.HK,,23542008.8,31922326.45,102.0,80.0
9860.HK,,103400.0,108175.0,1560.0,1647.0
9863.HK,,6147506.2,7700924.55,336.0,288.0
9866.HK,,3348330.4,4414866.9,513.0,448.0
9868.HK,,10129857.2,12367524.0,215.0,187.0
9869.HK,,1129800.0,726325.0,799.0,965.0
9877.HK,,2876.0,310459.0,2247.0,1273.0
9878.HK,,442660.0,1121120.95,1074.0,836.0
9879.HK,,540200.0,516650.0,1012.0,1099.0
9880.HK,,6799690.4,5745323.15,303.0,379.0
9882.HK,,11600.0,31000.0,2093.0,2036.5
9885.HK,,1134680.0,758695.5,797.0,955.0
9886.HK,,141600.0,77325.0,1447.0,1750.0
9888.HK,,15769805.0,10447073.5,143.0,227.0
9889.HK,,74000.0,153850.0,1665.0,1539.0
9890.HK,,931666.2,1011424.55,853.0,861.0
9896.HK,,6761735.0,4329795.3,307.0,455.0
9898.HK,,91935.2,75429.2,1602.0,1764.0
9899.HK,,427620.8,654233.7,1085.0,1011.0
9900.HK,,2046400.0,2357099.05,634.0,633.0
9901.HK,,3851582.4,4899142.1,463.0,428.0
9906.HK,,0.0,0.0,2448.5,2491.5
9908.HK,,400.0,47600.0,2314.5,1916.0
9909.HK,,45500.0,121990.2,1814.0,1613.0
9911.HK,,5082256.6,6503532.7,380.0,334.0
9913.HK,,306036.6,472223.35,1194.0,1132.0
9916.HK,,27200.0,82000.0,1926.5,1733.5
9918.HK,,1200.0,12540.0,2287.5,2202.0
9919.HK,,25253.2,108588.75,1943.0,1643.0
9922.HK,,1661400.0,1672368.05,694.0,721.0
9923.HK,,200831.6,231334.6,1347.0,1391.0
9926.HK,,15647833.0,9068817.4,146.0,249.0
9928.HK,,201200.0,142219.2,1346.0,1563.0
9929.HK,,6564000.0,6616550.0,317.0,324.0
9930.HK,,9684.0,189378.25,2126.0,1467.0
9933.HK,,72000.0,94800.0,1677.0,1682.5
9936.HK,,1279800.0,1483200.0,766.0,753.0
9938.HK,,588000.0,1486500.0,984.0,751.0
9939.HK,,1033400.0,765750.0,821.0,951.0
9955.HK,,269420.0,314665.0,1246.0,1268.0
9958.HK,,62600.0,237000.0,1716.0,1381.0
9959.HK,,4444115.0,3973397.9,420.0,480.0
9960.HK,,106900.0,316575.0,1547.0,1267.0
9961.HK,,1986283.0,2626685.7,648.0,598.0
9963.HK,,442409.0,294052.25,1075.0,1296.0
9966.HK,,1199800.0,1058600.0,782.0,853.0
9968.HK,,3816800.0,3740600.0,468.0,497.0
9969.HK,,7432853.6,7331432.15,281.0,299.0
9978.HK,,2703200.0,7099595.0,555.0,310.0
9979.HK,,1427200.0,814379.0,743.0,934.0
9982.HK,,1904655.0,1220735.15,659.0,811.0
9983.HK,,289600.0,450300.0,1215.0,1147.0
9985.HK,,9042663.2,5290757.35,242.0,402.0
9986.HK,,0.0,0.0,2448.5,2491.5
9987.HK,,555756.0,817683.55,1002.0,932.0
9988.HK,,77731624.8,86511893.2,26.0,20.0
9989.HK,,775600.0,580550.0,902.0,1063.0
9990.HK,,118600.0,211100.0,1508.0,1422.0
9991.HK,,5120.0,28360.1,2194.0,2059.0
9992.HK,,9368695.6,10993132.6,234.0,215.0
9993.HK,,264028200.0,159750130.0,3.0,10.0
9995.HK,,3744644.2,3576975.4,473.0,512.0
9996.HK,,913600.0,962834.75,858.0,875.0
9998.HK,,224000.0,242000.0,1310.5,1375.0
9999.HK,,5800761.8,6250228.15,353.0,344.0
