Stock,RS,Volume SMA 5,Volume SMA 20,Volume SMA 5 Rank,Volume SMA 20 Rank
VYNE,100.0,,,,
AXTI,99.98421468034728,12741700.0,13365350.0,177.0,165.0
SNDK,99.96842936069456,19177580.0,17598165.0,109.0,133.0
MGRT,99.95264404104182,25960.0,24705.0,5131.0,5215.0
BVC,99.93685872138911,32500.0,61685.0,4984.5,4647.0
CCG,99.92107340173638,30500.0,22735.0,5033.0,5260.0
BANL,99.90528808208367,182900.0,280325.0,3684.0,3400.0
MBAI,99.88950276243094,28960.0,39465.0,5074.0,4944.0
NUAI,99.87371744277822,7418440.0,5783195.0,317.0,467.0
ERAS,99.8579321231255,2505860.0,3164390.0,937.0,839.0
ANRO,99.84214680347277,699500.0,441515.0,2279.0,2956.0
CLYM,99.82636148382005,1677940.0,1161000.0,1320.0,1855.0
PRAX,99.81057616416732,359100.0,434190.0,3020.0,2977.0
TNON,99.79479084451461,12180460.0,3999555.0,187.0,691.0
SLS,99.77900552486187,5902260.0,6023630.0,390.0,443.0
ANL,99.76322020520915,149340.0,161730.0,3868.0,3892.0
QTTB,99.74743488555643,276620.0,441710.0,3255.0,2955.0
MU,99.73164956590371,32396840.0,40914720.0,48.0,34.0
STTK,99.71586424625099,634500.0,908940.0,2404.0,2148.0
HYMC,99.70007892659827,1801000.0,1642465.0,1263.0,1496.0
RLMD,99.68429360694554,895820.0,1283105.0,1996.0,1754.0
ORKA,99.66850828729282,831880.0,778910.0,2084.0,2341.0
LITE,99.6527229676401,4936180.0,5348185.0,478.0,508.0
TRIB,99.63693764798737,58540.0,39258.15,4611.0,4948.0
BUUU,99.62115232833465,85500.0,85885.0,4339.0,4412.0
FBRX,99.60536700868192,1890020.0,2524485.0,1208.0,1055.0
SYRE,99.5895816890292,818360.0,841210.0,2107.0,2259.0
BFLY,99.57379636937648,4809660.0,6572450.0,490.0,406.0
MRNA,99.55801104972376,43295960.0,14946495.0,24.0,150.0
PRLD,99.54222573007104,458980.0,427035.0,2758.0,3000.0
WDC,99.52644041041832,8869280.0,8575880.0,265.0,301.0
BW,99.51065509076558,5875040.0,5180995.0,392.0,527.0
RLAY,99.49486977111287,1898140.0,2083610.0,1204.0,1233.0
SPRB,99.47908445146014,57500.0,49700.0,4621.0,4790.0
RVMD,99.46329913180742,1434200.0,1696565.0,1475.0,1454.0
IMMX,99.4475138121547,1402600.0,1542105.0,1497.0,1563.0
AEHR,99.43172849250197,3009560.0,2584760.0,784.0,1029.0
CXAI,99.41594317284925,12948700.0,6630805.0,175.0,398.0
DNTH,99.40015785319652,630700.0,778055.0,2413.0,2342.0
ANTX,99.38437253354381,250480.0,208390.0,3363.0,3674.0
OPTX,99.36858721389108,248480.0,407330.0,3370.0,3049.0
STX,99.35280189423837,4945500.0,5449585.0,477.0,492.0
NBTX,99.33701657458563,229840.0,154760.0,3451.0,3935.0
NTWOW,99.32123125493291,737447.6,197348.45,2220.0,3725.0
BNAI,99.30544593528019,105720.0,122605.0,4173.0,4134.0
TWST,99.28966061562747,1575100.0,1683915.0,1378.0,1468.0
PRPL,99.27387529597475,17560.0,32135.0,5336.5,5071.0
BYND,99.25808997632201,31137140.0,31012685.0,51.0,59.0
ALMS,99.2423046566693,898580.0,915795.0,1991.0,2144.0
SLGL,99.22651933701657,67240.0,58775.0,4505.0,4678.0
AMLX,99.21073401736386,7187120.0,3427640.0,327.0,781.0
FCEL,99.19494869771113,9741400.0,8767995.0,237.0,290.0
DFTX,99.1791633780584,2081600.0,2215315.0,1111.0,1185.0
MBX,99.16337805840568,484440.0,486710.0,2705.0,2851.0
AAOI,99.14759273875295,13858480.0,12950940.0,162.0,172.0
NESR,99.13180741910024,1958880.0,2185970.0,1167.0,1194.0
TXG,99.1160220994475,2602800.0,3072135.0,902.0,859.0
TSEM,99.1002367797948,1410800.0,2079070.0,1489.0,1236.0
VICR,99.08445146014206,1112420.0,875870.0,1750.0,2191.0
ARWR,99.06866614048934,1037600.0,1424135.0,1834.0,1634.0
BE,99.05288082083662,11989920.0,17158680.0,193.0,135.0
ANAB,99.0370955011839,275320.0,428590.0,3260.0,2994.0
DRTS,99.02131018153118,533320.0,519210.0,2601.0,2777.0
OMER,99.00552486187846,4802060.0,2469780.0,491.0,1072.0
INBX,98.98973954222573,274620.0,219495.0,3264.0,3625.0
CIEN,98.973954222573,2549840.0,2232440.0,921.0,1171.0
MXL,98.95816890292028,2712600.0,3565645.0,866.0,753.0
EDRY,98.94238358326756,121100.0,125940.0,4056.0,4111.0
BBGI,98.92659826361484,42220.0,58100.0,4808.5,4685.0
SMXT,98.91081294396211,69040.0,172925.0,4488.0,3837.0
APLM,98.89502762430939,23140.0,31265.0,5199.0,5086.0
VNCE,98.87924230465667,61880.0,68965.0,4565.5,4557.0
MAAS,98.86345698500395,254980.0,143835.0,3343.0,4002.0
FORM,98.84767166535123,1081960.0,1373715.0,1785.0,1675.0
NEWP,98.8318863456985,602680.0,558855.0,2460.0,2703.0
ALTO,98.81610102604577,1504440.0,2092690.0,1433.0,1225.0
ATEX,98.80031570639305,335920.0,350405.0,3086.0,3191.0
TRT,98.78453038674033,260500.0,283690.0,3322.0,3388.0
CDNA,98.76874506708761,981740.0,1162560.0,1889.0,1852.0
INTC,98.75295974743489,106483340.0,121629835.0,3.0,2.0
PACS,98.73717442778216,633460.0,888870.0,2407.0,2177.0
IRWD,98.72138910812944,1736960.0,2229595.0,1290.0,1174.0
SPHR,98.70560378847671,846500.0,838065.0,2070.0,2265.0
KOD,98.689818468824,681980.0,571015.0,2313.0,2681.0
SEPN,98.67403314917127,531620.0,425315.0,2607.0,3004.5
ARTV,98.65824782951856,305120.0,347505.0,3171.0,3200.0
IPSC,98.64246250986582,457840.0,583435.0,2761.0,2660.0
CLMT,98.6266771902131,1083540.0,1294840.0,1782.0,1747.0
CYPH,98.61089187056038,3682760.0,1876980.0,641.0,1336.0
DOCN,98.59510655090766,2241580.0,3175145.0,1041.0,836.0
APGE,98.57932123125494,1419300.0,1231705.0,1483.0,1796.0
BAND,98.5635359116022,747880.0,1208145.0,2204.0,1819.0
NVCT,98.5477505919495,186840.0,218875.0,3665.5,3627.0
MNPR,98.53196527229676,208580.0,289820.0,3553.0,3366.0
VIAV,98.51617995264405,4836400.0,5412045.0,487.0,497.0
ETON,98.50039463299132,1156240.0,660510.0,1710.5,2539.0
JUNS,98.4846093133386,84520.0,22147165.0,4348.0,100.0
GLBS,98.46882399368587,226960.0,184440.0,3463.0,3791.0
LVLU,98.45303867403314,15640.0,18770.0,5382.5,5360.0
IRD,98.43725335438043,604060.0,810990.0,2453.0,2297.0
ASX,98.4214680347277,7915560.0,8785875.0,295.0,289.0
ABSI,98.40568271507499,2787480.0,2672115.0,850.0,999.0
XNCR,98.38989739542225,1267140.0,1122430.0,1599.0,1890.0
TVTX,98.37411207576953,1289620.0,1738785.0,1581.0,1426.0
TNGX,98.35832675611681,1987780.0,2268130.0,1153.0,1149.0
ACRS,98.34254143646409,1379240.0,1941330.0,1515.0,1294.0
SLNHP,98.32675611681137,8540.0,7075.0,5634.5,5764.0
FET,98.31097079715865,164920.0,217795.0,3781.5,3632.5
ALM,98.29518547750592,6932440.0,7171105.0,337.0,367.0
GLUE,98.27940015785319,841960.0,1507830.0,2073.0,1582.0
TER,98.26361483820048,2777300.0,3635305.0,852.0,743.0
XHG,98.24782951854775,17829200.0,4461915.0,120.0,622.0
EVC,98.23204419889503,1409520.0,1910390.0,1491.0,1314.0
RLYB,98.2162588792423,26480.0,24020.0,5120.0,5233.0
NGL,98.20047355958958,311300.0,255255.0,3159.5,3480.0
RAPP,98.18468823993686,210560.0,279200.0,3545.0,3404.0
HUT,98.16890292028414,5519940.0,4981035.0,431.0,552.0
ZURA,98.15311760063142,808640.0,724690.0,2123.0,2429.0
IBRX,98.1373322809787,7234540.0,8765265.0,325.0,291.0
FSLY,98.12154696132596,5486160.0,6654735.0,435.0,396.0
MTC,98.10576164167324,9640.0,25440.0,5596.0,5195.0
ICHR,98.08997632202052,658720.0,973315.0,2358.0,2060.0
PL,98.0741910023678,4670500.0,6038670.0,508.0,441.0
IMOS,98.05840568271508,106700.0,116470.0,4166.0,4187.0
CMPS,98.04262036306235,2329160.0,2859765.0,1003.0,936.0
TRX,98.02683504340963,3093420.0,2561390.0,761.0,1042.0
EWTX,98.0110497237569,1235920.0,1304160.0,1636.0,1742.0
LPTH,97.99526440410419,3469200.0,2691545.0,680.0,991.0
PSNL,97.97947908445146,2520440.0,2806540.0,932.0,949.0
UCTT,97.96369376479875,1252380.0,1386735.0,1618.0,1666.0
SIMO,97.94790844514601,1159920.0,1432955.0,1707.0,1632.0
ACHV,97.93212312549329,2088560.0,1317450.0,1107.0,1733.0
IOVA,97.91633780584057,16542340.0,17915900.0,127.0,128.0
INNV,97.90055248618785,172760.0,218760.0,3737.0,3628.0
ROMA,97.88476716653513,6660.0,6810.0,5731.0,5780.0
COHR,97.86898184688239,9495020.0,7611315.0,245.0,338.0
DELL,97.85319652722968,5984600.0,5909325.0,384.0,458.0
ROIV,97.83741120757695,6102200.0,5687065.0,379.0,475.0
AXGN,97.82162588792424,800980.0,1005095.0,2132.0,2025.0
OVID,97.8058405682715,2008440.0,1636480.0,1141.0,1501.0
CGON,97.79005524861878,742340.0,795750.0,2215.0,2315.0
GSAT,97.77426992896606,746220.0,1022890.0,2206.0,1999.0
PBF,97.75848460931333,2467080.0,3331400.0,948.0,803.0
QURE,97.74269928966062,941760.0,1397495.0,1936.0,1655.0
LRCX,97.72691397000789,9175180.0,10812420.0,257.0,224.0
CGAU,97.71112865035518,1424960.0,1708270.0,1478.0,1447.0
COGT,97.69534333070244,1327660.0,1800280.0,1555.0,1380.0
MRVL,97.67955801104972,24901540.0,23187020.0,68.0,92.0
ENLT,97.663772691397,138480.0,203995.0,3941.0,3693.0
NBIS,97.64798737174428,31607880.0,28491625.0,50.0,68.0
AP,97.63220205209156,86460.0,110850.0,4331.0,4223.0
ACMR,97.61641673243882,1135700.0,1058300.0,1729.0,1953.0
JBIO,97.60063141278611,950040.0,850370.0,1927.0,2241.0
AGL,97.58484609313338,246000.0,403330.0,3382.5,3059.0
SOGP,97.56906077348066,8080.0,12290.0,5649.0,5541.0
AMAT,97.55327545382794,10176600.0,8001205.0,229.0,323.0
SAIH,97.53749013417521,32220.0,17200.0,4990.5,5398.0
PVLA,97.5217048145225,181040.0,168430.0,3691.0,3858.0
WHWK,97.50591949486977,281480.0,456215.0,3238.0,2916.0
BDSX,97.49013417521705,99060.0,87300.0,4230.5,4402.0
OESX,97.47434885556433,50500.0,97610.0,4703.0,4326.0
PLSE,97.45856353591161,483520.0,471275.0,2706.0,2882.0
AUGO,97.44277821625887,806460.0,846870.0,2126.0,2252.0
GREEL,97.42699289660615,6240.0,4460.0,5752.0,5912.0
ATI,97.41120757695343,1198600.0,1575545.0,1669.0,1542.0
CSAI,97.39542225730071,60520.0,491405.0,4587.0,2837.0
SIF,97.37963693764799,186840.0,186975.0,3665.5,3777.0
RYDE,97.36385161799527,214140.0,291600.0,3525.0,3358.0
WHLRL,97.34806629834254,11027.4,3624.7,5526.0,5950.0
IMVT,97.33228097868982,1223560.0,1070990.0,1645.0,1939.0
DSGN,97.31649565903709,567060.0,472810.0,2532.0,2880.0
CGEM,97.30071033938438,912940.0,626685.0,1968.0,2597.0
ELVN,97.28492501973165,606620.0,995235.0,2449.5,2035.0
TE,97.26913970007892,22920080.0,39160195.0,79.0,40.0
PHOE,97.2533543804262,13740.0,27240.0,5442.0,5158.5
QMCO,97.23756906077348,2842780.0,2424410.0,832.0,1090.0
ATRO,97.22178374112076,815940.0,672880.0,2114.0,2517.0
KYMR,97.20599842146804,627680.0,667255.0,2419.0,2528.0
IMNM,97.19021310181532,1368900.0,1130340.0,1521.0,1882.0
NBR,97.17442778216258,202120.0,269450.0,3587.0,3434.0
DK,97.15864246250987,1402620.0,1316285.0,1496.0,1734.0
RCUS,97.14285714285714,1404640.0,1219410.0,1495.0,1809.0
CRVS,97.12707182320443,754180.0,831650.0,2194.0,2273.0
NCEW,97.1112865035517,40.0,5320.0,6233.5,5853.0
MRAM,97.09550118389897,1620680.0,1372265.0,1345.0,1676.0
NEXA,97.07971586424625,454460.0,581390.0,2769.0,2665.0
RXT,97.06393054459352,7346200.0,7379380.0,318.0,353.0
LWLG,97.04814522494081,3104700.0,3164860.0,755.0,838.0
LBRX,97.03235990528808,338500.0,409875.0,3074.5,3045.0
UMAC,97.01657458563537,7892820.0,4956440.0,298.0,559.0
MRVI,97.00078926598263,4546780.0,2624650.0,519.0,1014.0
VSAT,96.98500394632991,1786100.0,2083665.0,1269.0,1232.0
OPAD,96.96921862667719,36400.0,52950.0,4910.0,4753.0
MKSI,96.95343330702447,1251860.0,1583275.0,1619.0,1538.0
TTMI,96.93764798737175,2976240.0,3338715.0,793.0,801.0
REPL,96.92186266771901,3007180.0,8065585.0,787.0,318.0
GH,96.9060773480663,2762080.0,2194710.0,858.0,1191.0
NKTR,96.89029202841357,687060.0,657960.0,2300.0,2543.0
TLPH,96.87450670876086,647860.0,321285.0,2381.0,3268.0
CRNX,96.85872138910813,2263740.0,2614275.0,1030.0,1021.0
PTGX,96.8429360694554,527120.0,492460.0,2618.0,2833.0
ONTO,96.82715074980268,1153760.0,1271625.0,1713.0,1763.0
COHU,96.81136543014996,1049780.0,1149885.0,1822.0,1863.0
SILC,96.79558011049724,320600.0,212465.0,3122.0,3658.0
SVM,96.77979479084452,2661420.0,2650980.0,882.0,1008.0
MGNX,96.7640094711918,743020.0,673000.0,2213.0,2515.0
SITM,96.74822415153906,412400.0,510325.0,2867.0,2795.0
NRIX,96.73243883188634,1236200.0,1076185.0,1635.0,1932.0
INTG,96.71665351223362,76980.0,119635.0,4420.5,4161.0
HBNB,96.7008681925809,1440.0,4415.0,6048.5,5916.0
PYXS,96.68508287292818,783460.0,1592150.0,2151.0,1531.0
LQDA,96.66929755327546,2194520.0,1620555.0,1063.0,1513.0
PALI,96.65351223362273,2010140.0,1877455.0,1140.0,1335.0
APPS,96.63772691397001,2737520.0,4262695.0,861.0,649.0
OCC,96.62194159431728,290260.0,237770.0,3215.0,3554.0
GPCR,96.60615627466457,540540.0,566160.0,2584.5,2690.0
TROO,96.59037095501184,293600.0,268110.0,3203.0,3440.0
ELVR,96.57458563535911,40520.0,45225.0,4836.0,4857.0
TWIN,96.55880031570639,102560.0,84830.0,4199.0,4422.0
NDLS,96.54301499605367,42680.0,85665.0,4803.0,4414.0
TGB,96.52722967640095,4669280.0,6503845.0,509.0,413.0
NEO,96.51144435674823,1099600.0,2382965.0,1760.0,1110.0
VSTS,96.4956590370955,1296560.0,1406285.0,1576.0,1648.0
UMC,96.47987371744277,10535440.0,14342065.0,223.0,156.0
HL,96.46408839779006,48304100.0,39958765.0,19.0,37.0
AMD,96.44830307813733,21440740.0,27783285.0,91.0,70.0
CIFR,96.43251775848461,39597060.0,35603655.0,29.0,47.0
AIP,96.41673243883189,567460.0,660735.0,2530.0,2538.0
BLTE,96.40094711917916,224780.0,178170.0,3473.0,3822.0
URGN,96.38516179952644,1165340.0,954370.0,1702.0,2089.0
AVR,96.36937647987371,720120.0,906270.0,2243.0,2155.0
HBB,96.353591160221,102000.0,74365.0,4206.0,4503.0
ALOT,96.33780584056827,102880.0,95760.0,4197.0,4336.0
PARR,96.32202052091556,855020.0,1118310.0,2056.0,1897.0
NRXS,96.30623520126282,67140.0,99070.0,4507.0,4313.0
ABCL,96.2904498816101,11860560.0,10034355.0,195.0,244.0
BTSG,96.27466456195738,1865440.0,3012310.0,1218.0,872.0
PAYS,96.25887924230466,601560.0,749200.0,2462.0,2386.0
NRGV,96.24309392265194,4210240.0,5526120.0,565.0,487.0
FRD,96.2273086029992,76060.0,90890.0,4432.0,4372.5
KOPN,96.2115232833465,4277700.0,4599115.0,548.0,607.0
EDSA,96.19573796369376,72760.0,61545.0,4453.0,4649.5
VLO,96.17995264404104,2067020.0,2588285.0,1115.0,1028.0
TRVI,96.16416732438832,1612420.0,1639205.0,1350.0,1497.0
GTE,96.1483820047356,816840.0,1819140.0,2113.0,1363.0
ASYS,96.13259668508287,682860.0,441835.0,2310.0,2954.0
CVV,96.11681136543015,220080.0,172090.0,3488.0,3842.0
HBM,96.10102604577743,4244420.0,5106290.0,556.0,535.0
KYTX,96.0852407261247,822700.0,762440.0,2097.0,2366.0
MTA,96.06945540647199,789920.0,495520.0,2144.0,2824.0
NUVB,96.05367008681925,8430480.0,6127320.0,282.0,436.0
CAMP,96.03788476716653,280100.0,220390.0,3248.0,3621.0
CPIX,96.02209944751381,81900.0,121915.0,4365.5,4142.0
WTTR,96.00631412786109,1024440.0,1810885.0,1844.0,1373.0
HP,95.99052880820837,982640.0,1307745.0,1888.0,1740.0
SMTC,95.97474348855565,3006840.0,2301865.0,789.0,1135.0
TLYS,95.95895816890292,118660.0,111690.0,4081.0,4219.0
TYRA,95.9431728492502,438020.0,655430.0,2809.0,2547.0
ECO,95.92738752959747,632160.0,541145.0,2408.0,2730.0
PRE,95.91160220994475,199540.0,134190.0,3601.0,4064.0
ERO,95.89581689029202,1249520.0,1251060.0,1623.0,1784.0
SLN,95.8800315706393,1421060.0,1936185.0,1481.0,1299.0
ECPG,95.86424625098658,385860.0,421780.0,2939.0,3010.0
PUMP,95.84846093133386,2399180.0,4158870.0,971.0,667.0
LCUT,95.83267561168114,206340.0,201790.0,3564.0,3704.0
YJ,95.81689029202842,25921760.0,9300130.0,62.0,268.0
IFRX,95.8011049723757,1089100.0,940160.0,1778.0,2106.0
HPE,95.78531965272296,17157480.0,16712510.0,121.0,136.0
WHLRP,95.76953433307025,220.0,850.0,6191.0,6145.5
ANIK,95.75374901341752,103080.0,119660.0,4193.0,4158.0
SND,95.7379636937648,326980.0,318230.0,3108.0,3278.0
BOLD,95.72217837411208,129680.0,259955.0,4000.0,3464.0
FIX,95.70639305445935,409260.0,488805.0,2877.0,2845.0
IAUX,95.69060773480663,9733000.0,10464200.0,238.0,233.0
BTSGU,95.6748224151539,25520.0,34580.0,5146.0,5023.0
FATE,95.65903709550119,1941020.0,2051650.0,1175.0,1244.0
FGI,95.64325177584846,21291700.0,5390875.0,93.0,503.0
NAT,95.62746645619575,2333760.0,2939820.0,998.0,899.0
PGEN,95.61168113654301,6455660.0,5989535.0,358.0,448.0
KNSA,95.59589581689029,484620.0,705340.0,2704.0,2465.0
WBD,95.58011049723757,19719080.0,22307570.0,104.0,99.0
AGCC,95.56432517758483,32500.0,70265.0,4984.5,4548.0
PLPC,95.54853985793213,95040.0,118120.0,4255.5,4176.0
PURR,95.53275453827939,17998260.0,9807125.0,119.0,251.0
STRO,95.51696921862668,401720.0,302175.0,2902.0,3323.0
LITB,95.50118389897395,7000.0,4465.0,5710.5,5911.0
WYY,95.48539857932124,215740.0,156090.0,3513.0,3921.0
INSW,95.4696132596685,451000.0,505675.0,2779.0,2800.0
IAG,95.45382794001578,5829440.0,6112575.0,398.0,437.0
NOK,95.43804262036306,94189880.0,91113505.0,5.0,5.0
CURR,95.42225730071034,217220.0,164645.0,3504.0,3877.0
DHC,95.40647198105762,1305820.0,1867600.0,1571.0,1344.0
BIOA,95.39068666140489,508680.0,1378690.0,2657.0,1672.0
THM,95.37490134175218,957720.0,1394515.0,1919.0,1661.0
ENVA,95.35911602209944,246000.0,343285.0,3382.5,3210.0
SMJF,95.34333070244672,1310240.0,1105715.0,1566.0,1906.0
SOPH,95.327545382794,497880.0,454180.0,2680.0,2923.0
LFST,95.31176006314128,3967060.0,4118360.0,600.0,673.0
OPHC,95.29597474348856,190600.0,219600.0,3647.0,3624.0
AG,95.28018942383584,9817400.0,10899500.0,234.0,220.0
PKOH,95.26440410418311,117460.0,109885.0,4090.0,4230.0
KLIC,95.2486187845304,884480.0,1058820.0,2013.0,1952.0
VELO,95.23283346487766,1576620.0,1837740.0,1377.0,1356.0
FEIM,95.21704814522494,210280.0,366935.0,3547.0,3148.0
PEPG,95.20126282557221,827560.0,1053930.0,2089.0,1958.0
AGX,95.1854775059195,331380.0,295930.0,3095.0,3343.0
ASML,95.16969218626677,1284660.0,1589465.0,1584.0,1534.0
FRO,95.15390686661405,2042220.0,1873690.0,1123.0,1338.0
BTE,95.13812154696133,11064820.0,15222845.0,209.0,147.0
ANNX,95.12233622730861,3096880.0,2618670.0,758.0,1020.0
OSS,95.10655090765589,916440.0,1024050.0,1966.0,1998.0
GHRS,95.09076558800315,272820.0,319035.0,3273.0,3275.0
ZNTL,95.07498026835043,1972640.0,1160900.0,1161.0,1856.0
GLW,95.05919494869771,9981700.0,13751190.0,232.0,162.0
LIND,95.04340962904499,776900.0,822970.0,2162.0,2284.0
STI,95.02762430939227,85240.0,125980.0,4340.0,4110.0
FBIOP,95.01183898973954,17680.0,13085.0,5329.0,5516.0
FDMT,94.99605367008682,1843820.0,887355.0,1232.0,2181.0
SLNH,94.98026835043409,11780100.0,10084000.0,197.0,242.0
PDFS,94.96448303078138,460380.0,532075.0,2754.0,2750.0
ORMP,94.94869771112864,239360.0,181960.0,3412.5,3804.0
OII,94.93291239147594,1017700.0,1178770.0,1852.0,1835.0
SHIP,94.9171270718232,247420.0,308720.0,3378.0,3304.0
MI,94.90134175217048,11500.0,34290.0,5516.5,5030.0
AVTX,94.88555643251776,698900.0,762810.0,2280.0,2365.0
POWL,94.86977111286504,533160.0,741015.0,2603.0,2401.0
KRYS,94.85398579321232,173980.0,558380.0,3728.0,2705.0
ALNT,94.83820047355958,226160.0,278785.0,3467.0,3406.0
VPG,94.82241515390687,712900.0,717160.0,2259.0,2441.0
GRAL,94.80662983425414,673920.0,722215.0,2329.0,2434.0
CERS,94.79084451460142,2483380.0,3102645.0,943.0,852.0
DGII,94.7750591949487,373720.0,360635.0,2974.0,3165.0
NVA,94.75927387529597,197100.0,231120.0,3617.0,3576.0
FLEX,94.74348855564325,2663220.0,4635470.0,880.0,599.0
HPE-PC,94.72770323599052,218475.6,214212.5,3498.0,3648.0
CADL,94.71191791633781,1909160.0,1268640.0,1195.0,1767.0
TMQ,94.69613259668508,921860.0,1225265.0,1955.0,1801.0
PBT,94.68034727703237,118060.0,163145.0,4084.0,3888.0
FTRE,94.66456195737963,1351760.0,1748770.0,1533.0,1418.0
BCAX,94.64877663772691,556500.0,670995.0,2551.0,2522.0
SKE,94.63299131807419,513780.0,521530.0,2645.0,2771.0
USAS,94.61720599842147,5070020.0,4774565.0,471.0,580.0
MSGE,94.60142067876875,396500.0,361385.0,2914.0,3163.0
KF,94.58563535911603,27920.0,31585.0,5096.0,5080.0
PTEN,94.5698500394633,6302200.0,8660635.0,370.0,298.0
ONFO,94.55406471981057,19208400.0,62003585.0,108.0,14.0
BLZE,94.53827940015785,3142040.0,3236230.0,745.0,818.0
CNC,94.52249408050513,3130440.0,5013610.0,749.0,548.0
CSTE,94.5067087608524,146760.0,104915.0,3882.0,4270.0
MAZE,94.49092344119968,388840.0,361520.0,2932.0,3162.0
HYLN,94.47513812154696,3678020.0,3482130.0,642.0,772.0
BB,94.45935280189424,9149300.0,12262150.0,259.0,191.0
ONDS,94.44356748224152,88618420.0,78141960.0,7.0,6.0
WTI,94.4277821625888,2591000.0,4248205.0,906.0,653.0
MPC,94.41199684293608,2379260.0,2377110.0,979.0,1114.0
MOV,94.39621152328334,136760.0,165985.0,3959.0,3872.0
FTK,94.38042620363062,1335120.0,739225.0,1546.0,2404.0
ABOS,94.3646408839779,463060.0,359355.0,2746.5,3171.0
CTRN,94.34885556432518,92800.0,123000.0,4286.0,4131.0
FTI,94.33307024467246,3256020.0,3461645.0,722.0,777.0
TSHA,94.31728492501973,2655840.0,2692925.0,885.0,990.0
NEOG,94.30149960536701,1662940.0,2388450.0,1326.0,1106.0
DCO,94.28571428571428,152680.0,245110.0,3841.0,3521.0
TOP,94.26992896606157,82120.0,97459.0,4362.0,4328.0
VIR,94.25414364640883,1457760.0,1505680.0,1455.0,1585.0
RNG,94.23835832675613,1353980.0,2578660.0,1530.0,1031.0
NWPX,94.22257300710339,120920.0,195295.0,4060.0,3734.0
SRZN,94.20678768745067,216080.0,279640.0,3510.0,3402.0
MTRN,94.19100236779795,316940.0,427880.0,3137.0,2996.0
CVE,94.17521704814521,5956100.0,7557040.0,385.0,342.0
NHC,94.1594317284925,115180.0,113120.0,4104.0,4207.0
CTNM,94.14364640883977,864580.0,469430.0,2043.0,2890.0
MTSI,94.12786108918706,1436380.0,1562145.0,1473.0,1553.0
MT,94.11207576953433,1494900.0,1471715.0,1436.0,1607.0
VSH,94.09629044988162,3242700.0,4830555.0,725.0,571.0
TNDM,94.08050513022889,1755540.0,2249235.0,1281.0,1157.0
TORO,94.06471981057616,23720.0,25445.0,5187.0,5193.0
DYN,94.04893449092344,1751280.0,2717930.0,1283.0,983.0
STRZ,94.03314917127071,282780.0,197385.0,3230.0,3723.0
DAR,94.017363851618,2014720.0,2238435.0,1137.0,1167.0
SEI,94.00157853196527,2330600.0,3383530.0,1002.0,790.0
EFXT,93.98579321231256,762580.0,786425.0,2181.0,2328.0
JAZZ,93.97000789265982,504320.0,792315.0,2666.0,2323.0
PENG,93.9542225730071,1741040.0,2180790.0,1287.0,1195.0
HSHP,93.93843725335438,346840.0,323270.0,3052.0,3261.0
CMDB,93.92265193370166,71720.0,70410.0,4462.0,4546.0
FLXS,93.90686661404894,128940.0,70610.0,4004.5,4544.0
APA,93.89108129439622,5540280.0,5959335.0,427.0,450.0
MG,93.8752959747435,264340.0,204910.0,3303.5,3689.0
ELA,93.85951065509076,130660.0,146490.0,3995.0,3984.0
ALXO,93.84372533543804,871860.0,1115875.0,2033.0,1900.0
KLAC,93.82794001578532,9721160.0,11881780.0,240.0,196.0
VTVT,93.8121546961326,48380.0,105030.0,4733.0,4267.0
DINO,93.79636937647987,2529500.0,2980690.0,926.0,888.0
TH,93.78058405682715,936420.0,1161405.0,1943.0,1854.0
AMKR,93.76479873717443,4449880.0,6300675.0,533.0,428.0
GTX,93.74901341752171,2422520.0,2295810.0,966.0,1138.0
TWLO,93.73322809786899,2577500.0,2620785.0,910.0,1016.0
MEI,93.71744277821625,561160.0,550560.0,2544.0,2718.0
CMBT,93.70165745856353,783580.0,802045.0,2150.0,2309.0
OBIO,93.68587213891081,623680.0,290915.0,2426.0,3363.0
GKOS,93.67008681925809,674220.0,935400.0,2327.0,2115.0
BWEN,93.65430149960537,453300.0,850730.0,2772.0,2238.0
SSRM,93.63851617995265,2306760.0,3067755.0,1011.0,860.0
KALU,93.62273086029992,259980.0,285265.0,3329.0,3383.0
TSAT,93.6069455406472,261360.0,283665.0,3318.0,3389.0
GRDX,93.59116022099447,208140.0,113305.0,3556.0,4206.0
ADAG,93.57537490134176,387860.0,303680.0,2934.0,3319.0
MOVE,93.55958958168902,109780.0,454385.0,4136.0,2922.0
GHM,93.5438042620363,168140.0,192040.0,3755.5,3756.0
SIDU,93.52801894238358,5484920.0,5963340.0,436.0,449.0
SSL,93.51223362273086,1191140.0,1105635.0,1678.0,1907.0
VGZ,93.49644830307814,1129800.0,1257525.0,1735.0,1777.0
FIGS,93.48066298342542,1715080.0,3382065.0,1306.0,791.0
RHLD,93.4648776637727,207300.0,166255.0,3559.0,3869.5
IMAX,93.44909234411996,1360560.0,1745110.0,1528.0,1420.0
TECK,93.43330702446725,2337080.0,2998230.0,996.0,879.0
OABI,93.41752170481452,5188100.0,1805220.0,462.0,1375.0
TALK,93.4017363851618,1081011.0,2456033.25,1786.0,1078.0
AREC,93.38595106550908,2414520.0,2407375.0,969.0,1100.0
ROLR,93.37016574585635,102540.0,75245.0,4200.0,4495.0
ELMD,93.35438042620363,61620.0,61545.0,4571.0,4649.5
MATX,93.3385951065509,204080.0,288070.0,3578.0,3372.0
TEVA,93.32280978689819,5539760.0,6035785.0,428.0,442.0
IESC,93.30702446724545,148000.0,187575.0,3874.5,3776.0
FNKO,93.29123914759275,818840.0,1358510.0,2105.0,1692.0
NVRI,93.27545382794001,413240.0,396700.0,2866.0,3080.0
IREN,93.25966850828729,51437760.0,46654570.0,18.0,28.0
CRS,93.24388318863457,477020.0,690565.0,2717.0,2485.0
PARK,93.22809786898185,36180.0,21940.0,4913.0,5280.0
MYSZ,93.21231254932913,2046520.0,571830.0,1122.0,2678.0
OBE,93.19652722967639,815400.0,894650.0,2115.0,2169.0
SCCO,93.18074191002368,1041100.0,1108590.0,1828.0,1904.0
ECOR,93.16495659037095,98840.0,87005.0,4234.0,4404.0
MYE,93.14917127071823,316720.0,444640.0,3139.5,2948.0
TALO,93.1333859510655,1516400.0,1991645.0,1428.0,1275.0
ADPT,93.11760063141278,1994600.0,2569285.0,1148.0,1037.0
PZG,93.10181531176006,511900.0,502060.0,2652.0,2807.0
TEN,93.08602999210734,234380.0,195800.0,3436.0,3733.0
QUIK,93.07024467245462,307900.0,295695.0,3164.0,3344.0
LGN,93.0544593528019,1392020.0,1352600.0,1502.0,1700.0
MSGS,93.03867403314918,332000.0,212610.0,3093.0,3656.0
ALLO,93.02288871349644,5282800.0,6060025.0,452.0,440.0
MTW,93.00710339384372,453780.0,382365.0,2771.0,3112.0
BVS,92.991318074191,584500.0,840605.0,2500.0,2260.0
EQ,92.97553275453828,460280.0,487515.0,2755.0,2847.0
CBLL,92.95974743488556,499640.0,469645.0,2675.0,2888.0
COCO,92.94396211523284,721820.0,1105555.0,2239.0,1908.0
BWAY,92.92817679558011,144440.0,164400.0,3899.0,3880.0
PANW,92.9123914759274,4853040.0,5712435.0,486.0,473.0
HAE,92.89660615627466,1115760.0,901310.0,1747.0,2160.0
LUNR,92.88082083662195,15834460.0,11059070.0,140.0,216.0
ILMN,92.86503551696921,1266500.0,1957925.0,1601.0,1286.5
HZO,92.8492501973165,841020.0,938855.0,2075.0,2108.0
DRUG,92.83346487766377,157120.0,184265.0,3824.0,3792.0
CCO,92.81767955801105,20961100.0,10085545.0,95.0,241.0
FROG,92.80189423835833,2124940.0,2381680.0,1093.0,1111.0
PFAI,92.7861089187056,5120.0,18205.0,5815.5,5374.0
SGHT,92.77032359905289,375220.0,316105.0,2969.0,3280.0
EC,92.75453827940015,1506320.0,2045130.0,1431.0,1246.0
AU,92.73875295974744,1918500.0,2620545.0,1188.0,1017.0
MAMA,92.72296764009471,531080.0,499450.0,2608.0,2813.0
MRX,92.707182320442,705880.0,686715.0,2270.0,2492.0
TNK,92.69139700078927,431260.0,372770.0,2823.0,3136.0
NTRA,92.67561168113654,1398300.0,1380250.0,1499.0,1671.0
NUTX,92.65982636148382,140980.0,159995.0,3921.0,3898.0
IBIO,92.64404104183109,1050480.0,725890.0,1820.0,2425.0
CVU,92.62825572217838,91780.0,65230.0,4291.0,4599.0
MCS,92.61247040252564,253320.0,371730.0,3351.5,3138.0
CIB,92.59668508287294,240200.0,332755.0,3407.0,3235.0
BELFB,92.5808997632202,164920.0,252970.0,3781.5,3498.0
ATNI,92.56511444356748,82580.0,89175.0,4358.0,4389.0
DWSN,92.54932912391476,306540.0,163780.0,3167.0,3884.0
PKE,92.53354380426204,212380.0,253075.0,3531.0,3496.0
CYTK,92.51775848460932,1635840.0,1894865.0,1338.0,1325.0
LONA,92.50197316495658,167040.0,50570.0,3763.0,4778.0
PXS,92.48618784530387,29020.0,32745.0,5071.5,5060.0
LXRX,92.47040252565114,2457860.0,2811595.0,952.0,948.0
SA,92.45461720599842,777020.0,644320.0,2161.0,2566.0
UGP,92.4388318863457,4049360.0,3192850.0,586.0,828.0
PUBM,92.42304656669297,821760.0,779230.0,2100.0,2340.0
RIG,92.40726124704025,46994120.0,46893560.0,22.0,26.0
CAT,92.39147592738753,2677080.0,3118475.0,879.0,850.0
CRDO,92.37569060773481,5215300.0,5224525.0,460.0,521.0
IRDM,92.35990528808208,1023400.0,1206910.0,1845.0,1820.0
TIGO,92.34411996842937,1370240.0,1464525.0,1519.0,1611.0
TWN,92.32833464877663,23500.0,32680.0,5190.0,5061.0
EXK,92.31254932912391,9143680.0,8133075.0,260.0,312.0
PCVX,92.29676400947119,871880.0,966235.0,2032.0,2072.0
PSX,92.28097868981847,2994480.0,2749155.0,790.0,971.0
ASM,92.26519337016575,4484840.0,4044885.0,526.0,681.0
BELFA,92.24940805051303,108700.0,184715.0,4146.0,3788.0
ESTA,92.2336227308603,409300.0,534330.0,2874.0,2747.0
OLMA,92.21783741120758,1184680.0,1043210.0,1683.0,1973.0
AXSM,92.20205209155485,554340.0,696355.0,2554.0,2476.0
NERV,92.18626677190213,593360.0,250370.0,2481.0,3504.0
VECO,92.1704814522494,662620.0,885270.0,2348.0,2185.0
WRN,92.15469613259668,822900.0,1008815.0,2096.0,2020.0
AMRX,92.13891081294396,1874240.0,1894695.0,1214.0,1326.0
CENX,92.12312549329124,2555340.0,2202160.0,917.0,1189.0
MPTI,92.10734017363852,126660.0,234180.0,4022.0,3567.0
ENS,92.0915548539858,771560.0,527120.0,2168.0,2759.0
TBBB,92.07576953433308,1414440.0,692340.0,1488.0,2482.0
KEYS,92.05998421468034,2197840.0,1358280.0,1061.0,1693.0
ARMP,92.04419889502763,94280.0,100250.0,4265.0,4299.0
GOLD,92.0284135753749,435080.0,392445.0,2815.0,3094.0
STM,92.01262825572218,9404260.0,11240545.0,249.0,213.0
BOTJ,91.99684293606946,51360.0,41795.0,4688.5,4902.0
MDB,91.98105761641673,1531020.0,1461495.0,1410.0,1614.0
OSCR,91.96527229676401,5221160.0,5814685.0,459.0,465.0
ZYME,91.94948697711128,586800.0,485145.0,2491.0,2857.0
NGNE,91.93370165745857,163760.0,174760.0,3790.0,3836.0
LEE,91.91791633780583,37580.0,46005.0,4885.0,4844.0
GPRE,91.90213101815313,1050340.0,1305930.0,1821.0,1741.0
VRT,91.88634569850039,4326200.0,6438035.0,543.0,417.0
AEIS,91.87056037884767,463840.0,712050.0,2745.0,2452.0
TII,91.85477505919495,451260.0,405640.0,2777.5,3055.0
ARCB,91.83898973954221,274460.0,379575.0,3266.0,3118.0
RDNW,91.8232044198895,69980.0,75705.0,4478.0,4487.0
DBI,91.80741910023677,407600.0,390600.0,2884.0,3098.0
ANDG,91.79163378058406,473260.0,411970.0,2724.0,3039.0
MUX,91.77584846093133,1605240.0,1044070.0,1358.0,1970.0
JBHT,91.76006314127861,837980.0,883305.0,2079.0,2188.0
NMM,91.74427782162589,135400.0,121415.0,3967.0,4146.0
AAMI,91.72849250197316,313080.0,402000.0,3155.0,3065.0
CPAC,91.71270718232044,50520.0,57170.0,4702.0,4700.0
GRC,91.69692186266772,134800.0,192930.0,3971.0,3749.0
KRT,91.681136543015,151560.0,145095.0,3850.0,3996.0
LGND,91.66535122336226,215380.0,285980.0,3516.0,3380.0
KZIA,91.64956590370956,162340.0,218335.0,3802.0,3631.0
GSIT,91.63378058405682,533100.0,608865.0,2604.0,2622.0
NVTS,91.6179952644041,14126280.0,15332130.0,156.0,145.0
PRPO,91.60220994475138,192200.0,115295.0,3633.0,4195.0
PBYI,91.58642462509866,239080.0,300195.0,3415.0,3328.0
FTNT,91.57063930544594,3764920.0,5350935.0,629.0,507.0
CRWD,91.55485398579322,7322800.0,7412805.0,321.0,350.0
SB,91.5390686661405,691820.0,734280.0,2290.0,2408.0
VAL,91.52328334648777,1346200.0,1159185.0,1538.0,1857.0
NAK,91.50749802683504,3459780.0,4144475.0,681.0,670.0
STRL,91.49171270718232,614740.0,851700.0,2441.0,2236.0
CBL,91.4759273875296,198880.0,255870.0,3605.5,3477.0
LAR,91.46014206787687,1984040.0,2040555.0,1155.0,1250.0
WHD,91.44435674822415,546900.0,829960.0,2571.0,2277.0
MGTX,91.42857142857143,858940.0,540820.0,2051.5,2731.0
TCMD,91.41278610891871,460680.0,361985.0,2753.0,3159.0
SHMD,91.39700078926597,455440.0,415685.0,2767.5,3027.0
AVAH,91.38121546961327,5848580.0,2910360.0,395.0,912.0
BW-PA,91.36543014996053,13034.4,13098.5,5460.0,5515.0
DRD,91.34964483030782,316500.0,288495.0,3142.0,3370.0
TGTX,91.33385951065509,1478020.0,2239185.0,1443.0,1166.0
RELL,91.31807419100237,191980.0,387340.0,3634.0,3103.0
MSBI,91.30228887134965,180340.0,198355.0,3697.0,3720.0
JLHL,91.28650355169692,308920.0,1926200.0,3162.0,1305.0
RCEL,91.2707182320442,616560.0,716640.0,2437.5,2442.0
PLXS,91.25493291239147,245620.0,328165.0,3386.0,3243.0
LSCC,91.23914759273876,1525580.0,2014465.0,1418.0,1259.0
B,91.22336227308602,10747680.0,10753820.0,215.0,226.0
DIBS,91.20757695343332,89380.0,104735.0,4313.0,4271.0
FLNT,91.19179163378058,32980.0,29145.0,4977.0,5121.0
BJRI,91.17600631412786,413380.0,528030.0,2865.0,2757.0
MITK,91.16022099447514,655700.0,768130.0,2365.0,2354.0
SII,91.1444356748224,177820.0,196960.0,3708.0,3727.0
CLDT,91.1286503551697,274160.0,326190.0,3268.0,3251.0
CYRX,91.11286503551696,515660.0,563165.0,2638.0,2693.0
BHE,91.09707971586425,303600.0,363830.0,3175.0,3154.0
CRL,91.08129439621152,870640.0,960640.0,2037.0,2081.0
AQB,91.0655090765588,140820.0,1462060.0,3923.0,1612.0
PEB,91.04972375690608,1812340.0,2235220.0,1256.0,1169.0
TRGP,91.03393843725335,1310840.0,1233395.0,1564.0,1791.0
LBRT,91.01815311760063,3029740.0,5915920.0,779.0,456.0
TBN,91.00236779794791,103780.0,120030.0,4189.0,4156.0
CDNL,90.98658247829519,1089340.0,828325.0,1777.0,2280.0
RILYL,90.97079715864245,9620.0,7805.0,5598.0,5735.5
FOSL,90.95501183898975,1109300.0,1124165.0,1753.0,1888.0
BORR,90.93922651933701,8381140.0,5903980.0,284.0,460.0
ENTG,90.92344119968429,2298660.0,2835695.0,1015.0,943.0
LION,90.90765588003157,2332020.0,2672720.0,999.0,998.0
CSTM,90.89187056037885,1389620.0,1616115.0,1505.0,1517.0
AIR,90.87608524072613,658540.0,432225.0,2360.0,2982.0
UUU,90.8602999210734,85000.0,31570.0,4342.0,5081.0
SENEB,90.84451460142068,340.0,165.0,6173.5,6220.0
DHX,90.82872928176795,263440.0,221555.0,3306.0,3615.0
BVN,90.81294396211523,758320.0,757545.0,2189.0,2376.0
STLD,90.7971586424625,1142040.0,1119255.0,1724.0,1894.0
LLY,90.78137332280978,2611200.0,2793255.0,898.0,954.0
KFRC,90.76558800315706,272720.0,277480.0,3274.0,3409.0
HIMX,90.74980268350434,1062520.0,1511345.0,1811.0,1579.0
ANGO,90.73401736385162,337040.0,468680.0,3081.0,2892.0
SVRA,90.7182320441989,1507600.0,1534650.0,1430.0,1565.0
INTT,90.70244672454618,126920.0,156720.0,4020.0,3915.0
MKDW,90.68666140489346,980.0,1970.0,6096.0,6062.0
IMUX,90.67087608524072,163140.0,167725.0,3794.0,3861.0
SENEA,90.655090765588,87300.0,101285.0,4327.0,4292.0
IMDX,90.63930544593528,411120.0,201025.0,2870.0,3706.0
HLP,90.62352012628256,39140.0,76570.0,4865.0,4482.0
AGEN,90.60773480662984,1192940.0,1661045.0,1676.0,1479.0
ADEA,90.59194948697711,994099.8,1164618.95,1880.0,1849.0
EGO,90.5761641673244,2240540.0,2682520.0,1042.0,993.0
VBNK,90.56037884767166,108820.0,101540.0,4143.0,4290.0
AMN,90.54459352801895,513200.0,757720.0,2646.0,2374.0
ATAI,90.52880820836621,7486680.0,8759325.0,313.0,292.0
DHT,90.51302288871351,3313020.0,2993250.0,710.0,881.0
CELC,90.49723756906077,955720.0,1013920.0,1920.0,2013.0
NEM,90.48145224940805,7007960.0,7299405.0,332.0,362.0
PLRZ,90.46566692975533,113340.0,80985.0,4116.0,4445.0
DDOG,90.4498816101026,3977880.0,5351725.0,598.0,506.0
HFBL,90.43409629044989,2100.0,3755.0,5988.0,5947.0
ZBIO,90.41831097079715,1072820.0,708540.0,1796.5,2461.0
HQI,90.40252565114444,32220.0,25350.0,4990.5,5198.0
HLX,90.38674033149171,1182060.0,1494520.0,1686.0,1591.0
MRK,90.37095501183899,13449000.0,9643940.0,166.0,257.0
RILYP,90.35516969218627,10820.0,9340.0,5539.0,5663.0
DTIL,90.33938437253354,260900.0,256695.0,3321.0,3474.0
UFI,90.32359905288082,297280.0,157070.0,3194.0,3910.0
EZPW,90.30781373322809,920540.0,1066770.0,1957.0,1944.0
BFH,90.29202841357538,353120.0,518560.0,3038.0,2779.0
ASA,90.27624309392264,40620.0,47715.0,4834.0,4815.0
LNTH,90.26045777426994,1455240.0,2096590.0,1458.0,1222.0
SRRK,90.2446724546172,952300.0,1033915.0,1922.0,1986.0
FIVE,90.22888713496448,805440.0,889190.0,2127.0,2175.0
INVX,90.21310181531176,597640.0,772110.0,2469.0,2347.0
FDX,90.19731649565904,1529760.0,1508810.0,1411.0,1581.0
TTI,90.18153117600632,1721300.0,1939995.0,1301.0,1296.0
DIOD,90.1657458563536,1232580.0,680070.0,1640.0,2503.0
NTAP,90.14996053670087,2604340.0,2462355.0,901.0,1074.0
XMTR,90.13417521704814,414820.0,701430.0,2857.0,2469.0
ALKS,90.11838989739542,1218660.0,1654000.0,1651.0,1485.0
STOK,90.1026045777427,693520.0,862635.0,2288.0,2211.0
UVE,90.08681925808997,175600.0,210840.0,3719.0,3667.0
TXMD,90.07103393843725,26840.0,19515.0,5111.0,5334.0
ANDE,90.05524861878453,299280.0,337980.0,3190.0,3220.0
RCKY,90.03946329913181,40400.0,73645.0,4839.5,4511.0
PMTS,90.02367797947909,112840.0,99980.0,4119.0,4305.0
MYRG,90.00789265982635,263420.0,320605.0,3307.0,3271.0
DLTH,89.99210734017365,38380.0,46165.0,4873.0,4841.0
BOF,89.97632202052091,45540.0,24050.0,4759.0,5232.0
TBI,89.96053670086819,253320.0,348620.0,3351.5,3197.0
CDE,89.94475138121547,40287660.0,38886380.0,27.0,41.0
RMCO,89.92896606156275,11580.0,16095.0,5511.5,5427.0
CLBK,89.91318074191003,4671740.0,6271540.0,507.0,431.0
ARM,89.8973954222573,4259000.0,5422600.0,553.0,495.0
PWR,89.88161010260458,1119980.0,1213130.0,1740.0,1813.0
AAUC,89.86582478295185,591720.0,1037230.0,2483.0,1983.0
M,89.85003946329914,5106980.0,4786000.0,469.0,577.0
CAMT,89.8342541436464,404080.0,556490.0,2894.0,2710.0
VATE,89.8184688239937,268300.0,1005885.0,3287.0,2023.0
SHOO,89.80268350434096,919960.0,1108200.0,1959.0,1905.0
UNFI,89.78689818468824,444420.0,467875.0,2794.0,2895.0
MLYS,89.77111286503552,937120.0,762905.0,1941.0,2364.0
OIS,89.75532754538278,497240.0,647010.0,2682.0,2560.0
NVT,89.73954222573008,1920560.0,2291410.0,1185.0,1142.0
CYCN,89.72375690607734,30020.0,24545.0,5046.5,5220.0
JCSE,89.70797158642463,9720.0,7330.0,5588.5,5755.0
HCC,89.6921862667719,514840.0,685685.0,2640.0,2494.0
LTRX,89.67640094711918,860120.0,673510.0,2050.0,2513.0
CABA,89.66061562746646,6158560.0,3677785.0,375.0,735.0
MLAB,89.64483030781373,197120.0,155490.0,3616.0,3927.0
SU,89.62904498816101,3358940.0,4618235.0,695.0,605.0
NVEC,89.61325966850828,169160.0,236590.0,3746.0,3558.0
LASR,89.59747434885557,1063780.0,1398430.0,1808.0,1654.0
VET,89.58168902920283,1284700.0,1636515.0,1583.0,1500.0
TK,89.56590370955013,554940.0,520200.0,2553.0,2774.0
AMCX,89.55011838989739,463980.0,836075.0,2744.0,2267.0
USEA,89.53433307024467,63840.0,54505.0,4539.0,4728.0
AA,89.51854775059195,4924420.0,5076805.0,480.0,538.0
KMTS,89.50276243093923,241620.0,311165.0,3399.5,3297.0
SWBI,89.4869771112865,370000.0,398305.0,2988.0,3075.0
NPCE,89.47119179163377,142500.0,252990.0,3909.5,3497.0
CHEF,89.45540647198106,1068160.0,730370.0,1802.0,2417.0
SABS,89.43962115232833,373120.0,460620.0,2975.0,2908.0
DNLI,89.4238358326756,1097960.0,1392920.0,1766.0,1662.0
BRKRP,89.40805051302289,4620.0,10460.0,5846.0,5619.0
SMC,89.39226519337016,43560.0,58885.0,4787.0,4674.0
PR,89.37647987371744,8600400.0,8917500.0,277.0,284.0
SKM,89.36069455406472,2171560.0,2540940.0,1078.0,1051.0
OOMA,89.344909234412,302680.0,379850.0,3178.0,3117.0
NAMMW,89.32912391475928,1200.0,3135.0,6067.0,5973.0
UFCS,89.31333859510656,120880.0,138265.0,4061.0,4032.0
APLD,89.29755327545382,16704800.0,19538765.0,123.0,117.0
BHP,89.2817679558011,3301160.0,2669680.0,713.0,1001.0
FVNNR,89.26598263614838,1564.0,14114.35,6034.0,5471.0
NRT,89.25019731649566,60800.0,50145.0,4582.0,4785.0
KGS,89.23441199684294,1470360.0,1754405.0,1449.0,1408.0
ABVX,89.21862667719022,746000.0,857520.0,2207.0,2220.0
ZGN,89.2028413575375,1051780.0,1019980.0,1816.0,2004.0
EQNR,89.18705603788477,2368520.0,3263920.0,985.0,815.0
DUOT,89.17127071823204,3101700.0,1323180.0,757.0,1728.0
NUE,89.15548539857933,1735500.0,1563865.0,1292.0,1552.0
ACRV,89.1397000789266,748820.0,409855.0,2203.0,3046.0
RPRX,89.12391475927387,2360240.0,2774600.0,989.0,959.0
KN,89.10812943962115,690780.0,1034595.0,2292.0,1985.0
DAVE,89.09234411996843,484880.0,464640.0,2703.0,2902.0
BRKR,89.07655880031571,1650900.0,2433885.0,1332.0,1086.0
CBNA,89.06077348066297,14740.0,23040.0,5412.0,5251.0
BBIO,89.04498816101027,2634560.0,2293045.0,891.0,1141.0
ECG,89.02920284135753,580680.0,601850.0,2505.0,2632.0
ROG,89.01341752170482,180840.0,239610.0,3693.0,3547.0
AMWL,88.99763220205209,100720.0,122320.0,4220.0,4136.0
KFFB,88.98184688239937,1520.0,3155.0,6040.0,5970.0
CAKE,88.96606156274665,1757020.0,2024110.0,1280.0,1254.0
TSM,88.95027624309392,9286180.0,12327135.0,254.0,188.0
USIO,88.9344909234412,877080.0,523545.0,2024.0,2766.0
SNX,88.91870560378847,779740.0,702665.0,2157.0,2468.0
XPRO,88.90292028413576,825440.0,925675.0,2092.0,2126.0
RYOJ,88.88713496448302,62840.0,86310.0,4549.0,4408.0
CLDX,88.87134964483032,908280.0,949215.0,1973.0,2098.0
HELP,88.85556432517758,1298140.0,1715900.0,1574.0,1437.0
FCAP,88.83977900552486,18400.0,15895.0,5307.0,5435.0
BEAM,88.82399368587214,1804020.0,1706745.0,1259.0,1449.0
RYAM,88.80820836621942,926020.0,1028090.0,1951.0,1994.0
AMAL,88.7924230465667,156560.0,155900.0,3829.0,3924.0
ROKU,88.77663772691396,1946980.0,2676760.0,1173.0,996.0
NTCT,88.76085240726125,607520.0,591025.0,2448.0,2651.0
PRLB,88.74506708760852,183480.0,200110.0,3682.0,3710.0
SGML,88.7292817679558,2253140.0,1787645.0,1037.0,1388.0
KLRS,88.71349644830308,44740.0,79330.0,4772.0,4459.0
ZIM,88.69771112865035,4032840.0,1982850.0,589.0,1276.0
GOOGL,88.68192580899763,18575980.0,29787000.0,112.0,63.0
KELYB,88.66614048934491,1060.0,825.0,6082.5,6148.0
STNG,88.65035516969219,766500.0,817840.0,2175.0,2288.0
LQDT,88.63456985003947,219540.0,227150.0,3491.0,3591.0
ENTA,88.61878453038673,204980.0,171205.0,3573.0,3845.0
RKLB,88.60299921073401,16216140.0,18866950.0,131.0,121.0
UTHR,88.58721389108129,427380.0,521045.0,2830.0,2772.0
CTMX,88.57142857142857,2528260.0,2267580.0,927.0,1150.0
IMPP,88.55564325177585,381320.0,277070.0,2952.0,3412.0
ASC,88.53985793212313,501820.0,574675.0,2671.0,2673.0
CARE,88.5240726124704,366440.0,433085.0,3004.0,2981.0
PGC,88.50828729281768,140560.0,191140.0,3925.0,3761.0
POWW,88.49250197316496,543300.0,655155.0,2580.0,2549.0
KURA,88.47671665351223,3326400.0,1714765.0,703.0,1441.0
OVV,88.46093133385952,3995160.0,3752050.0,593.0,722.0
SIFY,88.44514601420678,19840.0,36100.0,5271.0,4992.5
NOV,88.42936069455406,2651260.0,3549780.0,887.0,757.0
VREX,88.41357537490134,944520.0,1386600.0,1933.0,1667.0
GOOG,88.39779005524862,13224080.0,19969005.0,172.0,113.0
NE,88.3820047355959,886560.0,1542600.0,2010.0,1562.0
AVAL,88.36621941594316,184460.0,172255.0,3676.0,3841.0
STT,88.35043409629046,1350900.0,1573695.0,1534.0,1544.0
XFOR,88.33464877663772,766420.0,708320.0,2176.0,2463.0
CABR,88.31886345698501,41020.0,85210.0,4825.0,4419.0
CVGI,88.30307813733228,359020.0,545175.0,3022.0,2722.0
POET,88.28729281767956,13046700.0,12781295.0,174.0,174.0
KODK,88.27150749802684,780680.0,925445.0,2154.0,2127.0
MEOH,88.25572217837411,677280.0,860555.0,2320.0,2216.0
ARW,88.23993685872139,618600.0,629000.0,2435.0,2591.0
DAN,88.22415153906866,1689620.0,1490715.0,1314.0,1594.0
INDV,88.20836621941595,2031880.0,2433565.0,1127.0,1087.0
RIO,88.19258089976321,2547500.0,2513795.0,922.0,1059.0
CNQ,88.17679558011051,6135480.0,6557445.0,377.0,407.0
WT,88.16101026045777,1527500.0,2408180.0,1414.0,1098.0
MYO,88.14522494080505,936520.0,669460.0,1942.0,2524.0
CTOS,88.12943962115233,876180.0,1189755.0,2025.0,1830.0
CORT,88.1136543014996,734780.0,1187050.0,2223.0,1832.0
MBIN,88.09786898184689,137880.0,171175.0,3949.0,3846.0
ICCC,88.08208366219415,60320.0,28895.0,4590.0,5126.5
SANM,88.06629834254144,534020.0,832635.0,2597.0,2271.0
DAO,88.05051302288871,87560.0,57585.0,4326.0,4692.0
UNF,88.03472770323599,124280.0,140455.0,4034.5,4022.0
VOXR,88.01894238358327,533520.0,447380.0,2600.0,2939.0
RANI,88.00315706393054,1143920.0,787710.0,1722.0,2326.0
FCX,87.98737174427782,10897880.0,12753520.0,211.0,176.0
SLAB,87.9715864246251,261680.0,252080.0,3315.0,3501.0
UNIT,87.95580110497238,2030340.0,2410380.0,1129.0,1094.0
WULF,87.94001578531964,32650560.0,33064845.0,47.0,52.0
AVT,87.92423046566694,1186020.0,1287255.0,1682.0,1751.0
CASY,87.9084451460142,274500.0,293455.0,3265.0,3353.0
CSCO,87.89265982636148,30367220.0,23189975.0,54.0,91.0
BKD,87.87687450670876,4008080.0,5397075.0,592.0,501.0
PODC,87.86108918705604,104780.0,77495.0,4182.0,4477.0
KNX,87.84530386740332,2518460.0,3900305.0,934.0,707.0
XENE,87.8295185477506,716360.0,624675.0,2250.0,2598.0
FBYD,87.81373322809787,70040.0,100120.0,4477.0,4300.0
MUR,87.79794790844515,1887540.0,1811030.0,1209.0,1372.0
TX,87.78216258879242,437500.0,716490.0,2811.0,2443.0
WATT,87.7663772691397,287420.0,211135.0,3223.0,3661.5
LFUS,87.75059194948697,274960.0,347610.0,3263.0,3199.0
HAL,87.73480662983425,8731460.0,10495970.0,269.0,232.0
VIST,87.71902131018153,1183740.0,977440.0,1684.0,2057.0
SNOW,87.70323599052881,3317660.0,4957940.0,709.0,558.0
ATLO,87.68745067087609,35780.0,32185.0,4923.0,5070.0
ASRV,87.67166535122335,28240.0,30045.0,5091.0,5107.0
MD,87.65588003157065,847400.0,819440.0,2069.0,2287.0
TKR,87.64009471191791,993200.0,1044055.0,1881.0,1971.0
WCC,87.6243093922652,473580.0,659080.0,2721.0,2541.0
HWM,87.60852407261247,2132280.0,2225845.0,1090.0,1178.0
PHVS,87.59273875295975,761880.0,556770.0,2182.0,2709.0
TKNO,87.57695343330703,516220.0,253960.0,2634.0,3489.0
QUAD,87.5611681136543,513160.0,464780.0,2647.0,2901.0
RCMT,87.54538279400158,197780.0,74275.0,3611.0,4504.0
SQM,87.52959747434885,854520.0,899545.0,2058.0,2163.0
VCTR,87.51381215469614,493340.0,574885.0,2687.0,2672.0
MASS,87.4980268350434,527940.0,471385.0,2612.5,2881.0
PRM,87.4822415153907,1275880.0,1755360.0,1590.0,1407.0
ESCA,87.46645619573796,39500.0,53710.0,4857.5,4744.0
STK,87.45067087608524,52760.0,73685.0,4673.0,4510.0
DDD,87.43488555643252,2180820.0,3675445.0,1074.0,736.0
BIIB,87.41910023677978,722480.0,968780.0,2238.0,2068.0
WFRD,87.40331491712708,749380.0,925720.0,2202.0,2125.0
BWFG,87.38752959747434,65120.0,70855.0,4526.0,4538.0
IMO,87.37174427782163,451380.0,499380.0,2776.0,2815.0
DSX,87.3559589581689,926180.0,802125.0,1950.0,2308.0
CHMG,87.34017363851618,36720.0,62920.0,4900.0,4630.0
FIEE,87.32438831886346,1903300.0,1272475.0,1201.0,1762.0
SI,87.30860299921073,155220.0,123725.0,3833.0,4125.0
AMG,87.29281767955801,298200.0,254980.0,3193.0,3482.0
HQL,87.27703235990529,169540.0,178905.0,3744.0,3818.0
NNBR,87.26124704025257,3223540.0,3083035.0,730.0,856.0
PDS,87.24546172059983,110680.0,138935.0,4128.0,4028.0
TDW,87.22967640094711,512280.0,662655.0,2650.0,2534.0
CLOV,87.21389108129439,3724060.0,4484160.0,635.0,620.0
ALB,87.19810576164167,1849180.0,2266165.0,1224.0,1151.0
OUT,87.18232044198895,1676460.0,1973430.0,1322.0,1281.0
COKE,87.16653512233623,354080.0,487440.0,3037.0,2848.0
RMAX,87.1507498026835,831440.0,573060.0,2085.0,2675.0
FSM,87.13496448303079,5945580.0,6018255.0,386.0,445.0
SLDB,87.11917916337806,812420.0,918265.0,2119.0,2139.0
LPG,87.10339384372534,518420.0,609255.0,2630.0,2620.0
CECO,87.0876085240726,819560.0,1097275.0,2103.0,1914.0
GCT,87.07182320441989,508960.0,729250.0,2656.0,2418.0
MGA,87.05603788476716,850120.0,1300905.0,2064.0,1743.0
OPY,87.04025256511444,157440.0,136150.0,3823.0,4051.0
ADI,87.02446724546172,4036900.0,3989380.0,588.0,692.0
KOS,87.008681925809,10696400.0,12712760.0,216.0,177.0
ATKR,86.99289660615628,788320.0,1460340.0,2146.0,1616.0
DCTH,86.97711128650354,577900.0,732475.0,2510.0,2412.0
CSTL,86.96132596685084,380140.0,525930.0,2953.0,2763.0
SLB,86.9455406471981,7461980.0,11458300.0,314.0,207.0
GRDN,86.9297553275454,332160.0,350145.0,3091.0,3192.0
ROST,86.91397000789266,2726180.0,2294305.0,863.0,1139.0
CRDL,86.89818468823994,1910380.0,1165575.0,1194.0,1848.0
GNK,86.88239936858722,421080.0,371630.0,2842.0,3139.0
SNDA,86.8666140489345,389760.0,464810.0,2929.0,2900.0
EGY,86.85082872928177,1142080.0,1220010.0,1723.0,1807.0
FSTR,86.83504340962904,66620.0,83300.0,4512.0,4431.0
E,86.81925808997633,405860.0,417905.0,2889.0,3018.0
SOTK,86.8034727703236,19820.0,35485.0,5273.0,5007.0
BKSY,86.78768745067089,879300.0,1047655.0,2018.0,1963.0
BIXIW,86.77190213101815,32120.0,9725.0,4993.0,5650.0
TD,86.75611681136543,1846020.0,2155135.0,1229.0,1203.0
HSBC,86.74033149171271,909160.0,1254235.0,1971.0,1782.0
DRH,86.72454617205997,1860700.0,2573330.0,1220.0,1035.0
HTLD,86.70876085240727,1008840.0,816650.0,1865.0,2289.0
SSP,86.69297553275453,516040.0,675315.0,2635.0,2509.0
IDYA,86.67719021310182,578120.0,711230.0,2509.0,2456.0
KRNY,86.66140489344909,1016800.0,652430.0,1854.0,2555.0
GCTS,86.64561957379637,2248840.0,2523185.0,1039.0,1056.0
CM,86.62983425414365,1207800.0,932455.0,1662.0,2118.0
RFIL,86.61404893449092,234600.0,230565.0,3433.0,3580.0
TRST,86.5982636148382,133660.0,121405.0,3979.0,4147.0
EE,86.58247829518547,317840.0,324875.0,3130.0,3256.0
SBLK,86.56669297553276,1653900.0,1472780.0,1329.0,1605.0
SPB,86.55090765588002,393900.0,390780.0,2918.0,3097.0
ODC,86.53512233622732,107620.0,138005.0,4158.0,4035.0
DC,86.51933701657458,1301980.0,1312350.0,1573.0,1738.0
CV,86.50355169692186,107540.0,97805.0,4159.0,4323.0
ESLT,86.48776637726914,100800.0,89440.0,4217.5,4387.0
FVR,86.47198105761642,438360.0,238625.0,2807.0,3550.0
EQX,86.4561957379637,11533660.0,16344270.0,199.0,137.0
HXL,86.44041041831098,645080.0,961230.0,2385.0,2080.0
BWA,86.42462509865825,2024380.0,2299395.0,1135.0,1137.0
CODI,86.40883977900552,873900.0,754850.0,2028.5,2380.0
RRBI,86.3930544593528,42640.0,67550.0,4804.0,4568.0
TDAY,86.37726913970008,2778500.0,2772860.0,851.0,961.0
PAAS,86.36148382004735,5696080.0,4217475.0,415.0,657.0
PKBK,86.34569850039463,53480.0,44045.0,4670.0,4875.0
INOD,86.32991318074191,1325220.0,1568135.0,1556.0,1548.0
SMHI,86.31412786108919,84720.0,129200.0,4346.0,4096.0
RDVT,86.29834254143647,248140.0,297615.0,3372.0,3337.0
SDRL,86.28255722178373,533900.0,722020.0,2599.0,2435.0
AVIR,86.26677190213103,325080.0,383630.0,3112.0,3109.0
SNEX,86.25098658247829,950080.0,1015405.0,1926.0,2011.5
MEC,86.23520126282557,477040.0,682275.0,2716.0,2499.0
LTH,86.21941594317285,2699480.0,3201585.0,873.0,827.0
ARQT,86.20363062352013,1480520.0,1565510.0,1441.0,1550.0
GEV,86.1878453038674,2033060.0,2387175.0,1126.0,1107.0
EXPE,86.17205998421468,1329140.0,1646045.0,1552.0,1492.0
WPM,86.15627466456196,2662480.0,2131065.0,881.0,1214.0
FISI,86.14048934490923,138060.0,159485.0,3947.0,3902.0
JRSH,86.12470402525652,109640.0,94110.0,4137.0,4344.0
DXPE,86.10891870560378,148980.0,154025.0,3869.0,3940.0
DGICB,86.09313338595108,2380.0,10300.0,5974.5,5622.0
CGEN,86.07734806629834,196660.0,249480.0,3620.0,3506.0
RIOT,86.06156274664562,19620020.0,23025765.0,106.0,95.0
RLJ,86.0457774269929,1498560.0,1837780.0,1434.0,1355.0
TPC,86.02999210734016,342900.0,1005720.0,3061.0,2024.0
IBTA,86.01420678768746,236760.0,325360.0,3424.0,3253.0
SCHL,85.99842146803472,261420.0,393360.0,3317.0,3093.0
ALLR,85.98263614838201,84860.0,73610.0,4344.0,4512.0
BNY,85.96685082872928,2108480.0,2545045.0,1099.0,1049.0
BTU,85.95106550907656,2347720.0,2584390.0,993.0,1030.0
BYFC,85.93528018942384,1160.0,6185.0,6070.5,5814.0
DAC,85.91949486977111,124840.0,128400.0,4031.0,4099.0
CAH,85.90370955011839,1900380.0,2021175.0,1202.0,1255.0
THC,85.88792423046566,658760.0,1209005.0,2357.0,1817.0
CCXIU,85.87213891081295,7220.0,15790.0,5699.0,5438.0
ATLC,85.85635359116021,137080.0,167325.0,3957.0,3864.0
ACLS,85.8405682715075,283740.0,399755.0,3229.0,3072.0
LB,85.82478295185477,276320.0,323815.0,3256.0,3258.0
BWLP,85.80899763220205,281060.0,289240.0,3241.0,3367.0
DIN,85.79321231254933,228860.0,256175.0,3459.0,3476.0
PSMT,85.77742699289661,193920.0,248620.0,3624.0,3510.0
DNN,85.76164167324389,23762400.0,23660180.0,74.0,88.0
ASTC,85.74585635359117,81540.0,323785.0,4371.0,3259.0
WEYS,85.73007103393844,24720.0,25765.0,5164.5,5189.0
UPC,85.71428571428571,23440.0,2091300.0,5191.0,1227.0
ARGX,85.69850039463299,371780.0,325065.0,2982.0,3255.0
HALO,85.68271507498027,2067140.0,2458715.0,1114.0,1077.0
AVBP,85.66692975532754,460920.0,434205.0,2752.0,2976.0
PNTG,85.65114443567482,217580.0,266435.0,3502.0,3444.0
REX,85.6353591160221,147720.0,167090.0,3880.0,3865.0
CNL,85.61957379636938,81100.0,67385.0,4380.0,4571.0
LILA,85.60378847671666,455440.0,597350.0,2767.5,2641.0
AEM,85.58800315706392,3324160.0,3063585.0,705.0,862.0
ENTX,85.57221783741122,357520.0,4958550.0,3024.0,557.0
HRTG,85.55643251775848,262640.0,351505.0,3310.0,3187.0
BMO,85.54064719810576,854840.0,793240.0,2057.0,2320.0
EXPD,85.52486187845304,714120.0,1076830.0,2256.0,1931.0
PSTL,85.50907655880032,281880.0,293540.0,3234.0,3351.0
CVEO,85.4932912391476,94700.0,133425.0,4260.0,4070.0
JNJ,85.47750591949487,6186000.0,7079185.0,373.0,372.0
ESE,85.46172059984215,197560.0,199570.0,3614.5,3713.0
ALAB,85.44593528018942,4178400.0,4819790.0,574.0,572.0
VRA,85.43014996053671,75800.0,108410.0,4434.0,4239.0
SATL,85.41436464088397,4827500.0,5880995.0,488.0,462.0
SUNC,85.39857932123125,618060.0,523100.0,2436.0,2767.0
CXW,85.38279400157853,1525280.0,1439545.0,1419.0,1631.0
CLS,85.36700868192581,2824480.0,3511935.0,837.0,760.0
VAC,85.35122336227309,327340.0,511565.0,3107.0,2792.0
SLDE,85.33543804262035,749680.0,941825.0,2201.0,2104.0
OKTA,85.31965272296765,2766680.0,2517780.0,855.5,1058.0
RILYZ,85.30386740331491,21780.0,33205.0,5229.5,5052.0
XOM,85.2880820836622,13243340.0,14270925.0,171.0,158.0
XPO,85.27229676400947,856240.0,1002305.0,2055.0,2029.0
KGC,85.25651144435675,6999900.0,7880620.0,333.0,329.0
BNS,85.24072612470403,1372020.0,2039495.0,1517.0,1251.0
WAB,85.22494080505129,1073360.0,1051125.0,1795.0,1960.0
RAL,85.20915548539858,888980.0,1724350.0,2004.0,1432.0
OBT,85.19337016574585,38300.0,57200.0,4876.0,4698.0
AMBQ,85.17758484609314,409700.0,534530.0,2873.0,2746.0
IVZ,85.1617995264404,3911420.0,4961420.0,606.0,556.0
MIRM,85.1460142067877,544140.0,761920.0,2576.0,2367.0
SXI,85.13022888713496,106860.0,140580.0,4165.0,4021.0
APEI,85.11444356748224,212100.0,322180.0,3534.5,3264.0
MFG,85.09865824782952,3217640.0,3472835.0,732.0,774.0
FCFS,85.0828729281768,224720.0,436630.0,3474.0,2968.0
CMPR,85.06708760852408,241100.0,213890.0,3403.0,3651.0
PBR,85.05130228887134,15035280.0,15256085.0,147.0,146.0
MPWR,85.03551696921863,668880.0,853510.0,2338.0,2231.0
VTRS,85.0197316495659,9394780.0,10784070.0,251.0,225.0
PANL,85.00394632991318,376060.0,386045.0,2967.0,3105.0
BFRI,84.98816101026046,916780.0,534245.0,1965.0,2748.0
FF,84.97237569060773,377540.0,568910.0,2965.0,2684.0
MOB,84.95659037095501,236360.0,124120.0,3427.0,4120.0
PLX,84.94080505130229,966040.0,757665.0,1910.0,2375.0
FSEA,84.92501973164957,1120.0,6635.0,6074.5,5787.0
XHLD,84.90923441199685,1327700.0,8886395.0,1554.0,286.0
MTZ,84.89344909234411,1698000.0,1630660.0,1311.0,1506.0
ICUI,84.87766377269139,229360.0,348530.0,3454.0,3198.0
FLYW,84.86187845303867,1598220.0,2255395.0,1363.0,1155.0
RY,84.84609313338595,1455100.0,1360450.0,1459.0,1686.0
ELVA,84.83030781373323,543440.0,656030.0,2578.0,2546.0
TFII,84.8145224940805,223540.0,361570.0,3478.0,3161.0
DD,84.79873717442779,1169100.0,1750565.0,1701.0,1416.0
TRMD,84.78295185477506,488580.0,448065.0,2695.0,2936.0
ARMK,84.76716653512234,2707460.0,2803350.0,870.0,950.0
EGBN,84.7513812154696,206180.0,279315.0,3566.0,3403.0
SN,84.7355958958169,1440040.0,1825530.0,1469.0,1359.0
PDEX,84.71981057616416,59520.0,82015.0,4599.0,4437.0
LIVN,84.70402525651144,559560.0,710710.0,2549.0,2458.0
CROX,84.68823993685872,887720.0,1073690.0,2007.0,1935.0
ACU,84.672454617206,38820.0,40215.0,4870.0,4935.0
KOP,84.65666929755328,193420.0,199710.0,3627.0,3712.0
ALRS,84.64088397790054,155720.0,210940.0,3832.0,3666.0
MRCY,84.62509865824784,1136120.0,674025.0,1728.0,2510.0
ON,84.6093133385951,7327180.0,10110175.0,319.0,240.0
HASI,84.5935280189424,804440.0,920015.0,2129.0,2135.0
TGT,84.57774269928966,5727860.0,4138890.0,409.0,671.0
CMI,84.56195737963694,688860.0,978460.0,2297.0,2055.0
LILAK,84.54617205998422,1353520.0,1335245.0,1531.0,1718.0
PEBK,84.5303867403315,21780.0,42290.0,5229.5,4896.0
INCY,84.51460142067877,1287240.0,1866365.0,1582.0,1347.0
VUZI,84.49881610102604,2107120.0,1133650.0,1100.0,1878.0
STGW,84.48303078137333,1176120.0,1642750.0,1692.0,1495.0
AMGN,84.4672454617206,2566000.0,2791800.0,915.0,955.0
GM,84.45146014206787,4045140.0,5950735.0,587.0,453.0
DGXX,84.43567482241515,4260860.0,3628310.0,552.0,745.0
SHG,84.41988950276243,146220.0,214755.0,3885.0,3643.0
VIK,84.40410418310971,3907160.0,2564250.0,607.0,1040.0
BDL,84.38831886345699,47280.0,40655.0,4742.5,4927.0
AVBC,84.37253354380427,191940.0,163280.0,3635.0,3886.0
GRO,84.35674822415153,191360.0,154975.0,3640.0,3930.0
NVCR,84.34096290449882,1679580.0,1919745.0,1319.0,1307.0
NXE,84.32517758484609,8036900.0,5395305.0,293.0,502.0
BKR,84.30939226519337,6324200.0,8220390.0,369.0,307.0
WTBA,84.29360694554065,102320.0,75075.0,4203.0,4496.0
TECX,84.27782162588792,231840.0,199170.0,3445.0,3716.0
AKAM,84.2620363062352,3007060.0,3632795.0,788.0,744.0
HNGE,84.24625098658248,1134560.0,1661065.0,1731.0,1478.0
ACA,84.23046566692976,577680.0,620385.0,2511.0,2605.0
ZD,84.21468034727704,498040.0,647070.0,2678.0,2559.0
PESI,84.1988950276243,435780.0,494205.0,2814.0,2828.0
EAT,84.18310970797158,998180.0,1163080.0,1878.0,1851.0
HCSG,84.16732438831886,798680.0,812640.0,2135.0,2294.0
SFST,84.15153906866614,93220.0,107490.0,4276.0,4245.0
FLNC,84.13575374901342,5914460.0,8037855.0,388.0,320.0
ATEN,84.1199684293607,1002580.0,1414045.0,1873.0,1642.0
JBL,84.10418310970798,959000.0,1069565.0,1916.0,1940.0
CON,84.08839779005525,1017960.0,979390.0,1850.0,2054.0
BBVA,84.07261247040253,1917420.0,1813735.0,1190.0,1369.0
FANG,84.0568271507498,1427940.0,1838985.0,1477.0,1354.0
LXP,84.04104183109709,649220.0,758175.0,2376.0,2373.0
ADAM,84.02525651144435,764660.0,917475.0,2180.0,2142.0
SPIR,84.00947119179163,571820.0,567325.0,2525.0,2688.0
GGB,83.99368587213891,9401820.0,12199820.0,250.0,192.0
RXO,83.97790055248619,1251360.0,2077935.0,1620.0,1237.0
ELE,83.96211523283347,324000.0,272110.0,3115.0,3424.0
PROF,83.94632991318073,144720.0,146740.0,3896.0,3982.0
HQH,83.93054459352803,237000.0,240450.0,3422.0,3543.0
REI,83.91475927387529,3508700.0,3486850.0,673.0,769.0
BLFS,83.89897395422258,512040.0,1021675.0,2651.0,2002.0
JOYY,83.88318863456985,240820.0,275080.0,3404.0,3417.0
RILYT,83.86740331491713,19320.0,19720.0,5289.5,5327.0
TS,83.8516179952644,1641340.0,1580685.0,1333.0,1539.0
ABNB,83.83583267561167,4392720.0,5209435.0,538.0,524.0
MGLD,83.82004735595896,9580.0,8495.0,5600.0,5698.5
AEVA,83.80426203630623,1638560.0,1951295.0,1336.0,1291.0
YPF,83.78847671665352,1217900.0,1111875.0,1652.0,1902.0
LSH,83.77269139700078,20506055.4,,101.0,
KB,83.75690607734808,214500.0,236785.0,3522.0,3557.0
AEF,83.74112075769534,91380.0,100000.0,4294.0,4304.0
VERA,83.72533543804262,2417100.0,2157505.0,967.0,1202.0
TRVG,83.7095501183899,144160.0,97335.0,3900.0,4329.0
ORIC,83.69376479873716,1072700.0,1715735.0,1798.0,1439.0
MS,83.67797947908446,3620300.0,4742535.0,656.0,583.0
JAKK,83.66219415943172,94000.0,141335.0,4270.0,4018.0
OGN,83.64640883977901,2397060.0,2754495.0,973.0,967.0
HLIO,83.63062352012628,282700.0,307725.0,3231.0,3306.0
PLBC,83.61483820047356,63180.0,50665.0,4547.0,4776.5
DBVT,83.59905288082084,204640.0,354235.0,3574.0,3184.0
NVMI,83.58326756116811,508580.0,568415.0,2658.0,2685.0
PTCT,83.56748224151539,898720.0,1232900.0,1989.0,1792.0
SAN,83.55169692186267,34430140.0,17751010.0,39.0,130.0
XHR,83.53591160220995,523520.0,715465.0,2625.0,2445.0
PIII,83.52012628255721,36240.0,68660.0,4911.5,4562.0
WSBF,83.5043409629045,71240.0,61045.0,4467.0,4654.0
DY,83.48855564325177,360260.0,415975.0,3019.0,3026.0
JFU,83.47277032359905,1603660.0,402785.0,1359.0,3062.0
UROY,83.45698500394633,2195360.0,3402265.0,1062.0,785.0
GCBC,83.44119968429361,23860.0,33050.0,5184.5,5055.0
AMPX,83.42541436464089,5837280.0,6283125.0,397.0,430.0
ITRG,83.40962904498816,2520160.0,2943680.0,933.0,897.0
BLMN,83.39384372533544,1547760.0,2212500.0,1400.0,1186.0
ABUS,83.37805840568272,1818200.0,1332425.0,1248.0,1721.0
HG,83.36227308602999,311300.0,415080.0,3159.5,3029.0
CCCC,83.34648776637727,2987600.0,2546145.0,791.0,1046.0
VLY,83.33070244672454,5480920.0,6617160.0,438.0,399.0
APYX,83.31491712707182,137420.0,118330.0,3952.0,4174.0
HTHT,83.2991318074191,2367440.0,1591280.0,987.0,1533.0
LAUR,83.28334648776638,768220.0,953960.0,2173.0,2090.0
SLSR,83.26756116811366,125940.0,143760.0,4025.0,4003.0
PPTA,83.25177584846092,1008780.0,1232505.0,1866.0,1793.0
TILE,83.23599052880822,472600.0,444770.0,2726.0,2947.0
FNWD,83.22020520915548,10100.0,18450.0,5565.0,5365.5
LOCO,83.20441988950277,212100.0,248530.0,3534.5,3511.0
FRAF,83.18863456985004,29560.0,33270.0,5061.0,5050.0
FSBC,83.17284925019732,179580.0,241355.0,3702.0,3539.0
FRST,83.1570639305446,168540.0,185705.0,3752.0,3782.0
GEO,83.14127861089187,2151120.0,1750805.0,1084.0,1415.0
MBBC,83.12549329123915,4800.0,1875.0,5837.0,6070.5
KMT,83.10970797158642,1906760.0,1644290.0,1197.0,1493.0
REAL,83.09392265193371,2929920.0,3385830.0,805.0,789.0
REGN,83.07813733228097,641200.0,838880.0,2391.0,2261.0
TMP,83.06235201262825,94560.0,102955.0,4263.0,4281.0
TTE,83.04656669297553,1366740.0,1357970.0,1524.0,1695.0
FLS,83.03078137332281,1394680.0,1787735.0,1501.0,1387.0
GFI,83.01499605367009,3156920.0,3613025.0,743.0,748.0
KNOP,82.99921073401735,36240.0,43020.0,4911.5,4892.0
IMTX,82.98342541436465,660460.0,493685.0,2355.0,2831.0
HTFL,82.96764009471191,4612960.0,1870855.0,512.0,1342.0
ZETA,82.9518547750592,5783180.0,9511635.0,405.0,261.0
HST,82.93606945540647,8043820.0,10293100.0,292.0,235.0
BMHL,82.92028413575375,460.0,1280.0,6152.5,6105.0
PNRG,82.90449881610103,122860.0,84590.0,4045.0,4425.0
LODE,82.8887134964483,976880.0,1482390.0,1893.5,1601.0
KVHI,82.87292817679558,157740.0,190255.0,3821.0,3764.0
HAFN,82.85714285714286,1117860.0,1019995.0,1743.0,2003.0
ZM,82.84135753749014,2738480.0,3023815.0,860.0,869.0
CAC,82.8255722178374,77740.0,95935.0,4412.0,4334.0
NTRS,82.80978689818468,820920.0,1064900.0,2102.0,1948.0
PLAB,82.79400157853196,761420.0,837920.0,2183.0,2266.0
EBC,82.77821625887924,1876720.0,2724110.0,1213.0,982.0
NAVN,82.76243093922652,2068600.0,2366700.0,1113.0,1118.0
GMED,82.7466456195738,1113700.0,1415920.0,1749.0,1640.0
CMT,82.73086029992108,25940.0,25255.0,5132.0,5202.0
COMP,82.71507498026835,9428880.0,11449710.0,248.0,208.0
CFG,82.69928966061563,2967560.0,3367810.0,797.0,795.0
FTAI,82.68350434096291,1135000.0,1759520.0,1730.0,1405.0
UI,82.66771902131018,139280.0,93275.0,3934.0,4351.0
WWD,82.65193370165746,461660.0,672010.0,2750.0,2519.0
BAP,82.63614838200473,368700.0,273670.0,2993.0,3421.0
OKUR,82.62036306235201,162660.0,134095.0,3797.0,4066.0
GMAB,82.60457774269929,3378000.0,2475645.0,692.0,1071.0
RMT,82.58879242304657,86060.0,115200.0,4333.0,4196.0
MYFW,82.57300710339385,58180.0,60185.0,4615.0,4657.0
HOFT,82.55722178374111,20280.0,42840.0,5257.0,4894.0
MUSA,82.5414364640884,208880.0,297445.0,3551.0,3338.0
MAC,82.52565114443567,2105160.0,3901090.0,1101.0,706.0
CHRD,82.50986582478295,652380.0,766530.0,2372.0,2357.0
WELL,82.49408050513023,2625040.0,3183100.0,895.0,831.0
WST,82.4782951854775,448500.0,727660.0,2787.0,2422.0
RLGT,82.46250986582479,95460.0,105460.0,4252.5,4263.0
ATOM,82.44672454617205,485160.0,592295.0,2702.0,2648.0
SMBK,82.43093922651934,106240.0,127970.0,4170.0,4101.0
ESI,82.4151539068666,3011820.0,4298685.0,783.0,644.0
CVLG,82.3993685872139,140640.0,229775.0,3924.0,3584.0
ILPT,82.38358326756116,324080.0,376265.0,3114.0,3126.0
CRI,82.36779794790846,867640.0,1098640.0,2041.0,1912.0
PBI,82.35201262825572,1220060.0,1711035.0,1649.0,1442.0
LYEL,82.336227308603,161900.0,172480.0,3804.0,3840.0
NDSN,82.32044198895028,447240.0,332940.0,2791.0,3234.0
SHBI,82.30465666929754,170340.0,225890.0,3742.0,3598.0
CCSI,82.28887134964484,186540.0,144155.0,3669.0,4000.0
WETH,82.2730860299921,50140.0,127850.0,4708.0,4102.0
VIRT,82.2573007103394,1796760.0,1206520.0,1265.0,1821.0
RGLD,82.24151539068666,681100.0,746920.0,2316.0,2390.0
SMFG,82.22573007103394,1147840.0,1610745.0,1720.0,1521.0
NCSM,82.20994475138122,3220.0,6935.0,5923.0,5776.0
SUN,82.1941594317285,469920.0,507495.0,2730.0,2797.0
LUNG,82.17837411207577,494360.0,892635.0,2684.5,2171.0
WSFS,82.16258879242304,301560.0,387020.0,3184.0,3104.0
BPOP,82.14680347277033,411580.0,438480.0,2869.0,2963.0
NET,82.1310181531176,3398100.0,4024330.0,687.0,686.0
IX,82.11523283346487,359060.0,258060.0,3021.0,3471.0
ABX,82.09944751381215,647740.0,587735.0,2382.0,2653.0
MAN,82.08366219415943,1104940.0,1141020.0,1755.0,1871.0
EXEL,82.06787687450671,2091540.0,2733860.0,1106.0,976.0
GFS,82.05209155485399,3627220.0,4543800.0,654.0,612.0
SYNA,82.03630623520127,485440.0,634720.0,2701.0,2581.0
UUUU,82.02052091554854,6450540.0,6966860.0,359.0,376.0
LSTR,82.00473559589582,451260.0,561985.0,2777.5,2696.0
KEX,81.98895027624309,409020.0,561425.0,2878.0,2698.0
WAT,81.97316495659037,703300.0,900985.0,2274.0,2161.0
PFG,81.95737963693765,770860.0,1415235.0,2170.0,1641.0
HL-PB,81.94159431728492,1261.4,488.55,6063.0,6178.0
PK,81.9258089976322,4190760.0,4223925.0,570.0,656.0
DVN,81.91002367797948,13130960.0,11169405.0,173.0,215.0
SNDR,81.89423835832676,514600.0,755625.0,2642.0,2378.0
NKSH,81.87845303867404,40420.0,43025.0,4838.0,4891.0
BSAC,81.8626677190213,257820.0,268710.0,3337.0,3438.0
ACNB,81.8468823993686,49120.0,68520.0,4724.0,4563.0
GPRK,81.83109707971586,281740.0,352630.0,3235.0,3185.0
NPK,81.81531176006314,89920.0,93580.0,4310.0,4348.0
EFOI,81.79952644041042,10720.0,10140.0,5541.0,5628.0
IEX,81.7837411207577,500340.0,698590.0,2672.0,2471.0
CNK,81.76795580110497,1767960.0,2619380.0,1277.0,1019.0
ORN,81.75217048145225,387160.0,725555.0,2936.0,2427.0
BSTZ,81.73638516179953,166320.0,184000.0,3766.0,3794.0
BNED,81.7205998421468,170560.0,196530.0,3741.0,3728.0
RES,81.70481452249409,1349840.0,1445070.0,1535.0,1629.0
QLYS,81.68902920284135,594600.0,795435.0,2478.0,2316.0
UFPT,81.67324388318863,122440.0,193595.0,4048.0,3741.0
QNST,81.65745856353591,738140.0,1039260.0,2219.0,1977.0
CZFS,81.64167324388319,22400.0,36490.0,5210.5,4988.0
FVCB,81.62588792423047,61080.0,98780.0,4577.5,4315.0
PYPD,81.61010260457773,116740.0,181190.0,4097.0,3809.0
FNV,81.59431728492503,720400.0,775720.0,2241.0,2345.0
RRGB,81.57853196527229,887340.0,401960.0,2009.0,3066.0
CRGY,81.56274664561958,5243760.0,5720565.0,457.0,470.0
MCY,81.54696132596685,225380.0,285310.0,3471.0,3382.0
KINS,81.53117600631413,91400.0,106680.0,4293.0,4255.0
WKC,81.5153906866614,824960.0,1389595.0,2094.0,1664.0
GLSI,81.49960536700868,100060.0,123185.0,4223.5,4128.0
OCGN,81.48382004735596,3754140.0,4334665.0,630.0,638.0
IBKR,81.46803472770323,3050360.0,4597645.0,772.0,608.0
CLPT,81.45224940805052,360380.0,637065.0,3018.0,2576.0
KEN,81.43646408839778,21900.0,21085.0,5227.0,5301.0
SBSW,81.42067876874506,5261400.0,4949425.0,455.0,560.0
OSBC,81.40489344909234,404040.0,447615.0,2895.0,2938.0
OBK,81.38910812943962,193380.0,195020.0,3629.0,3735.0
RGEN,81.3733228097869,876140.0,1209555.0,2026.0,1816.0
TSBK,81.35753749013418,34720.0,38550.0,4939.0,4962.0
DBRG,81.34175217048146,2214060.0,3370765.0,1051.0,793.0
THFF,81.32596685082873,94640.0,93210.0,4261.5,4353.0
FENC,81.31018153117601,156680.0,151275.0,3828.0,3961.0
AMTB,81.29439621152328,371240.0,473655.0,2983.0,2878.0
FHTX,81.27861089187056,215800.0,206265.0,3512.0,3681.0
IMRX,81.26282557221784,671180.0,636005.0,2332.0,2579.0
HBT,81.24704025256511,162980.0,144665.0,3795.0,3998.0
NRC,81.23125493291239,117500.0,122905.0,4087.0,4132.0
MFC,81.21546961325967,2796700.0,2449050.0,846.5,1082.0
RTX,81.19968429360695,4698080.0,5389690.0,502.0,504.0
VALE,81.18389897395423,19437920.0,23170105.0,107.0,93.0
NPKI,81.1681136543015,655300.0,855840.0,2366.0,2227.0
SVCO,81.15232833464877,338640.0,437385.0,3072.0,2965.0
SLNG,81.13654301499605,50600.0,39375.0,4701.0,4946.0
HBIO,81.12075769534333,28400.0,18060.0,5090.0,5377.0
VRTX,81.10497237569061,1207900.0,1365490.0,1661.0,1682.0
SRBK,81.08918705603789,20200.0,24945.0,5259.5,5209.0
FLOC,81.07340173638516,629040.0,554175.0,2416.0,2714.0
BG,81.05761641673243,860520.0,1359125.0,2048.0,1690.0
BCH,81.04183109707972,287020.0,296570.0,3225.0,3341.0
NXDT,81.02604577742699,221960.0,207160.0,3480.0,3679.0
GSL,81.01026045777428,368040.0,371020.0,2998.0,3140.0
EMF,80.99447513812154,32180.0,37465.0,4992.0,4974.0
PATH,80.97868981846882,79162660.0,64885605.0,9.0,12.0
ADUR,80.9629044988161,442680.0,431115.0,2795.0,2985.0
SRTA,80.94711917916338,710080.0,1117945.0,2267.0,1898.0
SAFT,80.93133385951066,181740.0,403460.0,3687.0,3058.0
ALSN,80.91554853985792,631620.0,855600.0,2411.0,2228.0
CNO,80.89976322020522,588580.0,667685.0,2489.0,2527.0
ESP,80.88397790055248,26140.0,36070.0,5126.5,4994.0
CFBK,80.86819258089977,43940.0,66225.0,4782.5,4587.5
JOE,80.85240726124704,180540.0,205240.0,3695.0,3684.0
C,80.83662194159432,8549420.0,9434710.0,278.0,264.0
CGNX,80.8208366219416,2485260.0,2482090.0,942.0,1067.0
TRDA,80.80505130228886,207820.0,404755.0,3558.0,3056.0
CF,80.78926598263615,2031640.0,2245080.0,1128.0,1161.0
RS,80.77348066298342,317480.0,332300.0,3134.0,3237.0
CBK,80.75769534333071,33380.0,57165.0,4965.0,4701.0
NPO,80.74191002367797,142500.0,202790.0,3909.5,3697.0
ALB-PA,80.72612470402525,157671.6,183259.25,3822.0,3796.0
CSX,80.71033938437253,8485300.0,12440315.0,279.0,185.0
RBKB,80.69455406471981,77240.0,176340.0,4416.5,3828.0
INGM,80.67876874506709,648300.0,913155.0,2379.0,2145.0
REPX,80.66298342541437,165020.0,192170.0,3780.0,3754.0
FUSB,80.64719810576165,7760.0,6090.0,5665.5,5822.0
CYD,80.63141278610891,144600.0,109070.0,3897.5,4235.0
SUNE,80.6156274664562,100060.0,151375.0,4223.5,3958.5
ING,80.59984214680347,1711200.0,2332015.0,1308.0,1126.0
APH,80.58405682715075,5710780.0,6802405.0,411.0,389.0
TROX,80.56827150749803,2363120.0,2997015.0,988.0,880.0
CTS,80.5524861878453,147980.0,212985.0,3876.0,3655.0
VCYT,80.53670086819258,1520620.0,1396820.0,1425.0,1656.0
BMY,80.52091554853986,9728120.0,12539400.0,239.0,183.0
TTRX,80.50513022888714,51180.0,59200.0,4693.0,4670.0
FBIZ,80.48934490923442,39500.0,59065.0,4857.5,4673.0
RGS,80.47355958958168,6680.0,6100.0,5729.0,5819.0
SGMT,80.45777426992896,1593780.0,1284745.0,1367.0,1752.0
RCON,80.44198895027624,67253620.0,44296145.0,12.0,29.0
R,80.42620363062352,275660.0,336005.0,3259.0,3226.0
SRCE,80.4104183109708,113180.0,141790.0,4117.0,4013.0
IKT,80.39463299131808,413420.0,654180.0,2864.0,2552.0
IONS,80.37884767166535,2180520.0,2561330.0,1075.0,1043.0
EQIX,80.36306235201263,487460.0,627980.0,2696.0,2594.0
MOD,80.34727703235991,1252480.0,1637335.0,1617.0,1499.0
RNXT,80.33149171270718,860920.0,484470.0,2046.0,2860.0
VSEC,80.31570639305447,327380.0,407470.0,3106.0,3048.0
NHPBP,80.29992107340173,9780.0,33330.0,5582.5,5049.0
NG,80.28413575374901,3893420.0,4945240.0,610.0,561.0
GS,80.26835043409629,1823440.0,1934820.0,1245.0,1300.0
DJCO,80.25256511444357,81660.0,66325.0,4370.0,4586.0
FTDR,80.23677979479085,434540.0,535240.0,2816.0,2743.0
USFD,80.22099447513811,1868040.0,2322080.0,1217.0,1129.0
USAU,80.2052091554854,191860.0,242995.0,3636.0,3532.0
NGS,80.18942383583267,161200.0,136340.0,3807.0,4046.0
RAMP,80.17363851617996,1191000.0,856235.0,1679.0,2225.0
PFIS,80.15785319652723,50000.0,59800.0,4710.0,4660.0
IFS,80.1420678768745,356820.0,284945.0,3026.5,3385.0
SHIM,80.12628255722178,131680.0,90890.0,3988.0,4372.5
DCOM,80.11049723756905,268360.0,346000.0,3286.0,3203.0
SM,80.09471191791634,3662260.0,3768855.0,648.0,718.0
FMX,80.0789265982636,465900.0,541630.0,2739.0,2728.0
WBI,80.0631412786109,517560.0,587015.0,2632.0,2654.0
GFF,80.04735595895816,305940.0,362710.0,3168.0,3157.0
PH,80.03157063930544,576060.0,672535.0,2517.0,2518.0
FN,80.01578531965272,1535300.0,965870.0,1407.5,2073.0
CFFN,80.0,775640.0,884500.0,2165.0,2186.0
COP,79.98421468034728,6604540.0,6753250.0,350.0,393.0
BY,79.96842936069456,229480.0,248810.0,3453.0,3509.0
PDLB,79.95264404104184,72880.0,69110.0,4452.0,4555.0
WSBK,79.9368587213891,14320.0,8585.0,5428.0,5695.0
HLIT,79.9210734017364,2934160.0,1762450.0,804.0,1402.0
JXN,79.90528808208366,515720.0,591675.0,2637.0,2649.0
AMBP,79.88950276243094,2183560.0,3051155.0,1073.0,865.0
SFL,79.87371744277822,1150880.0,1325655.0,1715.5,1723.0
PAGP,79.8579321231255,1839500.0,1666070.0,1235.0,1476.0
FXNC,79.84214680347277,40000.0,33955.0,4849.0,5037.0
PRSU,79.82636148382005,209560.0,217795.0,3549.0,3632.5
MSM,79.81057616416733,623880.0,623195.0,2425.0,2599.0
UVSP,79.7947908445146,168980.0,270680.0,3748.0,3427.0
IHRT,79.77900552486187,699560.0,660800.0,2278.0,2537.0
CIVB,79.76322020520915,152840.0,131630.0,3839.0,4083.0
VOD,79.74743488555643,2838840.0,4339205.0,833.0,637.0
KSS,79.73164956590371,3268340.0,3273515.0,719.0,813.0
FDSB,79.71586424625099,8080.0,6610.0,5649.0,5790.0
KIDS,79.70007892659827,220000.0,231210.0,3489.0,3575.0
NVGS,79.68429360694554,393300.0,423155.0,2919.0,3007.0
RGNX,79.66850828729281,882180.0,1102800.0,2014.0,1909.0
MDGL,79.6527229676401,279460.0,385835.0,3249.0,3106.0
TFIN,79.63693764798737,151380.0,194010.0,3853.0,3738.0
ASTS,79.62115232833465,8689200.0,11802365.0,272.0,198.0
ISSC,79.60536700868192,243267.2,383453.3,3393.0,3110.0
ACTG,79.5895816890292,247440.0,274600.0,3377.0,3419.0
NSYS,79.57379636937648,20200.0,16230.0,5259.5,5425.0
MUFG,79.55801104972376,3320480.0,3237070.0,708.0,817.0
CLST,79.54222573007104,2560.0,2245.0,5956.5,6037.0
AMR,79.5264404104183,386200.0,344775.0,2938.0,3206.0
TXN,79.5106550907656,6151160.0,7439645.0,376.0,346.0
LINC,79.49486977111286,1315840.0,1039250.0,1563.0,1978.0
LXFR,79.47908445146015,149420.0,446095.0,3866.0,2944.0
WASH,79.46329913180742,147880.0,131740.0,3878.0,4080.0
RUSHB,79.4475138121547,79340.0,101630.0,4395.0,4289.0
HMY,79.43172849250197,2660360.0,2751725.0,884.0,970.0
WDS,79.41594317284924,402180.0,628495.0,2901.0,2593.0
AROW,79.40015785319653,96180.0,90065.0,4248.0,4381.5
AAPL,79.3843725335438,42120100.0,53040380.0,26.0,19.0
RDW,79.36858721389109,15202760.0,17981180.0,146.0,127.0
PAA,79.35280189423835,2273240.0,2695125.0,1026.0,987.0
FNWB,79.33701657458563,32320.0,24005.0,4988.0,5234.0
UNP,79.32123125493291,2336740.0,2924655.0,997.0,905.0
JCI,79.30544593528019,3040680.0,3670875.0,776.0,740.0
EBMT,79.28966061562747,31660.0,37350.0,5005.5,4977.0
PBFS,79.27387529597473,6880.0,8830.0,5718.5,5682.0
AFRI,79.25808997632203,9860.0,13480.0,5578.0,5501.0
VRDN,79.24230465666929,1715880.0,1882275.0,1305.0,1332.0
CNI,79.22651933701658,1005660.0,1553345.0,1868.0,1558.0
PINE,79.21073401736385,88600.0,139030.0,4319.0,4027.0
RNGR,79.19494869771113,136240.0,237745.0,3961.0,3555.0
BWB,79.1791633780584,201020.0,195940.0,3596.0,3731.0
UNCY,79.16337805840568,779040.0,779395.0,2158.0,2338.0
NHPAP,79.14759273875296,38280.0,39125.0,4877.0,4950.0
TRV,79.13180741910024,1721140.0,1955785.0,1302.0,1290.0
AGI,79.11602209944752,3891440.0,5006490.0,611.0,549.0
VTR,79.10023677979478,3380920.0,3618380.0,690.0,747.0
DOW,79.08445146014206,6739760.0,9345800.0,346.0,267.0
BSRR,79.06866614048934,57320.0,67225.0,4624.0,4573.0
RUSHA,79.05288082083662,482120.0,498665.0,2709.0,2818.0
WTS,79.0370955011839,140520.0,199200.0,3926.5,3715.0
IRON,79.02131018153118,356380.0,338220.0,3029.0,3219.0
GASS,79.00552486187846,164640.0,105075.0,3785.0,4266.0
GCO,78.98973954222573,241720.0,189110.0,3397.0,3769.0
ELAN,78.97395422257301,5655100.0,8495515.0,419.0,302.0
BIO-B,78.95816890292029,0.0,5.0,6288.0,6263.0
CW,78.94238358326756,338760.0,283700.0,3071.0,3387.0
W,78.92659826361484,2389000.0,4012765.0,977.0,689.0
SMBC,78.91081294396211,113840.0,98560.0,4110.0,4317.0
DAL,78.89502762430939,4408460.0,5024285.0,536.0,545.0
ODFL,78.87924230465667,1296100.0,1749725.0,1579.0,1417.0
CACI,78.86345698500395,233120.0,312560.0,3440.0,3292.0
FBLA,78.84767166535123,73680.0,77890.0,4446.0,4472.0
MLI,78.83188634569849,989420.0,1133410.0,1884.0,1879.0
USB,78.81610102604579,5624080.0,6543875.0,420.0,410.0
EONR,78.80031570639305,515600.0,591375.0,2639.0,2650.0
SLF,78.78453038674034,978640.0,766135.0,1891.0,2358.0
LSBK,78.76874506708761,7600.0,10920.0,5672.5,5603.0
WERN,78.75295974743489,864160.0,1347410.0,2044.0,1706.0
GFR,78.73717442778216,603640.0,359270.0,2455.0,3172.0
MANU,78.72138910812943,433400.0,298930.0,2818.0,3331.0
ALGT,78.70560378847672,504300.0,511870.0,2667.0,2790.0
NXT,78.68981846882399,2001200.0,2816695.0,1143.0,946.0
RHP,78.67403314917128,921700.0,983110.0,1956.0,2049.0
TECH,78.65824782951854,2398580.0,3503490.0,972.0,763.0
OXY,78.64246250986582,7567340.0,8448405.0,307.0,303.0
RSKD,78.6266771902131,3164180.0,1541080.0,742.0,1564.0
CVI,78.61089187056038,580400.0,983395.0,2506.0,2047.0
RBB,78.59510655090766,104300.0,144335.0,4187.0,3999.0
IVVD,78.57932123125492,4153980.0,3549170.0,578.0,758.0
HLF,78.56353591160222,1331300.0,1515795.0,1550.0,1577.0
ISTR,78.54775059194948,89560.0,132900.0,4311.0,4076.0
BEN,78.53196527229677,2644500.0,4361390.0,888.0,635.0
PLUG,78.51617995264404,57564060.0,62698335.0,16.0,13.0
GNT,78.50039463299132,83920.0,98515.0,4351.5,4319.0
BTG,78.4846093133386,18322740.0,24314515.0,114.0,84.0
ISOU,78.46882399368587,81520.0,90020.0,4373.0,4383.0
CCNE,78.45303867403315,144940.0,163245.0,3894.0,3887.0
ASH,78.43725335438042,462180.0,846875.0,2749.0,2251.0
GSK,78.42146803472771,3192320.0,4144830.0,737.0,669.0
ADM,78.40568271507497,3049000.0,4035355.0,773.0,684.0
MSGM,78.38989739542225,85900.0,55120.0,4335.0,4724.0
MAR,78.37411207576953,1196840.0,1777935.0,1671.0,1393.0
XPEL,78.35832675611681,163700.0,254605.0,3791.0,3487.0
PEO,78.34254143646409,51740.0,62515.0,4682.0,4634.0
CMP,78.32675611681137,401120.0,511105.0,2904.0,2793.0
AUTL,78.31097079715865,3774100.0,3226600.0,626.0,820.0
DGX,78.29518547750592,664520.0,1009325.0,2347.0,2017.0
ANET,78.27940015785319,6583220.0,7993535.0,352.0,324.0
AHR,78.26361483820047,2868840.0,2923110.0,826.0,906.0
ARVN,78.24782951854775,606620.0,900865.0,2449.5,2162.0
ELDN,78.23204419889503,910680.0,991815.0,1969.0,2040.0
HOPE,78.2162588792423,923020.0,1067870.0,1953.0,1942.0
COSO,78.20047355958958,78580.0,75715.0,4407.0,4486.0
EXFY,78.18468823993686,1161240.0,1215365.0,1705.0,1811.0
BEP,78.16890292028414,893280.0,1044775.0,2000.0,1969.0
KOF,78.15311760063142,119720.0,140370.0,4072.0,4023.0
CASS,78.13733228097868,67400.0,73770.0,4503.0,4508.0
CTBI,78.12154696132598,109120.0,110540.0,4139.0,4226.0
SOBO,78.10576164167324,439840.0,491995.0,2801.0,2835.0
HRI,78.08997632202052,277860.0,506105.0,3252.0,2799.0
HWH,78.0741910023678,193980.0,396855.0,3623.0,3079.0
PEBO,78.05840568271508,217440.0,303775.0,3503.0,3318.0
FUND,78.04262036306235,22120.0,25805.0,5218.0,5188.0
BCX,78.02683504340962,137240.0,154105.0,3954.0,3939.0
IRM,78.01104972375691,1192140.0,1784850.0,1677.0,1389.0
KTCC,77.99526440410418,15640.0,13740.0,5382.5,5484.0
EHLD,77.97947908445147,9060.0,4890.0,5616.5,5880.0
TARS,77.96369376479873,601520.0,743015.0,2463.0,2395.0
NWFL,77.94790844514601,47280.0,41670.0,4742.5,4904.0
WEST,77.93212312549329,339240.0,414745.0,3069.5,3031.0
HVT-A,77.91633780584057,100.0,370.0,6215.0,6192.0
EMBJ,77.90055248618785,1309580.0,1401615.0,1568.0,1650.0
QCRH,77.88476716653511,130420.0,124800.0,3997.0,4116.0
CTO,77.8689818468824,332100.0,354820.0,3092.0,3182.0
CLH,77.85319652722967,586620.0,530455.0,2492.0,2754.0
CMRE,77.83741120757696,392020.0,351955.0,2923.0,3186.0
KNTK,77.82162588792423,951120.0,1032110.0,1924.0,1988.0
PLD,77.8058405682715,2582560.0,5094180.0,908.0,536.0
DBGI,77.79005524861878,114280.0,261941.75,4108.0,3458.0
SWK,77.77426992896606,1396360.0,2225450.0,1500.0,1180.0
UBS,77.75848460931334,1606640.0,1778795.0,1355.0,1392.0
ASND,77.7426992896606,662500.0,535060.0,2349.0,2744.0
APLE,77.7269139700079,2109900.0,3171255.0,1098.0,837.0
STBA,77.71112865035516,213220.0,265375.0,3528.0,3447.0
LMT,77.69534333070244,914220.0,1224555.0,1967.0,1803.0
ATRC,77.67955801104972,733120.0,896865.0,2226.0,2165.0
RDZN,77.663772691397,305720.0,280765.0,3169.0,3395.5
GWW,77.64798737174428,198140.0,284230.0,3609.0,3386.0
FBP,77.63220205209156,1070360.0,1420830.0,1799.0,1635.0
AROC,77.61641673243884,1476480.0,1710345.0,1446.0,1443.0
CURB,77.60063141278611,2023780.0,1455405.0,1136.0,1622.0
NTB,77.5848460931334,260120.0,205220.0,3325.5,3685.0
VVX,77.56906077348066,374280.0,886650.0,2970.0,2184.0
CVS,77.55327545382794,7287520.0,8111055.0,323.0,313.0
CDP,77.53749013417521,690260.0,806080.0,2296.0,2302.0
FNLC,77.5217048145225,26240.0,30505.0,5123.0,5099.0
CPBI,77.50591949486977,2300.0,2585.0,5978.0,6005.0
LARK,77.49013417521705,11060.0,10045.0,5525.0,5635.0
DDI,77.47434885556433,132260.0,96615.0,3985.5,4331.0
FFBC,77.45856353591161,603720.0,808325.0,2454.0,2300.0
ACT,77.44277821625887,234440.0,349295.0,3434.5,3195.0
ENIC,77.42699289660617,430200.0,527015.0,2825.0,2760.0
FCBC,77.41120757695343,85740.0,91330.0,4337.0,4368.0
WBS,77.39542225730071,28433500.0,10670435.0,59.0,228.0
PHIN,77.37963693764799,349700.0,397590.0,3046.0,3076.0
CRSR,77.36385161799527,1846600.0,2285365.0,1227.0,1144.0
JLL,77.34806629834254,351460.0,357410.0,3042.0,3177.0
FMAO,77.33228097868981,56920.0,90260.0,4632.0,4380.0
AME,77.3164956590371,1466720.0,1313940.0,1451.0,1736.0
RVTY,77.30071033938437,1090440.0,1506850.0,1775.0,1584.0
WLYB,77.28492501973166,186.2,3418.95,6198.0,5957.0
AIZ,77.26913970007892,339240.0,399160.0,3069.5,3073.0
CNOB,77.2533543804262,319840.0,429655.0,3124.0,2989.0
IHG,77.23756906077348,227380.0,271325.0,3460.5,3425.0
MAX,77.22178374112076,439160.0,781445.0,2804.5,2336.0
DVA,77.20599842146804,513100.0,1015405.0,2649.0,2011.5
CATO,77.1902131018153,89040.0,81350.0,4316.0,4442.0
BOKF,77.1744277821626,191680.0,223415.0,3638.0,3606.0
FMBH,77.15864246250986,121060.0,131555.0,4057.0,4084.0
HSIC,77.14285714285715,1119160.0,1362505.0,1741.0,1685.0
BVFL,77.12707182320442,10900.0,14075.0,5535.0,5473.0
CBC,77.1112865035517,733560.0,717610.0,2225.0,2440.0
NVST,77.09550118389897,2809700.0,3319775.0,842.0,806.0
VOYA,77.07971586424624,817140.0,993315.0,2111.0,2037.0
GE,77.06393054459353,4213540.0,3486600.0,564.0,770.0
AII,77.0481452249408,216440.0,157765.0,3507.0,3907.0
LXU,77.03235990528809,710380.0,951220.0,2265.0,2094.0
PTRN,77.01657458563535,1724140.0,1814090.0,1298.0,1368.0
DSP,77.00078926598263,271100.0,298300.0,3282.5,3335.0
GROW,76.98500394632991,16800.0,18730.0,5356.5,5362.0
AVBH,76.96921862667719,65140.0,89285.0,4524.0,4388.0
CVX,76.95343330702447,7712860.0,8075990.0,305.0,316.0
BCS,76.93764798737175,2679620.0,4215260.0,878.0,659.0
CZWI,76.92186266771903,39940.0,49295.0,4850.0,4796.0
RNR,76.90607734806629,235240.0,294160.0,3431.0,3349.0
PBA,76.89029202841357,968480.0,862700.0,1906.0,2210.0
UAN,76.87450670876085,55740.0,51720.0,4640.0,4767.0
AUPH,76.85872138910813,1155840.0,1173030.0,1712.0,1841.0
WF,76.8429360694554,71460.0,113845.0,4465.0,4204.0
LUV,76.82715074980268,3771240.0,5114545.0,627.0,534.0
FDBC,76.81136543014996,8460.0,15575.0,5639.0,5443.0
CZNC,76.79558011049724,83920.0,70630.0,4351.5,4542.0
Q,76.77979479084452,1391080.0,1870140.0,1503.0,1343.0
YOU,76.7640094711918,1832660.0,1754080.0,1238.0,1410.0
MVBF,76.74822415153906,54280.0,45635.0,4657.0,4850.0
ST,76.73243883188634,1655240.0,1754280.0,1328.0,1409.0
OSUR,76.71665351223362,505500.0,436935.0,2660.0,2967.0
TFSL,76.7008681925809,752140.0,1019305.0,2197.0,2006.0
CAF,76.68508287292818,12560.0,17550.0,5478.0,5389.0
DTI,76.66929755327546,165820.0,234450.0,3768.5,3564.0
BIP,76.65351223362273,554180.0,1046170.0,2555.0,1965.0
EIX,76.63772691397,3241100.0,3465110.0,726.0,776.0
ERIC,76.62194159431729,6886680.0,11574855.0,339.0,204.0
AIT,76.60615627466456,368100.0,268375.0,2997.0,3439.0
NIC,76.59037095501185,145500.0,169100.0,3891.0,3855.0
ZVRA,76.57458563535911,873900.0,1460450.0,2028.5,1615.0
TPR,76.55880031570639,5131500.0,2926235.0,466.0,903.0
BAC,76.54301499605367,25866860.0,27331520.0,63.0,73.0
WSBC,76.52722967640095,766380.0,849370.0,2178.0,2246.0
KRO,76.51144435674823,371020.0,481370.0,2985.0,2866.0
TEO,76.49565903709549,211160.0,238225.0,3541.5,3552.0
EPRX,76.47987371744279,264520.0,405915.0,3301.5,3054.0
MRBK,76.46408839779005,81780.0,97220.0,4368.0,4330.0
WOLF,76.44830307813734,4711360.0,4843875.0,501.0,570.0
HUM,76.43251775848461,830860.0,1399220.0,2086.0,1652.0
BCAL,76.41673243883189,155980.0,189870.0,3831.0,3768.0
SHLS,76.40094711917916,3877000.0,5206505.0,613.0,525.0
ASTH,76.38516179952643,425560.0,556380.0,2834.0,2711.0
USCB,76.36937647987372,87620.0,68130.0,4325.0,4565.0
GSBC,76.35359116022099,76100.0,87380.0,4431.0,4399.0
HCHL,76.33780584056828,0.0,0.0,6288.0,6278.5
A,76.32202052091554,1554860.0,1678235.0,1395.0,1471.0
EME,76.30623520126282,316400.0,425050.0,3144.0,3006.0
OKE,76.2904498816101,3666720.0,3931380.0,646.0,703.0
CNR,76.27466456195738,573640.0,611955.0,2521.0,2614.0
MEDP,76.25887924230466,167200.0,326910.0,3762.0,3248.0
HBCP,76.24309392265194,78620.0,96120.0,4405.0,4333.0
ASTI,76.22730860299922,247480.0,361050.0,3376.0,3164.0
SJ,76.21152328334648,19520.0,24730.0,5284.5,5214.0
ASMB,76.19573796369377,492420.0,216050.0,2689.0,3639.0
TUSK,76.17995264404104,264520.0,244380.0,3301.5,3523.0
TDC,76.16416732438832,2569580.0,3326150.0,913.0,805.0
SCL,76.1483820047356,91320.0,150455.0,4295.5,3964.0
CATY,76.13259668508287,338600.0,438700.0,3073.0,2962.0
CLWT,76.11681136543015,23060.0,24680.0,5200.0,5216.0
LYG,76.10102604577743,9478920.0,14328395.0,246.0,157.0
WLY,76.08524072612471,409282.2,420483.55,2875.0,3012.0
FCCO,76.06945540647199,40220.0,50375.0,4843.0,4782.0
IPI,76.05367008681925,167660.0,185075.0,3760.0,3785.0
SNDX,76.03788476716653,1148820.0,1370205.0,1718.0,1679.0
BBCP,76.02209944751381,81280.0,121525.0,4377.5,4144.0
CPF,76.00631412786109,168200.0,156985.0,3754.0,3912.0
GLDG,75.99052880820837,902000.0,734965.0,1981.0,2407.0
HAFC,75.97474348855565,180620.0,244300.0,3694.0,3524.0
GEF,75.95895816890292,184100.0,280765.0,3677.0,3395.5
SPAI,75.94317284925019,1797320.0,519645.0,1264.0,2776.0
NP,75.92738752959748,399960.0,683170.0,2905.0,2496.0
LUMN,75.91160220994475,11825200.0,13998325.0,196.0,161.0
KO,75.89581689029204,11974920.0,15895355.0,194.0,140.0
JILL,75.8800315706393,54480.0,61765.0,4655.0,4645.0
GIII,75.86424625098658,433340.0,402665.0,2819.5,3063.5
BFST,75.84846093133386,184020.0,242225.0,3679.0,3534.0
CODA,75.83267561168114,72640.0,69935.0,4455.0,4549.0
MLR,75.81689029202842,121040.0,100845.0,4058.0,4296.0
SKK,75.80110497237568,1558800.0,393385.0,1391.0,3092.0
CFR,75.78531965272298,473280.0,610985.0,2723.0,2617.0
SPRU,75.76953433307024,137400.0,65610.0,3953.0,4593.0
MPB,75.75374901341753,105220.0,167345.0,4176.0,3863.0
RBC,75.7379636937648,207160.0,236285.0,3560.0,3560.0
RL,75.72217837411208,461540.0,599380.0,2751.0,2637.0
CING,75.70639305445935,162460.0,141725.0,3799.5,4014.0
BUSE,75.69060773480662,711540.0,819535.0,2260.0,2286.0
HWBK,75.67482241515391,14800.0,16070.0,5409.0,5428.0
PKG,75.65903709550118,406580.0,653730.0,2886.0,2553.0
TCBK,75.64325177584847,243080.0,277425.0,3394.0,3410.0
LCNB,75.62746645619573,31960.0,49145.0,4998.0,4797.0
H,75.61168113654301,674580.0,919590.0,2324.0,2136.0
CBAN,75.59589581689029,128300.0,193135.0,4012.0,3748.0
KARO,75.58011049723757,64440.0,116685.0,4530.0,4185.0
BGR,75.56432517758485,78640.0,80980.0,4404.0,4446.0
MICC,75.54853985793211,796620.0,777350.0,2138.0,2343.0
CRON,75.5327545382794,1258600.0,1484550.0,1610.0,1599.0
WILC,75.51696921862667,5200.0,11370.0,5808.5,5582.0
IMKTA,75.50118389897395,120120.0,130915.0,4067.0,4089.0
BZH,75.48539857932123,603160.0,876590.0,2458.0,2190.0
SHEL,75.4696132596685,4475312.0,6351322.05,529.0,424.0
FLNG,75.45382794001578,384160.0,291025.0,2944.0,3362.0
AEO,75.43804262036306,4186460.0,4188340.0,571.0,663.0
CRD-A,75.42225730071034,71920.0,66380.0,4459.0,4583.0
WMB,75.40647198105762,5677200.0,6324145.0,416.0,426.0
PCAR,75.3906866614049,2641400.0,3734135.0,890.0,726.0
PHXE-P,75.37490134175216,6381.2,7057.55,5743.0,5766.0
ACHC,75.35911602209944,1979040.0,2590700.0,1157.0,1026.0
IQV,75.34333070244672,1096400.0,1527105.0,1769.0,1572.0
BPRN,75.327545382794,28820.0,28925.0,5078.0,5125.0
RBCAA,75.31176006314128,84840.0,105490.0,4345.0,4262.0
FR,75.29597474348856,725480.0,961355.0,2236.0,2078.5
AER,75.28018942383584,885300.0,1078365.0,2012.0,1929.0
SPG,75.26440410418311,985700.0,1334775.0,1887.0,1719.0
BC,75.24861878453038,696580.0,746840.0,2284.0,2391.0
MTLS,75.23283346487767,69860.0,60030.0,4480.0,4658.0
CFFI,75.21704814522494,8040.0,24375.0,5652.5,5224.5
PRHI,75.20126282557221,27540.0,11015.0,5104.0,5596.0
NVS,75.1854775059195,1625400.0,1603550.0,1342.0,1526.0
CLRO,75.16969218626677,68220.0,4423915.0,4497.0,627.0
VMD,75.15390686661405,448100.0,453070.0,2788.0,2927.0
RSVR,75.13812154696133,35800.0,54475.0,4921.5,4731.0
FA,75.12233622730861,3169680.0,2623510.0,741.0,1015.0
HNST,75.10655090765587,2025240.0,2978365.0,1133.0,890.0
THG,75.09076558800317,304960.0,311115.0,3172.0,3298.0
SD,75.07498026835043,314120.0,311085.0,3150.0,3299.0
VMI,75.05919494869772,157760.0,202665.0,3820.0,3699.0
NXTC,75.04340962904499,229260.0,419230.0,3455.0,3015.0
NAUT,75.02762430939227,523580.0,896270.0,2624.0,2166.0
CORZ,75.01183898973954,11192180.0,14262605.0,205.0,159.0
ELV,74.99605367008681,871520.0,1018310.0,2036.0,2008.0
ABBV,74.9802683504341,4751600.0,5344830.0,494.0,509.0
NOVTU,74.96448303078137,24920.0,27380.0,5161.0,5156.0
BH,74.94869771112866,250980.0,226335.0,3360.0,3594.0
NINE,74.93291239147592,40080.0,59155.0,4846.0,4672.0
TAYD,74.9171270718232,62280.0,35550.0,4557.0,5004.0
CPAY,74.90134175217048,422400.0,576790.0,2838.0,2670.0
CWBC,74.88555643251776,288180.0,261860.0,3221.0,3459.0
NGVT,74.86977111286504,189760.0,244795.0,3651.0,3522.0
EOLS,74.8539857932123,743140.0,1015905.0,2212.0,2010.0
RSI,74.8382004735596,1904960.0,2832655.0,1198.0,944.0
FITB,74.82241515390686,5889100.0,5416340.0,391.0,496.0
NWE,74.80662983425415,367640.0,380325.0,3000.0,3115.0
WES,74.79084451460142,979920.0,936050.0,1890.0,2113.0
BP,74.7750591949487,8134380.0,8149900.0,290.0,309.0
CP,74.75927387529597,2250000.0,2877085.0,1038.0,928.0
SPNT,74.74348855564325,639740.0,685710.0,2394.0,2493.0
PNC,74.72770323599053,1035660.0,1348090.0,1835.0,1705.0
FLR,74.71191791633781,2210560.0,2919615.0,1054.0,908.0
ABEV,74.69613259668509,28997340.0,31764845.0,58.0,55.0
ITT,74.68034727703235,648560.0,938000.0,2378.0,2112.0
MTB,74.66456195737963,826480.0,961355.0,2090.0,2078.5
PCB,74.64877663772691,30520.0,43260.0,5032.0,4886.0
ZION,74.63299131807419,1415660.0,1396180.0,1487.0,1658.0
NMR,74.61720599842147,649860.0,812560.0,2374.0,2295.0
UBSI,74.60142067876875,690320.0,859110.0,2294.0,2217.0
DTM,74.58563535911603,895340.0,924310.0,1997.0,2129.0
ESOA,74.5698500394633,165700.0,196390.0,3771.0,3730.0
CNTB,74.55406471981057,468200.0,350840.0,2734.0,3189.0
SIBN,74.53827940015786,374080.0,492865.0,2972.0,2832.0
BHB,74.52249408050513,96540.0,93505.0,4244.0,4349.0
JBSS,74.5067087608524,139460.0,135825.0,3933.0,4053.0
RGA,74.49092344119968,401540.0,376195.0,2903.0,3127.0
PEN,74.47513812154696,226180.0,307165.0,3466.0,3310.0
PLOW,74.45935280189424,248180.0,335670.0,3371.0,3227.0
BIO,74.44356748224152,212700.0,291525.0,3530.0,3359.0
SACH-PA,74.4277821625888,2104.6,2753.6,5987.0,5992.0
TEX,74.41199684293606,958780.0,1353230.0,1917.0,1699.0
TRNO,74.39621152328336,601680.0,673840.0,2461.0,2512.0
SBFG,74.38042620363062,13960.0,16970.0,5436.0,5404.0
YETI,74.36464088397791,3337320.0,1775965.0,700.0,1394.0
INFU,74.34885556432518,94900.0,176035.0,4258.0,3832.0
UNM,74.33307024467246,1150000.0,1577035.0,1717.0,1541.0
IDCC,74.31728492501973,191380.0,243875.0,3639.0,3528.0
HTO,74.301499605367,307060.0,393795.0,3165.0,3090.0
AM,74.28571428571429,2857300.0,2569785.0,829.0,1036.0
NWBI,74.26992896606156,669220.0,1019695.0,2337.0,2005.0
EWBC,74.25414364640885,642300.0,621775.0,2390.0,2601.0
ELPC,74.23835832675611,668340.0,462925.0,2340.0,2905.0
MTUS,74.22257300710339,282680.0,417880.0,3232.0,3019.0
UAMY,74.20678768745067,7324960.0,6802680.0,320.0,388.0
SEZL,74.19100236779795,690940.0,861500.0,2291.0,2214.0
IFF,74.17521704814523,1087520.0,1751805.0,1780.0,1413.0
MDV,74.15943172849249,63823.8,72296.25,4540.0,4523.0
CCJ,74.14364640883979,2319240.0,3027635.0,1007.0,868.0
MYSE,74.12786108918705,108720.0,71140.0,4145.0,4535.0
CNX,74.11207576953433,1334600.0,1532955.0,1548.0,1566.0
BNL,74.09629044988161,2465820.0,2512280.0,949.0,1060.0
AIRT,74.08050513022889,4580.0,12165.0,5852.5,5546.0
FUNC,74.06471981057616,14780.0,22080.0,5410.0,5278.0
MBWM,74.04893449092344,88960.0,123820.0,4317.0,4123.0
SON,74.03314917127072,702140.0,1054635.0,2276.0,1957.0
FULT,74.01736385161799,1386340.0,1679965.0,1510.0,1470.0
ACNT,74.00157853196528,52780.0,58715.0,4672.0,4679.0
MCK,73.98579321231254,860240.0,1021825.0,2049.0,2000.0
SLP,73.97000789265982,205500.0,238375.0,3570.0,3551.0
GRMN,73.9542225730071,812520.0,1045115.0,2118.0,1968.0
BATL,73.93843725335438,4679220.0,7771895.0,505.0,333.0
LYTS,73.92265193370166,240420.0,243360.0,3406.0,3529.0
AZZ,73.90686661404894,215020.0,240890.0,3518.0,3540.0
TTC,73.89108129439622,586140.0,522930.0,2494.0,2769.0
EOG,73.8752959747435,2268160.0,2851850.0,1028.0,940.0
PFS,73.85951065509076,716300.0,985960.0,2251.0,2045.0
BUD,73.84372533543804,1525900.0,1929190.0,1417.0,1302.0
MCHB,73.82794001578532,423420.0,661580.0,2836.0,2536.0
LAMR,73.8121546961326,590760.0,733785.0,2485.0,2409.0
BBT,73.79636937647987,948820.0,850210.0,1929.0,2242.0
RIVN,73.78058405682715,23895500.0,23573515.0,71.0,89.0
GLBE,73.76479873717443,1268780.0,1569785.0,1597.0,1546.0
CHRS,73.74901341752171,1897440.0,1131650.0,1205.0,1880.0
FBIO,73.73322809786899,877840.0,745200.0,2021.0,2393.0
OUST,73.71744277821625,3324780.0,3150505.0,704.0,843.0
TFPM,73.70165745856355,524380.0,536065.0,2622.0,2741.0
NBN,73.68587213891081,93720.0,117335.0,4274.0,4180.0
F,73.67008681925809,36795480.0,51045860.0,33.0,21.0
OVBC,73.65430149960537,47060.0,40470.0,4750.0,4930.0
CSW,73.63851617995265,108440.0,164170.0,4150.0,3882.0
AKO-A,73.62273086029992,1300.0,870.0,6060.0,6141.5
GLNG,73.60694554064719,1736080.0,1344805.0,1291.0,1710.0
MDU,73.59116022099448,1212020.0,1499215.0,1658.0,1589.0
ROK,73.57537490134175,577120.0,891930.0,2513.5,2172.0
NWN,73.55958958168904,198680.0,221565.0,3607.0,3614.0
UMBF,73.5438042620363,472760.0,620815.0,2725.0,2604.0
CHI,73.52801894238358,135700.0,152930.0,3963.5,3948.0
BRC,73.51223362273086,181620.0,167040.0,3688.0,3866.0
EQBK,73.49644830307813,90780.0,101210.0,4304.0,4293.0
UTMD,73.48066298342542,34620.0,34905.0,4942.0,5017.0
RELY,73.46487766377268,2766680.0,3102335.0,855.5,853.0
ITRN,73.44909234411998,151820.0,154440.0,3849.0,3937.0
CEVA,73.43330702446724,1202580.0,977715.0,1666.0,2056.0
GL,73.41752170481453,533240.0,688285.0,2602.0,2491.0
SBH,73.4017363851618,1198780.0,1532155.0,1667.0,1567.0
DKL,73.38595106550908,549000.0,211135.0,2566.0,3661.5
HVT,73.37016574585635,95460.0,142215.0,4252.5,4009.0
UNH,73.35438042620363,4362300.0,4318675.0,542.0,640.0
TMO,73.33859510655091,1524400.0,2117405.0,1420.0,1221.0
LEDS,73.32280978689818,34100.0,75390.0,4952.0,4493.0
HNVR,73.30702446724547,29400.0,61360.0,5066.0,4652.0
SKY,73.29123914759273,742740.0,722430.0,2214.0,2432.0
JCAP,73.27545382794001,676280.0,416260.0,2321.0,3023.0
BLDP,73.25966850828729,3033580.0,5021640.0,777.0,546.0
OPRT,73.24388318863457,298620.0,517790.0,3192.0,2780.0
CBIO,73.22809786898185,163240.0,229670.0,3793.0,3585.0
ULCC,73.21231254932913,2183840.0,3674860.0,1072.0,737.0
EGP,73.1965272296764,329420.0,530580.0,3101.0,2753.0
RMNI,73.18074191002368,412020.0,428255.0,2868.0,2995.0
NXG,73.16495659037095,93740.0,93240.0,4273.0,4352.0
TPL,73.14917127071823,329020.0,370260.0,3102.0,3144.0
THW,73.1333859510655,151500.0,123435.0,3851.0,4126.0
BHV,73.11760063141278,940.0,3035.0,6102.0,5980.0
ORRF,73.10181531176006,81380.0,106225.0,4376.0,4259.0
SIRI,73.08602999210734,3597420.0,4494140.0,662.0,619.0
HWC,73.07024467245462,646260.0,742270.0,2384.0,2397.0
BME,73.0544593528019,33420.0,45995.0,4964.0,4845.0
UHAL,73.03867403314918,125000.0,161720.0,4030.0,3893.0
CCBG,73.02288871349644,65240.0,73940.0,4521.0,4506.0
FCF,73.00710339384374,544400.0,888305.0,2575.0,2178.0
ALL,72.991318074191,1388120.0,1698000.0,1507.0,1453.0
FRT,72.97553275453828,665640.0,908145.0,2345.0,2149.0
CQP,72.95974743488556,113140.0,135490.0,4118.0,4055.0
AEG,72.94396211523284,3852840.0,4777625.0,618.0,578.0
APPN,72.92817679558011,595660.0,876905.0,2476.0,2189.0
MRTN,72.91239147592738,514220.0,733745.0,2644.0,2410.0
S,72.89660615627467,8156440.0,6782995.0,289.0,391.0
BKU,72.88082083662194,545040.0,712350.0,2574.0,2450.0
DCI,72.86503551696923,536700.0,621495.0,2590.0,2602.0
MCB,72.8492501973165,110300.0,134325.0,4133.0,4062.0
NML,72.83346487766377,148700.0,154680.0,3870.0,3936.0
SXC,72.81767955801105,1198560.0,1926790.0,1670.0,1304.0
CTW,72.80189423835833,24720.0,28075.0,5164.5,5144.0
GD,72.78610891870561,667680.0,1055195.0,2341.0,1955.0
GILD,72.77032359905287,4948420.0,6696805.0,476.0,395.0
RDI,72.75453827940017,152180.0,71870.0,3846.0,4527.0
JOB,72.73875295974743,944860.0,341925.0,1931.5,3213.0
CB,72.72296764009471,1819480.0,1687340.0,1247.0,1463.0
CENT,72.70718232044199,129740.0,107670.0,3999.0,4244.0
TBPH,72.69139700078927,317100.0,558520.0,3136.0,2704.0
IHD,72.67561168113654,85080.0,59215.0,4341.0,4669.0
MOLN,72.65982636148381,940.0,720.0,6102.0,6155.5
FIBK,72.6440410418311,851540.0,1199040.0,2062.0,1826.0
LYB,72.62825572217837,4525760.0,4648585.0,521.0,597.0
VOC,72.61247040252566,198880.0,182920.0,3605.5,3800.0
GENC,72.59668508287292,113480.0,57190.0,4113.0,4699.0
CCD,72.5808997632202,59100.0,61385.0,4604.0,4651.0
INDB,72.56511444356748,264340.0,314225.0,3303.5,3285.0
BCV,72.54932912391476,16140.0,21755.0,5371.0,5284.0
ANIX,72.53354380426204,246980.0,222075.0,3381.0,3612.0
BST,72.51775848460932,92840.0,94015.0,4283.0,4346.0
ALGM,72.5019731649566,1954020.0,2336595.0,1172.0,1125.0
IBEX,72.48618784530386,114360.0,105430.0,4107.0,4264.0
HLT,72.47040252565114,2292780.0,2190150.0,1019.0,1193.0
EPC,72.45461720599842,490800.0,609190.0,2692.0,2621.0
CSIQ,72.4388318863457,1386140.0,1743200.0,1511.0,1423.0
NTR,72.42304656669297,2370240.0,2651635.0,983.0,1007.0
EDUC,72.40726124704025,114420.0,123150.0,4106.0,4129.0
ALX,72.39147592738753,28880.0,34260.0,5076.5,5031.0
MIAX,72.37569060773481,1002260.0,1298800.0,1874.0,1746.0
HURC,72.35990528808209,24060.0,19300.0,5181.0,5344.0
DLX,72.34411996842937,466140.0,434610.0,2738.0,2975.0
GABC,72.32833464877663,143740.0,158620.0,3902.0,3903.0
GILT,72.31254932912391,562520.0,607245.0,2542.0,2623.0
BBY,72.29676400947119,3130400.0,3226045.0,750.0,821.0
MCBS,72.28097868981847,70080.0,82670.0,4476.0,4433.0
MCFT,72.26519337016575,177320.0,180150.0,3712.0,3812.0
IRMD,72.24940805051303,101400.0,129730.0,4214.0,4092.0
SOLV,72.2336227308603,1256980.0,1310690.0,1612.0,1739.0
FIVN,72.21783741120757,1965580.0,3720565.0,1164.0,728.0
PRG,72.20205209155486,435920.0,571810.0,2813.0,2679.0
EBF,72.18626677190213,175420.0,137380.0,3721.0,4038.0
NN,72.17048145224942,2200560.0,3052770.0,1058.0,863.0
INBK,72.15469613259668,38360.0,45765.0,4874.5,4848.0
SHO,72.13891081294396,2229560.0,2545400.0,1045.0,1048.0
FORR,72.12312549329124,81280.0,119500.0,4377.5,4162.5
PDM,72.1073401736385,965660.0,908105.0,1911.0,2150.0
AVNT,72.0915548539858,797120.0,903740.0,2137.0,2158.0
NTLA,72.07576953433306,3281280.0,3500660.0,716.0,764.0
MTDR,72.05998421468036,2215640.0,2477795.0,1050.0,1068.0
CVCO,72.04419889502762,78880.0,124445.0,4403.0,4118.0
BATRA,72.02841357537491,75600.0,72785.0,4435.0,4516.0
RGT,72.01262825572218,25400.0,21550.0,5149.0,5288.0
CNXN,71.99684293606946,138920.0,164355.0,3938.0,3881.0
TRP,71.98105761641673,1823580.0,2301220.0,1244.0,1136.0
ABCB,71.965272296764,281620.0,425315.0,3237.0,3004.5
MCRI,71.94948697711129,100800.0,115990.0,4217.5,4189.0
HFWA,71.93370165745856,259900.0,426120.0,3330.0,3002.0
NSC,71.91791633780585,1309660.0,1349705.0,1567.0,1703.0
ECBK,71.90213101815311,8660.0,9910.0,5628.0,5643.0
KRG,71.88634569850039,1999140.0,2741220.0,1145.0,975.0
AKO-B,71.87056037884767,4940.0,5060.0,5828.5,5865.0
BMEZ,71.85477505919495,150820.0,123220.0,3857.5,4127.0
CX,71.83898973954223,5590460.0,7916115.0,423.0,327.0
FTV,71.8232044198895,1825060.0,2786400.0,1243.0,956.0
NSSC,71.80741910023679,230520.0,251185.0,3449.0,3502.0
IAE,71.79163378058405,27720.0,34695.0,5099.5,5020.0
OVLY,71.77584846093133,34260.0,28660.0,4947.0,5134.0
FBNC,71.76006314127861,175200.0,204875.0,3722.0,3690.0
ITIC,71.74427782162589,78320.0,63390.0,4410.0,4621.0
BFC,71.72849250197316,62200.0,76585.0,4558.0,4481.0
NWG,71.71270718232044,2767600.0,3850540.0,854.0,713.0
AUB,71.69692186266772,777400.0,850965.0,2160.0,2237.0
BKV,71.681136543015,878980.0,957290.0,2019.0,2087.0
AMX,71.66535122336228,2187160.0,2509540.0,1070.0,1062.0
NODK,71.64956590370956,21220.0,24560.0,5239.0,5219.0
CDZIP,71.63378058405682,4440.0,4875.0,5858.0,5881.0
TARA,71.6179952644041,321360.0,387465.0,3121.0,3102.0
RILYN,71.60220994475138,17700.0,15645.0,5327.5,5442.0
ISBA,71.58642462509866,57180.0,65780.0,4625.0,4591.0
ETR,71.57063930544594,1830240.0,2483695.0,1239.0,1065.0
U,71.55485398579322,10830500.0,12614160.0,212.0,181.0
CACC,71.5390686661405,88220.0,119735.0,4324.0,4157.0
WKEY,71.52328334648776,45460.0,45070.0,4761.0,4861.0
AR,71.50749802683505,3207300.0,4369885.0,734.0,634.0
HELE,71.49171270718232,288760.0,359770.0,3217.0,3169.0
ESEA,71.4759273875296,54840.0,46645.0,4648.5,4831.0
IART,71.46014206787687,596260.0,873320.0,2474.0,2195.0
CPSH,71.44435674822415,220980.0,296945.0,3486.0,3339.0
SEB,71.42857142857143,25620.0,14690.0,5140.5,5460.0
GREE,71.41278610891871,426959.6,,2831.0,
HBNC,71.39700078926599,458400.0,623010.0,2760.0,2600.0
JPM,71.38121546961325,5532080.0,6391425.0,429.0,420.0
FRPT,71.36543014996055,1012820.0,1394590.0,1860.0,1660.0
RMR,71.34964483030781,105140.0,154820.0,4177.0,3934.0
AEI,71.33385951065509,164720.0,47300.0,3784.0,4821.0
NFJ,71.31807419100237,126900.0,182515.0,4021.0,3802.0
BDX,71.30228887134965,1651140.0,1877970.0,1331.0,1334.0
BATRK,71.28650355169692,611180.0,582500.0,2446.0,2662.0
MET,71.27071823204419,2432500.0,3869840.0,962.0,710.0
BTX,71.25493291239148,611960.0,523720.0,2444.0,2765.0
KMI,71.23914759273875,11464880.0,10673725.0,201.0,227.0
CBUS,71.22336227308604,203560.0,162170.0,3580.0,3891.0
IDR,71.2075769534333,244740.0,234135.0,3387.0,3568.0
VTOL,71.19179163378058,204460.0,211020.0,3575.0,3663.0
NBTB,71.17600631412786,244100.0,356555.0,3391.0,3178.0
URI,71.16022099447514,416260.0,485800.0,2850.0,2852.0
KWR,71.14443567482242,158120.0,162830.0,3818.0,3889.0
DBX,71.12865035516968,3677580.0,4511455.0,643.0,614.0
VABK,71.11286503551698,4660.0,6320.0,5843.0,5805.0
LH,71.09707971586424,536480.0,742190.0,2592.0,2398.0
VNDA,71.08129439621152,903020.0,1036195.0,1978.0,1984.0
ET,71.0655090765588,8838740.0,9976485.0,266.0,247.0
CRD-B,71.04972375690608,22160.0,10780.0,5216.0,5609.0
BSM,71.03393843725335,372760.0,446885.0,2977.5,2940.0
ACDC,71.01815311760063,1547880.0,2001720.0,1399.0,1270.0
ASB,71.00236779794791,1387680.0,1652350.0,1508.0,1488.0
JWEL,70.98658247829519,62720.0,4357260.0,4550.0,636.0
ESQ,70.97079715864247,176860.0,153910.0,3715.5,3942.0
LAD,70.95501183898973,201480.0,365480.0,3591.0,3152.0
MXE,70.93922651933701,3800.0,2625.0,5892.0,6003.0
NXDR,70.92344119968429,1279280.0,2315915.0,1588.0,1131.0
SNA,70.90765588003157,271100.0,359220.0,3282.5,3173.0
UBXG,70.89187056037885,300216.2,,3188.0,
RILYG,70.87608524072613,8260.0,8270.0,5643.0,5711.0
MXC,70.8602999210734,20460.0,13865.0,5254.0,5481.5
CHCI,70.84451460142068,51180.0,30285.0,4693.0,5102.5
RRC,70.82872928176795,2373400.0,2694890.0,982.0,989.0
DOC,70.81294396211524,3697920.0,5719270.0,640.0,471.0
EPD,70.7971586424625,3671620.0,3399070.0,645.0,786.0
TNL,70.78137332280978,639880.0,782415.0,2393.0,2334.0
RHI,70.76558800315706,1877080.0,2289910.0,1212.0,1143.0
CMCO,70.74980268350434,378300.0,768365.0,2960.0,2353.0
KEY,70.73401736385162,9447960.0,9173160.0,247.0,274.0
BURL,70.71823204419888,897240.0,732045.0,1993.0,2415.0
OPLN,70.70244672454618,2288640.0,1445755.0,1021.0,1628.0
SAIA,70.68666140489344,537680.0,553540.0,2589.0,2715.0
PTHS,70.67087608524074,27140.0,94455.0,5108.0,4342.0
BWMX,70.655090765588,93180.0,108110.0,4277.0,4241.0
NOVT,70.63930544593529,344940.0,433815.0,3053.0,2978.0
EVT,70.62352012628256,79980.0,99695.0,4390.0,4310.0
BKH,70.60773480662984,758620.0,789225.0,2188.0,2325.0
BANC,70.59194948697711,1961320.0,3627795.0,1166.0,746.0
SBCF,70.57616416732438,899980.0,995940.0,1985.0,2034.0
PRK,70.56037884767167,77420.0,104250.0,4415.0,4276.0
KYN,70.54459352801894,294000.0,311330.0,3200.0,3296.0
SEIC,70.52880820836623,494000.0,644965.0,2686.0,2564.0
ETSY,70.5130228887135,2409600.0,2985830.0,970.0,884.0
CRT,70.49723756906077,22280.0,19020.0,5215.0,5351.0
FFIV,70.48145224940805,465480.0,739505.0,2740.0,2403.0
LEA,70.46566692975533,480580.0,755295.0,2710.0,2379.0
TAK,70.44988161010261,2934940.0,3751495.0,803.0,723.0
EFSI,70.43409629044987,48840.0,62420.0,4728.0,4637.0
ALCO,70.41831097079717,15760.0,22180.0,5380.5,5274.0
UNTY,70.40252565114443,48100.0,56870.0,4735.0,4707.0
TDY,70.38674033149171,210540.0,333310.0,3546.0,3233.0
JOUT,70.37095501183899,49240.0,47465.0,4722.0,4818.0
GBTG,70.35516969218627,860700.0,1264640.0,2047.0,1771.0
RVT,70.33938437253354,182240.0,209535.0,3685.0,3672.0
NBBK,70.32359905288082,357800.0,404750.0,3023.0,3057.0
FHI,70.3078137332281,553540.0,562850.0,2556.0,2695.0
WTM,70.29202841357538,20560.0,20665.0,5252.5,5309.0
AOUT,70.27624309392266,42040.0,53755.0,4812.0,4743.0
BMRN,70.26045777426992,1977440.0,2386845.0,1160.0,1108.0
OTGAW,70.2446724546172,140.0,5010.0,6204.5,5870.5
PAG,70.22888713496448,303140.0,446200.0,3176.0,2943.0
BLCO,70.21310181531176,404520.0,431395.0,2892.0,2984.0
NRXP,70.19731649565904,1049360.0,1283815.0,1823.0,1753.0
TRMK,70.18153117600632,254280.0,412690.0,3345.0,3036.0
FURY,70.1657458563536,262980.0,224795.0,3309.0,3603.0
POWI,70.14996053670087,551080.0,648545.0,2564.0,2558.0
SANA,70.13417521704814,3070160.0,2626945.0,766.0,1013.0
AWR,70.11838989739542,201760.0,264565.0,3590.0,3449.0
COLB,70.1026045777427,3507420.0,3154750.0,674.0,842.0
ACAD,70.08681925808997,1606440.0,1796525.0,1356.0,1383.0
NECB,70.07103393843725,33760.0,40380.0,4957.0,4933.0
CHY,70.05524861878453,138200.0,177805.0,3944.0,3824.0
NEU,70.03946329913181,121960.0,137110.0,4051.0,4041.0
CLB,70.02367797947909,499260.0,676955.0,2676.0,2506.0
BLX,70.00789265982637,161440.0,153285.0,3806.0,3946.0
VLGEA,69.99210734017363,57560.0,45860.0,4618.0,4847.0
GGZ,69.97632202052093,6560.0,7050.0,5736.0,5767.0
RCKT,69.96053670086819,1261180.0,1507585.0,1606.0,1583.0
GNL,69.94475138121547,2435940.0,2476285.0,960.0,1070.0
DOO,69.92896606156275,281400.0,234395.0,3239.0,3565.0
JMSB,69.91318074191003,25260.0,34085.0,5153.5,5033.0
CHE,69.8973954222573,160220.0,168370.0,3811.0,3859.0
SCSC,69.88161010260457,247640.0,239350.0,3375.0,3548.0
USGO,69.86582478295186,76520.0,72760.0,4427.0,4518.0
OSW,69.85003946329913,727400.0,935675.0,2232.0,2114.0
SHC,69.83425414364642,3295080.0,3278160.0,714.0,812.0
ONB,69.81846882399368,2874760.0,3848610.0,823.0,714.0
STRW,69.80268350434096,37060.0,52380.0,4894.0,4759.0
BCRX,69.78689818468824,3110800.0,3361055.0,753.0,796.0
WSM,69.7711128650355,784780.0,866260.0,2149.0,2203.0
FGNXP,69.7553275453828,200.0,210.0,6195.5,6213.0
APM,69.73954222573006,625696.2,,2423.0,
MWYN,69.72375690607736,98640.0,355860.0,4235.0,3180.0
ETN,69.70797158642462,1688140.0,2355620.0,1315.0,1122.0
PLUS,69.6921862667719,165480.0,254455.0,3772.0,3488.0
AIRG,69.67640094711918,59740.0,72765.0,4594.0,4517.0
BKTI,69.66061562746646,49100.0,36920.0,4725.0,4980.5
HFRO,69.64483030781373,102920.0,131880.0,4196.0,4079.0
ACIU,69.62904498816101,165200.0,206010.0,3776.0,3682.0
NREF,69.61325966850829,41300.0,47675.0,4818.5,4816.0
CENTA,69.59747434885556,280500.0,307240.0,3246.0,3309.0
BOH,69.58168902920285,264660.0,396445.0,3300.0,3081.0
VCEL,69.56590370955011,452040.0,475820.0,2775.0,2874.0
CEE,69.55011838989739,23640.0,24305.0,5188.0,5227.0
OFG,69.53433307024467,232380.0,246590.0,3442.0,3516.0
RMBS,69.51854775059195,2159240.0,2588995.0,1082.0,1027.0
ORA,69.50276243093923,551200.0,902950.0,2563.0,2159.0
TWO,69.4869771112865,1524100.0,3396240.0,1421.0,787.0
HTB,69.47119179163379,351500.0,192090.0,3041.0,3755.0
ICR-PA,69.45540647198106,6445.4,5503.55,5740.0,5845.0
SKT,69.43962115232833,674020.0,963670.0,2328.0,2076.0
CMC,69.4238358326756,1094040.0,1064610.0,1770.5,1950.0
GGN,69.40805051302289,521340.0,512435.0,2626.0,2788.0
APG,69.39226519337016,2321460.0,2906440.0,1006.0,914.0
WAFD,69.37647987371744,439020.0,541725.0,2806.0,2727.0
HTH,69.36069455406472,206880.0,246305.0,3562.0,3517.0
POR,69.344909234412,1128500.0,1144490.0,1736.0,1868.0
EMR,69.32912391475926,2113780.0,3181650.0,1095.0,832.0
CUBI,69.31333859510656,253680.0,280415.0,3349.0,3399.0
NVDA,69.29755327545382,93548940.0,118261690.0,6.0,3.0
MGM,69.28176795580112,1809740.0,2483625.0,1257.0,1066.0
AMPY,69.26598263614838,1978640.0,958580.0,1159.0,2084.0
SONO,69.25019731649566,1548200.0,1919630.0,1398.0,1308.0
XERS,69.23441199684294,1788660.0,1718680.0,1267.0,1436.0
LNG,69.21862667719022,1258940.0,1618225.0,1608.0,1516.0
WTFC,69.2028413575375,504420.0,598605.0,2665.0,2639.0
SWX,69.18705603788476,372680.0,459195.0,2979.0,2912.0
LOB,69.17127071823205,253580.0,240010.0,3350.0,3545.0
VTMX,69.15548539857932,76560.0,78275.0,4425.0,4465.0
PRAA,69.13970007892661,378980.0,441010.0,2958.0,2958.0
NJR,69.12391475927387,533960.0,668750.0,2598.0,2525.0
THQ,69.10812943962115,140900.0,150430.0,3922.0,3965.0
RF,69.09234411996843,7296620.0,7784295.0,322.0,332.0
HIVE,69.0765588003157,38975280.0,21552765.0,30.0,105.0
AXTA,69.06077348066299,1616100.0,1768590.0,1348.0,1401.0
MOH,69.04498816101025,575980.0,857995.0,2518.0,2218.0
ADX,69.02920284135755,242400.0,313450.0,3395.0,3289.0
UPS,69.01341752170481,4190780.0,5521460.0,569.0,489.0
BMRC,68.99763220205209,142340.0,151375.0,3912.0,3958.5
CCEP,68.98184688239937,1781860.0,2094545.0,1270.0,1224.0
GTY,68.96606156274665,804880.0,537030.0,2128.0,2739.0
MPLX,68.95027624309392,1208200.0,1600685.0,1660.0,1530.0
ECVT,68.9344909234412,1245920.0,1261930.0,1624.0,1774.0
ITGR,68.91870560378848,696600.0,1674200.0,2283.0,1473.0
THRM,68.90292028413575,385140.0,554750.0,2941.0,2712.0
WABC,68.88713496448304,117360.0,133120.0,4092.5,4073.0
CLSK,68.8713496448303,20915940.0,21116300.0,96.0,107.0
CTRE,68.85556432517758,3239900.0,2304450.0,728.0,1134.0
YQ,68.83977900552486,1540.0,6055.0,6037.0,5824.0
AVGO,68.82399368587214,24124640.0,19565925.0,70.0,116.0
SIGI,68.80820836621942,337160.0,539470.0,3080.0,2733.0
GNW,68.7924230465667,2131860.0,2725120.0,1091.0,980.0
HCI,68.77663772691398,143100.0,169230.0,3905.0,3853.0
BALL,68.76085240726125,1584420.0,1939810.0,1375.0,1297.0
EOD,68.74506708760852,51560.0,91500.0,4684.0,4365.0
SOLS,68.7292817679558,1746480.0,2800870.0,1285.0,951.0
AGM,68.71349644830308,74740.0,104990.0,4439.0,4269.0
TISI,68.69771112865035,24000.0,26545.0,5182.0,5171.0
FIGR,68.68192580899763,6881500.0,4277895.0,340.0,646.0
NATL,68.66614048934491,754500.0,708815.0,2192.0,2460.0
CBFV,68.65035516969219,4400.0,4665.0,5862.0,5899.0
IHS,68.63456985003947,704060.0,1235895.0,2272.0,1790.0
CAAS,68.61878453038675,64160.0,31640.0,4532.0,5079.0
CCK,68.60299921073401,899420.0,949865.0,1986.0,2097.0
MXF,68.58721389108129,30000.0,33445.0,5049.0,5045.0
DE,68.57142857142857,1075860.0,1063065.0,1794.0,1951.0
MMM,68.55564325177585,2891020.0,3214635.0,817.0,823.0
MGY,68.53985793212313,2813140.0,4632350.0,841.0,601.0
HYNE,68.5240726124704,6740.0,10010.0,5727.0,5637.5
MTX,68.50828729281768,154340.0,264795.0,3836.0,3448.0
IVT,68.49250197316495,495860.0,606685.0,2683.0,2624.0
NMIH,68.47671665351224,372980.0,449625.0,2976.0,2932.0
BHRB,68.4609313338595,124560.0,125315.0,4032.0,4113.0
FOXA,68.4451460142068,5913920.0,4961550.0,389.0,555.0
ONC,68.42936069455406,439440.0,411365.0,2803.0,3040.0
DPG,68.41357537490134,35580.0,50115.0,4925.0,4786.0
PECO,68.39779005524862,685080.0,838265.0,2303.0,2263.0
RYTM,68.38200473559588,524720.0,714940.0,2621.0,2446.0
HEI,68.36621941594318,417600.0,417250.0,2846.5,3020.0
JOF,68.35043409629044,69820.0,82625.0,4481.5,4434.0
EGAN,68.33464877663774,83680.0,110385.0,4353.0,4228.0
EW,68.318863456985,2816240.0,4212015.0,840.0,660.0
HURN,68.30307813733228,179860.0,363990.0,3700.0,3153.0
FER,68.28729281767956,1203240.0,1615920.0,1665.0,1518.0
VNOM,68.27150749802684,1484840.0,1664820.0,1438.0,1477.0
CARL,68.25572217837411,178620.0,145470.0,3704.0,3989.0
IBCP,68.23993685872138,188320.0,203560.0,3660.0,3694.0
SKWD,68.22415153906867,582120.0,489900.0,2503.0,2842.0
EDU,68.20836621941594,685420.0,939125.0,2302.0,2107.0
FBK,68.19258089976323,253940.0,327835.0,3348.0,3244.0
DLTR,68.1767955801105,1828540.0,2006830.0,1242.0,1265.0
AAT,68.16101026045777,313200.0,410390.0,3154.0,3042.0
DDS,68.14522494080505,167820.0,154950.0,3758.0,3931.0
MCHP,68.12943962115233,9153540.0,11332215.0,258.0,211.0
L,68.11365430149961,626580.0,694455.0,2422.0,2480.0
CHRW,68.09786898184689,1323420.0,2369270.0,1558.0,1116.0
KELYA,68.08208366219417,310980.0,349270.0,3161.0,3196.0
ACV,68.06629834254143,27380.0,36705.0,5106.0,4986.0
NCZ,68.05051302288871,44800.0,54330.0,4771.0,4734.0
LECO,68.03472770323599,548400.0,487620.0,2568.0,2846.0
FNB,68.01894238358327,3334040.0,4249680.0,701.0,652.0
INN,68.00315706393054,1038260.0,1002950.0,1832.0,2027.0
ECF,67.98737174427782,17660.0,17770.0,5330.5,5384.0
TBLA,67.9715864246251,3047100.0,3163395.0,774.0,840.0
PACK,67.95580110497238,381700.0,619760.0,2949.0,2606.0
GLRE,67.94001578531964,109080.0,145875.0,4140.0,3986.0
HR,67.92423046566694,3043400.0,3660035.0,775.0,741.0
NTWOU,67.9084451460142,4181.4,1045.35,5871.0,6124.0
SABR,67.89265982636148,3356160.0,4085020.0,696.0,679.0
CTKB,67.87687450670876,840080.0,792620.0,2076.0,2322.0
RIGL,67.86108918705604,354940.0,323525.0,3035.0,3260.0
PROV,67.84530386740332,17160.0,10795.0,5345.0,5606.5
QSR,67.8295185477506,2110760.0,2245790.0,1097.0,1159.0
AZTA,67.81373322809787,576340.0,696025.0,2516.0,2477.0
VOYG,67.79794790844514,1663660.0,1708510.0,1325.0,1445.0
MNSB,67.78216258879243,37240.0,33260.0,4891.0,5051.0
WNEB,67.7663772691397,44180.0,52980.0,4778.5,4752.0
OMDA,67.75059194948699,1139320.0,1685215.0,1727.0,1466.0
EVRG,67.73480662983425,1667400.0,1861060.0,1324.0,1349.0
GANX,67.71902131018153,564640.0,507320.0,2537.0,2798.0
PII,67.70323599052881,768620.0,865310.0,2172.0,2205.0
IOT,67.68745067087607,4453880.0,5174460.0,530.0,529.0
PCG,67.67166535122337,22882780.0,26178675.0,80.0,75.0
BHF,67.65588003157063,1677400.0,997665.0,1321.0,2032.0
VLRS,67.64009471191792,594820.0,544265.0,2477.0,2723.0
NXPL,67.62430939226519,61800.0,47475.0,4568.5,4817.0
NBIX,67.60852407261247,1346020.0,1467525.0,1539.0,1610.0
TENB,67.59273875295975,2099700.0,3117915.0,1103.0,851.0
CZR,67.57695343330703,3279020.0,3930930.0,717.0,704.0
RFL,67.5611681136543,111980.0,95855.0,4123.0,4335.0
DAKT,67.54538279400157,349880.0,403290.0,3045.0,3060.0
TXRH,67.52959747434886,660720.0,857705.0,2353.0,2219.0
NGL-PB,67.51381215469613,23609.6,75596.2,5189.0,4488.0
APT,67.49802683504342,36160.0,40950.0,4914.5,4921.0
JFB,67.48224151539068,631640.0,378630.0,2410.0,3121.0
CHNR,67.46645619573796,31320.0,14185.0,5016.0,5470.0
QBTS,67.45067087608524,12024820.0,18002320.0,190.0,125.0
NRIM,67.43488555643252,112640.0,154270.0,4120.0,3938.0
FFAI,67.4191002367798,1417560.0,1608735.25,1485.0,1523.0
DLR,67.40331491712708,1919860.0,2685325.0,1186.0,992.0
HII,67.38752959747436,439160.0,570670.0,2804.5,2682.0
AURA,67.37174427782162,1476660.0,711960.0,1445.0,2453.0
TCBI,67.3559589581689,365240.0,443345.0,3008.0,2953.0
RBRK,67.34017363851618,3388960.0,3009590.0,689.0,874.0
PTN,67.32438831886346,19960.0,20820.0,5268.0,5307.0
ASGI,67.30860299921073,185120.0,156665.0,3672.0,3916.0
NHICU,67.29281767955801,240.0,105.0,6187.0,6233.0
TCBX,67.27703235990529,71740.0,121705.0,4461.0,4143.0
CHW,67.26124704025257,119880.0,210660.0,4070.0,3668.0
CHCO,67.24546172059985,83280.0,112785.0,4354.0,4210.0
AOD,67.22967640094711,355460.0,436105.0,3032.0,2969.0
CAPL,67.21389108129439,69760.0,56180.0,4484.0,4716.0
CVBF,67.19810576164167,970780.0,1332535.0,1902.0,1720.0
BSET,67.18232044198895,20920.0,34030.0,5244.0,5034.0
NAMSW,67.16653512233623,6280.0,2650.0,5748.0,5999.0
ETG,67.1507498026835,134780.0,110630.0,3972.0,4225.0
BBNX,67.13496448303079,1526040.0,1469420.0,1416.0,1609.0
DMLP,67.11917916337806,165820.0,253125.0,3768.5,3495.0
KTB,67.10339384372533,852740.0,718560.0,2060.0,2438.0
PSA,67.08760852407262,633860.0,1026460.0,2405.0,1996.0
NSTS,67.07182320441989,4200.0,5535.0,5869.0,5844.0
STHO,67.05603788476716,18620.0,15560.0,5302.0,5445.0
CLNN,67.04025256511444,62580.0,74055.0,4551.0,4505.0
HIFS,67.02446724546172,59540.0,51580.0,4598.0,4770.0
REYN,67.008681925809,1234200.0,1267440.0,1639.0,1769.0
NCV,66.99289660615626,43180.0,57065.0,4793.0,4703.0
TOI,66.97711128650356,2823736.2,,838.0,
AGNC,66.96132596685082,13303180.0,18795240.0,170.0,122.0
WGRX,66.94554064719811,47167.8,,4748.0,
HQY,66.92975532754538,715340.0,690295.0,2254.0,2486.0
RRX,66.91397000789266,1369040.0,1408035.0,1520.0,1646.0
SPCB,66.89818468823994,128260.0,91130.0,4013.0,4369.0
ETO,66.88239936858722,13540.0,29775.0,5445.5,5111.0
SFNC,66.8666140489345,1268420.0,1265505.0,1598.0,1770.0
PETZ,66.85082872928176,52420.0,89700.0,4678.0,4385.0
MNKD,66.83504340962905,4290160.0,4962245.0,546.0,554.0
GCV,66.81925808997632,60480.0,41280.0,4588.5,4914.0
CREX,66.80347277032361,70700.0,35285.0,4471.0,5012.0
BRZE,66.78768745067087,2349400.0,2129865.0,992.0,1216.0
VFSWW,66.77190213101815,1500.0,2565.0,6042.5,6008.0
FLG-PA,66.75611681136543,26494.6,27205.3,5119.0,5160.0
KFY,66.74033149171271,291460.0,338820.0,3211.0,3217.0
AESI,66.72454617205999,2968640.0,3948170.0,795.0,700.0
SCHW,66.70876085240725,6196160.0,6876975.0,372.0,382.0
HGTY,66.69297553275455,139720.0,146745.0,3931.0,3981.0
OMCL,66.67719021310181,711280.0,846420.0,2262.0,2254.0
MX,66.66140489344909,450920.0,873830.0,2780.0,2192.0
USAR,66.64561957379637,11119160.0,11953865.0,207.0,195.0
KIM,66.62983425414365,2869200.0,4501725.0,825.0,617.0
ONL,66.61404893449092,181540.0,283460.0,3689.0,3391.0
OHI,66.5982636148382,1577360.0,1891210.0,1376.0,1330.0
XIFR,66.58247829518548,603240.0,1000745.0,2457.0,2030.0
GAM,66.56669297553276,9280.0,17130.0,5612.0,5399.0
CDRE,66.55090765588002,296960.0,426680.0,3196.0,3001.0
ZUMZ,66.5351223362273,167460.0,245125.0,3761.0,3520.0
GDV,66.51933701657458,74000.0,80120.0,4444.0,4452.0
KRMN,66.50355169692186,1814140.0,2576590.0,1254.0,1032.0
UTL,66.48776637726914,107160.0,102400.0,4163.0,4283.0
WRAP,66.47198105761642,907140.0,742595.0,1974.0,2396.0
LLYVK,66.4561957379637,264240.0,288770.0,3305.0,3368.0
TFC,66.44041041831098,5708340.0,6425430.0,412.0,419.0
NLY,66.42462509865825,5112200.0,7417895.0,468.0,348.0
EPR,66.40883977900552,654340.0,769810.0,2367.0,2349.0
DXYZ,66.39305445935281,1812640.0,1343505.0,1255.0,1712.0
ADAMN,66.37726913970008,11760.0,8020.0,5501.5,5727.5
AGRO,66.36148382004735,1306160.0,862890.0,1570.0,2209.0
LGL,66.34569850039463,9160.0,8720.0,5614.0,5689.0
AMZN,66.32991318074191,34420600.0,48888000.0,40.0,22.0
OMC,66.31412786108919,1936840.0,3010860.0,1178.0,873.0
SGHC,66.29834254143645,1618040.0,2169140.0,1347.0,1198.0
PRI,66.28255722178375,159220.0,181930.0,3817.0,3805.0
EXTR,66.26677190213101,1723860.0,1816210.0,1299.0,1367.0
SXT,66.2509865824783,308340.0,489030.0,3163.0,2844.0
GRWG,66.23520126282557,681500.0,552350.0,2315.0,2717.0
PRU,66.21941594317285,1244620.0,1897675.0,1625.0,1321.0
SRL,66.20363062352013,24240.0,29930.0,5177.0,5109.0
GVA,66.1878453038674,600220.0,968260.0,2464.0,2069.0
BILL,66.17205998421468,3247560.0,2461275.0,724.0,1076.0
GOLF,66.15627466456195,392860.0,393590.0,2921.0,3091.0
CNSP,66.14048934490924,12640.0,7635.0,5477.0,5744.0
LLYVA,66.1247040252565,181020.0,147545.0,3692.0,3977.0
HAS,66.1089187056038,1211200.0,1821590.0,1659.0,1362.0
FOX,66.09313338595106,881500.0,1097340.0,2015.5,1913.0
XBIO,66.07734806629834,9760.0,66635.0,5585.0,4579.0
FLG,66.06156274664562,3980880.0,4796550.0,597.0,575.0
UCB,66.0457774269929,897660.0,888060.0,1992.0,2179.0
WYFI,66.02999210734018,5163120.0,2573820.0,465.0,1034.0
CARG,66.01420678768744,800260.0,963700.0,2133.0,2075.0
EMN,65.99842146803473,785320.0,1095675.0,2148.0,1916.0
DOV,65.982636148382,842160.0,1253050.0,2072.0,1783.0
BKHAU,65.96685082872928,1100.2,830.65,6078.0,6147.0
EIG,65.95106550907656,132960.0,185815.0,3983.0,3780.0
CBOE,65.93528018942384,815120.0,976270.0,2116.0,2058.0
FRBA,65.91949486977111,142680.0,118705.0,3908.0,4172.0
EMO,65.90370955011839,35080.0,34635.0,4932.0,5021.0
NC,65.88792423046567,18380.0,13690.0,5308.0,5487.0
NGG,65.87213891081294,1005320.0,794845.0,1869.0,2317.0
ALEC,65.85635359116023,2277440.0,1472335.0,1024.0,1606.0
AEP,65.8405682715075,2628040.0,3760705.0,893.0,720.0
GAIN,65.82478295185477,225820.0,216215.0,3470.0,3638.0
PM,65.80899763220205,5128900.0,4994305.0,467.0,551.0
RDNT,65.79321231254933,562600.0,776425.0,2541.0,2344.0
WS,65.77742699289661,184040.0,207845.0,3678.0,3675.0
TRIN,65.76164167324389,830420.0,1095965.0,2087.0,1915.0
FAF,65.74585635359117,563500.0,713030.0,2540.0,2449.0
PCYO,65.73007103393844,68900.0,76510.0,4489.0,4483.0
ULS,65.71428571428571,592580.0,1037620.0,2482.0,1980.0
NMAI,65.69850039463299,67180.0,85845.0,4506.0,4413.0
LTM,65.68271507498027,697660.0,731975.0,2282.0,2416.0
NNN,65.66692975532754,1366140.0,1366895.0,1525.0,1680.0
OSPN,65.65114443567482,389640.0,431425.0,2930.0,2983.0
LYV,65.6353591160221,1776760.0,2131265.0,1272.0,1213.0
KLTR,65.61957379636938,304340.0,1152820.0,3174.0,1861.0
ADAML,65.60378847671664,17700.0,13510.0,5327.5,5500.0
SATA,65.58800315706394,130920.0,131325.0,3992.0,4086.0
BSVN,65.5722178374112,36660.0,38445.0,4902.0,4965.0
LTC,65.5564325177585,652960.0,553535.0,2369.0,2716.0
RMBI,65.54064719810576,28720.0,41115.0,5080.0,4917.0
WMT,65.52486187845304,20871200.0,21920855.0,97.0,102.0
SW,65.50907655880032,4242180.0,5182405.0,557.0,526.0
EPR-PC,65.4932912391476,7309.0,4629.5,5688.0,5902.0
NEE,65.47750591949487,10311200.0,10951895.0,226.0,219.0
BODI,65.46172059984214,76260.0,62495.0,4429.5,4635.0
SBUX,65.44593528018943,5357860.0,7680430.0,448.0,334.0
STRT,65.4301499605367,98560.0,87235.0,4236.0,4403.0
WNC,65.41436464088399,808440.0,1092105.0,2124.0,1919.0
PAHC,65.39857932123125,128940.0,179515.0,4004.5,3815.0
TFX,65.38279400157853,713920.0,641680.0,2258.0,2569.0
QQQX,65.36700868192581,92380.0,85520.0,4289.0,4417.0
AMPG,65.35122336227307,5312240.0,2715775.0,451.0,984.0
MIY,65.33543804262037,58240.0,65515.0,4614.0,4594.0
MTG,65.31965272296763,1447720.0,1660550.0,1463.0,1480.0
OR,65.30386740331492,971360.0,995180.0,1901.0,2036.0
TOL,65.28808208366219,1250900.0,894705.0,1621.0,2167.0
TACT,65.27229676400947,20680.0,18795.0,5249.0,5359.0
WEX,65.25651144435675,486820.0,834715.0,2699.0,2269.0
BOOM,65.24072612470403,92860.0,230245.0,4281.5,3582.0
ZIP,65.2249408050513,798040.0,815665.0,2136.0,2292.0
FHN,65.20915548539858,3601960.0,5042455.0,661.0,542.0
UAL,65.19337016574586,2788320.0,3349690.0,849.0,798.0
VZLA,65.17758484609313,4780380.0,5088065.0,493.0,537.0
CWEN,65.1617995264404,845500.0,1164560.0,2071.0,1850.0
CODI-PB,65.14601420678768,5166.4,10145.1,5812.0,5627.0
D,65.13022888713496,2620020.0,3425945.0,896.0,782.0
ESTC,65.11444356748224,3544360.0,2244305.0,669.0,1162.0
IDA,65.09865824782952,541900.0,498820.0,2582.0,2816.0
NGL-PC,65.0828729281768,2399.0,1995.6,5973.0,6059.0
TLSI,65.06708760852408,154540.0,213145.0,3835.0,3654.0
DMAC,65.05130228887136,127840.0,153595.0,4014.0,3943.0
TEI,65.03551696921863,156820.0,125640.0,3826.5,4112.0
SUPN,65.0197316495659,585140.0,1028850.0,2498.0,1993.0
HMN,65.00394632991318,288640.0,256325.0,3219.5,3475.0
SPFI,64.98816101026046,94100.0,120170.0,4268.0,4154.0
BAX,64.97237569060773,5852300.0,8026360.0,394.0,321.0
IGD,64.95659037095501,252360.0,268920.0,3355.0,3437.0
RGR,64.94080505130229,132260.0,122310.0,3985.5,4137.0
MUJ,64.92501973164957,76320.0,82985.0,4428.0,4432.0
EURK,64.90923441199683,100.0,5085.0,6215.0,5864.0
BCPC,64.89344909234413,132680.0,185720.0,3984.0,3781.0
PFE,64.87766377269139,36425300.0,40733525.0,34.0,36.0
BRX,64.86187845303868,2049800.0,2408740.0,1119.0,1097.0
BTO,64.84609313338595,35880.0,43120.0,4918.0,4890.0
MGYR,64.83030781373323,3100.0,3180.0,5930.5,5968.0
MSEX,64.8145224940805,147920.0,139085.0,3877.0,4026.0
IOSP,64.79873717442779,146020.0,179215.0,3888.0,3817.0
HUBG,64.78295185477506,1457500.0,1282965.0,1456.0,1755.0
PED,64.76716653512233,27000.0,26950.0,5109.0,5163.0
ALGN,64.75138121546962,818300.0,950900.0,2108.0,2096.0
CINF,64.73559589581689,374220.0,646810.0,2971.0,2561.0
FGBI,64.71981057616418,23380.0,20075.0,5193.0,5320.0
RNST,64.70402525651144,644660.0,579945.0,2386.0,2667.0
FCNCA,64.68823993685872,49460.0,62965.0,4718.5,4627.0
CSQ,64.672454617206,140220.0,179550.0,3928.0,3814.0
CODI-PA,64.65666929755326,3428.4,5150.35,5910.0,5859.0
GLQ,64.64088397790056,39160.0,46795.0,4864.0,4829.0
TBLD,64.62509865824782,33300.0,43305.0,4968.0,4884.5
CEV,64.60931333859511,19620.0,27420.0,5280.5,5155.0
NAMS,64.59352801894238,1000220.0,1125705.0,1876.0,1886.0
ALLY,64.57774269928966,2416540.0,2851735.0,968.0,941.0
EXG,64.56195737963694,449400.0,444885.0,2784.5,2946.0
IMCR,64.54617205998422,416720.0,453060.0,2849.0,2928.0
COLM,64.5303867403315,671720.0,741710.0,2331.0,2400.0
VANI,64.51460142067876,315020.0,179360.0,3149.0,3816.0
PFBC,64.49881610102605,62060.0,86440.0,4561.5,4407.0
VPV,64.48303078137332,39180.0,30085.0,4862.5,5106.0
AKR,64.46724546172061,1726960.0,1508930.0,1297.0,1580.0
ESS,64.45146014206787,369480.0,433720.0,2990.0,2979.0
OCFC,64.43567482241515,1134260.0,974575.0,1732.0,2059.0
ACCO,64.41988950276243,684460.0,673845.0,2306.0,2511.0
MARPS,64.40410418310971,2200.0,3540.0,5981.0,5952.0
KRNT,64.38831886345699,361580.0,322410.0,3015.0,3263.0
AMCR,64.37253354380427,3735600.0,4014025.0,632.0,688.0
WFCF,64.35674822415154,10700.0,3880.0,5543.5,5944.0
CBNK,64.34096290449881,45200.0,56775.0,4766.0,4709.0
FVN,64.32517758484609,48940.0,79765.0,4726.0,4453.0
ATMU,64.30939226519337,751020.0,727130.0,2198.0,2423.0
BSAA,64.29360694554065,3020.0,7550.0,5936.0,5747.0
ATIIU,64.27782162588792,100.0,50.0,6215.0,6243.5
ZBRA,64.2620363062352,680360.0,887295.0,2318.0,2182.0
AKTS,64.24625098658248,189940.0,244225.0,3649.0,3525.0
CGO,64.23046566692976,29420.0,30495.0,5065.0,5100.0
WRLD,64.21468034727702,69200.0,125200.0,4487.0,4114.0
NSIT,64.19889502762432,292220.0,454640.0,3209.0,2920.0
MFIN,64.18310970797158,73800.0,72005.0,4445.0,4525.0
ESNT,64.16732438831886,572840.0,539025.0,2523.0,2734.0
SCCE,64.15153906866614,7960.0,4810.0,5656.0,5887.5
SCCF,64.13575374901342,4920.0,2630.0,5831.0,6002.0
DNP,64.1199684293607,426400.0,548115.0,2832.0,2721.0
HPQ,64.10418310970798,12478500.0,14489865.0,181.0,155.0
TRNS,64.08839779005525,124180.0,147960.0,4036.0,3976.0
SSB,64.07261247040252,684620.0,925825.0,2304.0,2124.0
ES,64.05682715074981,1777500.0,2317775.0,1271.0,1130.0
CRC,64.04104183109708,759320.0,831405.0,2187.0,2274.0
FTW,64.02525651144437,152420.0,109325.0,3844.0,4231.0
OTTR,64.00947119179163,192260.0,232175.0,3632.0,3572.0
CTRM,63.993685872138904,63200.0,38085.0,4546.0,4969.0
COFS,63.97790055248619,79560.0,82095.0,4394.0,4436.0
OPBK,63.96211523283346,59960.0,59880.0,4592.0,4659.0
EFSC,63.94632991318075,188440.0,227960.0,3658.0,3590.0
CPA,63.93054459352802,266640.0,318740.0,3292.0,3276.0
UGI,63.9147592738753,4372140.0,2230905.0,541.0,1173.0
GATX,63.89897395422257,168900.0,218555.0,3749.0,3629.0
NTWO,63.883188634569855,2469360.0,618060.0,947.0,2608.0
IGIC,63.86740331491713,78920.0,105705.0,4402.0,4261.0
VG,63.85161799526441,14049860.0,14656280.0,158.0,154.0
FMNB,63.835832675611684,408680.0,428800.0,2879.0,2993.0
NMT,63.820047355958955,11020.0,12175.0,5527.0,5545.0
AMRC,63.804262036306234,585600.0,723540.0,2497.0,2430.0
PBHC,63.788476716653506,3960.0,4110.0,5879.0,5939.0
BACCU,63.77269139700079,0.0,125.0,6288.0,6227.5
WPC,63.75690607734806,837460.0,1263875.0,2080.0,1772.0
NYT,63.74112075769535,1516700.0,2361675.0,1427.0,1120.0
DEA,63.72533543804262,356820.0,368335.0,3026.5,3147.0
NFGC,63.7095501183899,1438320.0,1410360.0,1472.0,1643.0
BOW,63.69376479873717,337960.0,434805.0,3077.0,2974.0
FTS,63.677979479084456,660760.0,769205.0,2352.0,2351.0
ENSG,63.66219415943173,261500.0,387520.0,3316.0,3101.0
CLLS,63.646408839779,14260.0,17240.0,5430.0,5397.0
DXCM,63.630623520126285,4925000.0,5639190.0,479.0,478.0
VZ,63.61483820047356,15927120.0,23560425.0,137.0,90.0
FFA,63.599052880820835,38840.0,31530.0,4869.0,5083.0
MSA,63.583267561168114,241600.0,307560.0,3401.0,3307.0
CEPU,63.56748224151539,205600.0,234240.0,3569.0,3566.0
CPK,63.551696921862664,149380.0,180895.0,3867.0,3811.0
CDRO,63.53591160220995,16800.0,24135.0,5356.5,5231.0
NAAS,63.52012628255722,18540.0,20045.0,5304.0,5321.0
SR,63.50434096290451,406520.0,454765.0,2887.0,2919.0
CDLR,63.48855564325178,47200.0,58230.0,4746.5,4683.5
CASH,63.47277032359905,174980.0,186295.0,3723.0,3779.0
UE,63.45698500394633,694540.0,785040.0,2287.0,2330.0
CTRI,63.4411996842936,1390320.0,2154760.0,1504.0,1204.0
WFC,63.425414364640886,10547740.0,12346740.0,222.0,187.0
BANR,63.40962904498816,379480.0,359855.0,2955.0,3168.0
NTIP,63.393843725335444,17400.0,22015.0,5342.0,5279.0
EDD,63.378058405682715,293440.0,326265.0,3204.0,3250.0
HNI,63.362273086029994,330420.0,586715.0,3099.0,2655.0
ARL,63.346487766377265,9960.0,11865.0,5571.0,5558.0
SYF,63.33070244672455,2889040.0,3130460.0,818.0,847.0
DKI,63.31491712707182,41620.0,632585.0,4816.0,2587.0
HEQ,63.299131807419094,24420.0,21005.0,5172.5,5303.0
NNDM,63.28334648776638,1441120.0,1957075.0,1467.0,1288.0
RMI,63.26756116811365,4340.0,25850.0,5864.5,5185.0
CODI-PC,63.25177584846094,4600.0,8953.95,5849.5,5675.0
CPSS,63.23599052880821,14580.0,17735.0,5420.5,5387.0
BBCQU,63.22020520915549,3740.0,1020.0,5895.0,6128.0
ASIC,63.20441988950276,120060.0,73900.0,4068.0,4507.0
ARR,63.188634569850045,3608580.0,3573340.0,659.0,752.0
RVLV,63.17284925019732,847640.0,969445.0,2068.0,2064.0
AMP,63.15706393054459,355380.0,465255.0,3033.0,2897.0
AXP,63.141278610891874,2236240.0,2820340.0,1043.0,945.0
CII,63.125493291239145,89500.0,104655.0,4312.0,4272.0
NEPH,63.109707971586424,35520.0,23590.0,4926.0,5241.0
SPXC,63.093922651933696,374020.0,490630.0,2973.0,2840.0
USAC,63.07813733228098,389480.0,291420.0,2931.0,3360.0
CIF,63.06235201262825,,,,
SNFCA,63.04656669297554,48040.0,31040.0,4736.0,5092.0
NTST,63.03078137332281,4406580.0,2040945.0,537.0,1249.0
API,63.01499605367009,332700.0,297750.0,3090.0,3336.0
PSO,62.99921073401736,670960.0,765960.0,2333.0,2359.0
LANDO,62.98342541436463,6220.0,14555.0,5754.5,5462.0
EGHT,62.96764009471192,970660.0,1775780.0,1903.0,1395.0
BSBR,62.95185477505919,5808520.0,4687895.0,401.0,592.0
GLU,62.936069455406475,11220.0,8600.0,5520.0,5692.0
AIRJ,62.92028413575375,1936880.0,1977180.0,1177.0,1279.0
CBU,62.904498816101025,166800.0,230765.0,3764.0,3579.0
AWX,62.888713496448304,22900.0,127395.0,5201.0,4106.0
CR,62.87292817679558,410680.0,491535.0,2871.0,2836.0
ELS,62.857142857142854,1242180.0,1555585.0,1628.0,1556.0
GHC,62.84135753749014,29940.0,25520.0,5053.5,5192.0
GERN,62.82557221783741,7492220.0,11323160.0,311.0,212.0
OMF,62.80978689818468,825540.0,991735.0,2091.0,2041.0
CART,62.79400157853197,4601980.0,4441780.0,513.0,625.0
FE,62.77821625887924,3372020.0,4552975.0,693.0,611.0
BDJ,62.76243093922652,383620.0,438085.0,2945.0,2964.0
SBRA,62.74664561957379,2608500.0,2730630.0,899.0,978.0
AX,62.730860299921076,291680.0,337455.0,3210.0,3222.0
ETW,62.71507498026835,318680.0,301670.0,3127.0,3325.0
UTZ,62.699289660615634,1160460.0,2890695.0,1706.0,922.0
SJM,62.683504340962905,1014120.0,1200425.0,1857.0,1825.0
ANF,62.667719021310184,999060.0,997505.0,1877.0,2033.0
CET,62.651933701657455,30480.0,30765.0,5034.0,5096.0
YORW,62.636148382004734,107420.0,123080.0,4160.0,4130.0
CYH,62.62036306235201,973720.0,1867445.0,1897.0,1345.0
TAL,62.604577742699284,3414660.0,5411060.0,686.0,498.0
AFL,62.58879242304657,1908540.0,2004505.0,1196.0,1268.0
NBHC,62.57300710339384,403360.0,436065.0,2898.0,2970.0
RAVE,62.55722178374113,28920.0,25965.0,5075.0,5182.5
ORI,62.5414364640884,962580.0,1198020.0,1913.0,1829.0
IE,62.52565114443568,1368020.0,1808660.0,1522.0,1374.0
WAL-PA,62.50986582478295,12747.4,21577.65,5472.0,5287.0
ZWS,62.494080505130235,668600.0,951505.0,2339.0,2093.0
PNW,62.478295185477506,970440.0,1255070.0,1904.0,1780.0
ENPH,62.46250986582478,3393100.0,4710125.0,688.0,588.0
HUBB,62.446724546172064,483445.8,634086.85,2707.0,2583.0
MLKN,62.430939226519335,469680.0,599275.0,2732.0,2638.0
BBDO,62.415153906866614,76720.0,96525.0,4424.0,4332.0
AES,62.399368587213885,4860400.0,6445165.0,484.0,416.0
CHYM,62.38358326756117,9821840.0,9596390.0,233.0,259.0
JRS,62.36779794790844,43580.0,66390.0,4786.0,4582.0
ACIW,62.35201262825573,952100.0,1093190.0,1923.0,1918.0
NRK,62.336227308603,365040.0,281310.0,3010.0,3394.0
OGS,62.32044198895028,432400.0,484730.0,2821.0,2859.0
XEL,62.30465666929755,3983800.0,4727315.0,595.0,584.0
HEI-A,62.28887134964482,223760.0,229430.0,3476.0,3586.0
DTSQU,62.27308602999211,0.0,5.0,6288.0,6263.0
AMPL,62.25730071033938,2297360.0,2393615.0,1016.0,1104.0
SGU,62.241515390686665,25260.0,25405.0,5153.5,5196.0
AFG,62.22573007103394,333940.0,374600.0,3089.0,3133.0
MAYS,62.209944751381215,100.0,2405.0,6215.0,6024.0
AQST,62.194159431728494,5060900.0,3674615.0,472.0,738.0
STRS,62.17837411207577,23360.0,93155.0,5194.0,4355.0
MCR,62.162588792423044,,,,
SAIC,62.14680347277033,324360.0,400360.0,3113.0,3070.0
BOC,62.1310181531176,134620.0,107010.0,3973.0,4251.0
UEC,62.11523283346487,5822160.0,7349585.0,399.0,357.0
VFL,62.09944751381216,,,,
NTIC,62.08366219415943,2000.0,5820.0,5999.5,5836.0
FSUN,62.06787687450671,301740.0,302975.0,3183.0,3320.0
HRMY,62.05209155485398,586960.0,764800.0,2490.0,2360.0
ITW,62.036306235201266,1004440.0,1324610.0,1871.0,1726.0
ORLA,62.02052091554854,2448103.2,,957.0,
EG,62.00473559589582,258120.0,333525.0,3336.0,3232.0
BUDA,61.988950276243095,16620.0,17595.0,5361.0,5388.0
TPCS,61.973164956590374,189880.0,65365.0,3650.0,4598.0
NU,61.957379636937645,97574820.0,72167710.0,4.0,7.0
TWO-PB,61.941594317284924,11855.2,35669.0,5497.0,5003.0
SRV,61.9258089976322,49460.0,61665.0,4718.5,4648.0
GROY,61.910023677979474,2395320.0,2436445.0,974.0,1085.0
MBINL,61.89423835832676,10720.0,9590.0,5541.0,5654.0
VFC,61.87845303867403,5461240.0,8671605.0,439.0,297.0
AVTR,61.86266771902132,5433800.0,11505915.0,442.0,206.0
NOG,61.84688239936859,2165960.0,2427865.0,1081.0,1089.0
IDE,61.83109707971587,28160.0,40630.0,5092.0,4928.0
CNS,61.81531176006314,229080.0,239220.0,3456.0,3549.0
EVAX,61.79952644041041,1269000.0,327065.0,1596.0,3247.0
AEE,61.783741120757696,1409900.0,1528040.0,1490.0,1570.0
ETV,61.76795580110497,172300.0,155185.0,3738.0,3929.0
AYI,61.752170481452254,225860.0,273710.0,3469.0,3420.0
ARLP,61.736385161799525,441400.0,416405.0,2799.0,3022.0
COR,61.720599842146804,1253380.0,1493285.0,1615.0,1592.0
CCZ,61.704814522494075,120.0,130.0,6208.5,6225.5
ELLO,61.68902920284136,3160.0,4285.0,5926.0,5929.0
IVA,61.67324388318863,597840.0,712310.0,2468.0,2451.0
PNFP,61.65745856353592,841240.0,1198350.0,2074.0,1827.0
LXEO,61.64167324388319,858320.0,918770.0,2054.0,2137.0
TR,61.62588792423046,169080.0,151470.0,3747.0,3957.0
BPYPP,61.61010260457774,9620.0,11230.0,5598.0,5587.0
TXT,61.59431728492501,1194220.0,1782430.0,1674.0,1391.0
SF,61.5785319652723,888020.0,1048820.0,2006.0,1962.0
GLV,61.56274664561957,64560.0,54405.0,4528.0,4732.0
TCBS,61.546961325966855,680.0,970.0,6128.5,6130.0
ACGL,61.531176006314126,1406260.0,1769340.0,1494.0,1400.0
LOAR,61.515390686661405,578380.0,586495.0,2508.0,2656.0
EML,61.499605367008684,12220.0,14040.0,5482.0,5476.0
MHO,61.48382004735596,178220.0,221675.0,3706.0,3613.0
FHB,61.468034727703234,1563640.0,2043155.0,1387.0,1248.0
LRMR,61.452249408050506,1134000.0,1219430.0,1733.0,1808.0
PMM,61.43646408839779,120940.0,112160.0,4059.0,4215.0
DG,61.42067876874506,1903980.0,1968685.0,1200.0,1283.0
ITUB,61.40489344909235,21412780.0,20797950.0,92.0,110.0
PRTA,61.38910812943962,331140.0,485515.0,3097.0,2855.0
GRX,61.3733228097869,31520.0,20725.0,5010.0,5308.0
DBD,61.35753749013417,255000.0,320950.0,3342.0,3269.0
LNT,61.341752170481456,2175600.0,2669085.0,1077.0,1003.0
AGYS,61.32596685082873,342060.0,314555.0,3063.0,3282.0
GTES,61.31018153117601,1279380.0,2084510.0,1587.0,1231.0
CRNT,61.294396211523285,432360.0,535675.0,2822.0,2742.0
LYFT,61.27861089187056,8895620.0,12604950.0,263.0,182.0
NOA,61.262825572217835,107800.0,70770.0,4157.0,4539.0
TV,61.247040252565114,562340.0,844510.0,2543.0,2256.0
IIM,61.23125493291239,130540.0,93395.0,3996.0,4350.0
O,61.215469613259664,5555680.0,5536645.0,426.0,485.0
CSWC,61.19968429360695,551240.0,640855.0,2562.0,2572.0
CCS,61.18389897395422,174160.0,262695.0,3727.0,3455.0
GUT,61.16811365430151,150200.0,184710.0,3860.5,3789.0
TKO,61.15232833464878,973660.0,1119220.0,1898.0,1895.0
CTVA,61.13654301499606,3240580.0,4813955.0,727.0,573.0
FOR,61.12075769534333,79620.0,111630.0,4392.0,4220.0
RCG,61.1049723756906,5700.0,4515.0,5787.0,5906.0
MTD,61.089187056037886,124280.0,165435.0,4034.5,3875.0
HROW,61.07340173638516,585000.0,571435.0,2499.0,2680.0
AFJK,61.057616416732444,11740.0,29865.0,5503.0,5110.0
JCE,61.041831097079715,36480.0,39490.0,4908.0,4942.0
LBTYB,61.026045777426994,5900.0,2805.0,5773.5,5990.0
TWO-PA,61.010260457774265,10880.4,16069.65,5536.0,5429.0
REG,60.99447513812155,1102880.0,1419395.0,1757.0,1636.0
TJX,60.97868981846882,7136120.0,5463480.0,329.0,491.0
SMTI,60.96290449881611,376660.0,449820.0,2966.0,2931.0
ANSCU,60.94711917916338,0.0,0.0,6288.0,6278.5
URG,60.93133385951065,4501940.0,5912455.0,524.0,457.0
CAAP,60.91554853985793,311600.0,193295.0,3156.0,3744.0
HPK,60.8997632202052,414660.0,469780.0,2859.5,2886.0
QRVO,60.88397790055249,1032320.0,1300300.0,1837.0,1745.0
OLP,60.86819258089976,74780.0,92855.0,4438.0,4357.0
SYBT,60.852407261247045,124380.0,178210.0,4033.0,3821.0
CBT,60.836621941594316,363180.0,476275.0,3013.0,2873.0
AEXA,60.820836621941595,46940.0,62940.0,4751.0,4628.0
CWT,60.805051302288874,458880.0,499565.0,2759.0,2812.0
BXC,60.78926598263615,123800.0,178760.0,4038.0,3819.0
GIC,60.773480662983424,109880.0,137065.0,4135.0,4042.0
ED,60.757695343330695,2293640.0,2444075.0,1018.0,1083.0
HIW,60.74191002367798,896680.0,1343390.0,1994.0,1714.0
RJF,60.72612470402525,887600.0,1029705.0,2008.0,1991.0
AGD,60.71033938437254,63780.0,90350.0,4542.0,4379.0
NCA,60.69455406471981,49260.0,66955.0,4721.0,4577.0
AIO,60.67876874506709,61880.0,76235.0,4565.5,4485.0
PB,60.66298342541436,756180.0,953670.0,2191.0,2091.0
WHG,60.647198105761646,18000.0,18995.0,5320.0,5353.0
AXR,60.63141278610892,6140.0,13865.0,5760.5,5481.5
LNC,60.6156274664562,1792420.0,2221260.0,1266.0,1182.0
FEBO,60.599842146803475,5740.0,7280.0,5783.0,5758.0
DGICA,60.58405682715075,99540.0,119075.0,4227.0,4166.5
FWONA,60.568271507498025,123520.0,147400.0,4041.0,3979.0
EMA,60.552486187845304,271860.0,633535.0,3278.0,2585.0
AMBA,60.53670086819258,904540.0,1812495.0,1976.0,1371.0
KRP,60.520915548539854,1038680.0,949110.0,1831.0,2100.0
DTSQ,60.50513022888714,440.0,2680.0,6156.5,5997.0
ZTR,60.48934490923441,99880.0,111710.0,4226.0,4218.0
NIE,60.4735595895817,38360.0,47315.0,4874.5,4820.0
LANDP,60.45777426992897,21980.0,24665.0,5224.5,5217.0
NKTX,60.44198895027625,380080.0,611220.0,2954.0,2616.0
RJET,60.42620363062352,81040.0,112735.0,4382.0,4211.0
EXR,60.41041831097079,736920.0,1204305.0,2221.0,1823.0
ASPCU,60.394632991318076,1315.0,437.0,6057.0,6183.0
OIA,60.37884767166535,127480.0,132095.0,4015.0,4078.0
SCCG,60.36306235201263,2540.0,2985.0,5958.5,5983.0
SSBI,60.347277032359905,3260.0,6255.0,5921.0,5812.0
DRI,60.331491712707184,1021000.0,1177280.0,1846.0,1836.0
EL,60.315706393054455,4793040.0,2961975.0,492.0,895.0
ALISU,60.29992107340174,0.0,0.0,6288.0,6278.5
CRBP,60.28413575374901,532920.0,347185.0,2605.0,3201.0
CXDO,60.268350434096284,260940.0,490305.0,3320.0,2841.0
BCML,60.25256511444357,65880.0,59590.0,4516.5,4663.0
CL,60.23677979479084,3805600.0,4557670.0,625.0,610.0
VKI,60.22099447513812,51580.0,68790.0,4683.0,4559.0
VGM,60.20520915548539,159300.0,135320.0,3816.0,4057.0
FRME,60.18942383583268,296620.0,430435.0,3198.0,2986.0
CAPN,60.17363851617995,20.0,1785.0,6239.5,6080.0
UBCP,60.157853196527235,3180.0,3055.0,5925.0,5977.5
IONQ,60.142067876874506,16987780.0,20917995.0,122.0,109.0
FELE,60.126282557221785,235720.0,298515.0,3429.0,3333.0
ECCC,60.110497237569064,6400.0,3410.0,5741.0,5958.0
DNOW,60.094711917916335,2553340.0,2674290.0,919.0,997.0
HOVR,60.078926598263614,661420.0,1087980.0,2350.0,1922.0
BKHA,60.063141278610885,840.0,910.0,6112.5,6135.5
ENB,60.04735595895817,7218500.0,5304465.0,326.0,513.0
BRBS,60.03157063930544,2570300.0,835570.0,912.0,2268.0
ARTNA,60.01578531965273,30400.0,31350.0,5036.0,5085.0
RCAT,60.0,10222240.0,9626775.0,228.0,258.0
IIPR,59.98421468034728,315740.0,313185.0,3147.0,3290.0
INDO,59.96842936069455,117980.0,226960.0,4085.0,3592.0
MESO,59.952644041041836,215320.0,192860.0,3517.0,3750.0
GLO,59.93685872138911,81940.0,98525.0,4364.0,4318.0
BCAT,59.92107340173638,681580.0,649600.0,2314.0,2557.0
TY,59.905288082083665,37880.0,28265.0,4883.0,5140.0
BWMN,59.889502762430936,634600.0,503075.0,2403.0,2806.0
PGNY,59.873717442778215,917640.0,1146480.0,1964.0,1864.0
IMMR,59.857932123125494,408620.0,707430.0,2881.0,2464.0
CNET,59.84214680347277,342920.0,615075.0,3060.0,2610.0
IQI,59.826361483820044,210160.0,157610.0,3548.0,3908.0
KMDA,59.81057616416733,247920.0,120585.0,3374.0,4152.0
AFB,59.7947908445146,61460.0,58860.0,4573.5,4675.0
UYSC,59.77900552486189,300.0,390.0,6179.5,6188.0
CE,59.76322020520916,1271480.0,2002075.0,1593.0,1269.0
ACRE,59.74743488555643,290080.0,492355.0,3216.0,2834.0
AYTU,59.73164956590371,40740.0,32995.0,4831.0,5056.0
EDIT,59.71586424625098,3346420.0,1957925.0,699.0,1286.5
MACIU,59.700078926598266,80.0,205.0,6221.5,6214.5
PKX,59.68429360694554,257600.0,325230.0,3338.0,3254.0
BOE,59.66850828729282,93940.0,99930.0,4271.0,4307.0
IOR,59.652722967640095,880.0,275.0,6110.0,6205.0
ACEL,59.636937647987374,276840.0,281740.0,3254.0,3393.0
GOODN,59.621152328334645,1340.0,2290.0,6054.0,6033.0
EOT,59.60536700868193,35820.0,26550.0,4920.0,5170.0
DLNG,59.5895816890292,62100.0,70930.0,4560.0,4537.0
LEGH,59.573796369376474,108280.0,146405.0,4151.0,3985.0
CNP,59.55801104972376,4175120.0,6163825.0,575.0,435.0
CNOBP,59.54222573007103,8860.0,8800.0,5622.5,5685.0
DSX-PB,59.52644041041831,1622.2,1890.85,6027.0,6068.0
HSTM,59.51065509076558,177200.0,200945.0,3714.0,3708.0
SPCE,59.49486977111287,11110360.0,9018850.0,208.0,280.0
PCG-PX,59.47908445146014,344216.0,202225.9,3056.0,3701.0
STRR,59.463299131807425,4900.0,4155.0,5832.0,5936.0
SBSI,59.447513812154696,116440.0,142115.0,4099.0,4010.5
MMI,59.431728492501975,119140.0,129695.0,4076.0,4093.0
MIDD,59.41594317284925,793620.0,626905.0,2141.0,2596.0
VKQ,59.400157853196525,183560.0,171060.0,3680.0,3847.0
GCMG,59.384372533543804,476300.0,465170.0,2719.0,2899.0
KGEI,59.368587213891075,213420.0,152500.0,3527.0,3949.0
YUMC,59.35280189423836,1236700.0,1553690.0,1633.0,1557.0
DX,59.33701657458563,4869740.0,5246355.0,483.0,519.0
INR,59.32123125493292,212820.0,278945.0,3529.0,3405.0
CLAR,59.30544593528019,125420.0,120165.0,4028.0,4155.0
BLBD,59.28966061562747,696100.0,617700.0,2285.0,2609.0
KCHVU,59.27387529597474,0.0,55.0,6288.0,6241.0
DSGR,59.258089976322026,211240.0,239780.0,3540.0,3546.0
EVER,59.2423046566693,482820.0,697060.0,2708.0,2474.0
OSK,59.22651933701657,441480.0,891325.0,2798.0,2174.0
HOMB,59.210734017363855,1316780.0,1458480.0,1562.0,1620.0
PRCH,59.194948697711126,1264700.0,1941105.0,1603.0,1295.0
MMSI,59.179163378058405,823960.0,1174935.0,2095.0,1838.0
MEGI,59.163378058405684,85660.0,138795.0,4338.0,4029.0
DHCNI,59.14759273875296,14740.0,13080.0,5412.0,5517.0
PMO,59.131807419100234,61060.0,62445.0,4579.5,4636.0
AVO,59.11602209944752,384360.0,720725.0,2943.0,2436.0
CHD,59.10023677979479,1573200.0,1901820.0,1381.0,1318.0
PCQ,59.08445146014208,141220.0,141975.0,3919.0,4012.0
FSBW,59.06866614048935,13800.0,21425.0,5438.5,5291.0
FSHP,59.05288082083662,17020.0,4255.0,5348.5,5932.5
BPYPN,59.0370955011839,16500.0,12970.0,5364.0,5521.5
MFM,59.02131018153117,284780.0,298410.0,3228.0,3334.0
V,59.005524861878456,8895500.0,7167625.0,264.0,369.0
CUZ,58.98973954222573,1225440.0,1730050.0,1642.0,1431.0
UHT,58.97395422257301,95880.0,99765.0,4250.0,4309.0
IGA,58.958168902920285,106660.0,72695.0,4167.0,4520.0
MRKR,58.94238358326756,79120.0,56505.0,4398.0,4710.0
SLG,58.926598263614835,893100.0,1047365.0,2001.0,1964.0
MCHPP,58.91081294396211,46400.0,101100.0,4756.0,4294.0
FSHPU,58.89502762430939,40.0,15.0,6233.5,6255.0
KSPI,58.879242304656664,519840.0,541395.0,2629.0,2729.0
TRN,58.86345698500395,619580.0,811630.0,2432.0,2296.0
SOR,58.84767166535122,7700.0,9370.0,5670.0,5661.0
RDWR,58.8318863456985,183520.0,244130.0,3681.0,3527.0
OPRA,58.81610102604577,560080.0,374965.0,2548.0,3132.0
ROAD,58.80031570639306,597120.0,802520.0,2472.0,2306.0
GRVY,58.78453038674033,44460.0,50215.0,4774.0,4783.0
SELF,58.768745067087615,30640.0,29730.0,5030.0,5113.0
YIBO,58.752959747434886,16140.0,111980.0,5371.0,4217.0
ZTO,58.73717442778216,1999420.0,2012090.0,1144.0,1261.0
CC,58.72138910812944,2292240.0,3037365.0,1020.0,867.0
MHK,58.705603788476715,902640.0,1067390.0,1979.0,1943.0
GNRC,58.689818468823994,821620.0,1220775.0,2101.0,1806.0
SPXX,58.674033149171265,216380.0,219175.0,3508.0,3626.0
AVY,58.65824782951855,750780.0,887045.0,2199.0,2183.0
EFC-PB,58.64246250986582,3040.0,8761.75,5932.5,5687.0
RILY,58.62667719021311,473540.0,594665.0,2722.0,2646.0
BMN,58.61089187056038,4580.0,7090.0,5852.5,5763.0
CUBE,58.59510655090766,1733340.0,2243875.0,1294.0,1164.0
PGACU,58.57932123125493,1107.8,276.95,6077.0,6204.0
NVG,58.5635359116022,567380.0,493820.0,2531.0,2830.0
TG,58.54775059194949,150920.0,179595.0,3854.5,3813.0
MNSBP,58.53196527229676,2340.0,940.0,5977.0,6133.0
EQT,58.516179952644045,6457180.0,6376055.0,357.0,421.0
GPN,58.500394632991316,2555960.0,3180785.0,916.0,833.0
TT,58.484609313338595,683960.0,1161460.0,2309.0,1853.0
WTRG,58.468823993685874,1639300.0,1980860.0,1335.0,1277.0
BABA,58.45303867403315,10609320.0,9475380.0,218.0,263.0
TNET,58.437253354380424,302300.0,438910.0,3180.5,2961.0
BMA,58.42146803472771,281680.0,268995.0,3236.0,3436.0
ATAT,58.40568271507498,1102420.0,842675.0,1758.0,2257.0
UMH,58.38989739542225,649240.0,637225.0,2375.0,2575.0
RIBB,58.37411207576954,260.0,340.0,6184.5,6198.5
ULBI,58.35832675611681,33240.0,46040.0,4970.0,4843.0
STAG,58.34254143646409,1098060.0,1637850.0,1765.0,1498.0
CUE,58.32675611681136,231760.0,199420.0,3446.0,3714.0
LINE,58.310970797158646,749900.0,1054745.0,2200.0,1956.0
HIG,58.29518547750592,1244580.0,1584225.0,1626.0,1537.0
HOUR,58.2794001578532,11860.0,19225.0,5496.0,5346.0
HIPO,58.263614838200475,165060.0,183135.0,3778.5,3797.0
SBGI,58.24782951854775,409280.0,532585.0,2876.0,2749.0
IDT,58.232044198895025,156820.0,184840.0,3826.5,3786.0
NOEM,58.2162588792423,0.0,9000.0,6288.0,5671.0
BPYPO,58.20047355958958,18200.0,12285.0,5315.0,5542.0
SHO-PI,58.184688239936854,4038.2,4121.6,5876.0,5938.0
ADSE,58.16890292028414,5620.0,19080.0,5790.0,5348.0
NREF-PA,58.15311760063141,6769.8,2937.95,5726.0,5985.0
HSY,58.13733228097869,1076320.0,1543745.0,1793.0,1561.0
ETB,58.12154696132596,46540.0,49785.0,4755.0,4788.0
LEO,58.10576164167325,229000.0,270595.0,3458.0,3428.0
RDN,58.08997632202052,747220.0,1021810.0,2205.0,2001.0
GAU,58.074191002367805,2957340.0,3176540.0,799.0,835.0
ASTL,58.058405682715076,1927500.0,1447495.0,1181.0,1626.0
RMM,58.04262036306235,31640.0,38920.0,5007.0,4958.0
NAC,58.02683504340963,416100.0,421005.0,2852.0,3011.0
CHAR,58.011049723756905,260.0,17750.0,6184.5,5385.0
GSRFU,57.995264404104184,0.0,400.0,6288.0,6187.0
SRE,57.979479084451455,3347260.0,3748400.0,698.0,724.0
BGC,57.96369376479874,3169780.0,2666970.0,740.0,1004.0
PAM,57.94790844514601,162220.0,175680.0,3803.0,3833.0
VMO,57.9321231254933,190840.0,182640.0,3645.0,3801.0
NAD,57.91633780584057,597520.0,583290.0,2470.0,2661.0
RFAI,57.90055248618785,8580.0,38985.0,5632.0,4955.0
PRHIZ,57.88476716653512,1280.2,2126.15,6062.0,6049.0
CLF,57.86898184688239,16095980.0,25004360.0,134.0,81.0
PAY,57.85319652722968,1083600.0,1312570.0,1781.0,1737.0
QETA,57.83741120757695,0.0,0.0,6288.0,6278.5
CNA,57.821625887924235,337800.0,439160.0,3078.0,2960.0
XYZ,57.805840568271506,3931540.0,4916440.0,605.0,564.0
DMB,57.790055248618785,61140.0,59390.0,4576.0,4664.0
RUM,57.77426992896606,5050100.0,3326350.0,473.0,804.0
ASPC,57.75848460931334,46700.0,13360.0,4753.5,5505.0
FWONK,57.742699289660614,1453380.0,1905065.0,1461.0,1316.0
VTN,57.7269139700079,18020.0,23940.0,5319.0,5238.0
ARCO,57.71112865035517,1421140.0,1089250.0,1480.0,1921.0
PNI,57.69534333070244,56680.0,46895.0,4634.0,4827.0
SIMA,57.67955801104973,1160.0,705.0,6070.5,6158.0
EEA,57.663772691397,1020.0,13330.0,6090.0,5507.5
LCII,57.64798737174428,211520.0,264430.0,3538.0,3450.0
MNOV,57.63220205209155,47740.0,33985.0,4739.0,5035.0
ANSC,57.616416732438836,3118.0,17867.6,5929.0,5381.0
MKLYU,57.60063141278611,240.0,8160.0,6187.0,5719.0
OGE,57.58484609313339,1156240.0,1400250.0,1710.5,1651.0
HHS,57.569060773480665,1140540.0,292455.0,1725.0,3354.0
BNTC,57.553275453827936,152820.0,159990.0,3840.0,3899.0
ACOG,57.537490134175215,218560.0,123855.0,3496.0,4122.0
PLMR,57.52170481452249,204160.0,253580.0,3577.0,3491.0
XPL,57.50591949486977,90540.0,88430.0,4308.0,4393.0
RIBBU,57.490134175217044,220.0,110.0,6191.0,6231.0
MYN,57.47434885556433,162820.0,199805.0,3796.0,3711.0
TROW,57.4585635359116,1319960.0,1894080.0,1560.0,1327.0
AAL,57.44277821625888,57024120.0,60246560.0,17.0,15.0
APD,57.42699289660615,728260.0,992605.0,2230.0,2038.0
FERG,57.41120757695344,1602120.0,4455355.0,1360.0,624.0
ATLCP,57.39542225730071,3840.0,4570.0,5889.0,5904.0
GTEN,57.37963693764798,2440.0,75395.0,5970.5,4492.0
QSEA,57.363851617995266,1040.0,8205.0,6086.0,5715.0
NUV,57.34806629834254,459080.0,520960.0,2757.0,2773.0
WPP,57.33228097868982,419360.0,583875.0,2844.0,2658.0
BACC,57.316495659037095,420.0,25840.0,6160.0,5186.5
HAVAU,57.30071033938437,0.0,470.0,6288.0,6180.0
TDAC,57.284925019731645,33000.0,70645.0,4975.5,4541.0
ADUS,57.26913970007893,165380.0,213995.0,3773.0,3649.0
MATV,57.2533543804262,528600.0,618425.0,2610.0,2607.0
PUK,57.23756906077349,1383780.0,1198330.0,1512.0,1828.0
SCCD,57.22178374112076,1680.0,1535.0,6023.5,6092.0
LGI,57.20599842146803,19440.0,35270.0,5287.0,5013.0
BFS,57.19021310181531,100300.0,98755.0,4222.0,4316.0
SWAG,57.17442778216258,59600.0,43305.0,4596.0,4884.5
COLA,57.15864246250987,6520.0,8695.0,5737.0,5690.0
AFJKU,57.14285714285714,520.0,1400.0,6146.0,6099.0
RANG,57.127071823204425,2000.0,1070.0,5999.5,6119.0
NWL,57.111286503551696,5430480.0,10162875.0,443.0,238.0
BAC-PL,57.095501183898975,15387.0,10612.9,5390.0,5613.0
NPB,57.07971586424625,193160.0,181465.0,3630.0,3807.0
EVN,57.06393054459353,81460.0,92945.0,4374.0,4356.0
MTCH,57.048145224940804,3065660.0,3189545.0,767.0,829.0
SPKL,57.032359905288075,10660.0,25320.0,5547.0,5199.5
YHNA,57.01657458563536,0.0,1925.0,6288.0,6066.0
RFM,57.00078926598263,10640.0,8850.0,5549.5,5680.0
BANFP,56.98500394632992,1260.0,1035.0,6064.0,6126.0
LOBO,56.96921862667719,49560.0,50195.0,4716.0,4784.0
DSM,56.95343330702447,137100.0,148215.0,3956.0,3975.0
GPUS-PD,56.93764798737174,5179.0,3512.45,5811.0,5954.0
NEA,56.921862667719026,1110520.0,852025.0,1751.0,2235.0
INMD,56.9060773480663,422960.0,486985.0,2837.0,2849.0
NIQ,56.89029202841358,1606960.0,2006315.0,1354.0,1266.0
PMTRU,56.874506708760855,0.0,50.0,6288.0,6243.5
NEE-PS,56.858721389108126,150893.2,75351.35,3856.0,4494.0
STRA,56.842936069455405,247240.0,314185.0,3380.0,3286.0
TSLA,56.827150749802676,34158040.0,39499345.0,41.0,39.0
FAST,56.81136543014996,6414660.0,7921440.0,361.0,326.0
PRQR,56.795580110497234,848560.0,747715.0,2067.0,2388.0
BOX,56.77979479084452,2369580.0,2752620.0,984.0,969.0
MUC,56.76400947119179,408360.0,398720.0,2883.0,3074.0
TVACU,56.74822415153907,0.0,0.0,6288.0,6278.5
SPG-PJ,56.73243883188634,774.4,1068.4,6117.0,6120.0
NEWT,56.71665351223363,203140.0,233965.0,3583.0,3569.0
TRS,56.7008681925809,386960.0,456785.0,2937.0,2914.0
PFGC,56.68508287292817,2046640.0,1775060.0,1121.0,1396.0
SEDG,56.669297553275456,2765760.0,3881240.0,857.0,709.0
KFII,56.65351223362273,740.0,9550.0,6120.5,5656.5
NMI,56.63772691397001,20180.0,23400.0,5261.0,5247.0
LXP-PC,56.621941594317285,1607.0,2506.05,6028.0,6014.0
MSBIP,56.60615627466456,2560.0,2930.0,5956.5,5986.0
EPR-PE,56.590370955011835,1136.0,6348.75,6072.0,5803.0
LEVI,56.57458563535912,2257660.0,2134715.0,1035.0,1211.0
HTD,56.55880031570639,44200.0,53845.0,4777.0,4741.0
SHO-PH,56.54301499605368,14925.0,8490.15,5405.0,5700.0
AACB,56.52722967640095,260020.0,85925.0,3328.0,4411.0
WBS-PF,56.51144435674822,8244.2,8816.65,5644.0,5683.0
JHX,56.4956590370955,5322900.0,7546265.0,449.0,343.0
PGAC,56.47987371744277,400.0,805.0,6164.5,6149.0
CRUS,56.46408839779006,779940.0,838260.0,2155.0,2264.0
BRK-A,56.44830307813733,120.0,155.0,6208.5,6221.5
NHIC,56.432517758484614,65440.0,115975.0,4519.0,4190.0
LKSPU,56.416732438831886,0.0,130.0,6288.0,6225.5
ATO,56.400947119179165,1178300.0,1037340.0,1691.0,1982.0
ELWT,56.38516179952644,14020.0,13630.0,5434.0,5492.0
FACTU,56.36937647987372,0.0,25.0,6288.0,6250.5
NSA-PB,56.353591160220994,,,,
TSN,56.337805840568265,3072780.0,3318875.0,765.0,807.0
LEG,56.32202052091555,1538100.0,1752385.0,1406.0,1411.0
BRK-B,56.30623520126282,4081780.0,4315095.0,582.0,641.0
GIWWU,56.29044988161011,0.0,70.0,6288.0,6240.0
IPWR,56.27466456195738,425860.0,216275.0,2833.0,3637.0
DMAA,56.25887924230466,5880.0,6800.0,5775.0,5783.5
LCCC,56.24309392265193,1640.0,4320.0,6026.0,5925.5
GTERA,56.227308602999216,700.0,740.0,6124.5,6153.0
AEBI,56.21152328334649,744660.0,400960.0,2209.0,3067.0
NEXN,56.19573796369376,492620.0,503240.0,2688.0,2805.0
NBH,56.179952644041045,91480.0,84470.0,4292.0,4426.0
RFMZ,56.164167324388316,55700.0,49340.0,4642.0,4795.0
COO,56.148382004735595,1494760.0,1871265.0,1437.0,1340.0
GTENU,56.132596685082866,40.0,100.0,6233.5,6234.5
KMPB,56.11681136543015,7280.0,11655.0,5694.5,5571.0
PLMKU,56.101026045777424,0.0,15.0,6288.0,6255.0
RERE,56.08524072612471,967240.0,949135.0,1907.0,2099.0
NZF,56.06945540647198,457160.0,550255.0,2763.0,2720.0
AEAQU,56.05367008681926,0.0,0.0,6288.0,6278.5
VNO,56.03788476716653,1007960.0,1667870.0,1867.0,1475.0
OPK,56.02209944751381,2582580.0,4755865.0,907.0,581.0
COPL,56.00631412786109,14480.0,51575.0,5424.0,4771.0
MKTW,55.99052880820836,12860.0,13050.0,5467.0,5518.0
MSI,55.974743488555646,1010960.0,966460.0,1861.0,2070.0
CHMI-PA,55.95895816890292,2016.4,2464.1,5996.0,6018.0
WRBY,55.9431728492502,2301280.0,2695100.0,1014.0,988.0
AZN,55.927387529597475,3495180.0,4239525.0,677.0,655.0
NMP,55.91160220994475,0.0,48895.0,6288.0,4801.0
TLNCU,55.895816890292025,0.0,35740.0,6288.0,4999.0
KCHV,55.88003157063931,2740.0,18815.0,5947.0,5358.0
TAVI,55.86424625098658,2840.0,2060.0,5942.5,6056.0
MACI,55.848460931333854,1100.0,1285.0,6079.5,6104.0
WTG,55.83267561168114,26040.0,16830.0,5128.0,5407.0
BLUW,55.81689029202841,13180.0,17285.0,5455.0,5395.0
TVA,55.80110497237569,9720.0,22300.0,5588.5,5271.0
FOF,55.78531965272296,39300.0,44215.0,4860.0,4872.0
NYAX,55.76953433307025,43300.0,22980.0,4790.0,5253.0
NEE-PT,55.75374901341752,54171.2,266130.05,4658.0,3445.0
IBOC,55.737963693764804,267260.0,307530.0,3288.0,3308.0
RGCO,55.722178374112076,14400.0,17290.0,5426.0,5394.0
TWO-PC,55.706393054459355,52201.2,40720.1,4679.0,4925.0
SYY,55.69060773480663,2321800.0,3583945.0,1005.0,750.0
CUBB,55.674822415153905,840.0,990.0,6112.5,6129.0
CHPG,55.65903709550118,0.0,870.0,6288.0,6141.5
ADAMZ,55.643251775848455,8700.0,6835.0,5627.0,5779.0
CCEC,55.62746645619574,7300.0,10750.0,5691.0,5610.0
OACCU,55.61168113654301,0.0,50.0,6288.0,6243.5
GSHR,55.5958958168903,11680.0,65445.0,5506.0,4597.0
SBS,55.58011049723757,14941280.0,8697525.0,149.0,296.0
SSEA,55.56432517758485,26140.0,16485.0,5126.5,5417.0
ATII,55.54853985793212,108200.0,175645.0,4152.5,3834.0
CWK,55.532754538279406,1898200.0,1965085.0,1203.0,1284.0
FC,55.51696921862668,80600.0,79370.0,4385.0,4458.0
SCE-PN,55.50118389897395,56609.4,27841.95,4637.0,5149.0
TVAIU,55.485398579321235,200.0,155.0,6195.5,6221.5
TRTX-PC,55.469613259668506,4275.8,4497.9,5866.0,5909.0
NAZ,55.453827940015785,13120.0,19360.0,5457.0,5340.0
DB,55.438042620363056,1732260.0,1829210.0,1295.0,1357.0
POLE,55.42225730071034,2440.0,38525.0,5970.5,4963.0
SVAQU,55.406471981057614,60.0,15.0,6227.5,6255.0
TACH,55.3906866614049,2780.0,35685.0,5945.0,5001.0
AVA,55.37490134175217,583020.0,653275.0,2501.0,2554.0
HVII,55.35911602209945,136840.0,58230.0,3958.0,4683.5
FACT,55.34333070244672,12180.0,58845.0,5484.0,4676.0
AACBU,55.327545382794,120.0,35.0,6208.5,6247.5
RCI,55.31176006314128,990280.0,1287340.0,1883.0,1750.0
SZZL,55.29597474348855,119700.0,104420.0,4073.0,4274.0
CRSP,55.280189423835836,1564440.0,1455700.0,1386.0,1621.0
PERI,55.26440410418311,262600.0,334850.0,3311.0,3230.0
SCE-PM,55.24861878453039,62422.8,65509.65,4553.0,4595.0
WMS,55.232833464877665,796340.0,722405.0,2139.0,2433.0
SPEG,55.21704814522494,22800.0,8950.0,5203.0,5676.0
IBAC,55.201262825572215,1540.0,765.0,6037.0,6152.0
APACU,55.1854775059195,0.0,2235.0,6288.0,6041.0
LWAC,55.16969218626677,1020.0,11105.0,6090.0,5591.0
SDHI,55.153906866614044,155080.0,57795.0,3834.0,4689.0
GPAT,55.13812154696133,40.0,22465.0,6233.5,5268.0
KFIIU,55.1223362273086,0.0,35.0,6288.0,6247.5
JACS,55.10655090765588,180.0,10595.0,6200.0,5615.0
TBBK,55.09076558800315,311420.0,422610.0,3157.5,3009.0
MKLY,55.07498026835044,15420.0,110900.0,5388.0,4222.0
CUBWU,55.05919494869771,0.0,5.0,6288.0,6263.0
MDLZ,55.043409629044994,5847140.0,8848680.0,396.0,287.0
SBXD,55.027624309392266,3840.0,79225.0,5889.0,4462.0
OXLCL,55.011838989739545,1740.0,1735.0,6017.0,6084.0
AXS,54.99605367008682,557540.0,751970.0,2550.0,2383.0
SOCA,54.980268350434095,660.0,21300.0,6133.5,5292.0
GEGGL,54.96448303078137,1060.0,1385.0,6082.5,6100.0
SVCC,54.948697711128645,420.0,4810.0,6160.0,5887.5
DRDB,54.93291239147593,1780.0,71440.0,6015.0,4533.0
ORIQ,54.9171270718232,3420.0,4705.0,5911.0,5896.0
GRBK,54.90134175217049,290440.0,234470.0,3214.0,3563.0
QSEAU,54.88555643251776,0.0,0.0,6288.0,6278.5
LINK,54.86977111286504,19740.0,16405.0,5276.0,5418.0
IPEXU,54.85398579321231,0.0,14.6,6288.0,6258.0
HON,54.83820047355958,2514900.0,3349435.0,935.0,799.0
EBAY,54.82241515390687,4676920.0,4606150.0,506.0,606.0
PCG-PB,54.80662983425414,6376.6,5161.2,5744.0,5858.0
MPA,54.782951854775064,29020.0,26135.0,5071.5,5176.0
FMN,54.782951854775064,24220.0,24575.0,5178.0,5218.0
CAPR,54.759273875295975,23859580.0,11780005.0,72.0,199.0
GDYN,54.743488555643246,1472460.0,2131870.0,1447.0,1212.0
LPBB,54.72770323599053,9060.0,66985.0,5616.5,4575.0
HRB,54.7119179163378,2880960.0,2772245.0,822.0,962.0
DDL,54.69613259668509,402820.0,368500.0,2900.0,3146.0
QUMS,54.68034727703236,42220.0,39470.0,4808.5,4943.0
PVH,54.66456195737963,869780.0,869420.0,2039.0,2199.0
SCD,54.64877663772691,75380.0,79235.0,4437.0,4461.0
OTGAU,54.63299131807419,0.0,6490.0,6288.0,5794.0
MHD,54.61720599842147,292920.0,295540.0,3205.0,3345.0
FTAIM,54.60142067876874,2920.0,2600.0,5938.0,6004.0
SOUL,54.585635359116026,6120.0,75525.0,5762.5,4491.0
OACC,54.5698500394633,14740.0,30460.0,5412.0,5101.0
SBR,54.55406471981058,33360.0,40160.0,4966.5,4937.0
VCV,54.538279400157855,80360.0,100010.0,4387.0,4303.0
IPAR,54.52249408050513,235600.0,264295.0,3430.0,3452.0
NL,54.506708760852405,30260.0,37360.0,5039.0,4976.0
CCIIU,54.490923441199676,20.0,5.0,6239.5,6263.0
FIGX,54.47513812154696,3200.0,7285.0,5924.0,5757.0
INAC,54.459352801894234,520.0,2465.0,6146.0,6017.0
AXIN,54.44356748224152,11840.0,26075.0,5498.5,5177.5
SKYT,54.42778216258879,0.0,,6288.0,
NDMO,54.41199684293607,122760.0,163795.0,4046.0,3883.0
PAYO,54.39621152328334,4711460.0,5600405.0,500.0,481.0
EGHA,54.38042620363063,84700.0,108505.0,4347.0,4238.0
IPEX,54.3646408839779,3500.0,35505.0,5905.0,5006.0
TYG,54.348855564325184,98860.0,124585.0,4233.0,4117.0
NPAC,54.333070244672456,104680.0,41460.0,4183.0,4910.0
CHPGU,54.31728492501973,0.0,0.0,6288.0,6278.5
SPEGU,54.30149960536701,0.0,6265.0,6288.0,5811.0
AUBN,54.285714285714285,740.0,1295.0,6120.5,6102.0
GDS,54.26992896606156,2826740.0,1978905.0,835.0,1278.0
LEU,54.254143646408835,535960.0,613275.0,2595.0,2613.0
NUW,54.23835832675612,47220.0,47250.0,4745.0,4822.0
PGP,54.22257300710339,59280.0,70600.0,4602.0,4545.0
CUB,54.20678768745068,61560.0,142115.0,4572.0,4010.5
YCY,54.19100236779795,8020.0,11730.0,5655.0,5566.0
OBA,54.17521704814523,2520.0,7185.0,5962.0,5761.0
MMD,54.1594317284925,85920.0,59650.0,4334.0,4662.0
PACH,54.14364640883977,3860.0,31125.0,5886.0,5088.0
HCA,54.12786108918706,1181620.0,1417870.0,1687.0,1637.0
OYSE,54.11207576953433,3860.0,2895.0,5886.0,5988.0
BDC,54.096290449881614,318360.0,479185.0,3128.0,2868.0
ADC,54.080505130228886,2643080.0,1690675.0,889.0,1460.0
WHLRD,54.064719810576165,140.0,180.0,6204.5,6218.0
INVA,54.048934490923436,545660.0,679720.0,2572.0,2505.0
GAMB,54.03314917127072,357165.8,,3025.0,
TLNC,54.01736385161799,7600.0,24330.0,5672.5,5226.0
LUD,54.00157853196528,5320.0,12025.0,5799.0,5547.5
GPOR,53.98579321231255,266720.0,330235.0,3290.0,3239.0
PAII,53.97000789265982,7080.0,6955.0,5705.0,5774.0
BEAG,53.9542225730071,2020.0,5880.0,5994.0,5833.5
PYT,53.93843725335438,360.0,545.0,6170.5,6169.5
TVAI,53.92265193370166,31840.0,32640.0,5003.5,5062.0
GPATU,53.90686661404893,20.0,10.0,6239.5,6259.5
SOCAU,53.891081294396216,400.0,100.0,6164.5,6234.5
ALDF,53.87529597474349,31660.0,35390.0,5005.5,5010.0
BHR-PB,53.85951065509077,10239.2,7759.65,5560.0,5739.0
GBCI,53.843725335438045,730100.0,1100635.0,2228.0,1910.0
EXE,53.82794001578532,2143300.0,3087780.0,1086.0,854.0
MMU,53.812154696132595,123360.0,116285.0,4042.0,4188.0
CRAQ,53.796369376479866,0.0,365.0,6288.0,6193.0
GRF,53.78058405682715,760.0,2460.0,6119.0,6019.0
FUL,53.764798737174424,714760.0,671665.0,2255.0,2521.0
BIPC,53.74901341752171,661340.0,1146060.0,2351.0,1865.0
ECCV,53.73322809786898,11880.0,5735.0,5495.0,5837.0
BXP,53.71744277821626,1117680.0,1479635.0,1744.0,1602.0
FERA,53.70165745856353,240.0,63230.0,6187.0,4624.0
MYI,53.68587213891082,381940.0,288625.0,2948.0,3369.0
EVTV,53.67008681925809,,,,
ALF,53.654301499605374,600.0,945.0,6139.0,6132.0
OXLCZ,53.638516179952646,3320.0,4385.0,5916.0,5918.0
VHC,53.62273086029992,17440.0,17320.0,5340.5,5392.0
EVAC,53.6069455406472,4440.0,46590.0,5858.0,4833.5
NLY-PJ,53.591160220994475,33673.2,36021.1,4958.0,4995.0
VNMEU,53.57537490134175,0.0,0.0,6288.0,6278.5
HCMAU,53.559589581689025,60.0,85.0,6227.5,6238.0
NFBK,53.54380426203631,0.0,,6288.0,
BEAGU,53.52801894238358,0.0,0.0,6288.0,6278.5
ALLT,53.51223362273087,351980.0,269205.0,3040.0,3435.0
PML,53.49644830307814,300440.0,360610.0,3187.0,3166.5
CHCT,53.48066298342542,361500.0,358580.0,3016.0,3175.0
PINE-PA,53.46487766377269,3023.2,5282.65,5935.0,5855.0
VACI,53.44909234411996,1238600.0,341315.0,1632.0,3214.0
BIDU,53.43330702446725,5864420.0,2913040.0,393.0,909.0
RVSB,53.41752170481452,80940.0,56185.0,4383.0,4715.0
CRANU,53.401736385161804,880.0,445.0,6110.0,6182.0
SCI,53.385951065509076,702740.0,1134885.0,2275.0,1876.0
CRAC,53.370165745856355,47100.0,23990.0,4749.0,5235.0
ADAMM,53.354380426203626,15000.0,13290.0,5400.0,5510.0
APAC,53.33859510655091,3480.0,15130.0,5906.5,5452.0
VNME,53.32280978689818,30160.0,10015.0,5042.0,5636.0
PLMK,53.307024467245455,1580.0,14060.0,6032.5,5474.0
KTF,53.29123914759274,157920.0,237885.0,3819.0,3553.0
MAS,53.27545382794001,1852740.0,2930615.0,1223.0,901.0
GSHRU,53.25966850828729,0.0,5.0,6288.0,6263.0
CMRE-PC,53.24388318863457,2379.2,2644.15,5976.0,6001.0
TEAM,53.22809786898185,4745900.0,5702385.0,495.0,474.0
FIGXU,53.21231254932912,180.0,110.0,6200.0,6231.0
LWACU,53.196527229676406,60.0,15.0,6227.5,6255.0
BSAAU,53.18074191002368,0.0,90.0,6288.0,6237.0
CRAQU,53.16495659037096,0.0,15.0,6288.0,6255.0
EXC,53.149171270718234,4980120.0,7322465.0,475.0,360.0
SEG,53.133385951065506,84880.0,79615.0,4343.0,4455.0
RRR,53.117600631412785,552680.0,752245.0,2557.0,2382.0
HBAN,53.101815311760056,18251180.0,26438525.0,116.0,74.0
BUSEP,53.08602999210734,5120.0,12765.0,5815.5,5531.0
ALIS,53.07024467245461,5500.0,41475.0,5796.0,4909.0
IVR-PC,53.0544593528019,9746.4,13429.15,5586.0,5503.0
OXLCO,53.03867403314917,1600.0,1060.0,6030.0,6121.0
LPAA,53.02288871349645,600.0,20885.0,6139.0,5304.5
MDRR,53.00710339384372,720.0,6300.0,6123.0,5807.0
RNGTU,52.99131807419101,340.0,110.0,6173.5,6231.0
KOYNU,52.97553275453828,220.0,310.0,6191.0,6201.0
MBVIU,52.95974743488555,0.0,215.0,6288.0,6212.0
CDR-PC,52.943962115232836,5719.6,7486.5,5786.0,5751.0
IR,52.92817679558011,2892020.0,4175425.0,816.0,666.0
RLJ-PA,52.91239147592739,18446.2,18925.5,5306.0,5354.0
HAVA,52.896606156274665,40880.0,19800.0,4827.5,5324.0
AIIA,52.88082083662194,1600.0,11510.0,6030.0,5575.0
ALV,52.865035516969215,487440.0,538780.0,2697.0,2735.0
KOYN,52.8492501973165,6900.0,46325.0,5717.0,4837.0
HVMC,52.83346487766377,300.0,153545.0,6179.5,3944.0
ETI-P,52.81767955801106,721.2,1646.2,6122.0,6089.0
HCACU,52.80189423835833,0.0,1750.0,6288.0,6081.5
COLAU,52.7861089187056,0.0,0.0,6288.0,6278.5
HVMCU,52.77032359905288,200.0,50.0,6195.5,6243.5
TTEK,52.75453827940015,3083720.0,3120705.0,762.0,849.0
STEW,52.73875295974744,56820.0,79500.0,4633.0,4456.0
WEC,52.72296764009471,2631980.0,2501145.0,892.0,1064.0
LKSP,52.707182320441994,104920.0,37335.0,4179.0,4978.0
SSD,52.691397000789266,253140.0,277880.0,3354.0,3407.0
GOODO,52.675611681136544,9780.0,6360.0,5582.5,5802.0
GTERU,52.659826361483816,680.0,540.0,6128.5,6171.0
PCG-PD,52.6440410418311,2468.8,2241.95,5968.0,6038.0
MMTX,52.62825572217837,22500.0,9570.0,5208.0,5655.0
WENN,52.612470402525645,47720.0,21500.0,4741.0,5289.0
SDHIU,52.59668508287293,120.0,30.0,6208.5,6249.0
SMP,52.5808997632202,120740.0,138675.0,4063.0,4030.0
OXLCP,52.56511444356748,0.0,0.0,6288.0,6278.5
PEB-PF,52.54932912391476,2484.0,2481.9,5966.0,6015.0
BLZRU,52.53354380426204,1800.0,1520.0,6012.5,6093.0
AOSL,52.51775848460931,782600.0,595535.0,2153.0,2645.0
NEWTI,52.501973164956595,1940.0,1305.0,6008.0,6101.0
ORIQU,52.48618784530387,0.0,0.0,6288.0,6278.5
CEPF,52.47040252565115,145880.0,49095.0,3890.0,4798.5
INSM,52.454617205998424,1820280.0,3133450.0,1246.0,846.0
PPG,52.438831886345696,1180420.0,1909330.0,1688.0,1315.0
CHEC,52.423046566692975,4540.0,11745.0,5854.0,5563.0
RQI,52.407261247040246,448880.0,531220.0,2786.0,2751.0
SGC,52.39147592738753,44380.0,65145.0,4775.0,4601.5
OCCIN,52.3756906077348,1720.0,2085.0,6018.5,6053.0
WSTN,52.35990528808209,5280.0,48265.0,5800.5,4807.0
SFBC,52.34411996842936,5520.0,17270.0,5794.5,5396.0
PSTV,52.32833464877664,92437.8,,4288.0,
EMIS,52.31254932912391,20.0,1885.0,6239.5,6069.0
EMD,52.2967640094712,190620.0,159825.0,3646.0,3901.0
CHECU,52.28097868981847,0.0,0.0,6288.0,6278.5
NMPAU,52.26519337016574,0.0,120.0,6288.0,6229.0
ANGH,52.249408050513026,27200.0,34320.0,5107.0,5027.0
DTF,52.2336227308603,1520.0,5035.0,6040.0,5866.0
GAINZ,52.21783741120758,2840.0,8910.0,5942.5,5677.0
MDV-PA,52.202052091554854,3389.8,2556.75,5912.0,6010.0
UEIC,52.18626677190213,108540.0,89800.0,4149.0,4384.0
CAVA,52.170481452249405,3131720.0,3852050.0,747.0,712.0
SORNU,52.15469613259669,0.0,720.0,6288.0,6155.5
BSBK,52.13891081294396,15140.0,11080.0,5397.0,5593.0
UTG,52.12312549329125,234280.0,276000.0,3438.0,3414.0
BPAC,52.10734017363852,26400.0,22115.0,5121.5,5277.0
BPACU,52.09155485398579,0.0,45.0,6288.0,6246.0
DSACU,52.07576953433307,0.0,1110.0,6288.0,6116.0
KBONU,52.05998421468034,80.0,245.0,6221.5,6207.5
CPT,52.04419889502763,704740.0,918395.0,2271.0,2138.0
PRDO,52.0284135753749,594120.0,728880.0,2479.0,2420.0
IPCX,52.012628255722184,127134.2,62241.15,4017.0,4643.0
NEWTG,51.996842936069456,3900.0,3055.0,5882.0,5977.5
DMII,51.981057616416734,340.0,27530.0,6173.5,5154.0
SHOP,51.965272296764006,6855380.0,11639285.0,341.0,200.0
CRAN,51.94948697711128,20240.0,22550.0,5258.0,5264.0
GIW,51.93370165745856,135220.0,85640.0,3968.5,4415.0
LAC,51.917916337805835,11262760.0,9137625.0,203.0,275.0
LAFA,51.90213101815312,1680.0,5010.0,6023.5,5870.5
GJS,51.88634569850039,900.0,475.0,6106.0,6179.0
SNTG,51.87056037884767,24480.0,59275.0,5171.0,4668.0
INBKZ,51.85477505919495,3120.0,2240.0,5928.0,6039.0
NPACU,51.83898973954223,2140.0,2990.0,5985.0,5981.5
BIXI,51.8232044198895,34080.0,16995.0,4953.0,5402.0
PEB-PE,51.807419100236785,3027.8,4984.35,5934.0,5873.0
BFH-PA,51.79163378058406,6385.4,8268.2,5742.0,5712.0
BLRKU,51.77584846093133,0.0,490.0,6288.0,6177.0
ADACU,51.760063141278614,0.0,0.0,6288.0,6278.5
EP-PC,51.744277821625886,1682.8,2746.65,6021.0,5993.0
NBXG,51.728492501973165,184680.0,197045.0,3675.0,3726.0
HLN,51.712707182320436,6742740.0,10541720.0,345.0,231.0
HE,51.69692186266772,2025860.0,1916585.0,1131.0,1309.0
JENA,51.68113654301499,20020.0,8535.0,5265.5,5696.0
XRPNU,51.66535122336228,1300.0,1225.0,6060.0,6109.0
EPRT,51.64956590370955,2458420.0,1733490.0,951.0,1427.0
HCMA,51.63378058405683,7880.0,8215.0,5659.0,5714.0
TDWD,51.6179952644041,100.0,1800.0,6215.0,6079.0
RGTI,51.60220994475138,15944640.0,19690670.0,136.0,114.0
PVL,51.58642462509866,50800.0,45170.0,4698.0,4860.0
RITM-PD,51.57063930544593,36649.4,45528.2,4903.0,4852.0
GJT,51.554853985793216,1120.0,875.0,6074.5,6140.0
ABLV,51.53906866614049,28880.0,31110.0,5076.5,5089.0
BCSS,51.52328334648777,14520.0,39110.0,5422.0,4951.0
HVIIU,51.507498026835044,604.2,151.05,6137.0,6223.0
TDF,51.49171270718232,43240.0,51735.0,4791.0,4766.0
TDS-PV,51.475927387529595,22537.6,28121.25,5206.0,5143.0
NDAQ,51.46014206787688,2152580.0,3122585.0,1083.0,848.0
ULTA,51.44435674822415,674680.0,574940.0,2323.0,2671.0
GNL-PB,51.42857142857142,3955.2,7029.25,5880.0,5769.0
XPER,51.41278610891871,529660.0,504005.0,2609.0,2803.0
DMIIU,51.39700078926598,360.0,340.0,6170.5,6198.5
BIXIU,51.38121546961326,1420.0,1205.0,6051.0,6110.0
NKX,51.36543014996053,165800.0,157060.0,3770.0,3911.0
COF,51.34964483030782,3008200.0,3472680.0,785.0,775.0
HGV,51.33385951065509,1024500.0,1169835.0,1843.0,1843.0
RLTY,51.318074191002374,30020.0,52585.0,5046.5,4758.0
WSTNU,51.302288871349646,100.0,25.0,6215.0,6250.5
BTT,51.286503551696924,57020.0,67510.0,4628.5,4569.0
OXLCN,51.270718232044196,2020.0,2360.0,5994.0,6028.0
NB,51.25493291239147,2950080.0,3752990.0,800.0,721.0
ABR-PF,51.23914759273875,7443.0,9065.1,5681.0,5668.0
LOGI,51.223362273086025,710520.0,1158660.0,2263.0,1859.0
RAC,51.20757695343331,40220.0,12645.0,4843.0,5533.0
XRPN,51.19179163378058,70640.0,46690.0,4472.0,4830.0
EVOX,51.17600631412786,134380.0,64750.0,3974.0,4606.0
WDFC,51.16022099447514,86760.0,108960.0,4330.0,4236.0
APXT,51.14443567482242,62320.0,210965.0,4555.0,3665.0
VRSN,51.12865035516969,639200.0,873385.0,2395.0,2194.0
BLK,51.112865035516975,456860.0,609325.0,2764.0,2619.0
IRHOU,51.09707971586425,0.0,0.0,6288.0,6278.5
SCPQU,51.08129439621152,160.0,6365.0,6203.0,5801.0
OTGA,51.065509076558804,40600.0,91545.0,4835.0,4364.0
GEHC,51.049723756906076,2482340.0,4715865.0,944.0,587.0
PFX,51.033938437253354,3720.0,22755.0,5896.0,5258.0
ECL,51.018153117600626,1533740.0,1356025.0,1409.0,1697.0
NXP,51.00236779794791,169220.0,151810.0,3745.0,3953.0
BANC-PF,50.98658247829518,55735.4,34562.05,4641.0,5024.0
TTWO,50.97079715864247,1802940.0,2220545.0,1260.0,1183.0
PHM,50.95501183898974,1263700.0,1578630.0,1605.0,1540.0
CIM-PC,50.93922651933702,10630.6,11003.0,5551.0,5599.0
LHX,50.92344119968429,1596780.0,1705165.0,1364.0,1450.0
LAFAU,50.90765588003157,0.0,405.0,6288.0,6186.0
QCOM,50.89187056037885,8328480.0,11427180.0,285.0,209.0
CCII,50.87608524072612,7040.0,18700.0,5708.0,5363.0
BUI,50.860299921073405,64260.0,67275.0,4531.0,4572.0
NNY,50.84451460142068,35360.0,46475.0,4927.5,4836.0
TLX,50.82872928176796,79180.0,92640.0,4396.0,4360.0
DPRO,50.812943962115234,778300.0,760480.0,2159.0,2369.0
TWLV,50.79715864246251,30000.0,36870.0,5049.0,4982.0
MQY,50.781373322809785,531960.0,397405.0,2606.0,3077.0
ASUR,50.76558800315707,84020.0,110235.0,4349.5,4229.0
ECCU,50.74980268350434,5180.0,4130.0,5810.0,5937.0
AHL-PD,50.73401736385161,0.0,0.0,6288.0,6278.5
NRP,50.7182320441989,43520.0,52775.0,4789.0,4754.0
SCIIU,50.70244672454617,0.0,0.0,6288.0,6278.5
DMAAU,50.68666140489345,0.0,71.15,6288.0,6239.0
KEY-PI,50.67087608524072,47732.4,53693.3,4740.0,4745.0
HKD,50.65509076558801,101940.0,110480.0,4207.0,4227.0
WTW,50.63930544593528,599960.0,599505.0,2465.0,2636.0
ODV,50.623520126282564,2273443.6,,1025.0,
DUK,50.607734806629836,3859080.0,4707310.0,615.0,590.0
PMTR,50.59194948697711,12880.0,13670.0,5465.5,5489.0
AQNB,50.576164167324386,36520.0,18230.0,4905.5,5373.0
CHMI,50.56037884767166,372180.0,604905.0,2981.0,2628.0
CIMP,50.54459352801894,6600.0,7235.0,5734.0,5759.0
MSCI,50.528808208366215,690280.0,746295.0,2295.0,2392.0
ALUB,50.5130228887135,20.0,30180.0,6239.5,5104.0
LFACU,50.49723756906077,80.0,6310.0,6221.5,5806.0
IGACU,50.48145224940805,400.0,125.0,6164.5,6227.5
PRIF-PL,50.46566692975533,1175.2,1832.35,6069.0,6075.0
AVK,50.44988161010261,162460.0,140820.0,3799.5,4019.0
LSE,50.43409629044988,9220.0,11010.0,5613.0,5597.5
OFSSO,50.41831097079715,1040.0,495.0,6086.0,6176.0
TXNM,50.40252565114444,677580.0,768635.0,2319.0,2352.0
AHL-PF,50.38674033149171,0.0,0.0,6288.0,6278.5
PEB-PH,50.370955011838994,9846.2,8193.55,5579.0,5716.0
DDT,50.355169692186266,6680.0,8405.0,5729.0,5704.0
IGAC,50.339384372533544,700.0,52620.0,6124.5,4757.0
CEPO,50.323599052880816,148400.0,119075.0,3871.0,4166.5
GJH,50.3078137332281,640.0,1265.0,6135.5,6106.0
VIASP,50.29202841357537,0.0,3155.55,6288.0,5969.0
LGVN,50.27624309392266,732840.0,489555.0,2227.0,2843.0
OXSQG,50.26045777426993,3480.0,1660.0,5906.5,6087.5
BPYPM,50.2446724546172,18340.0,21195.0,5309.5,5298.0
TWLVU,50.22888713496448,80.0,20.0,6221.5,6252.0
STRRP,50.21310181531176,7720.0,2575.0,5668.5,6006.0
APXTU,50.19731649565904,20.0,6285.0,6239.5,5808.0
PFXNZ,50.18153117600631,3380.0,1405.0,5913.0,6098.0
DAAQ,50.165745856353595,65880.0,32355.0,4516.5,5067.0
SIG,50.14996053670087,564160.0,642970.0,2539.0,2568.0
BWBBP,50.13417521704815,2020.0,2235.0,5994.0,6041.0
NMCO,50.118389897395424,211380.0,191935.0,3539.0,3757.0
DT,50.1026045777427,9375420.0,6855950.0,252.0,383.0
MBINM,50.086819258089974,3880.0,4370.0,5884.0,5919.0
CHMI-PB,50.071033938437246,3291.6,2393.05,5917.0,6025.0
COLD,50.05524861878453,3211940.0,3937150.0,733.0,702.0
UAA,50.0394632991318,8700140.0,9289110.0,271.0,269.0
CCLD,50.02367797947909,323140.0,395125.0,3119.0,3085.0
PEB-PG,50.00789265982636,2216.8,4925.4,5980.0,5877.0
AKA,49.99210734017364,5860.0,4190.0,5776.0,5934.0
AGNCZ,49.97632202052091,44180.0,36785.0,4778.5,4983.0
EICA,49.96053670086819,1780.0,2300.0,6015.0,6031.0
ARTCU,49.94475138121547,180.0,245.0,6200.0,6207.5
GNL-PA,49.92896606156275,15229.8,8860.25,5394.0,5678.0
OFSSH,49.913180741910026,3540.0,9020.0,5902.0,5669.0
BDCIU,49.897395422257304,680.0,425.0,6128.5,6184.0
TDS-PU,49.881610102604576,22339.2,29349.65,5212.0,5118.0
ALTG-PA,49.865824782951854,2781.8,2355.0,5944.0,6030.0
KRSP,49.85003946329913,7320.0,22515.0,5686.5,5265.0
GNL-PD,49.83425414364641,3982.6,3276.25,5878.0,5963.0
CMRE-PD,49.81846882399368,3883.4,4039.1,5883.0,5941.0
MDT,49.80268350434096,6995440.0,6958370.0,334.0,377.0
DYOR,49.78689818468824,7860.0,76850.0,5660.5,4480.0
FSLR,49.77111286503552,1961460.0,2663135.0,1165.0,1006.0
OIMAU,49.75532754538279,40.0,10.0,6233.5,6259.5
JKHY,49.73954222573007,1169700.0,938810.0,1700.0,2109.0
UA,49.72375690607735,2619455.2,2895330.55,897.0,918.0
RMMZ,49.70797158642463,10080.0,8990.0,5567.5,5672.0
SB-PC,49.692186266771905,0.0,196.8,6288.0,6217.0
nan,49.676400947119184,93100.0,90385.0,4279.5,4377.5
NAN,49.660615627466456,93100.0,90385.0,4279.5,4377.5
UTF,49.644830307813734,214340.0,243185.0,3523.0,3531.0
WSBCO,49.629044988161006,29880.0,18090.0,5056.0,5376.0
EFC-PC,49.613259668508285,1469.0,3194.95,6046.0,5967.0
NIM,49.59747434885556,5840.0,13985.0,5777.0,5479.5
GPACU,49.573796369376474,1020.0,1930.0,6090.0,6065.0
RNGT,49.573796369376474,780.0,910.0,6116.0,6135.5
MBNKO,49.5501183898974,1240.0,1090.0,6065.0,6118.0
DTE,49.53433307024467,1221560.0,1383495.0,1647.0,1669.0
HUN,49.51854775059195,2064000.0,3403205.0,1116.0,784.0
MBVI,49.50276243093923,2000.0,8850.0,5999.5,5680.0
EVOXU,49.4869771112865,886.2,388.85,6108.0,6189.0
EHC,49.47119179163378,794720.0,932335.0,2140.0,2119.0
TVC,49.45540647198106,14820.0,13125.0,5408.0,5513.0
AIRTP,49.439621152328336,3100.0,4960.0,5930.5,5876.0
HNRG,49.423835832675614,665860.0,868645.0,2344.0,2200.0
ALRM,49.408050513022886,366340.0,400925.0,3005.0,3068.0
FVNNU,49.392265193370164,0.0,359.85,6288.0,6195.0
III,49.37647987371744,243780.0,252185.0,3392.0,3500.0
MESHU,49.36069455406472,1520.0,515.0,6040.0,6174.5
DHR,49.344909234412,2937980.0,4716345.0,802.0,585.0
GSRF,49.32912391475928,20160.0,21285.0,5262.5,5294.0
LPLA,49.31333859510655,471680.0,689335.0,2727.0,2487.5
EPR-PG,49.29755327545383,4791.8,5014.9,5838.0,5869.0
NEWTP,49.2817679558011,3760.0,2470.0,5893.5,6016.0
WAFDP,49.26598263614838,7940.0,11710.0,5657.0,5568.0
RDAG,49.25019731649566,13580.0,26830.0,5444.0,5166.0
BCBP,49.23441199684294,120320.0,184470.0,4065.0,3790.0
EIM,49.218626677190215,171280.0,158055.0,3739.0,3906.0
PNFP-PB,49.202841357537494,5141.2,11371.4,5813.0,5581.0
AFBI,49.187056037884766,0.0,,6288.0,
EXPO,49.171270718232044,368160.0,485770.0,2996.0,2853.0
PRME,49.15548539857932,2602000.0,2594290.0,903.0,1024.0
UMBFO,49.139700078926595,9820.0,8530.0,5580.0,5697.0
HTFC,49.12391475927387,3460.0,4325.0,5908.0,5924.0
BOOT,49.10812943962115,616560.0,769335.0,2437.5,2350.0
MMTXU,49.09234411996843,0.0,0.0,6288.0,6278.5
TEN-PF,49.07655880031571,6198.2,6615.9,5758.0,5789.0
CCNEP,49.06077348066298,1720.0,850.0,6018.5,6145.5
RPT-PC,49.04498816101026,983.6,2648.45,6095.0,6000.0
NEWTH,49.02920284135754,6120.0,4635.0,5762.5,5900.5
ET-PI,49.01341752170482,94030.4,60988.8,4269.0,4655.0
GSL-PB,48.997632202052095,8495.2,6475.05,5638.0,5797.0
IPM,48.981846882399374,4740.0,5680.0,5840.5,5840.0
TOWN,48.966061562746646,469800.0,614015.0,2731.0,2612.0
ATLCL,48.950276243093924,5200.0,4785.0,5808.5,5890.0
LPCVU,48.934490923441196,440.0,410.0,6156.5,6185.0
BBD,48.918705603788474,29149080.0,28933480.0,57.0,65.0
BEPC,48.90292028413575,1586700.0,2064705.0,1371.0,1240.0
PMTV,48.88713496448303,13860.0,17065.0,5437.0,5401.0
GIL,48.87134964483031,923460.0,1605950.0,1952.0,1524.0
CURV,48.85556432517759,193820.0,259195.0,3625.0,3468.0
CRESY,48.83977900552486,167980.0,210990.0,3757.0,3664.0
OC,48.82399368587214,626980.0,833260.0,2421.0,2270.0
GNL-PE,48.80820836621941,6958.0,7010.2,5713.0,5771.0
DNMX,48.79242304656669,0.0,5695.0,6288.0,5839.0
ITHAU,48.77663772691397,0.0,0.0,6288.0,6278.5
NMZ,48.76085240726125,569000.0,641010.0,2529.0,2571.0
ADAMI,48.745067087608525,11520.0,8595.0,5514.5,5693.5
HPI,48.729281767955804,40700.0,41035.0,4833.0,4919.0
VHI,48.713496448303076,12200.0,13340.0,5483.0,5506.0
DLPN,48.697711128650354,15280.0,15310.0,5392.0,5449.0
BGY,48.68192580899763,168300.0,207555.0,3753.0,3677.0
VHCPU,48.66614048934491,120.0,955.0,6208.5,6131.0
OXLCI,48.65035516969219,2720.0,4635.0,5948.0,5900.5
KMX,48.63456985003946,1843200.0,2216330.0,1233.0,1184.0
ABXL,48.61878453038674,7760.0,4755.0,5665.5,5892.0
POWWP,48.60299921073402,4440.0,1990.0,5858.0,6061.0
INVH,48.58721389108129,2910660.0,3988670.0,812.0,693.0
AOMD,48.57142857142857,7180.0,4580.0,5700.5,5903.0
GLP,48.55564325177585,78600.0,88670.0,4406.0,4391.0
USLM,48.53985793212313,138140.0,170500.0,3945.0,3849.0
ASBA,48.524072612470405,20020.0,17105.0,5265.5,5400.0
TCBIO,48.508287292817684,9320.0,11060.0,5609.0,5595.0
ONCH,48.492501973164956,218500.0,129500.0,3497.0,4095.0
CIX,48.476716653512234,6920.0,7390.0,5716.0,5754.0
CEPV,48.460931333859506,440.0,14920.0,6156.5,5455.0
RWTO,48.445146014206784,5480.0,5890.0,5797.0,5832.0
TACO,48.42936069455406,29660.0,38405.0,5060.0,4966.0
MITT-PC,48.41357537490134,11598.0,10223.6,5510.0,5625.0
BWNB,48.39779005524862,6620.0,,5733.0,
BIP-PB,48.3820047355959,13488.2,13133.25,5448.0,5512.0
KTH,48.36621941594317,280.0,620.0,6182.5,6164.0
AGNCN,48.35043409629045,12240.0,18450.0,5481.0,5365.5
PCAP,48.33464877663773,34820.0,77550.0,4938.0,4475.0
MHH,48.31886345698501,13540.0,13985.0,5445.5,5479.5
AGNCO,48.303078137332285,29120.0,22480.0,5069.0,5266.0
AGNCP,48.28729281767956,41300.0,43470.0,4818.5,4878.0
PLG,48.271507498026835,1250020.0,1002970.0,1622.0,2026.0
PLTR,48.255722178374114,29858640.0,46778925.0,55.0,27.0
SAH,48.239936858721386,266660.0,317030.0,3291.0,3279.0
AOMN,48.224151539068664,4620.0,5315.0,5846.0,5854.0
TACOU,48.20836621941594,60.0,375.0,6227.5,6191.0
SBI,48.19258089976322,36080.0,56375.0,4916.0,4712.0
GRAF,48.1767955801105,201140.0,113870.0,3594.0,4203.0
IIPR-PA,48.16101026045778,18130.8,31167.65,5318.0,5087.0
RITM-PA,48.14522494080505,9896.2,13516.45,5576.0,5499.0
ADAMG,48.12943962115233,15600.0,14050.0,5384.5,5475.0
PHG,48.1136543014996,740740.0,1351985.0,2217.0,1701.0
RWTN,48.09786898184688,7320.0,6865.0,5686.5,5778.0
PW-PA,48.08208366219416,60.0,98.5,6227.5,6236.0
EDF,48.06629834254144,61900.0,89450.0,4563.0,4386.0
PBI-PB,48.050513022888715,22500.0,18280.0,5208.0,5371.5
PRVA,48.034727703235994,896360.0,1261690.0,1995.0,1775.0
LIN,48.018942383583266,2111220.0,2231545.0,1096.0,1172.0
PMTU,48.003157063930544,1960.0,1260.0,6005.5,6107.0
SPE-PC,47.98737174427782,3655.8,1848.75,5899.0,6073.0
ELSE,47.9715864246251,0.0,,6288.0,
BNTX,47.95580110497237,2353180.0,1345050.0,990.0,1709.0
ZKPU,47.94001578531965,0.0,545.0,6288.0,6169.5
CRML,47.92423046566693,5615740.0,5917230.0,421.0,455.0
CIM-PD,47.90844514601421,14827.2,11302.75,5407.0,5585.0
RITM-PC,47.89265982636148,30050.0,30637.8,5044.0,5097.0
DFP,47.87687450670876,31500.0,43165.0,5011.5,4888.0
SEAL-PA,47.86108918705604,2709.6,2964.8,5951.0,5984.0
TMHC,47.84530386740332,,,,
NSA-PA,47.829518547750595,,,,
BPOPM,47.813733228097874,1060.0,1290.0,6082.5,6103.0
METCZ,47.797947908445146,5560.0,3210.0,5792.0,5966.0
TXO,47.78216258879242,281020.0,189010.0,3243.0,3770.0
KIM-PN,47.766377269139696,167.0,247.2,6202.0,6206.0
UTSI,47.750591949486974,6020.0,7890.0,5769.5,5731.0
SAT,47.73480662983425,6980.0,4565.0,5712.0,5905.0
FRMEP,47.71902131018153,460.0,2115.0,6152.5,6051.0
LATA,47.70323599052881,0.0,1995.0,6288.0,6060.0
J,47.68745067087609,871600.0,905680.0,2035.0,2156.0
WM,47.67166535122336,1930240.0,1998825.0,1179.0,1271.0
TFIN-P,47.65588003157064,4206.2,3941.7,5868.0,5943.0
EA,47.64009471191792,9742739.6,,236.0,
CRWS,47.6243093922652,197600.0,107480.0,3613.0,4246.0
CBSH,47.60852407261247,872340.0,1009110.0,2031.0,2018.0
TRINZ,47.59273875295975,6140.0,5925.0,5760.5,5829.0
SB-PD,47.576953433307025,9888.8,4810.9,5577.0,5886.0
KEY-PL,47.561168113654304,33028.4,48101.85,4974.0,4808.0
MFAN,47.545382794001576,10940.0,16295.0,5532.0,5422.0
GDL,47.529597474348854,14900.0,8020.0,5406.0,5727.5
NLY-PG,47.51381215469613,29475.0,23589.8,5063.0,5242.0
PMTW,47.49802683504341,7560.0,9830.0,5675.0,5647.0
OCCIM,47.48224151539069,6880.0,3655.0,5718.5,5949.0
PRIF-PD,47.46645619573797,824.0,1148.35,6114.0,6113.0
DNMXU,47.45067087608524,440.0,1055.0,6156.5,6123.0
DYORU,47.43488555643252,0.0,0.0,6288.0,6278.5
BLZR,47.41910023677979,11800.0,17975.0,5500.0,5379.0
SKYH,47.40331491712707,298960.0,197355.0,3191.0,3724.0
DRDBU,47.38752959747435,0.0,0.0,6288.0,6278.5
CCID,47.37174427782163,4160.0,1750.0,5872.0,6081.5
CCIX,47.355958958168905,0.0,,6288.0,
AQN,47.340173638516184,3077020.0,3918060.0,763.0,705.0
AGNCM,47.324388318863456,11840.0,12575.0,5498.5,5537.0
MTB-PH,47.308602999210734,31038.0,77502.35,5022.0,4476.0
GECCG,47.29281767955801,1580.0,1805.0,6032.5,6078.0
TRTN-PC,47.277032359905284,4823.0,5385.4,5834.0,5851.0
GJP,47.26124704025256,0.0,695.0,6288.0,6159.0
TRTN-PB,47.24546172059984,2719.2,4834.75,5949.0,5883.0
GLP-PB,47.22967640094712,16732.6,,5360.0,
IMPPP,47.2138910812944,960.0,895.0,6099.0,6138.0
NMS,47.19810576164167,19640.0,28295.0,5279.0,5138.0
AVNS,47.18232044198895,,,,
TRINI,47.16653512233623,13240.0,8150.0,5452.5,5720.0
RITM-PB,47.15074980268351,26193.4,27582.2,5125.0,5153.0
VNO-PM,47.134964483030785,13749.0,13444.85,5440.0,5502.0
MO,47.119179163378064,10661020.0,10167240.0,217.0,237.0
EIIA,47.103393843725335,1860.0,3765.0,6011.0,5946.0
MFAO,47.08760852407261,5540.0,8185.0,5793.0,5717.0
OXLCG,47.071823204419886,5780.0,3220.0,5780.5,5965.0
MHF,47.056037884767164,95980.0,68780.0,4249.0,4560.0
IFBD,47.04025256511444,10640.0,7545.0,5549.5,5748.0
EFC,47.02446724546172,893380.0,1167195.0,1999.0,1846.0
CAPNR,47.008681925809,0.0,0.0,6288.0,6278.5
TBRG,46.858721389108126,,,,
AWP,46.858721389108126,94240.0,141635.0,4266.5,4016.0
BLD,46.858721389108126,,,,
WAI,46.858721389108126,0.0,,6288.0,
JHG,46.858721389108126,,,,
GTLS,46.858721389108126,,,,
CPRX,46.858721389108126,0.0,,6288.0,
NUVL,46.858721389108126,0.0,,6288.0,
KALV,46.858721389108126,,,,
LPRO,46.858721389108126,0.0,,6288.0,
XOMA,46.858721389108126,0.0,,6288.0,
ASRT,46.858721389108126,0.0,,6288.0,
CCRN,46.858721389108126,0.0,,6288.0,
CCIXU,46.858721389108126,0.0,,6288.0,
XOMAP,46.858721389108126,0.0,,6288.0,
XOMAO,46.858721389108126,0.0,,6288.0,
CNTA,46.858721389108126,,,,
OLPX,46.858721389108126,0.0,,6288.0,
FGBIP,46.7008681925809,6020.0,4505.0,5769.5,5908.0
CMRE-PB,46.7008681925809,904.6,1029.55,6105.0,6127.0
SEER,46.67719021310182,280980.0,938700.0,3244.0,2110.0
NMRA,46.661404893449095,900800.0,711940.0,1984.0,2454.0
RWAYL,46.645619573796374,5240.0,4265.0,5805.0,5930.0
MITN,46.629834254143645,5040.0,3300.0,5822.5,5961.0
ADAMH,46.614048934490924,35000.0,25010.0,4934.0,5207.5
PCG-PG,46.598263614838196,537.8,650.2,6144.0,6161.0
TEL,46.582478295185474,1880380.0,2257285.0,1211.0,1154.0
HOG,46.56669297553275,2301940.0,2342380.0,1013.0,1123.0
OPP-PC,46.55090765588003,952.4,797.0,6100.0,6150.0
FRSH,46.53512233622731,9008840.0,9788070.0,262.0,252.0
DX-PC,46.51933701657459,4887.4,7721.7,5833.0,5740.0
CIMO,46.50355169692186,9020.0,7670.0,5618.0,5742.0
PNFP-PA,46.48776637726914,12137.0,10780.7,5487.0,5608.0
PAMT,46.47198105761642,24380.0,21200.0,5174.0,5297.0
SMA,46.4561957379637,621000.0,644570.0,2428.0,2565.0
FCRS,46.440410418310975,33360.0,33155.0,4966.5,5053.0
IVR,46.42462509865825,2042200.0,2591110.0,1124.0,1025.0
APO-PA,46.408839779005525,1066048.6,,1805.0,
DLNG-PA,46.3930544593528,3548.0,4255.0,5901.0,5932.5
SYF-PB,46.377269139700076,32970.0,51962.0,4978.0,4761.0
SCE-PG,46.361483820047354,12939.0,14890.55,5463.0,5458.0
SSSSL,46.34569850039463,1340.0,860.0,6054.0,6144.0
OXSQH,46.32991318074191,2040.0,2125.0,5992.0,6050.0
SPMA,46.31412786108919,17440.0,6625.0,5340.5,5788.0
OZK,46.29834254143647,1148140.0,1042745.0,1719.0,1974.0
NI,46.28255722178374,5227920.0,5907260.0,458.0,459.0
NLY-PF,46.26677190213102,36678.2,31090.7,4901.0,5090.0
ERC,46.25098658247829,30700.0,54060.0,5027.5,4738.0
AMH,46.23520126282557,1958660.0,2225805.0,1168.0,1179.0
ADAMO,46.21941594317285,34660.0,34325.0,4941.0,5026.0
FFC,46.20363062352013,119220.0,87345.0,4075.0,4401.0
VNO-PL,46.187845303867405,10623.8,11401.25,5552.0,5579.0
NWSA,46.172059984214684,3183340.0,3946610.0,738.0,701.0
GAINI,46.156274664561955,5080.0,4830.0,5818.0,5884.0
BIP-PA,46.140489344909234,9311.8,6121.85,5610.0,5817.0
REXR,46.12470402525651,2316980.0,2855710.0,1008.0,937.0
GOOD,46.10891870560379,414700.0,441220.0,2858.0,2957.0
SPME,46.09313338595106,3560.0,1955.0,5900.0,6063.5
VLYPN,46.07734806629834,10280.0,11355.0,5558.5,5583.0
NOC,46.06156274664562,620800.0,682750.0,2430.0,2498.0
SEAL-PB,46.0457774269929,2768.0,4410.1,5946.0,5917.0
CIMN,46.02999210734017,7800.0,10255.0,5663.5,5623.0
HFRO-PA,46.01420678768745,10227.4,11693.65,5561.0,5569.0
GAM-PB,45.99842146803473,20443.8,,5255.0,
LOB-PA,45.98263614838201,25729.2,28876.4,5138.0,5129.0
DRS,45.966850828729285,673560.0,815890.0,2330.0,2291.0
SCWO,45.951065509076564,92560.0,58085.0,4287.0,4686.0
BANX,45.935280189423835,40020.0,36100.0,4848.0,4992.5
OPXS,45.91949486977111,17520.0,27765.0,5338.0,5150.0
PI,45.903709550118386,339980.0,527375.0,3066.0,2758.0
TWOD,45.887924230465664,14160.0,22740.0,5432.0,5259.0
BYD,45.87213891081294,619520.0,920610.0,2433.0,2134.0
MITP,45.85635359116022,5220.0,11740.0,5806.5,5564.5
NMFCZ,45.8405682715075,6200.0,11010.0,5756.5,5597.5
GLU-PB,45.82478295185478,410.4,1104.75,6162.0,6117.0
SAFE,45.80899763220205,265980.0,283590.0,3295.0,3390.0
NRDS,45.79321231254933,688480.0,743650.0,2298.0,2394.0
BDCI,45.77742699289661,12880.0,39570.0,5465.5,4940.0
SAZ,45.761641673243886,9540.0,4725.0,5602.5,5894.0
ADVB,45.74585635359116,221460.0,1037515.0,3482.0,1981.0
TRTN-PA,45.73007103393844,1969.0,2561.75,6004.0,6009.0
MS-PE,45.714285714285715,39867.4,50939.8,4854.0,4774.0
METCI,45.69850039463299,1680.0,2180.0,6023.5,6046.0
AGNCL,45.682715074980266,17760.0,12600.0,5325.0,5535.0
VLYPO,45.666929755327544,9480.0,7700.0,5606.0,5741.0
SARO,45.65114443567482,3618200.0,3505630.0,657.0,762.0
PENN,45.6353591160221,2305820.0,2665425.0,1012.0,1005.0
DAAQU,45.61957379636938,500.0,335.0,6150.5,6200.0
WENNU,45.60378847671666,1300.0,350.0,6060.0,6196.5
WHFCL,45.58800315706393,5740.0,2715.0,5783.0,5994.0
BBN,45.5722178374112,129640.0,123860.0,4001.0,4121.0
AUB-PA,45.55643251775848,7055.8,8098.95,5706.0,5722.0
GECCI,45.54064719810576,1340.0,610.0,6054.0,6165.5
SO,45.52486187845304,4099540.0,5378645.0,581.0,505.0
MXCT,45.50907655880032,1380000.0,928585.0,1513.0,2122.0
SAY,45.493291239147595,11520.0,6805.0,5514.5,5781.5
TVE,45.477505919494874,10960.0,9010.0,5530.0,5670.0
AAP,45.461720599842145,1773840.0,1360235.0,1275.0,1688.0
ATLCZ,45.445935280189424,10720.0,11220.0,5541.0,5589.0
SAJ,45.4301499605367,5520.0,1855.0,5794.5,6072.0
HCXY,45.414364640883974,1020.0,2045.0,6090.0,6057.0
MTN,45.39857932123125,565700.0,599915.0,2535.0,2635.0
NNI,45.38279400157853,135700.0,131705.0,3963.5,4082.0
MS-PF,45.36700868192581,66789.0,100052.8,4511.0,4302.0
AUST,45.35122336227309,104880.0,156810.0,4181.0,3914.0
LW,45.33543804262036,1093480.0,1818705.0,1772.0,1364.0
CIM-PB,45.31965272296764,24593.0,25162.35,5169.0,5204.0
BOH-PB,45.30386740331492,5277.2,10477.45,5802.0,5618.0
FCPT,45.2880820836622,547260.0,713105.0,2570.0,2448.0
BZUN,45.272296764009475,138400.0,214515.0,3942.0,3646.5
WLKP,45.256511444356754,31420.0,40485.0,5014.0,4929.0
VNO-PN,45.240726124704025,5818.8,8958.45,5779.0,5674.0
CMCL,45.2249408050513,231880.0,193350.0,3444.0,3743.0
GBX,45.209155485398576,369020.0,376120.0,2991.0,3128.0
RWTP,45.193370165745854,6480.0,6020.0,5738.0,5827.0
ONCHU,45.17758484609313,2220.0,1745.0,5979.0,6083.0
IBM,45.16179952644041,5494300.0,7516205.0,434.0,344.0
GLOP-PA,45.14601420678769,5265.2,3092.85,5803.0,5976.0
STRC,45.13022888713497,1236400.0,1344550.0,1634.0,1711.0
LUCD,45.11444356748224,971580.0,1072380.0,1900.0,1937.0
SDGR,45.09865824782952,1051240.0,1139440.0,1818.0,1872.0
WMK,45.0828729281768,139640.0,166430.0,3932.0,3868.0
FT,45.06708760852407,57520.0,43200.0,4620.0,4887.0
CPS,45.05130228887135,173020.0,204685.0,3734.0,3691.0
AAON,45.03551696921863,1205960.0,1281470.0,1663.0,1758.0
ZKH,45.019731649565905,80520.0,114540.0,4386.0,4200.0
CIG,45.00394632991318,4997600.0,4799215.0,474.0,574.0
TAC,44.988161010260455,1295860.0,1771085.0,1580.0,1399.0
EFC-PD,44.972375690607734,2090.0,706.2,5989.0,6157.0
NHI,44.95659037095501,395540.0,390010.0,2915.0,3099.0
TEN-PE,44.94080505130229,5111.6,4359.45,5817.0,5921.0
HFRO-PB,44.92501973164957,10072.8,12838.9,5570.0,5528.0
VLYPP,44.90923441199685,8560.0,6065.0,5633.0,5823.0
DNUT,44.89344909234412,3487320.0,3203380.0,679.0,826.0
RSF,44.87766377269139,8080.0,8495.0,5649.0,5698.5
AFRM,44.86187845303867,2913740.0,2980135.0,810.0,889.0
ABM,44.84609313338595,272360.0,377575.0,3275.0,3124.0
CHSCM,44.83030781373323,21980.0,24845.0,5224.5,5212.0
CHSCN,44.81452249408051,14580.0,16615.0,5420.5,5414.0
PDPA,44.798737174427785,7660.0,4760.0,5671.0,5891.0
UZF,44.782951854775064,6260.0,4805.0,5750.0,5889.0
RF-PC,44.767166535122335,71681.6,40196.85,4463.0,4936.0
NBB,44.751381215469614,63960.0,54875.0,4535.0,4726.0
PFD,44.735595895816886,24920.0,33090.0,5161.0,5054.0
GECCH,44.719810576164164,100.0,230.0,6215.0,6210.5
HOVNP,44.70402525651144,2460.0,6045.0,5969.0,5825.0
WRB,44.68823993685872,1371580.0,1647515.0,1518.0,1491.0
SWKHL,44.672454617206,1340.0,2990.0,6054.0,5981.5
SKYX,44.65666929755328,933640.0,853330.0,1946.0,2232.0
CME,44.64088397790055,1988280.0,2030580.0,1152.0,1253.0
IDAI,44.62509865824783,36960.0,36180.0,4897.0,4991.0
BCO,44.60931333859511,368600.0,542975.0,2994.0,2724.0
PAYC,44.593528018942386,719680.0,1011700.0,2244.0,2015.0
ONBPO,44.577742699289665,3140.0,5380.0,5927.0,5852.0
MBINN,44.56195737963694,10200.0,7305.0,5562.5,5756.0
SLMBP,44.546172059984215,880.0,3120.0,6110.0,5974.5
RZC,44.53038674033149,28440.0,40745.0,5089.0,4924.0
AUDC,44.514601420678765,141160.0,126250.0,3920.0,4109.0
BGSF,44.498816101026044,6860.0,9550.0,5721.0,5656.5
STC,44.48303078137332,149740.0,242025.0,3862.0,3537.0
HBANL,44.4672454617206,25560.0,21485.0,5145.0,5290.0
WK,44.45146014206788,818940.0,802395.0,2104.0,2307.0
SHW,44.43567482241516,1558900.0,2031735.0,1390.0,1252.0
MAA-PI,44.41988950276243,2508.8,2449.9,5964.0,6020.0
CFG-PI,44.40410418310971,34129.4,40445.25,4950.0,4931.0
PCG-PH,44.38831886345698,500.4,1120.0,6148.5,6115.0
TWFG,44.37253354380426,145960.0,156235.0,3889.0,3919.0
LSAK,44.35674822415154,122520.0,119045.0,4047.0,4168.0
REXR-PB,44.34096290449882,500.4,2165.7,6148.5,6047.0
GRNT,44.325177584846095,779900.0,780555.0,2156.0,2337.0
GJO,44.30939226519337,920.0,525.0,6104.0,6173.0
TTAM,44.293606945540645,280420.0,295510.0,3247.0,3346.0
CGNT,44.277821625887924,403740.0,451425.0,2897.0,2930.0
GJR,44.2620363062352,400.0,380.0,6164.5,6190.0
UDR,44.24625098658248,2803020.0,3492295.0,843.0,767.0
SCE-PL,44.23046566692976,28736.0,25090.65,5079.0,5206.0
ONBPP,44.21468034727703,11760.0,8850.0,5501.5,5680.0
NLY-PI,44.19889502762431,149571.4,64250.75,3864.0,4615.0
PMT-PC,44.18310970797158,25650.8,21761.5,5139.0,5283.0
CRCT,44.16732438831886,771700.0,856975.0,2167.0,2221.0
GLOP-PB,44.15153906866614,1425.6,2068.2,6050.0,6055.0
SIM,44.13575374901342,580.0,35985.0,6141.0,4997.0
WTFCN,44.119968429360696,34680.0,25295.0,4940.0,5201.0
RITM-PE,44.104183109707975,25001.0,32091.85,5158.0,5073.0
UZE,44.088397790055254,7500.0,6095.0,5678.5,5821.0
TRTN-PD,44.072612470402525,4623.2,4679.95,5844.0,5898.0
IMXI,44.0568271507498,2011960.0,847310.0,1139.0,2248.0
CICB,44.041041831097075,6040.0,4690.0,5767.0,5897.0
CBRE,44.025256511444354,1235100.0,1705135.0,1637.0,1451.0
ZBH,44.00947119179163,1846320.0,2558100.0,1228.0,1045.0
MA,43.99368587213891,2887040.0,3067045.0,820.0,861.0
BCC,43.97790055248619,239180.0,337350.0,3414.0,3223.0
PCAPU,43.96211523283347,120.0,9970.0,6208.5,5641.0
MBAV,43.94632991318074,254084.0,,3346.0,
CDR-PB,43.93054459352802,3924.2,3481.65,5881.0,5955.0
MITT-PA,43.9147592738753,4984.4,4468.95,5827.0,5910.0
SVV,43.898973954222576,3016780.0,2118150.0,781.0,1220.0
NX,43.88318863456985,252100.0,314240.0,3356.0,3284.0
FLC,43.86740331491713,12500.0,16140.0,5479.0,5426.0
MS-PQ,43.851617995264405,79170.8,57322.2,4397.0,4694.0
GPC,43.83583267561168,903640.0,1174465.0,1977.0,1839.0
HIG-PG,43.820047355958955,21959.4,19309.7,5226.0,5343.0
GGT,43.804262036306234,339680.0,286530.0,3068.0,3378.0
MBAVU,43.78847671665351,798.4,,6115.0,
SOMN,43.77269139700079,19520.0,38005.0,5284.5,4970.0
MGNI,43.75690607734807,2898760.0,2940535.0,815.0,898.0
JBK,43.74112075769535,300.0,235.0,6179.5,6209.0
NSP,43.72533543804262,318280.0,583725.0,3129.0,2659.0
FLG-PU,43.70955011838989,13742.4,6485.25,5441.0,5795.0
CMS,43.69376479873717,3558380.0,3973565.0,668.0,697.0
VALU,43.67797947908445,3860.0,3290.0,5886.0,5962.0
HPF,43.66219415943173,24260.0,27875.0,5176.0,5147.0
CDZI,43.646408839779006,577460.0,856690.0,2512.0,2222.0
DERM,43.630623520126285,326800.0,224845.0,3109.0,3602.0
VNO-PO,43.61483820047356,5069.6,9775.7,5819.0,5648.0
MTB-PJ,43.599052880820835,29976.2,39603.35,5052.0,4939.0
CSR,43.583267561168114,118800.0,143230.0,4079.0,4005.0
CVNA,43.56748224151539,10025120.0,10962135.0,231.0,218.0
NWS,43.55169692186267,1116520.0,1127750.0,1745.0,1884.0
EVR,43.53591160220994,511580.0,579785.0,2653.0,2669.0
AXIA-PC,43.52012628255722,142071.6,106691.2,3914.0,4254.0
WAFU,43.5043409629045,117460.0,2757315.0,4090.0,966.0
PPL,43.48855564325177,8421360.0,8739215.0,283.0,294.0
RWT-PA,43.47277032359905,4414.0,5194.8,5861.0,5857.0
PCRX,43.45698500394633,577120.0,725500.0,2513.5,2428.0
UZD,43.44119968429361,3240.0,3145.0,5922.0,5971.0
MSD,43.425414364640886,39080.0,44755.0,4866.0,4864.0
JPM-PC,43.409629044988165,272974.2,193850.4,3272.0,3740.0
NFG,43.393843725335444,456320.0,664770.0,2766.0,2530.0
PCG-PA,43.378058405682715,4758.6,4716.7,5839.0,5895.0
PFO,43.36227308602999,51340.0,30285.0,4690.0,5102.5
GLOP-PC,43.346487766377265,669.6,878.35,6131.0,6139.0
COST,43.330702446724544,1443820.0,1791375.0,1464.0,1385.0
YUM,43.31491712707182,2367960.0,2398520.0,986.0,1101.0
JXN-PA,43.2991318074191,24921.4,23033.25,5159.0,5252.0
CTO-PA,43.28334648776638,1958.4,3242.45,6007.0,5964.0
ALL-PB,43.26756116811366,17504.2,33745.95,5339.0,5041.0
NTES,43.25177584846093,1041040.0,761485.0,1829.0,2368.0
MCO,43.23599052880821,652620.0,783070.0,2371.0,2331.0
CIM-PA,43.22020520915549,6055.0,6161.95,5766.0,5815.0
NPV,43.20441988950276,113380.0,81425.0,4115.0,4441.0
CHSCL,43.18863456985004,29440.0,24795.0,5064.0,5213.0
REGCP,43.17284925019732,940.0,1550.0,6102.0,6090.0
BAC-PB,43.157063930544595,109268.0,95677.3,4138.0,4337.0
PPIH,43.14127861089187,68520.0,69140.0,4495.0,4554.0
SWZ,43.125493291239145,20820.0,23310.0,5246.0,5249.0
MGRC,43.109707971586424,122340.0,176865.0,4049.0,3826.0
ETX           ,43.0939226519337,22500.0,14905.0,5208.0,5456.0
RTO,43.07813733228098,1223780.0,1866575.0,1644.0,1346.0
GNE,43.06235201262826,67540.0,73730.0,4502.0,4509.0
RF-PF,43.04656669297554,34242.8,25993.1,4948.0,5181.0
NXPI,43.03078137332281,3572660.0,4575460.0,666.0,609.0
MGEE,43.01499605367008,129520.0,182160.0,4002.0,3803.0
LAND,42.99921073401736,690460.0,672930.0,2293.0,2516.0
GGG,42.98342541436464,1276960.0,1459790.0,1589.0,1617.0
IGI,42.96764009471192,7300.0,10945.0,5691.0,5602.0
EPSN,42.951854775059196,206220.0,145780.0,3565.0,3987.0
SUI,42.936069455406475,4823660.0,2559125.0,489.0,1044.0
REZI,42.92028413575375,4578420.0,2724938.45,516.0,981.0
ALLE,42.904498816101025,1180380.0,1353825.0,1689.0,1698.0
AXIA,42.888713496448304,4199745.0,,566.0,
DUK-PA,42.87292817679558,91101.0,66200.05,4300.0,4589.0
MS-PP,42.857142857142854,62161.4,70625.55,4559.0,4543.0
KVAC,42.84135753749013,963.0,,6098.0,
SMG,42.82557221783741,949220.0,1065425.0,1928.0,1947.0
BBDC,42.80978689818469,918180.0,766970.0,1963.0,2356.0
RFI,42.79400157853196,76880.0,107970.0,4422.0,4242.0
UMH-PD,42.77821625887924,17645.4,18442.35,5332.0,5367.0
BN,42.76243093922652,4273880.0,4619565.0,549.0,604.0
KTN,42.7466456195738,2380.0,1955.0,5974.5,6063.5
AMH-PG,42.730860299921076,7083.0,7200.0,5704.0,5760.0
AWK,42.715074980268355,2433000.0,2532355.0,961.0,1054.0
SHEN,42.69928966061563,415860.0,512240.0,2853.0,2789.0
EFSCP,42.683504340962905,1100.0,1660.0,6079.5,6087.5
ASG,42.66771902131018,141240.0,275740.0,3918.0,3416.0
IPGP,42.651933701657455,631180.0,491085.0,2412.0,2838.0
ERH,42.636148382004734,20040.0,23445.0,5264.0,5246.0
AIN,42.62036306235201,292280.0,335305.0,3207.0,3229.0
BNT,42.60457774269929,12080.0,15120.0,5489.0,5453.0
FSS,42.58879242304657,365460.0,422720.0,3006.0,3008.0
ATHS,42.57300710339385,15920.0,27085.0,5378.0,5162.0
PNFP-PC,42.55722178374112,13521.6,14894.3,5447.0,5457.0
UHS,42.5414364640884,718280.0,970620.0,2247.0,2063.0
MTB-PK,42.52565114443567,32450.4,30092.35,4986.0,5105.0
BNJ,42.50986582478295,8620.0,19700.0,5630.0,5328.0
WAL,42.49408050513023,870080.0,932330.0,2038.0,2120.0
PJT,42.478295185477506,498400.0,430385.0,2677.0,2988.0
BTI,42.462509865824785,4221300.0,4089570.0,563.0,678.0
TGS,42.44672454617206,211120.0,207205.0,3543.0,3678.0
APOG,42.430939226519335,145080.0,151335.0,3893.0,3960.0
LE,42.415153906866614,137560.0,183730.0,3951.0,3795.0
AMH-PH,42.39936858721389,8028.4,7654.0,5654.0,5743.0
ATCH,42.38358326756117,1234380.0,1719400.0,1638.0,1435.0
URBN,42.36779794790845,1013220.0,907910.0,1859.0,2151.0
ECC-PD,42.35201262825572,12647.6,14029.9,5476.0,5477.0
SENS,42.336227308603,815000.0,747185.0,2117.0,2389.0
NPFD,42.32044198895027,49840.0,71035.0,4713.0,4536.0
STE,42.30465666929755,649060.0,758800.0,2377.0,2370.0
FMY,42.28887134964483,4720.0,3445.0,5842.0,5956.0
TRTN-PF,42.27308602999211,8500.0,8103.35,5637.0,5721.0
GNSS,42.257300710339386,107920.0,81865.0,4155.0,4438.0
SYF-PA,42.241515390686665,34229.4,49092.7,4949.0,4800.0
PGZ,42.22573007103394,21480.0,17740.0,5237.0,5386.0
BEPJ,42.209944751381215,6020.0,5895.0,5769.5,5831.0
WBS-PG,42.194159431728494,6058.4,9995.75,5765.0,5639.0
SPH,42.178374112075765,260180.0,224060.0,3324.0,3605.0
AN,42.162588792423044,292260.0,444540.0,3208.0,2950.0
LND,42.14680347277032,74240.0,40230.0,4443.0,4934.0
GF,42.1310181531176,27960.0,22245.0,5095.0,5273.0
VOYA-PB,42.11523283346488,16993.0,19009.45,5350.0,5352.0
SDHY,42.09944751381215,74260.0,51810.0,4442.0,4764.0
IGR,42.08366219415943,391800.0,486935.0,2924.0,2850.0
CSL,42.06787687450671,462340.0,470045.0,2748.0,2885.0
NTWK,42.05209155485399,14020.0,13330.0,5434.0,5507.5
TRC,42.036306235201266,221300.0,167360.0,3483.0,3862.0
PLUT,42.020520915548545,0.0,460.0,6288.0,6181.0
WFG,42.004735595895816,229740.0,237225.0,3452.0,3556.0
CTGO,41.988950276243095,364160.0,376725.0,3011.0,3125.0
GAB,41.97316495659037,619280.0,671945.0,2434.0,2520.0
ICLR,41.957379636937645,500080.0,853035.0,2673.0,2234.0
HESM,41.941594317284924,1225120.0,1183150.0,1643.0,1833.0
LDP,41.9258089976322,58320.0,64510.0,4613.0,4611.0
LC,41.91002367797948,1063100.0,1544905.0,1810.0,1559.0
OPAL,41.89423835832676,123720.0,191855.0,4039.0,3758.0
VEL,41.87845303867404,95040.0,106675.0,4255.5,4256.0
MWA,41.86266771902131,919280.0,1068220.0,1961.0,1941.0
RCD,41.84688239936858,5020.0,11420.0,5825.5,5577.0
CLMB,41.83109707971586,104320.0,149770.0,4186.0,3971.0
ALH,41.81531176006314,3496560.0,1280310.0,676.0,1759.0
ATH-PE,41.79952644041042,54703.0,34315.45,4651.0,5028.0
BRT,41.783741120757696,37540.0,41575.0,4887.0,4907.0
LFMDP,41.767955801104975,2640.0,2165.0,5955.0,6048.0
ATR,41.75217048145225,427480.0,494995.0,2828.0,2825.0
BEPI,41.736385161799525,13800.0,31545.0,5438.5,5082.0
CRBG,41.720599842146804,3714620.0,4431850.0,636.0,626.0
CTA-PA,41.70481452249408,551.0,360.75,6143.0,6194.0
KRC,41.68902920284136,1174220.0,1318810.0,1696.0,1731.0
BEKE,41.67324388318863,2797040.0,2853460.0,845.0,939.0
BNR,41.65745856353591,7180.0,5420.0,5700.5,5848.0
BKNG,41.64167324388319,4685080.0,6065230.0,504.0,439.0
RLI,41.62588792423046,580060.0,849980.0,2507.0,2243.0
WEA,41.61010260457774,21360.0,25385.0,5238.0,5197.0
BHR,41.59431728492502,238520.0,365775.0,3418.0,3151.0
MS-PI,41.5785319652723,70179.0,68940.4,4474.0,4558.0
CCEL,41.562746645619576,11120.0,44195.0,5523.0,4873.0
CARS,41.546961325966855,551600.0,683145.0,2561.0,2497.0
PRGS,41.531176006314126,385400.0,497780.0,2940.0,2820.0
AUR,41.515390686661405,34906600.0,28832485.0,38.0,66.0
AENT,41.49960536700868,8600.0,12680.0,5631.0,5532.0
CLW,41.483820047355955,160220.0,230255.0,3811.0,3581.0
REGCO,41.468034727703234,2140.0,2195.0,5985.0,6045.0
GAP,41.45224940805051,4736680.0,5251620.0,496.0,518.0
BIPJ,41.43646408839779,9460.0,8040.0,5607.0,5726.0
STVN,41.42067876874507,503560.0,470175.0,2668.0,2884.0
LNC-PD,41.40489344909234,31191.0,29949.1,5017.0,5108.0
GUG,41.38910812943962,147800.0,105395.0,3879.0,4265.0
PIM,41.3733228097869,36520.0,43465.0,4905.5,4879.0
MTH,41.35753749013418,541340.0,789750.0,2583.0,2324.0
WGO,41.341752170481456,469020.0,467935.0,2733.0,2894.0
MNTK,41.32596685082873,148000.0,188780.0,3874.5,3772.0
PDT,41.310181531176006,103300.0,122500.0,4192.0,4135.0
CNMD,41.294396211523285,354280.0,526485.0,3036.0,2761.0
GEG,41.27861089187056,9620.0,5880.0,5598.0,5833.5
FMS,41.262825572217835,545640.0,799415.0,2573.0,2311.0
RA,41.247040252565114,214760.0,158435.0,3520.0,3905.0
CHSCO,41.23125493291239,15220.0,19460.0,5395.5,5336.0
REXR-PC,41.21546961325967,887.4,2530.9,6107.0,6013.0
MRP,41.19968429360695,970320.0,1080065.0,1905.0,1928.0
EQH-PC,41.18389897395423,21524.0,22892.05,5235.0,5255.0
TATT,41.1681136543015,131300.0,200555.0,3991.0,3709.0
MUA,41.15232833464877,391520.0,343435.0,2925.0,3209.0
POCI,41.13654301499605,59300.0,50665.0,4601.0,4776.5
WY,41.12075769534333,4720160.0,5555830.0,497.0,484.0
APO,41.10497237569061,3321020.0,3852425.0,707.0,711.0
HPS,41.089187056037886,54080.0,51785.0,4660.5,4765.0
PCG-PE,41.073401736385165,562.6,869.95,6142.0,6143.0
MLP,41.05761641673244,28140.0,23070.0,5093.0,5250.0
FFIN,41.041831097079715,612140.0,669800.0,2443.0,2523.0
AGM-PD,41.026045777426994,5906.2,4972.4,5772.0,5874.0
OCSL,41.01026045777427,598820.0,582300.0,2467.0,2663.0
MC,40.994475138121544,727860.0,980170.0,2231.0,2053.0
CFG-PH,40.97868981846882,30084.2,25883.5,5043.0,5184.0
WIA,40.9629044988161,23420.0,26855.0,5192.0,5165.0
MFA-PC,40.94711917916338,33592.6,24212.9,4961.0,5230.0
WIW,40.93133385951065,254080.0,286995.0,3347.0,3375.0
ALL-PJ,40.91554853985793,37576.2,45470.4,4886.0,4854.0
PHAR,40.89976322020521,22000.0,22885.0,5223.0,5256.0
JHS,40.88397790055249,9300.0,9465.0,5611.0,5660.0
ORC,40.868192580899766,2927120.0,4939200.0,806.0,562.0
BA,40.852407261247045,4241360.0,5775040.0,558.0,468.0
FINS,40.836621941594316,42880.0,39080.0,4800.0,4952.0
OMAB,40.820836621941595,62420.0,59365.0,4554.0,4665.0
OSIS,40.80505130228887,146640.0,154005.0,3883.0,3941.0
GDOT,40.789265982636145,404400.0,408550.0,2893.0,3047.0
AGM-PF,40.773480662983424,9107.4,9521.9,5615.0,5659.0
PACB,40.7576953433307,6419080.0,7286505.0,360.0,363.0
ARR-PC,40.74191002367798,14488.2,13692.15,5423.0,5486.0
TM,40.72612470402526,271080.0,394425.0,3284.0,3089.0
WLK,40.71033938437253,806480.0,1220895.0,2125.0,1805.0
DEC,40.69455406471981,1116200.0,920780.0,1746.0,2133.0
AON,40.67876874506709,752260.0,1211045.0,2196.0,1815.0
IRT,40.66298342541437,2264940.0,2862035.0,1029.0,935.0
PEP,40.64719810576164,6028240.0,7097400.0,381.0,370.0
WFC-PL,40.63141278610892,8705.6,7923.75,5626.0,5730.0
SEED,40.615627466456196,17980.0,433450.0,5321.0,2980.0
SMWB,40.599842146803475,1296360.0,966260.0,1577.0,2071.0
VMC,40.58405682715075,711320.0,1042185.0,2261.0,1975.0
PSEC-PA,40.568271507498025,3340.6,4509.7,5914.0,5907.0
BIPI,40.552486187845304,15220.0,18765.0,5395.5,5361.0
BWIN,40.53670086819258,1090000.0,1226075.0,1776.0,1799.0
OCUL,40.52091554853986,4594200.0,2748490.0,514.0,972.0
BAC-PK,40.50513022888714,67781.4,65446.85,4499.0,4596.0
KYIV,40.48934490923441,185620.0,389505.0,3670.0,3100.0
CWST,40.47355958958169,371160.0,565925.0,2984.0,2691.0
NMRK,40.45777426992896,1388360.0,1446720.0,1506.0,1627.0
IAF,40.44198895027624,15420.0,15030.0,5388.0,5454.0
VBF,40.42620363062352,59580.0,69930.0,4597.0,4550.0
FCT,40.4104183109708,265049.4,226146.55,3299.0,3596.0
BHK,40.394632991318076,187240.0,286590.0,3664.0,3377.0
RWTQ,40.378847671665355,35240.0,19695.0,4930.0,5329.0
INTA,40.363062352012626,586120.0,814900.0,2495.0,2293.0
AGM-PG,40.347277032359905,8170.6,6223.3,5645.0,5813.0
PCOR,40.331491712707184,3059720.0,3731185.0,768.0,727.0
BF-A,40.315706393054455,88380.0,128050.0,4322.0,4100.0
ATH-PA,40.299921073401734,164756.8,78896.6,3783.0,4464.0
RSG,40.28413575374901,1324640.0,1416850.0,1557.0,1638.0
IRS,40.26835043409629,130740.0,137810.0,3993.0,4036.0
XLO,40.25256511444357,17580.0,19340.0,5335.0,5341.0
CLDT-PA,40.23677979479084,7305.4,10948.8,5689.0,5601.0
HAYW,40.22099447513812,1751020.0,2778735.0,1284.0,958.0
FPH,40.2052091554854,148260.0,193565.0,3873.0,3742.0
ZDGE,40.18942383583268,56640.0,70700.0,4635.5,4540.0
AGM-PH,40.173638516179956,7274.2,5449.5,5697.0,5846.0
BEPH,40.157853196527235,19680.0,23755.0,5278.0,5239.0
MANH,40.142067876874506,962200.0,1038350.0,1914.0,1979.0
OAK-PB,40.126282557221785,14340.0,11711.8,5427.0,5567.0
BWXT,40.11049723756906,922080.0,894655.0,1954.0,2168.0
MMT,40.094711917916335,238640.0,287635.0,3417.0,3374.0
MFA,40.078926598263614,1053160.0,1470035.0,1815.0,1608.0
LAES,40.06314127861089,12119720.0,13323705.0,189.0,167.0
JHI,40.04735595895817,8720.0,13655.0,5625.0,5490.0
IPHA,40.03157063930545,118980.0,416950.0,4077.0,3021.0
GSM,40.01578531965272,1478620.0,1874905.0,1442.0,1337.0
PAGS,40.0,2885180.0,2753095.0,821.0,968.0
LFWD,39.98421468034728,9680.0,5865.0,5593.0,5835.0
DOLE,39.96842936069455,1027860.0,1145460.0,1840.0,1866.0
EQR,39.95264404104183,4859193.0,3285691.95,485.0,810.0
CTAS,39.93685872138911,1723160.0,2130975.0,1300.0,1215.0
MCGA,39.921073401736386,18140.0,76310.0,5317.0,4484.0
RTAC,39.905288082083665,260340.0,98400.0,3323.0,4321.0
OPEN,39.889502762430936,68850320.0,47854685.0,11.0,24.0
LKFN,39.873717442778215,202240.0,164610.0,3586.0,3879.0
EMP,39.857932123125494,7000.0,12885.0,5710.5,5525.0
AVNW,39.84214680347277,125760.0,136180.0,4026.0,4050.0
BTZ,39.82636148382005,313640.0,288460.0,3152.0,3371.0
SSNC,39.81057616416732,1280340.0,1915030.0,1586.0,1310.0
CHT,39.7947908445146,187940.0,166575.0,3662.0,3867.0
BAC-PP,39.77900552486188,76542.0,69557.05,4426.0,4553.0
AFGD,39.76322020520915,16840.0,13600.0,5354.0,5493.0
TY-P,39.74743488555643,1914.0,2078.95,6009.0,6054.0
PAI,39.73164956590371,17020.0,15510.0,5348.5,5447.0
TRU,39.71586424625099,1755120.0,2207085.0,1282.0,1188.0
CMS-PB,39.700078926598266,399.4,527.0,6167.0,6172.0
JBLU,39.684293606945545,20719820.0,35413805.0,99.0,48.0
ACR-PD,39.668508287292816,10933.6,6992.75,5533.0,5773.0
ADC-PA,39.652722967640095,15230.2,13046.3,5393.0,5519.0
PMN,39.63693764798737,21840.0,137130.0,5228.0,4040.0
EVG,39.621152328334645,57020.0,48665.0,4628.5,4803.0
SOJF,39.605367008681924,51360.0,55595.0,4688.5,4721.0
TIC,39.5895816890292,1844980.0,2451190.0,1230.0,1080.0
JPC,39.57379636937648,1097560.0,957170.0,1767.0,2088.0
CPHC,39.55801104972376,2880.0,1815.0,5940.5,6077.0
XP,39.54222573007103,5789000.0,4043830.0,404.0,682.0
OAK-PA,39.52644041041831,7397.0,6945.3,5685.0,5775.0
PRMB,39.51065509076559,3972520.0,4461925.0,599.0,621.0
ETJ,39.49486977111287,105000.0,114640.0,4178.0,4199.0
SAIL,39.479084451460146,3013660.0,3086820.0,782.0,855.0
NCZ-PA,39.46329913180742,8045.0,5620.9,5651.0,5842.0
CFR-PB,39.447513812154696,23314.6,16514.9,5195.0,5416.0
GRBK-PA,39.431728492501975,2681.2,2442.7,5952.0,6021.0
PSF,39.415943172849246,40400.0,35050.0,4839.5,5015.0
IONR,39.400157853196525,72480.0,72515.0,4457.0,4521.0
CATX,39.384372533543804,1198680.0,1093540.0,1668.0,1917.0
EOI,39.36858721389108,74680.0,80430.0,4440.0,4449.0
AGM-PE,39.35280189423836,3279.2,4295.8,5918.0,5928.0
LUXE,39.33701657458564,110600.0,138200.0,4130.0,4034.0
NTNX,39.32123125493291,2322180.0,2441825.0,1004.0,1084.0
AIG,39.30544593528019,2314000.0,3001075.0,1009.0,877.0
KHC,39.28966061562746,10955420.0,15148500.0,210.0,148.0
GALT,39.27387529597474,388300.0,375490.0,2933.0,3131.0
GRND,39.25808997632202,1567420.0,1839780.0,1385.0,1353.0
NIO,39.2423046566693,23752560.0,25536520.0,75.0,77.0
SFB,39.226519337016576,8120.0,11240.0,5646.0,5586.0
FHN-PF,39.210734017363855,7003.6,11229.15,5709.0,5588.0
ECF-PA,39.194948697711126,4078.4,2010.15,5875.0,6058.0
ARKO,39.179163378058405,1348400.0,1144685.0,1537.0,1867.0
SRPT,39.163378058405684,2470000.0,2992290.0,945.0,882.0
USPH,39.14759273875296,205200.0,254615.0,3572.0,3486.0
PMT-PB,39.131807419100234,8939.4,8787.95,5621.0,5686.0
CCU,39.11602209944751,102780.0,106700.0,4198.0,4253.0
PMT-PA,39.10023677979479,3665.6,7761.75,5898.0,5738.0
FHN-PE,39.08445146014207,12055.4,7885.5,5490.0,5732.0
APOS,39.06866614048934,24920.0,57510.0,5161.0,4693.0
GTLB,39.05288082083662,4719380.0,4294415.0,498.0,645.0
AFGB,39.0370955011839,7520.0,7805.0,5676.5,5735.5
HMC,39.02131018153118,776120.0,1188740.0,2164.0,1831.0
CRWV,39.005524861878456,36204860.0,33452210.0,35.0,51.0
RNP,38.989739542225735,77040.0,91440.0,4419.0,4366.0
MAA,38.973954222573006,752640.0,1040295.0,2195.0,1976.0
VLTO,38.958168902920285,1176020.0,1585310.0,1693.0,1536.0
BNH,38.942383583267556,11480.0,29085.0,5518.0,5123.0
AGIO,38.926598263614835,1182200.0,1239855.0,1685.0,1786.0
FRT-PC,38.910812943962114,13104.2,10637.2,5458.0,5612.0
DLO,38.89502762430939,4453480.0,2360755.0,531.0,1121.0
ACR-PC,38.87924230465667,31128.0,21209.25,5019.0,5296.0
PFN,38.86345698500395,337300.0,344080.0,3079.0,3208.0
JPM-PD,38.84767166535122,215643.4,166082.3,3514.0,3871.0
FPF,38.8318863456985,115800.0,104475.0,4102.0,4273.0
BAC-PN,38.81610102604578,143203.6,127800.65,3903.0,4103.0
SRI,38.80031570639306,110620.0,150110.0,4129.0,3969.0
NDRA,38.78453038674033,20660.0,16005.0,5250.0,5431.0
PRIF-PK,38.76874506708761,2482.2,1434.8,5967.0,6097.0
CAL,38.752959747434886,382600.0,482960.0,2947.0,2861.0
MSFT,38.737174427782165,22573120.0,37423390.0,83.0,44.0
FATN,38.721389108129436,66200.0,118925.0,4515.0,4169.0
PHK,38.705603788476715,892500.0,737680.0,2002.0,2406.0
WFC-PC,38.689818468823994,104907.4,77726.4,4180.0,4474.0
SCHW-PD,38.67403314917127,56570.8,54498.65,4638.0,4729.0
CARR,38.65824782951855,4308420.0,6878940.0,544.0,381.0
AGO,38.64246250986583,277980.0,344755.0,3251.0,3207.0
AFGE,38.6266771902131,4600.0,7585.0,5849.5,5745.0
BAC-PO,38.61089187056038,173807.8,103185.75,3732.0,4280.0
WSC,38.59510655090765,2500240.0,2912085.0,939.0,910.0
ACGLN,38.57932123125493,34400.0,40995.0,4946.0,4920.0
PPT,38.56353591160221,121280.0,132485.0,4055.0,4077.0
DXR,38.54775059194949,1600.0,1545.0,6030.0,6091.0
CAE,38.531965272296766,803580.0,645090.0,2131.0,2563.0
IBP,38.516179952644045,241620.0,350905.0,3399.5,3188.0
EVCM,38.500394632991316,142940.0,142715.0,3906.0,4007.0
RDACU,38.484609313338595,1180.0,295.0,6068.0,6202.0
SOHU,38.468823993685874,93160.0,50390.0,4278.0,4781.0
MKL,38.453038674033145,50720.0,64540.0,4700.0,4610.0
SWIM,38.437253354380424,684440.0,945700.0,2307.0,2102.0
USB-PA,38.4214680347277,457.6,592.35,6154.0,6167.0
JRI,38.40568271507498,164300.0,138465.0,3788.5,4031.0
FDUS,38.38989739542226,372620.0,345755.0,2980.0,3204.0
VEON,38.37411207576953,67560.0,85505.0,4501.0,4418.0
MITT-PB,38.35832675611681,11704.2,10135.2,5505.0,5629.0
EAI,38.34254143646409,10560.0,20410.0,5555.0,5314.0
NXDT-PA,38.32675611681137,2490.6,2373.9,5965.0,6027.0
BAC-PS,38.310970797158646,69771.0,66097.75,4483.0,4590.0
BF-B,38.295185477505925,1896000.0,2157540.0,1206.0,1201.0
GBAB,38.279400157853196,112200.0,100760.0,4121.0,4297.0
MDBH,38.263614838200475,3700.0,2440.0,5897.0,6022.0
TRTN-PE,38.247829518547746,4189.4,6463.2,5870.0,5798.0
ASB-PE,38.232044198895025,3262.2,6376.3,5920.0,5799.0
COHN,38.216258879242304,16140.0,19395.0,5371.0,5338.0
CTA-PB,38.20047355958958,2005.0,2535.9,5997.0,6012.0
BAC-PQ,38.18468823993686,257496.8,156417.35,3339.0,3918.0
WFC-PA,38.16890292028414,120477.6,102367.25,4064.0,4284.0
HHH,38.15311760063141,392060.0,412015.0,2922.0,3038.0
WFC-PZ,38.13733228097869,218738.8,194922.9,3494.0,3736.0
RGP,38.12154696132597,248080.0,474560.0,3373.0,2877.0
CRAI,38.10576164167324,95840.0,145730.0,4251.0,3988.0
PDO,38.08997632202052,858940.0,654530.0,2051.5,2551.0
PSA-PN,38.0741910023678,27963.8,28986.4,5094.0,5124.0
ALTI,38.058405682715076,115960.0,220680.0,4101.0,3620.0
CI,38.042620363062355,1047140.0,1799435.0,1824.0,1381.0
RNAC,38.026835043409626,174600.0,133380.0,3726.0,4072.0
TJGC,38.011049723756905,1739760.0,1362830.0,1288.0,1684.0
BAC-PM,37.995264404104184,96834.6,106912.65,4242.0,4252.0
MS-PO,37.97947908445146,244555.4,169415.55,3388.0,3852.0
FORTY,37.96369376479874,520.0,350.0,6146.0,6196.5
MAGN,37.94790844514602,417600.0,496000.0,2846.5,2823.0
RNA,37.93212312549329,196680.0,134100.0,3618.5,4065.0
XOS,37.91633780584057,29353840.0,7566930.0,56.0,341.0
BML-PL,37.90055248618784,35067.2,28202.5,4933.0,5141.0
PSA-PK,37.88476716653512,10662.2,13188.75,5545.0,5511.0
WAVE,37.8689818468824,6240.0,15665.0,5752.0,5440.0
MGF,37.85319652722968,52500.0,47830.0,4677.0,4814.0
GLPI,37.837411207576956,3222580.0,2461885.0,731.0,1075.0
FLGT,37.821625887924235,191220.0,313590.0,3642.0,3288.0
ACP-PA,37.805840568271506,1868.2,1816.1,6010.0,6076.0
FGN,37.790055248618785,17880.0,18890.0,5322.5,5355.0
WFC-PD,37.774269928966056,139739.4,112941.65,3930.0,4209.0
RIV-PA,37.758484609313335,9578.0,6543.0,5601.0,5793.0
BIPH,37.742699289660614,11180.0,17990.0,5522.0,5378.0
AERT,37.72691397000789,12780.0,14255.0,5470.0,5468.0
KIM-PM,37.71112865035517,13321.4,16730.1,5451.0,5410.0
PG,37.69534333070245,10260160.0,9136070.0,227.0,276.0
EQH,37.67955801104972,1613500.0,2883275.0,1349.0,924.0
BCE,37.663772691397,2601300.0,3881570.0,905.0,708.0
TKC,37.64798737174428,1438640.0,2731600.0,1471.0,977.0
GEL,37.63220205209156,245820.0,254765.0,3385.0,3485.0
AHL-PE,37.616416732438836,10833.2,14448.85,5538.0,5465.0
GNT-PA,37.60063141278611,2058.6,1059.25,5991.0,6122.0
MFA-PB,37.584846093133386,9501.8,8395.1,5605.0,5705.0
FRHC,37.569060773480665,142440.0,94350.0,3911.0,4343.0
WYNN,37.553275453827936,1328160.0,1642875.0,1553.0,1494.0
DBL,37.537490134175215,37260.0,53140.0,4890.0,4749.0
PSA-PI,37.521704814522494,17621.0,22356.85,5333.0,5269.0
PERF,37.50591949486977,111600.0,329905.0,4124.0,3240.0
PTA,37.49013417521705,116940.0,114235.0,4096.0,4202.0
GAB-PK,37.47434885556433,10865.6,7045.8,5537.0,5768.0
FPI,37.4585635359116,399120.0,427685.0,2908.0,2997.0
CKX,37.44277821625888,2680.0,4425.0,5953.5,5915.0
BA-PA,37.42699289660615,919663.8,646758.25,1960.0,2562.0
MATW,37.41120757695343,858720.0,651085.0,2053.0,2556.0
DYAI,37.39542225730071,213920.0,194000.0,3526.0,3739.0
PSA-PS,37.37963693764799,9953.8,16626.6,5572.0,5413.0
AFGC,37.363851617995266,15100.0,10965.0,5398.0,5600.0
HITI,37.348066298342545,540540.0,371885.0,2584.5,3137.0
HPP-PC,37.332280978689816,5720.8,4458.1,5785.0,5913.0
NATH,37.316495659037095,31620.0,22760.0,5008.0,5257.0
ELC,37.30071033938437,16860.0,16235.0,5353.0,5423.5
CHSCP,37.28492501973165,16400.0,16915.0,5365.0,5405.0
RNR-PF,37.26913970007893,21218.2,19055.55,5240.0,5349.0
JD,37.2533543804262,14436720.0,9676825.0,153.0,256.0
STT-PG,37.23756906077348,40720.8,44270.45,4832.0,4871.0
CBRL,37.22178374112076,716220.0,806685.0,2252.0,2301.0
OZKAP,37.20599842146803,23300.0,21910.0,5196.5,5281.0
MGRD,37.19021310181531,8380.0,11650.0,5641.0,5572.0
PCN,37.17442778216259,377580.0,344875.0,2964.0,3205.0
BML-PJ,37.15864246250987,18230.2,20213.95,5314.0,5318.0
PHAT,37.142857142857146,1013820.0,1746355.0,1858.0,1419.0
SSYS,37.127071823204425,1093440.0,597035.0,1773.0,2642.0
MCGAU,37.111286503551696,0.0,1435.0,6288.0,6096.0
DHF,37.095501183898975,360540.0,310030.0,3017.0,3300.0
LBTYA,37.079715864246246,2028120.0,2882540.0,1130.0,925.0
JGH,37.063930544593525,56980.0,59680.0,4630.5,4661.0
SWKS,37.048145224940804,4573660.0,5818505.0,517.0,464.0
MGIH,37.03235990528808,63860.0,846355.0,4538.0,2255.0
MS-PK,37.01657458563536,106579.8,87613.35,4168.0,4398.0
APAM,37.00078926598264,862620.0,917725.0,2045.0,2141.0
PSA-PQ,36.98500394632991,26824.0,16992.05,5112.0,5403.0
ASB-PF,36.96921862667719,7159.8,9154.7,5703.0,5667.0
ETY,36.95343330702447,197560.0,265450.0,3614.5,3446.0
GBLI,36.93764798737175,4500.0,5015.0,5855.0,5868.0
INN-PE,36.92186266771902,5678.8,7070.6,5788.0,5765.0
HIX,36.9060773480663,330960.0,326510.0,3098.0,3249.0
SYPR,36.890292028413576,39240.0,33430.0,4861.0,5046.0
RIV,36.874506708760855,378580.0,144770.0,2959.0,3997.0
AWI,36.858721389108126,254300.0,528810.0,3344.0,2756.0
CMSC,36.842936069455405,10080.0,13405.0,5567.5,5504.0
BENF,36.82715074980268,29760.0,19605.0,5058.5,5330.0
RTACU,36.81136543014996,40.0,2540.0,6233.5,6011.0
BFS-PD,36.79558011049724,767.6,1678.55,6118.0,6085.0
BOSC,36.77979479084452,23780.0,29460.0,5186.0,5115.0
GGN-PB,36.76400947119179,8652.6,4990.6,5629.0,5872.0
PSA-PP,36.74822415153906,82343.0,55993.3,4359.0,4718.0
ASTE,36.73243883188634,189040.0,291990.0,3655.0,3356.0
MS-PL,36.71665351223362,54639.6,37761.8,4653.0,4972.0
SMRT,36.7008681925809,1364780.0,1658175.0,1526.0,1484.0
VIV,36.68508287292818,2701980.0,1856840.0,872.0,1350.0
DTK,36.669297553275456,33520.0,38095.0,4962.0,4968.0
JBS,36.653512233622735,5757920.0,6458710.0,407.0,415.0
ARBB,36.637726913970006,3760.0,2870.0,5893.5,5989.0
RCL,36.621941594317285,1484320.0,2126235.0,1439.0,1218.0
JPM-PL,36.60615627466456,221160.6,224547.55,3484.0,3604.0
KEY-PJ,36.59037095501184,28585.2,45001.7,5082.0,4863.0
SNY,36.574585635359114,2554660.0,3180395.0,918.0,834.0
ATHE,36.55880031570639,22120.0,10505.0,5218.0,5616.0
VGI,36.54301499605367,33040.0,39460.0,4973.0,4945.0
DHI,36.52722967640095,1856040.0,2331195.0,1221.0,1127.0
KIM-PL,36.51144435674822,11712.8,10497.95,5504.0,5617.0
ECAT,36.4956590370955,514360.0,539625.0,2643.0,2732.0
JMM,36.47987371744278,13160.0,7955.0,5456.0,5729.0
BFS-PE,36.46408839779006,1995.6,2297.4,6002.0,6032.0
PIPR,36.448303078137336,460080.0,536650.0,2756.0,2740.0
NCV-PA,36.432517758484614,4027.6,5580.8,5877.0,5843.0
BALY,36.416732438831886,241680.0,92305.0,3398.0,4362.0
JPM-PJ,36.400947119179165,96185.6,92832.95,4247.0,4358.0
JPM-PK,36.385161799526436,239389.0,185510.6,3411.0,3783.0
KE,36.369376479873715,293680.0,212360.0,3202.0,3659.0
FTHY,36.353591160220994,99220.0,92265.0,4229.0,4363.0
MIN,36.33780584056827,90840.0,154905.0,4303.0,3933.0
RACE,36.32202052091555,336600.0,526330.0,3083.0,2762.0
TCPA,36.30623520126283,27760.0,23485.0,5098.0,5245.0
GIGM,36.2904498816101,7420.0,5940.0,5683.0,5828.0
ENJ,36.27466456195738,600.0,1515.0,6139.0,6094.0
MITT,36.25887924230466,214160.0,285970.0,3524.0,3381.0
DIS,36.24309392265193,7420180.0,11218460.0,316.0,214.0
PSA-PO,36.22730860299921,24917.8,24528.5,5163.0,5221.0
MGRB,36.21152328334649,11000.0,16390.0,5528.0,5419.0
FTF,36.195737963693766,141860.0,191635.0,3915.0,3759.0
LEXX,36.179952644041045,61400.0,33961.35,4575.0,5036.0
HNNA,36.164167324388316,7820.0,6035.0,5662.0,5826.0
ENO,36.148382004735595,6820.0,6580.0,5722.0,5791.0
GEVO,36.13259668508287,2469460.0,3221105.0,946.0,822.0
MGR,36.11681136543015,24420.0,19485.0,5172.5,5335.0
GAB-PH,36.10102604577743,12154.0,8463.55,5486.0,5702.0
ICFI,36.08524072612471,176860.0,240600.0,3715.5,3542.0
PSA-PR,36.06945540647198,25318.0,25444.25,5152.0,5194.0
FCN,36.05367008681925,399940.0,453340.0,2906.0,2926.0
AOMR,36.03788476716653,152560.0,106115.0,3843.0,4260.0
ADP,36.02209944751381,2271560.0,2450605.0,1027.0,1081.0
VSTM,36.00631412786109,2139320.0,2064555.0,1088.0,1241.0
ACGLO,35.99052880820837,19800.0,24270.0,5274.0,5229.0
SLG-PI,35.974743488555646,4813.6,9195.2,5836.0,5666.0
KAI,35.958958168902925,103520.0,117235.0,4190.0,4181.0
UL,35.943172849250196,3505460.0,4777365.0,675.0,579.0
CWCO,35.927387529597475,81240.0,85600.0,4379.0,4416.0
BSL,35.91160220994475,30620.0,34785.0,5031.0,5019.0
EFR,35.895816890292025,124140.0,129155.0,4037.0,4097.0
UTI,35.880031570639304,1520820.0,1618720.0,1424.0,1515.0
USA,35.86424625098658,1098460.0,1388005.0,1762.0,1665.0
PSA-PJ,35.84846093133386,6813.2,19723.15,5723.0,5326.0
QGEN,35.83267561168114,3521420.0,2867270.0,672.0,932.0
HY,35.81689029202841,101060.0,117445.0,4216.0,4179.0
JSM,35.80110497237569,10280.0,12810.0,5558.5,5529.0
CLPS,35.78531965272297,4240.0,10010.0,5867.0,5637.5
INDI,35.76953433307025,12651580.0,7912695.0,179.0,328.0
DTG,35.753749013417526,19880.0,22725.0,5270.0,5261.0
ABAT,35.7379636937648,2582360.0,3162760.0,909.0,841.0
SRG-PA,35.722178374112076,6116.4,5903.9,5764.0,5830.0
ANG-PD,35.706393054459355,14169.6,11932.35,5431.0,5556.0
KT,35.690607734806626,1745680.0,1741650.0,1286.0,1425.0
WEAV,35.674822415153905,12406920.0,4054785.0,183.0,680.0
USB-PQ,35.65903709550118,41143.4,41669.9,4820.0,4905.0
JACK,35.64325177584846,1274240.0,952995.0,1592.0,2092.0
GAB-PG,35.62746645619574,6940.8,4742.95,5714.0,5893.0
WCN,35.61168113654302,1020560.0,1318265.0,1847.0,1732.0
PSA-PM,35.59589581689029,106532.2,37317.1,4169.0,4979.0
GGT-PE,35.58011049723757,2940.2,1258.7,5937.0,6108.0
SBC,35.56432517758484,306620.0,139955.0,3166.0,4024.0
AWF,35.54853985793212,304840.0,274950.0,3173.0,3418.0
XELLL,35.5327545382794,99060.0,62305.0,4230.5,4641.0
VINP,35.51696921862668,48420.0,36740.0,4732.0,4985.0
LGCY,35.501183898973956,37120.0,48520.0,4893.0,4806.0
GUT-PC,35.485398579321235,4819.8,3408.2,5835.0,5959.0
DLY,35.469613259668506,204040.0,185435.0,3579.0,3784.0
HWCPZ,35.453827940015785,9340.0,7765.0,5608.0,5737.0
DUKB,35.43804262036306,48460.0,42070.0,4729.5,4899.5
MRSH,35.42225730071034,1539680.0,2265855.0,1404.0,1152.0
COF-PJ,35.40647198105762,127092.0,90965.05,4018.0,4370.0
GYRE,35.39068666140489,57340.0,53055.0,4623.0,4750.0
LGIH,35.37490134175217,277240.0,349670.0,3253.0,3194.0
AVB,35.35911602209944,716590.4,963070.65,2249.0,2077.0
MH,35.34333070244672,1163020.0,703235.0,1704.0,2466.0
NRO,35.327545382794,202600.0,222925.0,3584.0,3609.0
KEY-PK,35.31176006314128,29240.4,28273.85,5068.0,5139.0
AFYA,35.29597474348856,153780.0,109210.0,3838.0,4233.0
RNR-PG,35.280189423835836,22807.4,27250.1,5202.0,5157.0
MCN,35.264404104183114,61780.0,55805.0,4570.0,4719.0
PSA-PL,35.248618784530386,34990.6,34881.2,4935.0,5018.0
WFC-PY,35.232833464877665,74477.8,64865.65,4441.0,4604.0
SRTS,35.217048145224936,43740.0,22715.0,4785.0,5262.0
PSHG,35.201262825572215,28980.0,36920.0,5073.0,4980.5
NTRSO,35.18547750591949,35860.0,37405.0,4919.0,4975.0
BLW,35.16969218626677,184940.0,131460.0,3673.0,4085.0
USB-PR,35.15390686661405,81053.2,69028.9,4381.0,4556.0
CMSA,35.13812154696133,10660.0,12865.0,5547.0,5526.0
TFC-PR,35.1223362273086,70775.0,74778.65,4470.0,4500.0
NXST,35.10655090765588,339900.0,335425.0,3067.0,3228.0
MGRE,35.09076558800316,17840.0,19540.0,5324.0,5333.0
SREA,35.07498026835044,72520.0,54160.0,4456.0,4736.5
USB-PH,35.05919494869771,44850.4,50746.65,4770.0,4775.0
ODYS,35.04340962904499,39040.0,21765.0,4867.0,5282.0
AS,35.027624309392266,8281600.0,5277060.0,287.0,517.0
HBANP,35.011838989739545,51120.0,47970.0,4695.0,4812.0
ADTN,34.996053670086816,2088340.0,2629070.0,1108.0,1012.0
KVUE,34.980268350434095,23416200.0,22013915.0,76.0,101.0
RPM,34.96448303078137,878800.0,982085.0,2020.0,2051.0
PFL,34.94869771112865,139120.0,146860.0,3935.5,3980.0
KBH,34.93291239147593,774800.0,931855.0,2166.0,2121.0
UNB,34.91712707182321,4940.0,8055.0,5828.5,5725.0
COF-PI,34.90134175217048,203550.2,134021.15,3581.0,4067.0
CMSD,34.88555643251775,128480.0,62410.0,4010.0,4638.0
COF-PK,34.86977111286503,18506.6,9526.75,5305.0,5658.0
JFR,34.85398579321231,603060.0,559040.0,2459.0,2702.0
GGT-PG,34.83820047355959,3801.4,2689.8,5891.0,5996.0
AIZN,34.82241515390687,10580.0,12195.0,5553.5,5543.0
KLXE,34.806629834254146,383580.0,560100.0,2946.0,2700.0
NVAX,34.790844514601424,4227900.0,3499435.0,561.0,765.0
LADR,34.775059194948696,972560.0,1316015.0,1899.0,1735.0
FULTP,34.759273875295975,16800.0,16365.0,5356.5,5420.0
BGB,34.74348855564325,104620.0,133115.0,4184.0,4074.0
BCV-PA,34.72770323599053,3275.8,1449.0,5919.0,6095.0
DTB,34.7119179163378,26540.0,20515.0,5117.0,5312.0
TPVG,34.69613259668508,212200.0,225430.0,3532.5,3600.0
PAXS,34.68034727703236,208520.0,203130.0,3554.0,3696.0
INN-PF,34.66456195737963,7046.6,9633.7,5707.0,5652.0
PSA-PF,34.64877663772691,12280.8,15948.85,5480.0,5434.0
COF-PL,34.63299131807419,71869.8,65164.6,4460.0,4600.0
AFCG,34.61720599842147,191140.0,97700.0,3643.0,4325.0
JPM-PM,34.60142067876875,319593.6,270825.35,3125.0,3426.0
AEFC,34.585635359116026,36560.0,42595.0,4904.0,4895.0
EAD,34.569850039463304,285560.0,301695.0,3227.0,3324.0
GWRS,34.554064719810576,188800.0,111405.0,3656.0,4221.0
GDV-PK,34.53827940015785,12806.0,11398.55,5468.0,5580.0
HIO,34.522494080505126,305420.0,419960.0,3170.0,3014.0
BANF,34.506708760852405,102040.0,129645.0,4205.0,4094.0
CLX,34.49092344119968,2601900.0,2708325.0,904.0,986.0
OPP-PB,34.47513812154696,7428.8,8059.25,5682.0,5724.0
FBRT-PE,34.45935280189424,15811.4,13709.2,5379.0,5485.0
UG,34.44356748224152,5140.0,11610.0,5814.0,5573.5
CCM,34.42778216258879,208220.0,98165.0,3555.0,4322.0
EVF,34.41199684293607,30800.0,46575.0,5025.0,4835.0
UNMA,34.39621152328335,31060.0,28390.0,5020.0,5136.5
NPCT,34.38042620363063,103980.0,104995.0,4188.0,4268.0
CRK,34.3646408839779,1718180.0,2161705.0,1303.0,1200.0
ONIT,34.34885556432518,63820.0,63905.0,4541.0,4618.0
SLGN,34.333070244672456,926480.0,1516070.0,1949.0,1576.0
CFG-PE,34.317284925019734,36051.6,37887.75,4917.0,4971.0
PDX,34.301499605367006,117500.0,135015.0,4087.0,4059.0
LZM,34.285714285714285,300980.0,392035.0,3185.0,3095.0
ITP,34.26992896606156,166580.0,680375.0,3765.0,2502.0
RVP,34.25414364640884,75860.0,28775.0,4433.0,5131.0
CCGWW,34.23835832675612,640.0,1840.0,6135.5,6074.0
VFF,34.2225730071034,1014620.0,1144390.0,1856.0,1869.0
TMUSL,34.20678768745067,28580.0,26205.0,5083.0,5175.0
PSA-PG,34.19100236779794,14951.6,16787.2,5402.0,5408.0
BWG,34.17521704814522,52640.0,62340.0,4675.0,4640.0
ORLY,34.1594317284925,4158280.0,6187840.0,577.0,433.0
DLR-PL,34.14364640883978,19541.0,19333.9,5283.0,5342.0
TITN,34.12786108918706,165280.0,190245.0,3774.0,3765.0
DSU,34.112075769534336,229040.0,277125.0,3457.0,3411.0
GDV-PH,34.096290449881614,6870.4,6096.2,5720.0,5820.0
GPJA,34.080505130228886,15380.0,17905.0,5391.0,5380.0
DFIN,34.064719810576165,179940.0,247820.0,3698.0,3513.0
MCI,34.04893449092344,65020.0,35410.0,4527.0,5009.0
GTIM,34.033149171270715,152280.0,94025.0,3845.0,4345.0
UFPI,34.01736385161799,291280.0,459845.0,3212.0,2910.0
TFC-PO,34.00157853196527,49710.8,46059.85,4714.0,4842.0
FAX,33.98579321231255,129080.0,133390.0,4003.0,4071.0
EVV,33.97000789265982,444600.0,429270.0,2793.0,2991.0
VLT,33.9542225730071,14700.0,29395.0,5414.5,5116.0
DIT,33.93843725335438,220.0,3530.0,6191.0,5953.0
AXS-PE,33.92265193370166,39353.8,45331.75,4859.0,4856.0
EOS,33.90686661404894,118780.0,151550.0,4080.0,3956.0
ATH-PB,33.891081294396216,17392.0,19541.65,5343.0,5332.0
BML-PH,33.875295974743494,33794.8,20854.4,4956.0,5306.0
ENOV,33.859510655090766,906260.0,1224735.0,1975.0,1802.0
RF-PE,33.84372533543804,58945.4,44693.85,4607.0,4865.0
EXP,33.827940015785316,316640.0,482360.0,3141.0,2864.0
AB,33.812154696132595,275040.0,262640.0,3262.0,3456.0
AMRZ,33.79636937647987,3427140.0,3638780.0,684.0,742.0
KDP,33.78058405682715,11250620.0,13152350.0,204.0,169.0
VTEX,33.76479873717443,770980.0,944765.0,2169.0,2103.0
LOMA,33.74901341752171,526780.0,429315.0,2619.0,2990.0
MVO,33.73322809786898,0.0,,6288.0,
PEG,33.71744277821626,2377540.0,2868960.0,981.0,931.0
JLS,33.70165745856354,47840.0,32070.0,4738.0,5074.0
CHH,33.68587213891081,405300.0,524530.0,2890.5,2764.0
KKRS,33.67008681925809,25080.0,33630.0,5156.0,5042.0
TPB,33.65430149960537,189240.0,373475.0,3654.0,3134.0
VFS,33.638516179952646,377920.0,396225.0,2962.0,3083.0
LMNR,33.622730860299924,55400.0,66610.0,4643.0,4580.0
MCHX,33.606945540647196,24660.0,19985.0,5167.0,5322.0
EQH-PA,33.591160220994475,58083.8,48648.2,4617.0,4804.0
CVR,33.57537490134175,2060.0,2570.0,5990.0,6007.0
GBDC,33.55958958168903,1150880.0,1125495.0,1715.5,1887.0
BBAR,33.54380426203631,937280.0,593910.0,1940.0,2647.0
BKT,33.52801894238358,101900.0,126555.0,4208.0,4108.0
MNDO,33.51223362273086,51460.0,54390.0,4686.0,4733.0
USB-PS,33.49644830307813,29278.4,42289.7,5067.0,4897.0
USB-PP,33.48066298342541,42944.6,45196.4,4799.0,4858.0
BML-PG,33.46487766377269,6938.4,4898.85,5715.0,5879.0
TSI,33.44909234411997,146200.0,160550.0,3886.0,3894.0
JEF,33.43330702446725,2184780.0,2020240.0,1071.0,1257.0
GS-PC,33.417521704814526,25597.6,19366.8,5143.0,5339.0
DLR-PJ,33.401736385161804,11183.2,11412.0,5521.0,5578.0
SOJE,33.385951065509076,55000.0,54250.0,4647.0,4735.0
ATH-PD,33.370165745856355,62299.4,49777.75,4556.0,4789.0
PRKS,33.354380426203626,467000.0,713175.0,2737.0,2447.0
HBANM,33.338595106550905,25580.0,14470.0,5144.0,5463.0
CAR,33.32280978689818,240660.0,435145.0,3405.0,2973.0
ALKT,33.30702446724546,1254980.0,1360160.0,1614.0,1689.0
SYK,33.29123914759274,2494500.0,2410105.0,940.0,1095.0
CRBD,33.27545382794001,25060.0,35060.0,5157.0,5014.0
LBTYK,33.25966850828729,1066080.0,1625745.0,1804.0,1511.0
CCL,33.24388318863457,13926280.0,17986530.0,161.0,126.0
PAYX,33.22809786898185,2379720.0,2903250.0,978.0,916.0
TMUSI,33.21231254932913,25900.0,45440.0,5134.5,4855.0
CHDN,33.196527229676406,849100.0,1152155.0,2066.0,1862.0
COF-PN,33.18074191002368,55359.2,48634.45,4644.0,4805.0
DLR-PK,33.164956590370956,11653.0,14389.25,5508.0,5466.0
LAW,33.14917127071823,280880.0,259790.0,3245.0,3466.0
ICL,33.133385951065506,850720.0,1066370.0,2063.0,1945.0
EFT,33.117600631412785,133740.0,101775.0,3977.0,4288.0
VEEV,33.10181531176006,1669540.0,1743030.0,1323.0,1424.0
IBN,33.08602999210734,3904240.0,5177150.0,608.0,528.0
AMRN,33.07024467245462,54760.0,51915.0,4650.0,4762.5
SF-PC,33.0544593528019,18816.0,17525.55,5299.0,5390.0
BOH-PA,33.03867403314917,16748.6,10852.0,5359.0,5605.0
TDOC,33.02288871349645,3677440.0,5989925.0,644.0,447.0
HMR,33.00710339384372,63760.0,52765.0,4543.0,4755.0
ARTW,32.991318074191,131820.0,1708345.0,3987.0,1446.0
RM,32.97553275453828,119800.0,112255.0,4071.0,4214.0
DMO,32.95974743488556,30820.0,44440.0,5024.0,4867.0
MLM,32.943962115232836,628980.0,631995.0,2417.0,2588.0
VYGR,32.928176795580114,477100.0,517110.0,2715.0,2782.0
SABA,32.912391475927386,37960.0,31460.0,4880.0,5084.0
GSBD,32.896606156274665,901160.0,951155.0,1983.0,2095.0
OPP-PA,32.88082083662194,11886.4,7584.0,5494.0,5746.0
GHY,32.86503551696922,149440.0,152340.0,3865.0,3951.0
KKRT,32.84925019731649,65140.0,69690.0,4524.0,4552.0
KPRX,32.83346487766377,22720.0,20885.0,5204.0,5304.5
ABEO,32.81767955801105,3008060.0,1631270.0,786.0,1504.0
STIM,32.80189423835832,2190400.0,3082720.0,1067.0,857.0
LBRDP,32.7861089187056,12040.0,8435.0,5491.0,5703.0
TDS,32.77032359905288,832640.0,1167680.0,2083.0,1845.0
OPP,32.75453827940016,78560.0,78030.0,4408.0,4468.0
ACIC,32.73875295974744,288640.0,289830.0,3219.5,3365.0
MAIN,32.722967640094716,465120.0,603430.0,2742.0,2631.0
BRSP,32.707182320441994,1004160.0,1441630.0,1872.0,1630.0
MET-PF,32.691397000789266,96639.8,81863.05,4243.0,4439.0
TTAN,32.67561168113654,1045120.0,1272645.0,1826.0,1761.0
TMDE,32.659826361483816,130700.0,213155.0,3994.0,3653.0
HGLB,32.644041041831095,82020.0,70375.0,4363.0,4547.0
ABG,32.62825572217837,258200.0,275980.0,3335.0,3415.0
GS-PD,32.61247040252565,98950.6,115511.6,4232.0,4193.0
SF-PD,32.59668508287293,26541.6,20450.05,5116.0,5313.0
ASO,32.5808997632202,1702240.0,1238645.0,1310.0,1787.0
LZB,32.56511444356748,978280.0,519880.0,1892.0,2775.0
MNR,32.54932912391476,470700.0,305850.0,2729.0,3315.0
HTGC,32.53354380426204,1641100.0,1653730.0,1334.0,1487.0
AOS,32.51775848460932,1069880.0,1627260.0,1800.0,1509.0
CDNS,32.50197316495659,2116680.0,2368035.0,1094.0,1117.0
LRE,32.48618784530387,14940.0,8960.0,5403.5,5673.0
NATR,32.470402525651146,223240.0,207705.0,3479.0,3676.0
SFD,32.45461720599842,1814680.0,1495705.0,1252.0,1590.0
ICE,32.438831886345696,2802880.0,4125215.0,844.0,672.0
KBDC,32.423046566692975,504520.0,406040.0,2664.0,3052.0
ARCC,32.40726124704025,3699620.0,4406445.0,639.0,629.0
RARE,32.39147592738753,1610980.0,2013205.0,1351.0,1260.0
TPGXL,32.37569060773481,21520.0,16315.0,5236.0,5421.0
BHVN,32.35990528808209,1734720.0,1795695.0,1293.0,1384.0
SIGIP,32.34411996842936,7480.0,6270.0,5680.0,5810.0
DMA,32.32833464877663,21200.0,19550.0,5242.5,5331.0
C-PN,32.31254932912391,193504.0,493894.35,3626.0,2829.0
CMS-PC,32.29676400947119,16933.6,19792.05,5351.0,5325.0
PSA-PH,32.28097868981847,16083.0,19863.7,5374.0,5323.0
LMAT,32.26519337016575,368740.0,446670.0,2992.0,2941.0
LVS,32.249408050513026,3635120.0,5409390.0,653.0,499.0
HLLY,32.233622730860304,920100.0,861390.0,1958.0,2215.0
KIO,32.217837411207576,202300.0,211575.0,3585.0,3660.0
INMB,32.202052091554854,319140.0,327720.0,3126.0,3245.0
IDXX,32.18626677190213,561040.0,636240.0,2545.0,2578.0
LOVE,32.170481452249405,127220.0,198735.0,4016.0,3717.0
STAA,32.15469613259668,1269760.0,1026355.0,1595.0,1997.0
KTOS,32.13891081294396,3420540.0,3975470.0,685.0,696.0
PYPL,32.12312549329124,10781620.0,11390735.0,214.0,210.0
SCHW-PJ,32.10734017363851,88570.4,84068.15,4320.0,4429.0
WOR,32.09155485398579,234680.0,205180.0,3432.0,3686.0
WRB-PE,32.07576953433307,21200.6,13525.35,5241.0,5497.0
BGT,32.05998421468035,115780.0,121465.0,4103.0,4145.0
MAIA,32.04419889502763,317500.0,349775.0,3133.0,3193.0
STAK,32.028413575374906,958240.0,6586785.0,1918.0,403.0
TDG,32.012628255722184,313380.0,425895.0,3153.0,3003.0
DORM,31.996842936069452,152060.0,337670.0,3848.0,3221.0
PGR,31.98105761641673,3380040.0,2501615.0,691.0,1063.0
AGCO,31.96527229676401,724700.0,911430.0,2237.0,2147.0
GS-PA,31.949486977111285,71045.8,71920.75,4469.0,4526.0
OLN,31.933701657458563,2191640.0,3238545.0,1066.0,816.0
CLFD,31.917916337805842,131360.0,242525.0,3990.0,3533.0
EHI,31.902131018153117,136180.0,107160.0,3962.0,4248.0
CBZ,31.886345698500396,1010460.0,2194325.0,1863.0,1192.0
MSIF,31.870560378847674,231280.0,318290.0,3447.0,3277.0
RNW,31.85477505919495,2974380.0,3020305.0,794.0,870.0
ABT,31.838989739542228,7949140.0,8726140.0,294.0,295.0
GEN,31.8232044198895,4182340.0,4845960.0,572.0,569.0
VC,31.80741910023678,344660.0,461040.0,3054.0,2907.0
VNET,31.791633780584057,7013520.0,4891670.0,331.0,566.0
CGABL,31.775848460931332,13020.0,16030.0,5461.0,5430.0
TYGO,31.76006314127861,818660.0,1783320.0,2106.0,1390.0
LOW,31.74427782162589,3106440.0,2878455.0,754.0,926.0
SOJD,31.728492501973165,78480.0,77935.0,4409.0,4470.0
BGX,31.712707182320443,59140.0,54490.0,4603.0,4730.0
NTGR,31.696921862667722,328080.0,409885.0,3104.0,3043.0
ALT,31.681136543014997,4903380.0,5314000.0,482.0,512.0
IP,31.665351223362276,3229080.0,4977975.0,729.0,553.0
BBUC,31.649565903709547,296680.0,300935.0,3197.0,3326.0
BHR-PD,31.633780584056826,6323.6,7524.2,5745.0,5749.0
MET-PE,31.617995264404104,142107.6,80333.5,3913.0,4450.0
HYI,31.60220994475138,50300.0,61325.0,4706.0,4653.0
NNVC,31.58642462509866,266360.0,311545.0,3294.0,3294.0
FCNCP,31.570639305445937,18920.0,11610.0,5297.0,5573.5
TMUSZ,31.554853985793212,9700.0,47395.0,5591.0,4819.0
RAIL,31.53906866614049,179000.0,198375.0,3703.0,3719.0
TRTX,31.52328334648777,716100.0,897485.0,2253.0,2164.0
HLMN,31.507498026835044,1454720.0,1526840.0,1460.0,1573.0
SF-PB,31.491712707182316,17710.2,10443.3,5326.0,5620.0
GXO,31.475927387529595,1032020.0,1653890.0,1838.0,1486.0
BJ,31.460142067876873,1523320.0,1459105.0,1422.0,1618.0
TOON,31.444356748224152,317600.0,253420.0,3131.0,3492.0
AJG,31.428571428571427,1120320.0,1343195.0,1738.0,1715.0
FCNCO,31.412786108918706,10920.0,13110.0,5534.0,5514.0
GORO,31.397000789265984,1054920.0,1358895.0,1813.0,1691.0
EDTK,31.38121546961326,6280.0,12970.0,5748.0,5521.5
AVPT,31.365430149960538,1585080.0,2067740.0,1374.0,1239.0
PCM,31.349644830307817,60700.0,49095.0,4583.0,4798.5
BGH,31.333859510655092,79080.0,78155.0,4399.0,4466.0
RMCF,31.318074191002367,1715900.0,10611335.0,1304.0,229.0
HD,31.302288871349642,4533000.0,4021490.0,520.0,687.0
SKYW,31.28650355169692,248800.0,396325.0,3367.0,3082.0
WDI,31.2707182320442,181940.0,215120.0,3686.0,3641.0
BEP-PA,31.254932912391475,12774.0,11984.65,5471.0,5554.0
JQC,31.239147592738753,613160.0,542925.0,2442.0,2725.0
AUNA,31.223362273086032,421540.0,213640.0,2840.0,3652.0
CIM,31.207576953433307,657440.0,770885.0,2362.0,2348.0
GNTX,31.191791633780586,2127860.0,2620430.0,1092.0,1018.0
ANIP,31.176006314127864,271820.0,359655.0,3279.0,3170.0
HEPS,31.16022099447514,234360.0,163300.0,3437.0,3885.0
DASH,31.14443567482241,4254680.0,4455525.0,555.0,623.0
CTSH,31.12865035516969,6945720.0,9682480.0,336.0,255.0
KREF-PA,31.11286503551697,7163.2,21042.9,5702.0,5302.0
T,31.097079715864247,32688700.0,51705550.0,46.0,20.0
SLM,31.081294396211522,1919160.0,2648680.0,1187.0,1009.0
FGSN,31.0655090765588,18680.0,18570.0,5300.5,5364.0
ACP,31.04972375690608,439480.0,511725.0,2802.0,2791.0
ABR-PD,31.033938437253354,16882.0,12860.5,5352.0,5527.0
HYT,31.018153117600633,881500.0,862060.0,2015.5,2213.0
DTW,31.00236779794791,32880.0,25150.0,4981.0,5205.0
MET-PA,30.986582478295187,59310.0,41385.45,4600.0,4913.0
DSL,30.970797158642462,620920.0,515455.0,2429.0,2784.0
ADSK,30.955011838989737,1680440.0,2020700.0,1318.0,1256.0
DAIO,30.939226519337016,53520.0,51915.0,4669.0,4762.5
PFH,30.923441199684294,24080.0,32860.0,5180.0,5059.0
DECK,30.90765588003157,2234200.0,2532900.0,1044.0,1053.0
VRTS,30.891870560378848,90640.0,145330.0,4305.5,3995.0
MKTX,30.876085240726127,1243740.0,1615350.0,1627.0,1520.0
TRSG,30.860299921073402,4460.0,2920.0,5856.0,5987.0
RPT,30.84451460142068,59080.0,75055.0,4605.0,4497.0
MCD,30.82872928176796,4021340.0,4632935.0,590.0,600.0
EPAC,30.81294396211523,238300.0,363170.0,3419.0,3156.0
MS-PA,30.797158642462506,112182.0,88250.1,4122.0,4395.0
DOCU,30.781373322809785,3347520.0,3042425.0,697.0,866.0
T-PA,30.765588003157063,399934.0,240355.9,2907.0,3544.0
ALL-PI,30.749802683504342,37055.4,32098.95,4895.0,5072.0
GRNQ,30.734017363851617,41040.0,12012.0,4824.0,5550.0
LIEN,30.718232044198896,82760.0,55425.0,4356.0,4722.0
SAM,30.702446724546174,168600.0,257505.0,3751.0,3472.0
T-PC,30.68666140489345,194058.8,206774.55,3622.0,3680.0
MED,30.670876085240728,105640.0,194730.0,4174.0,3737.0
ALMU,30.655090765588007,421180.0,485470.0,2841.0,2856.0
SOJC,30.63930544593528,34920.0,31055.0,4936.0,5091.0
DSWL,30.623520126282557,6780.0,8810.0,5724.5,5684.0
WH,30.607734806629832,1051160.0,1395700.0,1819.0,1659.0
NVO,30.59194948697711,13447660.0,14152225.0,167.0,160.0
KC,30.57616416732439,1809140.0,1630805.0,1258.0,1505.0
CXM,30.560378847671664,2200080.0,2759695.0,1059.0,965.0
CMPX,30.544593528018943,2567620.0,3439240.0,914.0,779.0
SPE,30.528808208366222,32900.0,27585.0,4979.5,5152.0
FIP,30.513022888713497,852240.0,1615510.0,2061.0,1519.0
GTN,30.497237569060776,1063800.0,1324190.0,1807.0,1727.0
TIMB,30.481452249408054,534060.0,561785.0,2596.0,2697.0
HRL,30.465666929755326,3933240.0,3530530.0,604.0,759.0
NRUC,30.4498816101026,10960.0,15570.0,5530.0,5444.0
ALL-PH,30.43409629044988,179874.0,118790.7,3699.0,4171.0
MSDL,30.418310970797158,489380.0,500445.0,2694.0,2810.0
WHF,30.402525651144437,56640.0,52665.0,4635.5,4756.0
NTHI,30.386740331491712,428260.0,249445.0,2827.0,3507.0
NGEN,30.37095501183899,497700.0,396100.0,2681.0,3084.0
FRPH,30.35516969218627,92820.0,100115.0,4284.5,4301.0
RICK,30.339384372533544,72720.0,51610.0,4454.0,4769.0
CMTL,30.323599052880823,329700.0,347180.0,3100.0,3202.0
ISD,30.3078137332281,174760.0,151645.0,3724.0,3955.0
VVV,30.292028413575373,1915280.0,2236545.0,1191.0,1168.0
FICO,30.276243093922652,258400.0,397360.0,3334.0,3078.0
SYBX,30.260457774269927,39920.0,204130.0,4851.5,3692.0
GPMT-PA,30.244672454617206,2716.0,7499.95,5950.0,5750.0
AMC,30.228887134964484,15777360.0,30684170.0,141.0,61.0
VSNT,30.21310181531176,1452080.0,1816715.0,1462.0,1366.0
BAM,30.197316495659038,3054040.0,2782415.0,770.0,957.0
BAC-PE,30.181531176006317,24190.0,29132.65,5179.0,5122.0
MPV,30.165745856353592,25460.0,28400.0,5147.0,5135.0
LCTX,30.14996053670087,989260.0,959550.0,1885.0,2082.0
BHC,30.134175217048142,2752160.0,5486620.0,859.0,490.0
VIPS,30.11838989739542,1548320.0,1670380.0,1397.0,1474.0
AMT,30.102604577742696,1838560.0,2893495.0,1236.0,921.0
TFC-PI,30.086819258089974,30659.4,24450.5,5029.0,5222.0
KNSL,30.071033938437253,188480.0,302605.0,3657.0,3321.0
BRN,30.055248618784532,28520.0,63605.0,5087.0,4619.0
LMND,30.039463299131807,955020.0,1556630.0,1921.0,1555.0
GDO,30.023677979479086,55060.0,53795.0,4646.0,4742.0
BX,30.007892659826364,3662780.0,5130175.0,647.0,532.0
EXLS,29.99210734017364,2148380.0,2679060.0,1085.0,994.0
CLM,29.976322020520918,4514760.0,2409935.0,522.0,1096.0
SUZ,29.96053670086819,3727180.0,3079205.0,634.0,858.0
DKS,29.944751381215468,1386960.0,1385935.0,1509.0,1668.0
WDAY,29.928966061562747,7543620.0,5324650.0,309.0,511.0
FNF,29.913180741910022,1622340.0,1680150.0,1344.0,1469.0
INGR,29.8973954222573,517460.0,681690.0,2633.0,2500.0
RC-PE,29.88161010260458,5576.4,8184.1,5791.0,5718.0
TLN,29.865824782951854,1076840.0,869740.0,1790.0,2197.0
VKTX,29.850039463299133,2057260.0,1996290.0,1118.0,1272.0
CAG,29.83425414364641,10561120.0,11989010.0,220.0,194.0
ADT,29.818468823993687,6897340.0,8143810.0,338.0,310.0
MPAA,29.802683504340965,133100.0,120605.0,3982.0,4151.0
AGPU,29.786898184688237,899020.0,605525.0,1988.0,2627.0
TPG,29.771112865035516,4196560.0,3347715.0,567.0,800.0
ALTG,29.75532754538279,146520.0,165935.0,3884.0,3873.0
ADNT,29.73954222573007,1091460.0,1002660.0,1774.0,2028.0
WU,29.723756906077348,9042100.0,13121305.0,261.0,170.0
RDY,29.707971586424627,2688140.0,2984060.0,876.0,886.0
IIIN,29.692186266771902,134080.0,223410.0,3976.0,3607.0
ABR-PE,29.67640094711918,4426.2,6278.35,5860.0,5809.0
WOOF,29.66061562746646,1558400.0,1500120.0,1392.0,1588.0
PRH,29.644830307813734,54840.0,45875.0,4648.5,4846.0
ASIX,29.629044988161013,347080.0,296910.0,3051.0,3340.0
NEOV,29.613259668508285,1574060.0,1574325.0,1380.0,1543.0
DLB,29.597474348855563,657880.0,921085.0,2361.0,2132.0
KKR-PD,29.581689029202842,1103773.4,443890.95,1756.0,2952.0
ARDC,29.565903709550117,62480.0,84950.0,4552.0,4420.0
CRH,29.550118389897396,3983540.0,4699945.0,596.0,591.0
CEG,29.534333070244674,2533220.0,2813840.0,925.0,947.0
SLVM,29.51854775059195,261980.0,281760.0,3313.0,3392.0
CNNE,29.502762430939228,538860.0,468395.0,2587.0,2893.0
CMCSA,29.486977111286507,21864500.0,29617250.0,88.0,64.0
CRF,29.47119179163378,3203740.0,1603525.0,736.0,1527.0
NCI,29.455406471981053,718480.0,655190.0,2246.0,2548.0
STRF,29.439621152328332,55080.0,72345.0,4645.0,4522.0
LGPS,29.42383583267561,33660.0,49915.0,4959.0,4787.0
RITM,29.408050513022886,3432520.0,5831665.0,683.0,463.0
SBAC,29.392265193370164,686220.0,1138420.0,2301.0,1873.0
RDAC,29.376479873717443,3302360.0,829260.0,712.0,2279.0
PRS,29.36069455406472,40460.0,39535.0,4837.0,4941.0
OFLX,29.344909234411997,37900.0,41530.0,4882.0,4908.0
QTWO,29.329123914759275,718220.0,968810.0,2248.0,2066.0
CRM,29.313338595106554,14018900.0,12924775.0,159.0,173.0
KMRK,29.29755327545383,51400.0,79495.0,4687.0,4457.0
CNH,29.2817679558011,12163100.0,15686915.0,188.0,143.0
LAZ,29.26598263614838,1373120.0,1694940.0,1516.0,1458.0
PAX,29.250197316495658,1190560.0,1292765.0,1680.0,1749.0
LSPD,29.234411996842937,659580.0,862425.0,2356.0,2212.0
GWRE,29.218626677190212,961200.0,1075355.0,1915.0,1933.0
ALC,29.20284135753749,1476720.0,2170200.0,1444.0,1197.0
GGAL,29.18705603788477,741540.0,726035.0,2216.0,2424.0
TOYO,29.171270718232044,1599880.0,907235.0,1361.0,2154.0
ARDT,29.155485398579323,271900.0,482655.0,3277.0,2863.0
BLLN,29.1397000789266,571960.0,822020.0,2524.0,2285.0
FSSL,29.123914759273877,259500.0,258380.0,3331.5,3469.0
IIF,29.10812943962115,35800.0,32970.0,4921.5,5057.0
TBB,29.092344119968427,118540.0,110745.0,4083.0,4224.0
WMG,29.076558800315706,2390520.0,2535265.0,976.0,1052.0
SMSI,29.06077348066298,38740.0,32260.0,4871.0,5068.0
HUDI,29.04498816101026,128520.0,3352735.0,4009.0,797.0
MOGU,29.029202841357538,2900.0,4360.0,5939.0,5920.0
PTY,29.013417521704817,1435300.0,1261155.0,1474.0,1776.0
DEO,28.997632202052092,898700.0,1377930.0,1990.0,1673.0
PDYN,28.98184688239937,1042020.0,932520.0,1827.0,2117.0
DV,28.96606156274665,4065680.0,5001245.0,583.0,550.0
LKQ,28.950276243093924,3277260.0,3788680.0,718.0,715.0
JMIA,28.934490923441196,1966000.0,1936770.0,1163.0,1298.0
PCTY,28.918705603788474,701400.0,865560.0,2277.0,2204.0
GFL,28.902920284135753,2086400.0,2252590.0,1109.0,1156.0
BKKT,28.88713496448303,1737260.0,1117820.0,1289.0,1899.0
CGBD,28.871349644830307,620140.0,631595.0,2431.0,2589.0
STEP,28.855564325177586,1037880.0,1428570.0,1833.0,1633.0
AMTM,28.839779005524864,2858460.0,2421970.0,828.0,1091.0
KMB,28.82399368587214,2524740.0,3490495.0,929.0,768.0
ATRA,28.808208366219418,73460.0,57300.0,4449.0,4697.0
WEN,28.792423046566697,8618000.0,10129205.0,276.0,239.0
SERA,28.776637726913968,22400.0,35310.0,5210.5,5011.0
COOK,28.760852407261243,54080.0,63260.0,4660.5,4622.0
ALHC,28.745067087608522,4182220.0,5951910.0,573.0,452.0
UVV,28.7292817679558,356660.0,329495.0,3028.0,3241.0
BGS,28.713496448303076,1775740.0,2377515.0,1274.0,1113.0
FRA,28.697711128650354,161820.0,151915.0,3805.0,3952.0
PHI,28.681925808997633,125540.0,118285.0,4027.0,4175.0
STWD,28.66614048934491,3807940.0,4684500.0,624.0,593.0
RYAAY,28.650355169692187,1145900.0,1142730.0,1721.0,1870.0
CULP,28.634569850039465,21200.0,13565.0,5242.5,5495.5
TSQ,28.618784530386744,66920.0,101790.0,4508.5,4287.0
PCF,28.602999210734016,82180.0,73350.0,4360.5,4515.0
STRD,28.58721389108129,79060.0,121010.0,4400.0,4149.0
HOV,28.57142857142857,123700.0,150370.0,4040.0,3967.0
HOOD,28.555643251775848,16161760.0,17910170.0,133.0,129.0
BON,28.539857932123127,9540.0,9365.0,5602.5,5662.0
BIT,28.524072612470402,524120.0,340465.0,2623.0,3216.0
TAP,28.50828729281768,2460700.0,2929330.0,950.0,902.0
APWC,28.49250197316496,18260.0,14310.0,5312.0,5467.0
UBER,28.476716653512234,15290300.0,21293360.0,145.0,106.0
DLHC,28.460931333859513,19100.0,17485.0,5293.5,5391.0
TMC,28.44514601420679,7487760.0,5219930.0,312.0,523.0
DHY,28.429360694554063,941260.0,665520.0,1937.0,2529.0
SONY,28.413575374901338,4381140.0,5641755.0,539.0,477.0
OPCH,28.397790055248617,1890820.0,2677190.0,1207.0,995.0
CRBU,28.382004735595896,1082100.0,1071110.0,1784.0,1938.0
JVA,28.36621941594317,53780.0,57600.0,4668.0,4691.0
CDW,28.35043409629045,1483560.0,1862360.0,1440.0,1348.0
TOST,28.334648776637728,8199660.0,10236930.0,288.0,236.0
CLPR,28.318863456985007,156180.0,72745.0,3830.0,4519.0
MDLN,28.30307813733228,5407060.0,7313925.0,445.0,361.0
ISRG,28.28729281767956,2201860.0,3139615.0,1057.0,844.0
MORN,28.27150749802684,336480.0,413460.0,3084.5,3034.0
JBTM,28.25572217837411,830280.0,688855.0,2088.0,2490.0
G,28.239936858721386,2428700.0,2339990.0,963.0,1124.0
TIPT,28.224151539068664,218820.0,222860.0,3492.0,3610.0
MKC,28.208366219415943,2453020.0,2901925.0,954.0,917.0
XYL,28.19258089976322,1563400.0,1848910.0,1389.0,1352.0
TNC,28.176795580110497,311420.0,260905.0,3157.5,3461.0
OTLY,28.161010260457775,73660.0,176415.0,4447.5,3827.0
RDIB,28.145224940805054,978.2,5423.0,6097.0,5847.0
PMVP,28.12943962115233,160220.0,320220.0,3811.0,3273.0
SCOR,28.113654301499608,50020.0,20300.0,4709.0,5317.0
SYM,28.09786898184688,1539460.0,1801200.0,1405.0,1378.0
COOT,28.082083662194158,14660.0,150415.0,5416.0,3966.0
BHFAL,28.066298342541433,32000.0,30550.0,4996.0,5098.0
SFWL,28.050513022888712,4740.0,29255.0,5840.5,5119.0
ONCY,28.03472770323599,728680.0,758530.0,2229.0,2372.0
QRHC,28.018942383583266,49700.0,31675.0,4715.0,5078.0
RWT,28.003157063930544,1429460.0,1961880.0,1476.0,1285.0
LDOS,27.987371744277823,1310540.0,1610125.0,1565.0,1522.0
BXSL,27.9715864246251,1570000.0,1686935.0,1384.0,1465.0
OTIS,27.955801104972377,3446840.0,3338440.0,682.0,802.0
TCI,27.940015785319655,16800.0,54160.0,5356.5,4736.5
RYN,27.924230465666927,2924620.0,2878130.0,807.0,927.0
MBUU,27.908445146014206,135580.0,176260.0,3965.0,3829.0
LWAY,27.89265982636148,403840.0,169675.0,2896.0,3851.0
MEGL,27.87687450670876,7900.0,12465.0,5658.0,5539.0
RLX,27.861089187056038,5459940.0,2543310.0,440.0,1050.0
RKT,27.845303867403317,21982920.0,28350210.0,87.0,69.0
BPRE,27.82951854775059,631820.0,864145.0,2409.0,2207.0
PRTS,27.81373322809787,22120.0,24435.0,5218.0,5223.0
PAC,27.79794790844515,81820.0,128835.0,4367.0,4098.0
SGI,27.782162588792424,3075660.0,2988160.0,764.0,883.0
PCG-PC,27.766377269139703,692.6,578.3,6126.0,6168.0
VICI,27.750591949486974,8730580.0,9985795.0,270.0,246.0
CIK,27.734806629834253,355480.0,416000.0,3031.0,3025.0
SPGI,27.719021310181528,1801120.0,2126740.0,1262.0,1217.0
ACET,27.703235990528807,77660.0,90065.0,4414.0,4381.5
LNN,27.687450670876085,92100.0,109260.0,4290.0,4232.0
GLXY,27.67166535122336,6393700.0,6813825.0,364.0,386.0
AEC,27.65588003157064,30700.0,41400.0,5027.5,4911.0
VLN,27.640094711917918,1275020.0,981350.0,1591.0,2052.0
ULH,27.624309392265197,35360.0,48050.0,4927.5,4810.0
IGACR,27.60852407261247,0.0,2095.0,6288.0,6052.0
AIXC,27.59273875295975,14202120.0,3579455.0,155.0,751.0
AXON,27.576953433307022,666100.0,957935.0,2343.0,2085.0
KREF,27.5611681136543,710220.0,1169940.0,2266.0,1842.0
ENGS,27.545382794001576,1266900.0,1236255.0,1600.0,1789.0
BRID,27.529597474348854,4620.0,3795.0,5846.0,5945.0
UPBD,27.513812154696133,698680.0,1099190.0,2281.0,1911.0
XWEL,27.49802683504341,17560.0,26075.0,5336.5,5177.5
GRRR,27.482241515390687,1005200.0,927215.0,1870.0,2123.0
ELTK,27.466456195737965,7740.0,9595.0,5667.0,5653.0
DEI,27.450670876085244,1307640.0,1813085.0,1569.0,1370.0
AZ,27.43488555643252,1443040.0,530180.0,1465.0,2755.0
VRCA,27.41910023677979,102940.0,57905.0,4195.0,4687.0
OGI,27.40331491712707,769960.0,1676065.0,2171.0,1472.0
GIS,27.387529597474348,7745380.0,8819695.0,303.0,288.0
BTBD,27.371744277821623,25620.0,46220.0,5140.5,4838.0
NOMD,27.3559589581689,3361480.0,1896420.0,694.0,1323.0
IHT,27.34017363851618,10080.0,15540.0,5567.5,5446.0
VVR,27.324388318863456,556000.0,535005.0,2552.0,2745.0
ESLA,27.308602999210734,41080.0,29745.0,4821.5,5112.0
MAT,27.292817679558013,3262440.0,3761560.0,720.0,719.0
NHS,27.27703235990529,138700.0,170635.0,3939.0,3848.0
EVTC,27.261247040252567,421680.0,409880.0,2839.0,3044.0
WVVIP,27.245461720599838,50460.0,17860.0,4704.0,5382.0
MNRO,27.229676400947117,1260660.0,1227325.0,1607.0,1798.0
LAKE,27.213891081294395,62060.0,58825.0,4561.5,4677.0
COYA,27.19810576164167,100760.0,141505.0,4219.0,4017.0
SNN,27.18232044198895,1072820.0,1565495.0,1796.5,1551.0
MELI,27.166535122336228,441960.0,479150.0,2797.0,2869.0
IT,27.150749802683507,1623460.0,1633905.0,1343.0,1503.0
TCRT,27.13496448303078,9680.0,8735.0,5593.0,5688.0
KR,27.11917916337806,5407020.0,6299590.0,446.0,429.0
CXT,27.10339384372534,428460.0,586135.0,2826.0,2657.0
RMD,27.087608524072614,1264060.0,1452890.0,1604.0,1623.0
ELF,27.071823204419886,1829040.0,2596330.0,1240.0,1023.0
WINA,27.056037884767164,35140.0,46840.0,4931.0,4828.0
JJSF,27.040252565114443,218700.0,261540.0,3495.0,3460.0
MSN,27.024467245461718,19720.0,21670.0,5277.0,5285.0
RC-PC,27.008681925808997,1313.0,1130.4,6058.0,6114.0
FDS,26.992896606156275,736800.0,856305.0,2222.0,2224.0
KEP,26.97711128650355,1204600.0,1064715.0,1664.0,1949.0
STZ,26.96132596685083,1828920.0,1802485.0,1241.0,1377.0
TW,26.945540647198108,1098300.0,1627920.0,1764.0,1507.0
GIFT,26.929755327545386,21560.0,79055.0,5234.0,4463.0
SCYX,26.91397000789266,80060.0,258215.0,4388.0,3470.0
BAFN,26.898184688239933,17880.0,25175.0,5322.5,5203.0
NRG,26.882399368587212,1914340.0,3203825.0,1192.0,825.0
CPZ,26.86661404893449,46080.0,67470.0,4758.0,4570.0
OBDC,26.850828729281766,4232200.0,4496275.0,560.0,618.0
APPF,26.835043409629044,349600.0,477670.0,3047.0,2871.0
TLIH,26.819258089976323,1680.0,3040.0,6023.5,5979.0
DRIO,26.8034727703236,14940.0,29195.0,5403.5,5120.0
CMG,26.787687450670877,16614180.0,19389520.0,126.0,118.0
BMEA,26.771902131018155,637800.0,512830.0,2399.0,2786.0
SMCI,26.756116811365434,65562300.0,57186690.0,14.0,16.0
CRVL,26.74033149171271,172840.0,183095.0,3735.0,3798.0
DOUG,26.72454617205998,477560.0,340775.0,2713.0,3215.0
PBH,26.70876085240726,515880.0,562885.0,2636.0,2694.0
GIB,26.692975532754538,326320.0,504945.0,3111.0,2802.0
BDTX,26.677190213101813,502220.0,628675.0,2670.0,2592.0
BV,26.66140489344909,877340.0,1358195.0,2022.0,1694.0
XRAY,26.64561957379637,3523800.0,4903265.0,671.0,565.0
EDN,26.629834254143645,123060.0,87990.0,4044.0,4396.5
PMT,26.614048934490924,1132900.0,1325025.0,1734.0,1725.0
BBOT,26.598263614838203,328480.0,266855.0,3103.0,3443.0
GSHD,26.58247829518548,316800.0,538285.0,3138.0,2737.0
GXAI,26.566692975532753,19762420.0,6886730.0,103.0,380.0
ASR,26.550907655880028,49480.0,65145.0,4717.0,4601.5
PATK,26.535122336227307,467060.0,498690.0,2736.0,2817.0
BCSF,26.519337016574585,502420.0,362085.0,2669.0,3158.0
ARLO,26.50355169692186,1175540.0,1409355.0,1694.0,1645.0
ARHS,26.48776637726914,1528160.0,1696425.0,1413.0,1455.0
EYE,26.471981057616418,2102000.0,2123965.0,1102.0,1219.0
ATHM,26.456195737963697,560780.0,741885.0,2546.0,2399.0
SLI,26.44041041831097,1416920.0,1627315.0,1486.0,1508.0
ZIONP,26.42462509865825,4140.6,4865.25,5873.0,5882.0
PDI,26.40883977900553,5995180.0,3555620.0,383.0,755.0
FBIN,26.3930544593528,2571080.0,2638360.0,911.0,1010.0
MB,26.377269139700076,81720.0,1659370.0,4369.0,1483.0
DRVN,26.361483820047354,1017760.0,779295.0,1851.0,2339.0
KRMD,26.345698500394633,313840.0,270250.0,3151.0,3430.0
ARES-PB,26.329913180741908,247349.8,171469.35,3379.0,3844.0
YMM,26.314127861089187,7097900.0,6425895.0,330.0,418.0
PCG-PI,26.298342541436465,2526.8,1172.8,5960.0,6112.0
AIRI,26.28255722178374,20800.0,16650.0,5247.0,5412.0
NVR,26.26677190213102,28500.0,33575.0,5088.0,5043.0
RENT,26.250986582478298,40880.0,47205.0,4827.5,4824.0
DSGX,26.235201262825576,476720.0,478645.0,2718.0,2870.0
OZ,26.219415943172848,6280.0,8320.0,5748.0,5708.0
OXBR,26.203630623520123,267100.0,80175.0,3289.0,4451.0
CLIR,26.1878453038674,17600.0,14020.0,5334.0,5478.0
ALGS,26.17205998421468,80020.0,160330.0,4389.0,3895.0
AXIL,26.156274664561955,60480.0,23540.0,4588.5,5244.0
TELO,26.140489344909234,64520.0,64590.0,4529.0,4609.0
PSKY,26.124704025256513,10560240.0,12627110.0,221.0,180.0
MP,26.10891870560379,6386640.0,7326600.0,365.0,359.0
EARN,26.093133385951067,362420.0,420360.0,3014.0,3013.0
CCIIW,26.077348066298345,220.0,5105.0,6191.0,5862.5
ZTEK,26.061562746645624,88300.0,134730.0,4323.0,4060.0
NMAX,26.045777426992895,2710140.0,1225275.0,868.0,1800.0
LPX,26.02999210734017,1088120.0,1232405.0,1779.0,1794.0
KKR,26.01420678768745,5782740.0,5239580.0,406.0,520.0
EFX,25.998421468034728,1100100.0,1350735.0,1759.0,1702.0
PSEC,25.982636148382003,3302980.0,4011635.0,711.0,690.0
TEM,25.96685082872928,6817320.0,5593680.0,342.0,482.0
HPP,25.95106550907656,597140.0,824060.0,2471.0,2283.0
GME,25.935280189423835,5170280.0,6979355.0,464.0,374.0
OXM,25.919494869771114,218740.0,276135.0,3493.0,3413.0
GRFS,25.903709550118393,437460.0,689140.0,2812.0,2489.0
CITR,25.887924230465664,27700.0,23955.0,5102.0,5237.0
TLF,25.872138910812943,31180.0,26625.0,5018.0,5169.0
DXC,25.856353591160218,2901500.0,3977620.0,814.0,694.0
ARKR,25.840568271507497,2880.0,2280.0,5940.5,6034.0
SAP,25.824782951854775,2693220.0,3369420.0,875.0,794.0
NEN,25.80899763220205,680.0,515.0,6128.5,6174.5
CG,25.79321231254933,3735320.0,4245490.0,633.0,654.0
BKE,25.777426992896608,368260.0,400535.0,2995.0,3069.0
ENR,25.761641673243886,966360.0,1136445.0,1908.0,1874.0
TSLX,25.74585635359116,467780.0,497745.0,2735.0,2821.0
NWTG,25.73007103393844,236480.0,75550.0,3425.0,4489.5
TBCH,25.71428571428571,271740.0,338450.0,3280.0,3218.0
BRW,25.69850039463299,251820.0,232460.0,3358.0,3571.0
IRTC,25.682715074980266,590460.0,698465.0,2487.0,2472.0
VNT,25.666929755327544,1296200.0,1689445.0,1578.0,1462.0
ITRI,25.651144435674823,758100.0,1205805.0,2190.0,1822.0
IEP,25.635359116022098,2450600.0,1343480.0,956.0,1713.0
TLS,25.619573796369377,474880.0,456775.0,2720.0,2915.0
BXMT,25.603788476716655,2095600.0,2766505.0,1105.0,963.0
RDCM,25.58800315706393,234440.0,220995.0,3434.5,3617.0
WLDN,25.57221783741121,215980.0,269905.0,3511.0,3432.0
PXLW,25.556432517758488,60660.0,40120.0,4585.0,4938.0
GOOS,25.54064719810576,643560.0,849530.0,2388.0,2245.0
SLRC,25.524861878453038,282080.0,419170.0,3233.0,3016.0
OTEX,25.509076558800313,1457480.0,1927135.0,1457.0,1303.0
INVE,25.49329123914759,465240.0,267440.0,2741.0,3441.0
MDWD,25.47750591949487,58600.0,59165.0,4610.0,4671.0
POLA,25.461720599842145,1495360.0,2998275.0,1435.0,878.0
BHFAO,25.445935280189424,42580.0,53310.0,4805.0,4748.0
PWP,25.430149960536703,869020.0,1270245.0,2040.0,1765.0
MRT,25.41436464088398,63940.0,44275.0,4536.0,4870.0
YELP,25.398579321231257,1046160.0,1113290.0,1825.0,1901.0
PPSI,25.382794001578535,230860.0,108275.0,3448.0,4240.0
MTRX,25.367008681925807,164620.0,186600.0,3786.0,3778.0
RSSS,25.351223362273085,31340.0,32390.0,5015.0,5065.5
BDN,25.33543804262036,1442000.0,2234155.0,1466.0,1170.0
BROS,25.31965272296764,4376960.0,4309760.0,540.0,642.0
LFT-PA,25.303867403314918,4926.2,2692.6,5830.0,5995.0
FOA,25.288082083662193,37280.0,50495.0,4889.0,4779.0
TREX,25.27229676400947,1440560.0,2176090.0,1468.0,1196.0
BLIV,25.25651144435675,1220.0,1040.0,6066.0,6125.0
PRSO,25.240726124704025,249000.0,337140.0,3366.0,3224.0
CD,25.224940805051304,341000.0,229915.0,3065.0,3583.0
EIC,25.209155485398576,101860.0,93170.0,4209.0,4354.0
NCDL,25.193370165745854,121920.0,193160.0,4052.0,3747.0
ROCK,25.177584846093133,178420.0,350730.0,3705.0,3190.0
KROS,25.161799526440408,236920.0,214590.0,3423.0,3644.0
GLIBA,25.146014206787687,39180.0,48030.0,4862.5,4811.0
ASPN,25.130228887134965,879480.0,1759795.0,2017.0,1404.0
BIVI,25.11444356748224,12398160.0,10312400.0,184.0,234.0
CCC,25.09865824782952,13307560.0,10595520.0,169.0,230.0
HCM,25.082872928176798,102980.0,58255.0,4194.0,4682.0
ROP,25.067087608524076,754460.0,847140.0,2193.0,2249.0
BLRX,25.05130228887135,10080.0,8265.0,5567.5,5713.0
XZO,25.035516969218623,197640.0,166255.0,3612.0,3869.5
MDAI,25.0197316495659,192980.0,192700.0,3631.0,3752.0
FINW,25.00394632991318,26820.0,29475.0,5113.0,5114.0
PHUN,24.988161010260455,69900.0,93980.0,4479.0,4347.0
CVLT,24.972375690607734,441300.0,697135.0,2800.0,2473.0
ACB,24.956590370955013,1855860.0,1895095.0,1222.0,1324.0
BBLGW,24.940805051302288,340.0,170.0,6173.5,6219.0
IGC,24.925019731649567,1283460.0,764755.0,1585.0,2361.0
KBR,24.90923441199684,1223220.0,1695750.0,1646.0,1456.0
ADBE,24.89344909234412,4452360.0,5124005.0,532.0,533.0
LPL,24.877663772691395,2824780.0,3235535.0,836.0,819.0
DMRC,24.861878453038674,183320.0,119650.0,3683.0,4159.0
WSO,24.846093133385953,365200.0,561360.0,3009.0,2699.0
PDD,24.830307813733228,6381460.0,5771610.0,366.0,469.0
JCTC,24.814522494080503,68760.0,28730.0,4490.5,5132.0
XGN,24.79873717442778,384400.0,457380.0,2942.0,2913.0
BHFAP,24.78295185477506,36500.0,37750.0,4907.0,4973.0
MIR,24.767166535122335,3286640.0,4252080.0,715.0,651.0
AZO,24.751381215469614,253160.0,172850.0,3353.0,3838.0
PD,24.73559589581689,1109840.0,1218590.0,1752.0,1810.0
COLL,24.719810576164168,937640.0,662130.0,1939.0,2535.0
INGN,24.704025256511443,218400.0,249805.0,3499.0,3505.0
SUPV,24.68823993685872,605420.0,558010.0,2451.0,2707.0
NXRT,24.672454617206,275140.0,296025.0,3261.0,3342.0
SOFI,24.656669297553275,48259880.0,65222955.0,20.0,11.0
ETD,24.64088397790055,370800.0,469570.0,2986.0,2889.0
TUYA,24.62509865824783,334500.0,515635.0,3087.0,2783.0
LOAN,24.609313338595108,18240.0,32960.0,5313.0,5058.0
CGC,24.593528018942383,4510040.0,3477545.0,523.0,773.0
CSV,24.57774269928966,226520.0,215410.0,3464.0,3640.0
MBI,24.561957379636937,596520.0,574205.0,2473.0,2674.0
REFI,24.546172059984215,187420.0,168450.0,3663.0,3857.0
DPZ,24.53038674033149,615800.0,774080.0,2439.0,2346.0
AMTX,24.51460142067877,822100.0,889075.0,2098.0,2176.0
ARES,24.498816101026048,2134480.0,2477140.0,1089.0,1069.0
JYNT,24.483030781373323,68760.0,62925.0,4490.5,4629.0
IFN,24.467245461720598,101160.0,130770.0,4215.0,4090.0
MFIC,24.451460142067877,551660.0,621250.0,2559.0,2603.0
THO,24.435674822415155,576540.0,567955.0,2515.0,2686.0
TWI,24.41988950276243,590280.0,558260.0,2488.0,2706.0
MSB,24.404104183109705,30000.0,36415.0,5049.0,4990.0
BRO,24.388318863456984,1848360.0,2412445.0,1225.0,1093.0
GNLX,24.372533543804263,347480.0,309405.0,3048.0,3301.0
MBC,24.356748224151538,1572400.0,1912710.0,1382.0,1313.0
VERU,24.340962904498816,145280.0,280060.0,3892.0,3401.0
BHFAN,24.325177584846095,54140.0,78045.0,4659.0,4467.0
BLIN,24.30939226519337,96400.0,66370.0,4245.0,4584.0
IBO,24.293606945540645,34120.0,27915.0,4951.0,5146.0
JL,24.277821625887924,12100.0,12940.0,5488.0,5523.0
CRTO,24.262036306235203,646380.0,604020.0,2383.0,2630.0
OCS,24.246250986582478,201960.0,291075.0,3588.0,3361.0
OTF,24.230465666929753,2720060.0,2799525.0,864.0,952.0
ZLAB,24.21468034727703,1399100.0,1158880.0,1498.0,1858.0
BETR,24.19889502762431,889500.0,782610.0,2003.0,2332.0
TMDX,24.183109707971585,627640.0,992145.0,2420.0,2039.0
CERT,24.167324388318864,3093500.0,4106530.0,760.0,676.0
LSF,24.151539068666143,49340.0,45055.0,4720.0,4862.0
RBA,24.135753749013418,2709840.0,2080325.0,869.0,1235.0
BZ,24.119968429360693,5254420.0,3692355.0,456.0,733.0
INKT,24.10418310970797,9660.0,9280.0,5595.0,5665.0
MLSS,24.08839779005525,356020.0,192820.0,3030.0,3751.0
PLRX,24.072612470402525,687440.0,414145.0,2299.0,3033.0
HURA,24.0568271507498,363760.0,241470.0,3012.0,3538.0
LIXT,24.04104183109708,152160.0,355835.0,3847.0,3181.0
ERIE,24.025256511444358,218160.0,267235.0,3500.0,3442.0
VRME,24.009471191791633,57040.0,42145.0,4627.0,4898.0
GLIBK,23.99368587213891,381680.0,453575.0,2950.0,2925.0
CCI,23.977900552486187,2198280.0,4107305.0,1060.0,675.0
EVMN,23.962115232833465,331320.0,496670.0,3096.0,2822.0
ALBT,23.94632991318074,527507.4,,2616.0,
GTEC,23.93054459352802,667040.0,1065745.0,2342.0,1946.0
RH,23.914759273875298,454000.0,668465.0,2770.0,2526.0
WWW,23.898973954222573,1107700.0,907825.0,1754.0,2152.0
RCS,23.883188634569848,151480.0,138255.0,3852.0,4033.0
WWR,23.867403314917127,2390800.0,9001440.0,975.0,282.0
CALM,23.851617995264405,657200.0,826255.0,2363.0,2281.0
FSV,23.83583267561168,225000.0,246090.0,3472.0,3518.0
BRSL,23.82004735595896,1957700.0,2150240.0,1170.0,1208.0
WALD,23.804262036306234,201440.0,328255.0,3592.5,3242.0
TCOM,23.788476716653513,2194460.0,2904535.0,1064.0,915.0
XRX,23.772691397000788,1925300.0,4157670.0,1182.0,668.0
RR,23.756906077348066,5182200.0,5335290.0,463.0,510.0
ADV,23.741120757695345,107860.0,117505.0,4156.0,4178.0
NICE,23.72533543804262,543360.0,675505.0,2579.0,2508.0
NCNO,23.709550118389895,2550840.0,2150835.0,920.0,1207.0
LOPE,23.693764798737174,226100.0,306635.0,3468.0,3312.0
XTIA,23.677979479084453,975040.0,600965.0,1895.0,2633.0
CPB,23.662194159431728,5744440.0,5398225.0,408.0,500.0
SAR,23.646408839779006,128460.0,134625.0,4011.0,4061.0
TLK,23.63062352012628,499700.0,716035.0,2674.0,2444.0
ACN,23.61483820047356,6464680.0,6845460.0,355.0,384.0
PSBD,23.599052880820835,94240.0,122190.0,4266.5,4139.0
DCBO,23.583267561168114,66920.0,95280.0,4508.5,4338.0
CPHI,23.567482241515393,2960840.0,1891850.0,798.0,1329.0
ONMD,23.551696921862668,536260.0,2774070.0,2593.0,960.0
FBRT,23.535911602209943,1214560.0,1458690.0,1656.0,1619.0
RELX,23.52012628255722,1997340.0,2710915.0,1146.0,985.0
MNST,23.5043409629045,11175760.0,7400465.0,206.0,351.0
ACR,23.488555643251775,25440.0,34995.0,5148.0,5016.0
GBR,23.472770323599054,26400.0,28725.0,5121.5,5133.0
BETA,23.45698500394633,2508520.0,1827785.0,936.0,1358.0
NPT,23.441199684293608,16280.0,34110.0,5367.5,5032.0
INFY,23.425414364640883,16518900.0,23674080.0,128.0,87.0
BEEP,23.40962904498816,31940.0,57125.0,4999.5,4702.0
SPOT,23.39384372533544,1836420.0,2092635.0,1237.0,1226.0
FLWS,23.378058405682715,215420.0,220750.0,3515.0,3619.0
FOXF,23.36227308602999,491280.0,614340.0,2691.0,2611.0
PTC,23.34648776637727,1094040.0,1501700.0,1770.5,1587.0
NOAH,23.330702446724548,135220.0,119640.0,3968.5,4160.0
SEVN,23.314917127071823,101660.0,160320.0,4212.0,3896.0
VIRC,23.299131807419098,14440.0,28390.0,5425.0,5136.5
POST,23.283346487766376,866180.0,1086210.0,2042.0,1925.0
JKS,23.267561168113655,377980.0,567250.0,2961.0,2689.0
KNF,23.25177584846093,564560.0,782460.0,2538.0,2333.0
HRZN,23.23599052880821,901840.0,694905.0,1982.0,2479.0
ACFN,23.220205209155488,30760.0,42955.0,5026.0,4893.0
AMPH,23.204419889502763,437580.0,482020.0,2810.0,2865.0
NMFC,23.188634569850038,449460.0,567650.0,2783.0,2687.0
PXED,23.172849250197316,110360.0,119500.0,4132.0,4162.5
GLAD,23.157063930544595,168820.0,178485.0,3750.0,3820.0
RZLV,23.14127861089187,9332660.0,8645330.0,253.0,299.0
GITS,23.125493291239145,86180.0,117945.0,4332.0,4177.0
PFSI,23.109707971586424,390700.0,708520.0,2927.0,2462.0
SUNS,23.093922651933703,141420.0,88255.0,3916.0,4394.0
MTEX,23.078137332280978,18680.0,10795.0,5300.5,5606.5
INSE,23.062352012628256,144880.0,133055.0,3895.0,4075.0
RXST,23.04656669297553,636700.0,873455.0,2400.0,2193.0
GDEV,23.03078137332281,4600.0,12800.0,5849.5,5530.0
HYFT,23.014996053670085,189600.0,254820.0,3652.0,3484.0
CURI,22.999210734017364,6159680.0,1913855.0,374.0,1312.0
NMG,22.983425414364643,271140.0,378200.0,3281.0,3123.0
BAH,22.967640094711918,1589540.0,2274500.0,1370.0,1146.0
YALA,22.951854775059193,521320.0,306705.0,2627.0,3311.0
MITQ,22.93606945540647,12960.0,18285.0,5462.0,5370.0
VRNS,22.92028413575375,987240.0,1774540.0,1886.0,1397.0
FIZZ,22.904498816101025,265520.0,336435.0,3297.0,3225.0
OFIX,22.888713496448304,237920.0,370375.0,3420.0,3142.0
XBIT,22.87292817679558,38120.0,27595.0,4878.0,5151.0
ALG,22.857142857142858,168140.0,143920.0,3755.5,4001.0
PFLT,22.841357537490133,943120.0,1131200.0,1934.0,1881.0
MDIA,22.82557221783741,10180.0,15335.0,5564.0,5448.0
FBGL,22.80978689818469,150300.0,225365.0,3859.0,3601.0
SGA,22.794001578531965,23300.0,13825.0,5196.5,5483.0
RZLT,22.77821625887924,825160.0,1154550.0,2093.0,1860.0
YCBD,22.76243093922652,201040.0,205110.0,3595.0,3687.0
LFS,22.746645619573798,6367560.0,2416295.0,367.0,1092.0
ATS,22.730860299921073,173820.0,263140.0,3730.5,3454.0
HDL,22.71507498026835,200.0,630.0,6195.5,6163.0
QXO-PB,22.699289660615626,66584.2,95144.1,4513.0,4339.0
ALK,22.683504340962905,2428060.0,2564510.0,964.0,1039.0
BLKB,22.66771902131018,452140.0,709480.0,2774.0,2459.0
BHFAM,22.65193370165746,61080.0,53630.0,4577.5,4746.0
VST,22.636148382004738,3708460.0,4671595.0,637.0,594.0
EEFT,22.620363062352013,604540.0,751955.0,2452.0,2384.0
IZEA,22.604577742699288,121440.0,79720.0,4053.0,4454.0
TRMB,22.588792423046566,3321800.0,2854615.0,706.0,938.0
ESAB,22.573007103393845,910240.0,685440.0,1970.0,2495.0
NAVI,22.55722178374112,1193760.0,1255530.0,1675.0,1779.0
BIRK,22.5414364640884,5818640.0,2742800.0,400.0,974.0
RYAN,22.525651144435674,1297100.0,2209700.0,1575.0,1187.0
CPRT,22.509865824782953,15310800.0,12285255.0,144.0,189.0
TMUS,22.494080505130228,3946620.0,5066445.0,603.0,539.0
RMTI,22.478295185477506,31880.0,27970.0,5002.0,5145.0
CIA,22.462509865824785,134840.0,160260.0,3970.0,3897.0
GT,22.44672454617206,9599300.0,9107990.0,243.0,278.0
OWLT,22.430939226519335,248640.0,188355.0,3368.0,3773.0
HWKN,22.415153906866614,117460.0,165625.0,4090.0,3874.0
SNAP,22.399368587213893,37634380.0,41579090.0,32.0,33.0
VISN,22.383583267561168,7885840.0,8394230.0,299.0,306.0
YEXT,22.367797947908443,684380.0,785745.0,2308.0,2329.0
PLBY,22.35201262825572,543260.0,921950.0,2581.0,2130.0
BBSI,22.336227308603,251740.0,295220.0,3359.0,3347.0
NOW,22.320441988950275,19630400.0,23977690.0,105.0,85.0
CCAP,22.304656669297554,216340.0,228150.0,3509.0,3589.0
ACCL,22.288871349644833,13200.0,56255.0,5454.0,4713.0
MWG,22.273086029992108,138260.0,38560.0,3943.0,4961.0
META,22.257300710339383,16225700.0,17319645.0,130.0,134.0
AMTD,22.24151539068666,7500.0,12020.0,5678.5,5549.0
WSO-B,22.22573007103394,420.0,230.0,6160.0,6210.5
GSIW,22.209944751381215,23960.0,15650.0,5183.0,5441.0
DBRG-PJ,22.19415943172849,81533.8,35708.7,4372.0,5000.0
XFLT,22.17837411207577,65540.0,84100.0,4518.0,4428.0
MHLA,22.162588792423048,1340.0,3140.0,6054.0,5972.0
UIS,22.146803472770323,593400.0,738305.0,2480.0,2405.0
WIT,22.1310181531176,4654900.0,6950225.0,510.0,378.0
HUHU,22.11523283346488,59700.0,35750.0,4595.0,4998.0
PRIM,22.099447513812155,1069420.0,1268255.0,1801.0,1768.0
CSBR,22.08366219415943,13340.0,11740.0,5450.0,5564.5
APP,22.06787687450671,5667460.0,7350745.0,418.0,356.0
SFHG,22.052091554853988,2187760.0,550510.0,1069.0,2719.0
QSI,22.036306235201263,3638260.0,2865340.0,651.0,934.0
CNM,22.020520915548538,1922040.0,1823050.0,1183.0,1361.0
JG,22.004735595895816,11960.0,8285.0,5492.0,5710.0
EVLV,21.988950276243095,2086360.0,2095150.0,1110.0,1223.0
MOMO,21.97316495659037,510100.0,479305.0,2655.0,2867.0
NCLH,21.95737963693765,13557300.0,15734515.0,164.0,142.0
SPSC,21.941594317284924,586080.0,634120.0,2496.0,2582.0
STN,21.925808997632203,510980.0,430405.0,2654.0,2987.0
SANG,21.910023677979478,500.0,7435.0,6150.5,5753.0
ADXN,21.894238358326756,80.0,730.0,6221.5,6154.0
CRNC,21.878453038674035,776680.0,739545.0,2163.0,2402.0
AERO,21.86266771902131,331680.0,250995.0,3094.0,3503.0
INSP,21.846882399368585,527440.0,809565.0,2617.0,2298.0
JRVR,21.831097079715864,301920.0,242055.0,3182.0,3536.0
WYHG,21.815311760063143,261940.0,4211350.0,3314.0,661.0
BNZI,21.799526440410418,179831.4,,3701.0,
FSCO,21.783741120757696,902200.0,868150.0,1980.0,2201.0
CPRI,21.76795580110497,4917360.0,4209450.0,481.0,662.0
MLCI,21.75217048145225,41880.0,43585.0,4814.0,4877.0
VRSK,21.736385161799525,1098340.0,1650630.0,1763.0,1489.0
CHKP,21.720599842146804,942440.0,1257435.0,1935.0,1778.0
CALX,21.704814522494082,695280.0,969025.0,2286.0,2065.0
BMI,21.689029202841358,367140.0,446530.0,3002.0,2942.0
PRTH,21.673243883188633,565180.0,505015.0,2536.0,2801.0
RNTX,21.65745856353591,321680.0,411350.0,3120.0,3041.0
CION,21.64167324388319,442080.0,600190.0,2796.0,2634.0
FWRG,21.625887924230465,1051620.0,1231945.0,1817.0,1795.0
FENG,21.610102604577744,1780.0,2220.0,6015.0,6043.0
MMLP,21.59431728492502,12680.0,12025.0,5475.0,5547.5
CINT,21.578531965272298,69820.0,71735.0,4481.5,4529.0
AVAV,21.562746645619573,1063740.0,1176965.0,1809.0,1837.0
SHAK,21.54696132596685,1172080.0,1976680.0,1699.0,1280.0
LII,21.53117600631413,450820.0,635780.0,2781.0,2580.0
SITE,21.515390686661405,674280.0,989050.0,2326.0,2044.0
CIGL,21.49960536700868,221740.0,,3481.0,
JANX,21.48382004735596,665400.0,696825.0,2346.0,2475.0
KTTA,21.468034727703238,94520.0,255115.0,4264.0,3481.0
PAL,21.452249408050513,809220.0,720390.0,2122.0,2437.0
CLBT,21.43646408839779,13327380.0,4179705.0,168.0,665.0
BCG,21.420678768745066,117360.0,62560.0,4092.5,4632.0
KRKR,21.404893449092345,17660.0,14090.0,5330.5,5472.0
GRAB,21.38910812943962,30805680.0,47396620.0,52.0,25.0
ARDX,21.3733228097869,3816440.0,4716250.0,622.0,586.0
BHM,21.357537490134177,5260.0,3370.0,5804.0,5960.0
BBW,21.341752170481453,387380.0,303925.0,2935.0,3317.0
NGVC,21.325966850828728,162640.0,164615.0,3798.0,3878.0
NEXT,21.310181531176006,2342140.0,2970900.0,995.0,893.0
DOX,21.294396211523285,1010240.0,1254670.0,1864.0,1781.0
GRPN,21.27861089187056,1097100.0,1484515.0,1768.0,1600.0
SG,21.262825572217835,5708180.0,6541195.0,413.0,411.0
DBRG-PH,21.247040252565114,17041.0,14225.7,5347.0,5469.0
YTRA,21.231254932912393,45020.0,33355.0,4768.0,5048.0
GDRX,21.215469613259668,1844860.0,1731000.0,1231.0,1430.0
ONON,21.199684293606946,9767080.0,8598420.0,235.0,300.0
TZOO,21.183898973954225,65140.0,112495.0,4524.0,4212.0
FSK,21.1681136543015,1787920.0,2601870.0,1268.0,1022.0
HIMS,21.152328334648775,11995960.0,15909705.0,192.0,139.0
KRRO,21.136543014996054,90220.0,116615.0,4309.0,4186.0
FND,21.120757695343332,1861860.0,2566720.0,1219.0,1038.0
MOS,21.104972375690608,7554580.0,7623160.0,308.0,336.0
ARI,21.089187056037883,3576500.0,3589205.0,665.0,749.0
ANVS,21.07340173638516,704000.0,606465.0,2273.0,2625.0
MYND,21.05761641673244,32100.0,16235.0,4994.0,5423.5
MMS,21.041831097079715,505220.0,658290.0,2662.0,2542.0
DTST,21.026045777426994,40200.0,19045.0,4845.0,5350.0
DBRG-PI,21.010260457774272,61899.6,31780.9,4564.0,5075.0
INM,20.994475138121548,98540.0,2798485.0,4237.0,953.0
ARX,20.978689818468823,21701640.0,7417745.0,89.0,349.0
WAY,20.9629044988161,1596260.0,2951655.0,1365.0,896.0
NPWR,20.94711917916338,1543620.0,767040.0,1402.0,2355.0
INO,20.931333859510655,8650920.0,6481865.0,273.0,414.0
WORX,20.91554853985793,668.4,784.3,6132.0,6151.0
QXO,20.89976322020521,18353280.0,18930075.0,113.0,120.0
LNSR,20.883977900552487,611540.0,189885.0,2445.0,3767.0
FSI,20.868192580899763,31920.0,25320.0,5001.0,5199.5
FG,20.85240726124704,786100.0,654660.0,2147.0,2550.0
BILI,20.836621941594316,2221400.0,2088095.0,1047.0,1229.0
INEO,20.820836621941595,11260.0,113815.0,5519.0,4205.0
BTQ,20.80505130228887,1815020.0,1519930.0,1251.0,1574.0
HLI,20.78926598263615,782920.0,1016865.0,2152.0,2009.0
SACH,20.773480662983427,87020.0,107385.0,4328.0,4247.0
BAK,20.757695343330703,2660640.0,1871375.0,883.0,1339.0
LPCN,20.741910023677978,27880.0,41895.0,5097.0,4901.0
MHNC,20.726124704025256,2540.0,5105.0,5958.5,5862.5
WBX,20.710339384372535,30240.0,23610.0,5040.0,5240.0
GOF,20.69455406471981,2035820.0,1363380.0,1125.0,1683.0
ONEW,20.67876874506709,89160.0,116710.0,4315.0,4184.0
GUTS,20.662983425414364,974080.0,1208975.0,1896.0,1818.0
HSCS,20.647198105761642,80820.0,71720.0,4384.0,4530.0
ASAN,20.631412786108918,4712160.0,5221395.0,499.0,522.0
OPFI,20.615627466456196,894360.0,1090490.0,1998.0,1920.0
BR,20.599842146803475,1348540.0,1328140.0,1536.0,1722.0
OYSER,20.58405682715075,1480.0,930.0,6044.5,6134.0
IOTR,20.568271507498025,21640.0,20360.0,5233.0,5316.0
COCP,20.552486187845304,45000.0,73410.0,4769.0,4513.5
STRK,20.536700868192582,91160.0,87355.0,4299.0,4400.0
PNBK,20.520915548539858,273680.0,233235.0,3269.0,3570.0
GRCE,20.505130228887136,190940.0,259365.0,3644.0,3467.0
HLNE,20.48934490923441,528120.0,732410.0,2611.0,2413.0
AORT,20.47355958958169,726920.0,729050.0,2235.0,2419.0
GDDY,20.457774269928965,1939920.0,2245225.0,1176.0,1160.0
SE,20.441988950276244,4255980.0,5137600.0,554.0,531.0
CIGI,20.426203630623522,206140.0,226145.0,3567.0,3597.0
SID,20.410418310970798,1911140.0,4509470.0,1193.0,615.0
ANNA,20.394632991318073,176560.0,228910.0,3718.0,3587.0
BTDR,20.37884767166535,16479700.0,14790025.0,129.0,152.0
VTS,20.36306235201263,427460.0,500070.0,2829.0,2811.0
SPT,20.347277032359905,1219160.0,1262785.0,1650.0,1773.0
OSTX,20.331491712707184,527760.0,313820.0,2614.0,3287.0
BSY,20.31570639305446,2351940.0,2893925.0,991.0,920.0
SFIX,20.299921073401737,1196040.0,1472845.0,1673.0,1604.0
OBTC,20.284135753749013,12700.0,7165.0,5474.0,5762.0
QS,20.26835043409629,15883940.0,22970910.0,139.0,96.0
HUYA,20.25256511444357,1586420.0,723145.0,1372.0,2431.0
HSAI,20.236779794790845,2008420.0,1690870.0,1142.0,1459.0
RPAY,20.22099447513812,566980.0,517205.0,2533.0,2781.0
YHGJ,20.2052091554854,1020.0,4330.0,6090.0,5923.0
SCKT,20.189423835832677,2013160.0,13554215.0,1138.0,164.0
CBAT,20.173638516179953,126320.0,262195.0,4023.0,3457.0
IRIX,20.157853196527228,176740.0,84625.0,3717.0,4424.0
ZS,20.142067876874506,2187800.0,2223915.0,1068.0,1181.0
ILAG,20.126282557221785,1000.0,2385.0,6093.0,6026.0
AIOT,20.11049723756906,2057820.0,2431705.0,1117.0,1088.0
LEN,20.09471191791634,2503420.0,2375065.0,938.0,1115.0
LMFA,20.078926598263617,259346.4,,3333.0,
DNMXW,20.063141278610892,2520.0,2275.0,5962.0,6035.5
OSRH,20.047355958958168,108640000.0,27567200.0,2.0,71.0
EPM,20.031570639305446,1120160.0,513545.0,1739.0,2785.0
MPLT,20.015785319652725,603540.0,1502710.0,2456.0,1586.0
ARQQ,20.0,260060.0,291620.0,3327.0,3357.0
SY,19.984214680347275,108860.0,177130.0,4142.0,3825.0
ATNM,19.968429360694554,302840.0,177820.0,3177.0,3823.0
AIHS,19.952644041041832,108580.0,1880745.0,4148.0,1333.0
RYET,19.936858721389108,9780.0,13580.0,5582.5,5494.0
QNRX,19.921073401736386,30040.0,19440.0,5045.0,5337.0
ESRT,19.90528808208366,1522100.0,2005560.0,1423.0,1267.0
EXOZ,19.88950276243094,6220.0,6115.0,5754.5,5818.0
ECX,19.873717442778215,640980.0,660095.0,2392.0,2540.0
FUN,19.857932123125494,1556280.0,2395975.0,1394.0,1103.0
SMID,19.842146803472772,19780.0,15190.0,5275.0,5451.0
IMRN,19.826361483820047,27720.0,22910.0,5099.5,5254.0
PTLO,19.810576164167323,1420260.0,1371775.0,1482.0,1678.0
CGTX,19.7947908445146,505480.0,572605.0,2661.0,2676.0
UONEK,19.77900552486188,50160.0,18885.0,4707.0,5356.0
SPPL,19.763220205209155,226400.0,102745.0,3465.0,4282.0
SDHC,19.747434885556434,39920.0,39040.0,4851.5,4953.0
GROV,19.73164956590371,26520.0,26240.0,5118.0,5174.0
ACHR,19.715864246250987,38870260.0,40776115.0,31.0,35.0
ARE,19.700078926598263,2139580.0,2007630.0,1087.0,1264.0
FWRD,19.68429360694554,433340.0,657015.0,2819.5,2544.0
AQMS,19.66850828729282,25820.0,30785.0,5137.0,5095.0
NTSK,19.652722967640095,3984460.0,4258000.0,594.0,650.0
ASLE,19.63693764798737,367020.0,427055.0,3003.0,2999.0
PPC,19.62115232833465,2261300.0,1715810.0,1032.0,1438.0
RYM,19.605367008681927,7800.0,11480.0,5663.5,5576.0
EPAM,19.589581689029202,1422400.0,1789975.0,1479.0,1386.0
BBWI,19.57379636937648,6407360.0,5302170.0,363.0,514.0
SKYQ,19.558011049723756,1338220.0,5038400.0,1545.0,543.0
DOYU,19.542225730071035,19560.0,18365.0,5282.0,5368.0
WLTH,19.52644041041831,937980.0,925435.0,1938.0,2128.0
CRMD,19.51065509076559,2888740.0,1416445.0,819.0,1639.0
GSRFR,19.494869771112867,320.0,1670.0,6176.5,6086.0
KRUS,19.479084451460142,147460.0,175575.0,3881.0,3835.0
HYPR,19.463299131807418,574320.0,580025.0,2519.0,2666.0
INTR,19.447513812154696,4579580.0,5557595.0,515.0,483.0
PINS,19.431728492501975,7873960.0,11581700.0,300.0,203.0
TMCI,19.41594317284925,369580.0,418845.0,2989.0,3017.0
MZTI,19.40015785319653,259500.0,280760.0,3331.5,3397.0
PTON,19.384372533543804,7757000.0,9220975.0,301.0,271.0
CSPI,19.368587213891082,18940.0,12415.0,5295.5,5540.0
AARD,19.352801894238358,123320.0,122670.0,4043.0,4133.0
APTV,19.337016574585636,3257060.0,4401585.0,721.0,630.0
CLNE,19.321231254932915,2166640.0,1896640.0,1080.0,1322.0
MGX,19.30544593528019,156920.0,118560.0,3825.0,4173.0
ACVA,19.289660615627465,4687360.0,4882475.0,503.0,568.0
ZH,19.273875295974744,133260.0,170395.0,3981.0,3850.0
NFLX,19.258089976322022,33303120.0,35214505.0,44.0,49.0
SPRO,19.242304656669297,658640.0,1486595.0,2359.0,1596.0
BOLT,19.226519337016573,19480.0,24295.0,5286.0,5228.0
PSIG,19.21073401736385,1360920.0,381820.0,1527.0,3113.0
OFAL,19.19494869771113,9547300.0,10825190.0,244.0,223.0
SNPS,19.179163378058405,1352800.0,1648010.0,1532.0,1490.0
RAND,19.163378058405684,2140.0,2275.0,5985.0,6035.5
RPID,19.147592738752962,244480.0,236315.0,3389.0,3559.0
ROOT,19.131807419100237,293900.0,300155.0,3201.0,3329.0
EVI,19.116022099447513,63080.0,127710.0,4548.0,4104.0
LUCK,19.10023677979479,41780.0,62545.0,4815.0,4633.0
TRUP,19.08445146014207,452900.0,590225.0,2773.0,2652.0
SPHL,19.068666140489345,12160.0,26325.0,5485.0,5173.0
LMRI,19.05288082083662,669760.0,482710.0,2335.0,2862.0
ALZN,19.0370955011839,70300.0,46985.0,4473.0,4826.0
DVLT,19.021310181531177,80781900.0,38078435.0,8.0,42.0
MLCO,19.005524861878452,1652040.0,1513660.0,1330.0,1578.0
MBLY,18.98973954222573,4057420.0,7077105.0,585.0,373.0
OMSE,18.97395422257301,20560.0,20550.0,5252.5,5311.0
PEGA,18.958168902920285,1775880.0,2510000.0,1273.0,1061.0
MIST,18.94238358326756,2047480.0,1710130.0,1120.0,1444.0
ROL,18.92659826361484,4222180.0,6356285.0,562.0,423.0
RXRX,18.910812943962117,15682760.0,15842455.0,143.0,141.0
MQ,18.895027624309392,789780.0,1118320.0,2145.0,1896.0
CAI,18.879242304656668,3953260.0,5057980.0,602.0,541.0
KEQU,18.863456985003946,1980.0,3555.0,6003.0,5951.0
FUTU,18.847671665351225,995060.0,1121810.0,1879.0,1891.0
KYNB,18.8318863456985,15960.0,8290.0,5376.5,5709.0
WGS,18.81610102604578,520200.0,825695.0,2628.0,2282.0
HERZ,18.800315706393054,46700.0,22135.0,4753.5,5276.0
RUN,18.784530386740332,8431220.0,9967975.0,281.0,248.0
TOMZ,18.768745067087607,36160.0,25965.0,4914.5,5182.5
ACI,18.752959747434886,5425420.0,10899465.0,444.0,221.0
SIEB,18.737174427782165,207000.0,65730.0,3561.0,4592.0
AEYE,18.72138910812944,350840.0,134310.0,3043.0,4063.0
PLTK,18.705603788476715,2210720.0,1751195.0,1053.0,1414.0
RDDT,18.689818468823994,15916900.0,8912020.0,138.0,285.0
WB,18.674033149171272,1018500.0,794065.0,1849.0,2318.0
BCIC,18.658247829518547,51060.0,56955.0,4696.0,4706.0
SAMG,18.642462509865826,81900.0,62615.0,4365.5,4631.0
OKYO,18.6266771902131,83240.0,86280.0,4355.0,4409.0
BLNE,18.61089187056038,527740.0,380105.0,2615.0,3116.0
OXSQ,18.595106550907655,2263520.0,1800505.0,1031.0,1379.0
HCWC,18.579321231254934,13457180.0,37324295.0,165.0,45.0
PASG,18.563535911602212,11940.0,15990.0,5493.0,5432.0
RWAY,18.547750591949487,682500.0,643645.0,2312.0,2567.0
BARK,18.531965272296762,38040.0,57305.0,4879.0,4696.0
DSS,18.51617995264404,15600.0,39005.0,5384.5,4954.0
OKLO,18.50039463299132,7754080.0,9544490.0,302.0,260.0
MGPI,18.484609313338595,167700.0,190060.0,3759.0,3766.0
TRIP,18.468823993685874,3115060.0,3715505.0,752.0,729.0
UPWK,18.45303867403315,3809720.0,4305965.0,623.0,643.0
PNR,18.437253354380427,2221420.0,2925185.0,1046.0,904.0
CNTX,18.421468034727702,2258100.0,1994485.0,1034.0,1273.0
SVC,18.40568271507498,1358180.0,1601495.0,1529.0,1529.0
POOL,18.38989739542226,590520.0,816390.0,2486.0,2290.0
INLX,18.37411207576953,380.0,685.0,6168.5,6160.0
MDXG,18.35832675611681,1064160.0,1527180.0,1806.0,1571.0
GHI,18.34254143646409,110480.0,86505.0,4131.0,4406.0
PCTTU,18.326756116811367,0.0,0.0,6288.0,6278.5
CHGG,18.310970797158642,1040720.0,1325495.0,1830.0,1724.0
JBGS,18.29518547750592,767560.0,853130.0,2174.0,2233.0
REAX,18.279400157853196,6505080.0,5431635.0,354.0,494.0
HDSN,18.263614838200475,1077960.0,656660.0,1788.0,2545.0
JBDI,18.24782951854775,10960.0,50960.0,5530.0,4773.0
GO,18.23204419889503,3768960.0,2876560.0,628.0,929.0
COTY,18.216258879242307,8471420.0,8746225.0,280.0,293.0
MMYT,18.200473559589582,355360.0,691195.0,3034.0,2483.0
ATEC,18.184688239936857,1465360.0,2279275.0,1453.0,1145.0
FEDU,18.168902920284136,1560.0,2755.0,6035.0,5991.0
TTGT,18.153117600631415,390160.0,456000.0,2928.0,2917.0
OWL,18.13733228097869,18005580.0,21770305.0,118.0,103.0
HDB,18.121546961325965,6357760.0,8108695.0,368.0,314.0
WRD,18.105761641673244,2524520.0,2469390.0,930.0,1073.0
EP,18.089976322020522,31440.0,25840.0,5013.0,5186.5
STNE,18.074191002367797,7907660.0,4374615.0,296.0,633.0
BFAM,18.058405682715076,727180.0,755780.0,2233.0,2377.0
AMS,18.042620363062355,30200.0,20375.0,5041.0,5315.0
TOUR,18.026835043409626,6780.0,6135.0,5724.5,5816.0
FTLF,18.011049723756905,14600.0,12615.0,5418.0,5534.0
TYL,17.995264404104184,766200.0,866850.0,2179.0,2202.0
DQ,17.979479084451462,934220.0,1046025.0,1945.0,1966.0
WPRT,17.963693764798737,150820.0,84260.0,3857.5,4427.0
BL,17.947908445146012,1114620.0,1168805.0,1748.0,1844.0
OLED,17.93212312549329,693480.0,787320.0,2289.0,2327.0
TU,17.91633780584057,5570020.0,9486730.0,424.0,262.0
STKS,17.900552486187845,26220.0,21250.0,5124.0,5295.0
LVO,17.884767166535124,58820.0,64080.0,4609.0,4617.0
TRI,17.8689818468824,2213720.0,2407720.0,1052.0,1099.0
SNDL,17.853196527229677,1344920.0,1950900.0,1541.0,1292.0
ADIL,17.837411207576952,91240.0,80495.0,4297.5,4447.0
PRGO,17.82162588792423,2296480.0,2984935.0,1017.0,885.0
FKWL,17.80584056827151,9900.0,18855.0,5575.0,5357.0
SNAL,17.790055248618785,194840.0,193210.0,3621.0,3746.0
XELB,17.77426992896606,121380.0,64410.0,4054.0,4614.0
WIX,17.75848460931334,2525080.0,1924715.0,928.0,1306.0
SGRY,17.742699289660617,1991560.0,2074635.0,1151.0,1238.0
WTF,17.726913970007892,10700.0,5400.0,5543.5,5849.0
LEGN,17.71112865035517,2308160.0,2894405.0,1010.0,919.0
AHCO,17.695343330702446,2653940.0,4182165.0,886.0,664.0
OEC,17.67955801104972,372760.0,437315.0,2977.5,2966.0
FLX,17.663772691397,137640.0,121270.0,3950.0,4148.0
LFCR,17.64798737174428,108880.0,135685.0,4141.0,4054.0
PGY,17.632202052091557,1955540.0,3052020.0,1171.0,864.0
XPEV,17.616416732438832,6525900.0,6374075.0,353.0,422.0
CSAN,17.600631412786107,3152920.0,1689600.0,744.0,1461.0
TSOL,17.584846093133386,5660.0,9290.0,5789.0,5664.0
GENI,17.569060773480665,4481300.0,7421295.0,527.0,347.0
CNDT,17.55327545382794,1000600.0,946915.0,1875.0,2101.0
SCM,17.53749013417522,143120.0,234900.0,3904.0,3562.0
ARBE,17.521704814522494,1068040.0,1127215.0,1803.0,1885.0
MARA,17.505919494869772,47001780.0,44082140.0,21.0,30.0
TSSI,17.490134175217047,1958640.0,934450.0,1169.0,2116.0
ETOR,17.474348855564326,1708640.0,1281585.0,1309.0,1757.0
QTRX,17.458563535911605,1031460.0,855485.0,1839.0,2229.0
BGSI,17.442778216258876,60980.0,58475.0,4581.0,4680.0
NNE,17.426992896606155,1981380.0,2008020.0,1156.0,1262.0
KBSX,17.411207576953434,8540.0,13525.0,5634.5,5498.0
BRLT,17.395422257300712,150200.0,162780.0,3860.5,3890.0
GLOB,17.379636937647987,3561920.0,2166605.0,667.0,1199.0
VYX,17.363851617995266,2216140.0,2138725.0,1049.0,1210.0
CMCM,17.34806629834254,3440.0,5200.0,5909.0,5856.0
PSN,17.332280978689816,899140.0,2054005.0,1987.0,1243.0
OLLI,17.316495659037095,1418380.0,1346860.0,1484.0,1708.0
CHWY,17.300710339384374,5503140.0,6776065.0,433.0,392.0
PW,17.284925019731652,2520.0,13320.0,5962.0,5509.0
NCMI,17.269139700078924,2378500.0,1338960.0,980.0,1717.0
GPI,17.253354380426202,209500.0,223075.0,3550.0,3608.0
EOSE,17.23756906077348,20735720.0,27386225.0,98.0,72.0
SYNX,17.22178374112076,25320.0,33760.0,5151.0,5040.0
LBRDA,17.205998421468035,526600.0,293845.0,2620.0,3350.0
FTHM,17.190213101815313,90880.0,136285.0,4302.0,4048.0
GMHS,17.17442778216259,40220.0,23570.0,4843.0,5243.0
NYC,17.158642462509867,28560.0,40860.0,5085.0,4922.0
LBRDK,17.142857142857142,5793380.0,2982090.0,402.0,887.0
LULU,17.12707182320442,2873640.0,2561440.0,824.0,1041.0
MCRP,17.1112865035517,449640.0,255660.0,2782.0,3478.0
BCARU,17.09550118389897,2180.0,20630.0,5982.5,5310.0
BRIA,17.07971586424625,4340.0,8665.0,5864.5,5691.0
HGBL,17.06393054459353,486520.0,285235.0,2700.0,3384.0
ARRY,17.048145224940807,5390420.0,7170130.0,447.0,368.0
HUIZ,17.032359905288082,315760.0,1561575.0,3146.0,1554.0
FIS,17.016574585635357,4557900.0,6544730.0,518.0,409.0
AMSC,17.000789265982636,552220.0,800675.0,2558.0,2310.0
PROK,16.98500394632991,1126740.0,1085970.0,1737.0,1926.0
OMEX,16.96921862667719,300940.0,361930.0,3186.0,3160.0
PLBL,16.95343330702447,171220.0,213935.0,3740.0,3650.0
PETS,16.937647987371747,206120.0,125080.0,3568.0,4115.0
TSCO,16.92186266771902,9634580.0,12755625.0,242.0,175.0
SRG,16.906077348066297,116080.0,117215.0,4100.0,4182.0
KOSS,16.890292028413576,14600.0,14860.0,5418.0,5459.0
AMSF,16.874506708760855,738800.0,416215.0,2218.0,3024.0
ELBM,16.85872138910813,275800.0,378770.0,3258.0,3120.0
TCPC,16.842936069455405,761320.0,847105.0,2185.0,2250.0
HCAT,16.827150749802684,816880.0,872830.0,2112.0,2196.0
VOR,16.811365430149962,838080.0,804860.0,2078.0,2304.0
EVEX,16.795580110497237,682720.0,990910.0,2311.0,2042.0
ORCL,16.779794790844516,22792360.0,31209350.0,81.0,58.0
FLL,16.76400947119179,107260.0,114285.0,4162.0,4201.0
VS,16.748224151539066,6240.0,12180.0,5752.0,5544.0
CPNG,16.732438831886345,14952380.0,18552275.0,148.0,124.0
ARCT,16.716653512233624,1596100.0,782140.0,1366.0,2335.0
SPOK,16.700868192580902,199880.0,176240.0,3599.0,3830.0
FULC,16.685082872928177,3141640.0,1825185.0,746.0,1360.0
FOUR-PA,16.669297553275452,98134.8,74811.65,4240.0,4499.0
PRT,16.65351223362273,34440.0,28125.0,4944.0,5142.0
CHTR,16.637726913970006,3622320.0,3443660.0,655.0,778.0
INCR,16.621941594317285,19160.0,17305.0,5292.0,5393.0
CTM,16.606156274664563,719340.0,1410080.0,2245.0,1644.0
AI,16.59037095501184,4286220.0,4659120.0,547.0,595.0
ADMA,16.574585635359114,1994260.0,2453465.0,1149.0,1079.0
YSXT,16.558800315706392,31040.0,56855.0,5021.0,4708.0
INTS,16.54301499605367,27500.0,25635.0,5105.0,5191.0
CNVS,16.52722967640095,199740.0,119310.0,3600.0,4164.0
ECC           ,16.511444356748225,727120.0,850710.0,2234.0,2239.0
EQS,16.4956590370955,7860.0,10070.0,5660.5,5633.0
XNET,16.47987371744278,250900.0,254830.0,3361.0,3483.0
RPD,16.464088397790057,1713200.0,2392050.0,1307.0,1105.0
KVYO,16.448303078137332,5613060.0,6800530.0,422.0,390.0
IQ,16.43251775848461,8623860.0,6572580.0,275.0,405.0
MYPS,16.416732438831886,414660.0,280605.0,2859.5,3398.0
PLCE,16.40094711917916,326600.0,191060.0,3110.0,3762.0
TLSA,16.38516179952644,1626160.0,1027515.0,1341.0,1995.0
ZKIN,16.36937647987372,9680.0,13565.0,5593.0,5495.5
TNYA,16.353591160220997,2343380.0,2054640.0,994.0,1242.0
BAER,16.33780584056827,1056160.0,1572730.0,1812.0,1545.0
PCT,16.322020520915547,4172060.0,4381475.0,576.0,632.0
BZFD,16.306235201262826,471100.0,702945.0,2728.0,2467.0
VALN,16.2904498816101,642320.0,181560.0,2389.0,3806.0
LCFY,16.27466456195738,4120.0,12995.0,5874.0,5520.0
SGRP,16.25887924230466,41060.0,153200.0,4823.0,3947.0
CMMB,16.243093922651934,43200.0,64630.0,4792.0,4608.0
WDH,16.22730860299921,208760.0,197650.0,3552.0,3722.0
MNTN,16.211523283346487,1241320.0,1211260.0,1629.0,1814.0
STLA,16.195737963693766,19139660.0,22748990.0,110.0,97.0
LTRN,16.179952644041045,137960.0,84860.0,3948.0,4421.0
AXG,16.164167324388316,79600.0,172645.0,4393.0,3839.0
TGLS,16.148382004735595,198280.0,277690.0,3608.0,3408.0
DNA,16.132596685082873,1366820.0,1120585.0,1523.0,1893.0
BDMD,16.116811365430152,50900.0,51705.0,4697.0,4768.0
MYGN,16.101026045777427,1759000.0,2725695.0,1279.0,979.0
NTRB,16.085240726124702,5400.0,7015.0,5798.0,5770.0
WBTN,16.06945540647198,379440.0,385310.0,2956.0,3107.0
CLRB,16.053670086819256,43120.0,41780.0,4794.0,4903.0
IDN,16.037884767166535,1331240.0,473280.0,1551.0,2879.0
BLNK,16.022099447513813,964720.0,1396280.0,1912.0,1657.0
AMBO,16.006314127861092,8960.0,27865.0,5620.0,5148.0
WVE,15.990528808208365,3704920.0,3208955.0,638.0,824.0
EYPT,15.974743488555642,16196780.0,5449170.0,132.0,493.0
ZJK,15.958958168902921,16120.0,12490.0,5373.0,5538.0
CRCL,15.943172849250198,12226660.0,11523280.0,186.0,205.0
ERII,15.927387529597475,1140240.0,1013765.0,1726.0,2014.0
CIIT,15.91160220994475,91320.0,107025.0,4295.5,4249.5
TURB,15.895816890292028,72240.0,797935.0,4458.0,2312.0
TCX,15.880031570639305,69540.0,121920.0,4486.0,4141.0
DKNG,15.864246250986582,8295300.0,13192875.0,286.0,168.0
BCAR,15.848460931333861,94640.0,302290.0,4261.5,3322.0
REKR,15.832675611681138,2208300.0,1269385.0,1056.0,1766.0
LIVE,15.816890292028413,8040.0,11850.0,5652.5,5559.0
HUBS,15.80110497237569,2025680.0,2294080.0,1132.0,1140.0
SSII,15.785319652722968,33600.0,71495.0,4960.0,4531.5
AHG,15.769534333070245,45380.0,17775.0,4762.0,5383.0
NAII,15.753749013417522,12800.0,77910.0,5469.0,4471.0
BCYC,15.737963693764797,344420.0,322615.0,3055.0,3262.0
HIHO,15.722178374112076,54700.0,249095.0,4652.0,3508.0
VTSI,15.706393054459353,66260.0,41110.0,4514.0,4918.0
SFM,15.69060773480663,1466120.0,1898660.0,1452.0,1320.0
EAF,15.674822415153908,205360.0,300135.0,3571.0,3330.0
XTLB,15.659037095501184,28540.0,10900.0,5086.0,5604.0
ORIO,15.64325177584846,43080.0,44325.0,4795.0,4868.0
OSG,15.627466456195737,397340.0,463840.0,2911.0,2904.0
XPOF,15.611681136543016,551640.0,1173460.0,2560.0,1840.0
OXLC,15.595895816890293,1535300.0,1019175.0,1407.5,2007.0
MRM,15.58011049723757,17120.0,41660.0,5346.0,4906.0
LPA,15.564325177584845,19200.0,34310.0,5291.0,5029.0
BBAI,15.548539857932123,18075560.0,23683100.0,117.0,86.0
BULL,15.5327545382794,16064000.0,9847590.0,135.0,249.0
GYRO,15.516969218626677,2680.0,1875.0,5953.5,6070.5
ACM,15.501183898973956,2257120.0,2153975.0,1036.0,1205.0
LASE,15.485398579321231,1987480.0,1968695.0,1154.0,1282.0
AHT,15.469613259668508,92860.0,41395.0,4281.5,4912.0
PTLE,15.453827940015785,11660.0,9650.0,5507.0,5651.0
LZ,15.438042620363063,3026580.0,3286040.0,780.0,809.0
EBS,15.42225730071034,1118320.0,1319730.0,1742.0,1730.0
GBFH,15.406471981057615,71340.0,124175.0,4466.0,4119.0
MNSO,15.390686661404892,966120.0,700010.0,1909.0,2470.0
PDCC,15.374901341752171,5020.0,5655.0,5825.5,5841.0
PRCT,15.359116022099448,888780.0,1744840.0,2005.0,1421.0
EVO,15.343330702446725,31500.0,68070.0,5011.5,4566.0
NCTY,15.327545382794003,241320.0,270475.0,3402.0,3429.0
HTT,15.311760063141278,41940.0,112265.0,4813.0,4213.0
BGI,15.295974743488555,1338940.0,503890.0,1543.0,2804.0
CDIO,15.280189423835832,73660.0,112050.0,4447.5,4216.0
PHIO,15.264404104183111,185360.0,134005.0,3671.0,4068.0
ATXG,15.248618784530388,26680.0,39335.0,5115.0,4947.0
QDEL,15.232833464877663,1258860.0,1543860.0,1609.0,1560.0
ISPR,15.21704814522494,16240.0,24375.0,5369.0,5224.5
CNXC,15.201262825572218,1323100.0,1222905.0,1559.0,1804.0
CDXS,15.185477505919495,1345680.0,1752195.0,1540.0,1412.0
LAFAR,15.169692186266772,660.0,4430.0,6133.5,5914.0
GENK,15.15390686661405,97320.0,518960.0,4241.0,2778.0
VIA,15.138121546961326,650540.0,838475.0,2373.0,2262.0
METC,15.122336227308603,2259780.0,2397545.0,1033.0,1102.0
DFH,15.10655090765588,581940.0,710925.0,2504.0,2457.0
BLDR,15.090765588003158,1542620.0,2227805.0,1403.0,1176.0
ALNY,15.074980268350435,1598740.0,2322735.0,1362.0,1128.0
HCKT,15.05919494869771,199240.0,378975.0,3604.0,3119.0
NKE,15.043409629044987,33428240.0,24703840.0,43.0,82.0
QUBT,15.027624309392266,7590020.0,8432635.0,306.0,304.0
GECC,15.011838989739543,53160.0,61730.0,4671.0,4646.0
LI,14.99605367008682,2330660.0,2978075.0,1001.0,891.0
PNNT,14.980268350434095,456400.0,570390.0,2765.0,2683.0
LAB,14.964483030781373,1527120.0,1699620.0,1415.0,1452.0
PMCB,14.94869771112865,113660.0,133805.0,4111.0,4069.0
CELH,14.932912391475927,12248140.0,13079430.0,185.0,171.0
YB,14.917127071823206,37000.0,22695.0,4896.0,5263.0
BCDA,14.901341752170483,230500.0,257385.0,3450.0,3473.0
SKIL,14.885556432517758,34420.0,49400.0,4945.0,4794.0
MNYWW,14.869771112865035,1540.0,5395.0,6037.0,5850.0
IIIV,14.853985793212313,527940.0,491030.0,2612.5,2839.0
LTBR,14.83820047355959,569260.0,917755.0,2528.0,2140.0
ATLX,14.822415153906867,177240.0,209955.0,3713.0,3671.0
VERX,14.806629834254142,1920620.0,2836750.0,1184.0,942.0
TOVX,14.790844514601421,660680.0,559810.0,2354.0,2701.0
FOUR,14.775059194948698,1608240.0,1732430.0,1353.0,1429.0
LFMD,14.759273875295975,628820.0,1128060.0,2418.0,1883.0
COCH,14.743488555643253,159680.0,135075.0,3814.0,4058.0
BCTX,14.727703235990527,114260.0,101470.0,4109.0,4291.0
SER,14.711917916337805,94860.0,59305.0,4259.0,4666.0
RBBN,14.696132596685082,633740.0,748855.0,2406.0,2387.0
FLY,14.68034727703236,2773860.0,3264240.0,853.0,814.0
MIRA,14.664561957379638,60140.0,99010.0,4591.0,4314.0
GLE,14.648776637726915,573420.0,7876220.0,2522.0,330.0
GHG,14.63299131807419,7260.0,6805.0,5698.0,5781.5
IPX,14.617205998421468,196680.0,247000.0,3618.5,3514.0
SOS,14.601420678768745,290560.0,100280.0,3213.0,4298.0
LRN,14.585635359116022,759740.0,1237720.0,2186.0,1788.0
ASPS,14.5698500394633,15420.0,25670.0,5388.0,5190.0
IMTE,14.554064719810574,71100.0,664230.0,4468.0,2531.0
KULR,14.538279400157853,1687820.0,1134845.0,1316.0,1877.0
AWRE,14.52249408050513,32360.0,40440.0,4987.0,4932.0
BGMSP,14.506708760852408,0.0,286.0,6288.0,6203.0
SPMC,14.490923441199685,45520.0,30915.0,4760.0,5093.0
XBP,14.475138121546962,22320.0,23975.0,5213.0,5236.0
GPK,14.459352801894237,3833760.0,5018865.0,620.0,547.0
VGAS,14.443567482241516,20580.0,494785.0,5251.0,2826.0
BULLW,14.427782162588793,44120.0,18310.0,4781.0,5369.0
LU,14.41199684293607,944860.0,970740.0,1931.5,2062.0
EBON,14.396211523283348,6300.0,6485.0,5746.0,5796.0
MNDY,14.380426203630622,1334520.0,1797935.0,1549.0,1382.0
HFFG,14.3646408839779,137140.0,394860.0,3955.0,3087.0
EVH,14.348855564325177,3131240.0,4622970.0,748.0,603.0
XTNT,14.333070244672456,538540.0,253310.0,2588.0,3493.0
PZZA,14.317284925019733,1379400.0,1855190.0,1514.0,1351.0
SLDP,14.301499605367008,2425260.0,3773020.0,965.0,717.0
JBI,14.285714285714285,1638520.0,1407460.0,1337.0,1647.0
INAB,14.269928966061563,118580.0,74670.0,4082.0,4501.0
BRNS,14.25414364640884,32900.0,34615.0,4979.5,5022.0
OI,14.238358326756117,2607920.0,3377350.0,900.0,792.0
KMPR,14.222573007103396,810260.0,849615.0,2121.0,2244.0
INTU,14.206787687450669,3855940.0,3692575.0,617.0,732.0
BRAG,14.191002367797948,41000.0,21290.0,4826.0,5293.0
PLNT,14.175217048145225,2170020.0,2310100.0,1079.0,1132.0
BSX,14.159431728492503,15740780.0,20158300.0,142.0,112.0
NEUP,14.14364640883978,63980.0,454410.0,4534.0,2921.0
ZTS,14.127861089187055,5521360.0,6917765.0,430.0,379.0
NKLR,14.112075769534332,177420.0,449105.0,3710.0,2933.0
MBOT,14.09629044988161,1270900.0,758700.0,1594.0,2371.0
ENGN,14.080505130228888,793360.0,689335.0,2142.0,2487.5
EGG,14.064719810576165,25920.0,1372095.0,5133.0,1677.0
PEW,14.04893449092344,415080.0,304030.0,2856.0,3316.0
CJMB,14.033149171270717,367300.0,2969055.0,3001.0,894.0
AACG,14.017363851617995,2711680.0,680710.0,867.0,2501.0
GDTC,14.001578531965272,20700.0,214905.0,5248.0,3642.0
SINT,13.98579321231255,102380.0,248050.0,4202.0,3512.0
XRTX,13.970007892659828,5820.0,12585.0,5778.0,5536.0
COIN,13.954222573007103,8808840.0,7944285.0,267.0,325.0
SMMT,13.93843725335438,7243920.0,4794915.0,324.0,576.0
FTEK,13.922651933701658,144600.0,143525.0,3897.5,4004.0
PSFE,13.906866614048935,761360.0,415410.0,2184.0,3028.0
LOT,13.891081294396212,327900.0,165060.0,3105.0,3876.0
DFSC,13.875295974743487,30482980.0,7667210.0,53.0,335.0
STXS,13.859510655090764,635460.0,850550.0,2401.0,2240.0
HTOO,13.843725335438043,13640.0,8595.0,5443.0,5693.5
LIF,13.82794001578532,1216420.0,1043340.0,1654.0,1972.0
BMRA,13.812154696132598,6680.0,6720.0,5729.0,5786.0
WD,13.796369376479875,417520.0,435530.0,2848.0,2972.0
CMTG,13.78058405682715,674440.0,732900.0,2325.0,2411.0
CTEV,13.764798737174427,149700.0,115930.0,3863.0,4191.0
THCH,13.749013417521706,16560.0,10080.0,5362.0,5632.0
EDHL,13.733228097868983,5040.0,38570.0,5822.5,4960.0
BLND,13.71744277821626,3326720.0,2744235.0,702.0,973.0
FGMC,13.701657458563535,343300.0,381615.0,3057.0,3114.0
WALDW,13.685872138910812,29080.0,10405.0,5070.0,5621.0
INSG,13.67008681925809,420040.0,462200.0,2843.0,2906.0
KDK,13.654301499605367,1076680.0,983105.0,1791.0,2050.0
YI,13.638516179952646,2000.0,3120.0,5999.5,5974.5
COUR,13.622730860299919,4014660.0,6830610.0,591.0,385.0
FINV,13.606945540647198,599520.0,444605.0,2466.0,2949.0
ADGM,13.591160220994475,479500.0,25483875.0,2711.0,78.0
MTEK,13.575374901341753,52740.0,52320.0,4674.0,4760.0
SES,13.55958958168903,12001320.0,18570715.0,191.0,123.0
UAVS,13.543804262036307,3095500.0,2257575.0,759.0,1153.0
PONY,13.528018942383582,4232580.0,3787695.0,559.0,716.0
AGMH,13.512233622730859,77680.0,87990.0,4413.0,4396.5
NAMM,13.496448303078138,408640.0,406010.0,2880.0,3053.0
TRAK,13.480662983425415,50780.0,56065.0,4699.0,4717.0
OPENZ,13.464877663772693,1215600.0,530610.0,1655.0,2752.0
TREE,13.449092344119967,377680.0,494220.0,2963.0,2827.0
GAME,13.433307024467245,1571380.0,1349135.0,1383.0,1704.0
LIDR,13.417521704814522,490060.0,990465.0,2693.0,2043.0
TKLF,13.4017363851618,18880.0,15255.0,5298.0,5450.0
IMSR,13.385951065509078,1098700.0,1773530.0,1761.0,1398.0
SOUN,13.370165745856355,26135840.0,36066765.0,61.0,46.0
ORBS,13.35438042620363,16619580.0,12671620.0,125.0,178.0
RADX,13.338595106550907,60680.0,150925.0,4584.0,3962.0
CNTY,13.322809786898185,42980.0,71795.0,4798.0,4528.0
OGEN,13.307024467245462,52140.0,29385.0,4680.0,5117.0
WVVI,13.29123914759274,23860.0,8490.0,5184.5,5701.0
MNY,13.275453827940014,15020.0,10245.0,5399.0,5624.0
CCIF,13.259668508287293,118940.0,118900.0,4078.0,4170.0
JOBY,13.24388318863457,23832620.0,34669735.0,73.0,50.0
SSTI,13.228097868981848,396800.0,155870.0,2912.0,3925.0
COE,13.212312549329125,18160.0,21155.0,5316.0,5299.0
SJT,13.1965272296764,211160.0,201570.0,3541.5,3705.0
BEEM,13.180741910023677,1992100.0,711235.0,1150.0,2455.0
BTBT,13.164956590370954,33500460.0,25328680.0,42.0,79.0
FMST,13.149171270718233,140520.0,122135.0,3926.5,4140.0
MTR,13.13338595106551,10660.0,6370.0,5547.0,5800.0
LFVN,13.117600631412788,42160.0,57675.0,4811.0,4690.0
CLVT,13.101815311760062,3578120.0,5630475.0,664.0,479.0
FLO,13.08602999210734,4476600.0,5289920.0,528.0,516.0
HXHX,13.070244672454617,874320.0,2669630.0,2027.0,1002.0
OPRX,13.054459352801896,415180.0,253690.0,2855.0,3490.0
RTACW,13.038674033149173,6020.0,11165.0,5769.5,5590.0
SSM,13.022888713496448,43060.0,127495.0,4796.0,4105.0
BRFH,13.007103393843725,71540.0,26055.0,4464.0,5179.0
CHPT,12.991318074191001,342420.0,370805.0,3062.0,3141.0
PODD,12.97553275453828,1408100.0,1744835.0,1492.0,1422.0
UPST,12.959747434885557,4265320.0,4709685.0,551.0,589.0
DWTX,12.943962115232832,61060.0,51545.0,4579.5,4772.0
MLGO,12.928176795580109,32860.0,32535.0,4982.0,5063.0
KDKRW,12.912391475927388,10300.0,11975.0,5557.0,5555.0
SCLX,12.896606156274665,54020.0,67135.0,4662.0,4574.0
TASK,12.880820836621943,707660.0,1029505.0,2268.0,1992.0
BBBY,12.86503551696922,1773020.0,2574185.0,1276.0,1033.0
AHT-PF,12.849250197316495,102256.0,28846.4,4204.0,5130.0
FJET,12.833464877663772,745840.0,627180.0,2208.0,2595.0
WW,12.817679558011049,136580.0,222385.0,3960.0,3611.0
CHA,12.801894238358328,548460.0,500640.0,2567.0,2809.0
HTCO,12.786108918705605,51760.0,89140.0,4681.0,4390.0
LDI,12.77032359905288,1626180.0,2911805.0,1340.0,911.0
SERV,12.754538279400156,5270860.0,4887550.0,453.0,567.0
RC,12.738752959747435,935560.0,1124095.0,1944.0,1889.0
HTLM,12.722967640094712,5060.0,5025.0,5820.0,5867.0
LGO,12.70718232044199,638520.0,522330.0,2397.0,2770.0
AD,12.691397000789268,142700.0,145415.0,3907.0,3992.0
ZVIA,12.675611681136543,397840.0,394895.0,2910.0,3086.0
NIU,12.65982636148382,204240.0,209960.0,3576.0,3670.0
ZG,12.644041041831096,1265460.0,1485060.0,1602.0,1598.0
GURE,12.628255722178375,7280.0,10065.0,5694.5,5634.0
CMRC,12.612470402525652,838260.0,1120860.0,2077.0,1892.0
CTXR,12.596685082872927,1238760.0,968800.0,1631.0,2067.0
WFF,12.580899763220204,23011880.0,7600730.0,77.0,339.0
TIGR,12.565114443567483,2457640.0,1956825.0,953.0,1289.0
AHT-PI,12.54932912391476,24670.2,9924.0,5166.0,5642.0
EPOW,12.533543804262038,413880.0,391350.0,2863.0,3096.0
DXLG,12.517758484609312,18600.0,32530.0,5303.0,5064.0
OCCI,12.50197316495659,240100.0,220090.0,3408.0,3622.0
DUO,12.486187845303867,25900.0,106530.0,5134.5,4258.0
ELUT,12.470402525651144,76260.0,53975.0,4429.5,4740.0
JXG,12.45461720599842,1040.0,900.0,6086.0,6137.0
NIXX,12.438831886345698,1217720.0,1055265.0,1653.0,1954.0
WHR,12.423046566692976,1847460.0,2363665.0,1226.0,1119.0
SPRY,12.407261247040251,2537440.0,2309305.0,924.0,1133.0
AHT-PH,12.39147592738753,19832.4,6568.8,5272.0,5792.0
REBN,12.375690607734807,173800.0,156500.0,3733.0,3917.0
MMA,12.359905288082084,68700.0,103320.0,4492.0,4278.0
DJT,12.34411996842936,3902960.0,4652815.0,609.0,596.0
ABR,12.328334648776638,4267260.0,4264990.0,550.0,647.0
EVGN,12.312549329123915,285860.0,598000.0,3226.0,2640.0
LUCYW,12.296764009471191,1500.0,4260.0,6042.5,5931.0
BTMD,12.280978689818468,160700.0,205800.0,3808.0,3683.0
CCIXW,12.265193370165745,347466.6,,3049.0,
FOXX,12.249408050513024,8520.0,7010.0,5636.0,5772.0
ACCS,12.233622730860299,44580.0,26755.0,4773.0,5168.0
CCB,12.217837411207578,214860.0,453895.0,3519.0,2924.0
AVD,12.202052091554853,669800.0,321925.0,2334.0,3266.0
GPRO,12.186266771902131,7145300.0,5922605.0,328.0,454.0
IH,12.170481452249408,3840.0,4170.0,5889.0,5935.0
NSRX,12.154696132596685,19100.0,16715.0,5293.5,5411.0
DUOL,12.138910812943962,1605960.0,1450850.0,1357.0,1625.0
LSTA,12.123125493291239,56100.0,103695.0,4639.0,4277.0
MIND,12.107340173638516,127000.0,90635.0,4019.0,4376.0
NTZ,12.091554853985793,1700.0,2435.0,6020.0,6023.0
CTOR,12.075769534333071,159560.0,136570.0,3815.0,4045.0
AIRS,12.059984214680346,1178500.0,905050.0,1690.0,2157.0
ATER,12.044198895027625,188400.0,444430.0,3659.0,2951.0
ALVO,12.0284135753749,596080.0,856495.0,2475.0,2223.0
QH,12.012628255722179,41440.0,36435.0,4817.0,4989.0
AIMD,11.996842936069456,58940.0,216760.0,4608.0,3635.0
SQFTP,11.981057616416733,6580.0,5140.0,5735.0,5860.5
LANV,11.96527229676401,28680.0,63050.0,5081.0,4626.0
ASPI,11.949486977111286,2921560.0,3391835.0,808.0,788.0
PSNYW,11.933701657458563,15960.0,38390.0,5376.5,4967.0
NABL,11.91791633780584,3103500.0,2384075.0,756.0,1109.0
BMBL,11.902131018153117,2855380.0,3004725.0,830.0,876.0
NMTC,11.886345698500394,110880.0,69845.0,4127.0,4551.0
USNA,11.870560378847673,240040.0,225845.0,3409.0,3599.0
AAME,11.854775059194948,33280.0,16835.0,4969.0,5406.0
METCB,11.838989739542226,75520.0,75550.0,4436.0,4489.5
RDHL,11.823204419889503,26020.0,36750.0,5129.0,4984.0
RGC,11.80741910023678,165220.0,193285.0,3775.0,3745.0
OFS,11.791633780584057,33900.0,55075.0,4954.0,4725.0
GOTU,11.775848460931334,180380.0,286745.0,3696.0,3376.0
KNDI,11.76006314127861,65380.0,83815.0,4520.0,4430.0
Z,11.744277821625888,3874160.0,4107935.0,614.0,674.0
BFRG,11.728492501973165,133620.0,145450.0,3980.0,3990.0
CRGO,11.712707182320441,1505260.0,402665.0,1432.0,3063.5
AURE,11.69692186266772,10200.0,15980.0,5562.5,5433.0
AMCI,11.681136543014995,148340.0,145370.0,3872.0,3994.0
PSIX,11.665351223362274,379060.0,556780.0,2957.0,2708.0
PCLA,11.649565903709549,96220.0,368905.0,4246.0,3145.0
XYF,11.633780584056828,43000.0,45475.0,4797.0,4853.0
CNCK,11.617995264404104,13240.0,155770.0,5452.5,3926.0
BLSH,11.602209944751381,2493300.0,1707670.0,941.0,1448.0
TLRY,11.586424625098658,3531080.0,5035450.0,670.0,544.0
KPLT,11.570639305445935,120300.0,77995.0,4066.0,4469.0
PSNY,11.554853985793212,139760.0,137050.0,3929.0,4043.0
LOCL,11.539068666140489,11580.0,22340.0,5511.5,5270.0
GWH,11.523283346487766,547540.0,639290.0,2569.0,2573.0
SPWH,11.507498026835043,239440.0,325525.0,3410.0,3252.0
TCRX,11.491712707182321,336480.0,499420.0,3084.5,2814.0
SEAT,11.475927387529596,53960.0,64815.0,4663.0,4605.0
ATCX,11.460142067876875,11100.0,11090.0,5524.0,5592.0
GELS,11.444356748224152,22300.0,81130.0,5214.0,4444.0
GP,11.428571428571429,513140.0,269835.0,2648.0,3433.0
SRAD,11.412786108918706,1873860.0,2908835.0,1215.0,913.0
UPB,11.397000789265983,591020.0,632865.0,2484.0,2586.0
ORGO,11.38121546961326,647900.0,940610.0,2380.0,2105.0
GLOO,11.365430149960536,133700.0,140630.0,3978.0,4020.0
PLAG,11.349644830307813,2444300.0,14900380.0,958.0,151.0
DOMH,11.33385951065509,218040.0,201020.0,3501.0,3707.0
AHT-PD,11.318074191002369,22004.2,8337.5,5222.0,5707.0
NEXM,11.302288871349644,22620.0,22175.0,5205.0,5275.0
CGTL,11.286503551696923,3605800.0,971915.0,660.0,2061.0
HTZ,11.2707182320442,44682660.0,54755635.0,23.0,17.0
PRZO,11.254932912391476,395040.0,1270590.0,2917.0,1764.0
SORA,11.239147592738753,414320.0,236180.0,2861.0,3561.0
PHR,11.22336227308603,1017400.0,829825.0,1853.0,2278.0
CVRX,11.207576953433307,1076560.0,1461500.0,1792.0,1613.0
NUS,11.191791633780584,571460.0,611780.0,2526.5,2615.0
NXL,11.17600631412786,73160.0,150070.0,4451.0,3970.0
DFLI,11.160220994475138,249900.0,406755.0,3365.0,3050.0
HUMA,11.144435674822416,22059000.0,8191460.0,85.0,308.0
KD,11.128650355169691,4104360.0,4639275.0,580.0,598.0
HYPD,11.11286503551697,622340.0,311510.0,2427.0,3295.0
NHTC,11.097079715864245,40840.0,50460.0,4829.0,4780.0
ICG,11.081294396211524,57380.0,44315.0,4622.0,4869.0
ICU,11.0655090765588,58960.0,72275.0,4606.0,4524.0
APRE,11.049723756906078,29940.0,47130.0,5053.5,4825.0
BEAT,11.033938437253354,639180.0,474595.0,2396.0,2876.0
SNT,11.018153117600631,8100.0,11680.0,5647.0,5570.0
TAOX,11.002367797947908,105600.0,90750.0,4175.0,4374.0
ZENA,10.986582478295185,5790240.0,6523840.0,403.0,412.0
AISP,10.970797158642462,370320.0,383395.0,2987.0,3111.0
TWAV,10.955011838989739,38960.0,47225.0,4868.0,4823.0
SMPL,10.939226519337018,1842820.0,2240690.0,1234.0,1165.0
LOOP,10.923441199684293,5265560.0,1360420.0,454.0,1687.0
AHT-PG,10.907655880031571,28574.6,10597.5,5084.0,5614.0
GPMT,10.891870560378848,236340.0,219650.0,3428.0,3623.0
SCNX,10.876085240726125,6600520.0,3484625.0,351.0,771.0
BGIN,10.860299921073402,396660.0,106600.0,2913.0,4257.0
TTEC,10.844514601420679,684560.0,579805.0,2305.0,2668.0
PLAY,10.828729281767956,1214280.0,1356260.0,1657.0,1696.0
IMA,10.812943962115233,5780.0,9835.0,5780.5,5646.0
NCNA,10.79715864246251,36840.0,33540.0,4898.0,5044.0
STEM,10.781373322809786,193400.0,142950.0,3628.0,4006.0
FTCI,10.765588003157065,187980.0,246600.0,3661.0,3515.0
BRBI,10.74980268350434,1440.0,610.0,6048.5,6165.5
PCSA,10.734017363851619,45360.0,641290.0,4763.5,2570.0
EMBC,10.718232044198896,1620320.0,1601955.0,1346.0,1528.0
FWDI,10.702446724546173,1319180.0,921325.0,1561.0,2131.0
PAVM,10.68666140489345,39880.0,46590.0,4853.0,4833.5
QFIN,10.670876085240726,1545680.0,1166145.0,1401.0,1847.0
CWH,10.655090765588003,1631280.0,2228800.0,1339.0,1175.0
NTRP,10.63930544593528,73260.0,53050.0,4450.0,4751.0
FVRR,10.623520126282557,643720.0,1011050.0,2387.0,2016.0
OPTT,10.607734806629834,3590180.0,6094180.0,663.0,438.0
ATHR,10.591949486977112,3040.0,9985.0,5932.5,5640.0
DOCS,10.576164167324388,4140460.0,8096845.0,579.0,315.0
BNGO,10.560378847671666,159900.0,136860.0,3813.0,4044.0
BYSI,10.544593528018941,8075520.0,2049490.0,291.0,1245.0
AIFF,10.52880820836622,101560.0,145405.0,4213.0,3993.0
NBP,10.513022888713497,273000.0,240820.0,3271.0,3541.0
SLQT,10.497237569060774,871620.0,752285.0,2034.0,2381.0
BQ,10.48145224940805,582980.0,6212690.0,2502.0,432.0
KLC,10.465666929755328,2967840.0,1077100.0,796.0,1930.0
BMR,10.449881610102604,31940.0,63240.0,4999.5,4623.0
BKYI,10.434096290449881,57540.0,218350.0,4619.0,3630.0
DTSS,10.418310970797158,66860.0,460580.0,4510.0,2909.0
FLUX,10.402525651144435,245920.0,202045.0,3384.0,3702.0
MSC,10.386740331491714,9720.0,49520.0,5588.5,4791.0
CSGP,10.370955011838989,5712480.0,7354970.0,410.0,355.0
CNF,10.355169692186267,7520.0,6885.0,5676.5,5777.0
FISV,10.339384372533544,5914900.0,8427555.0,387.0,305.0
ACON,10.323599052880821,106060.0,64170.0,4171.0,4616.0
TELA,10.307813733228098,263080.0,168600.0,3308.0,3856.0
TRAW,10.292028413575375,107300.0,101025.0,4161.0,4295.0
SEATW,10.276243093922652,8400.0,2235.0,5640.0,6041.0
SBDS,10.260457774269929,1060.0,1910.0,6082.5,6067.0
AAPG,10.244672454617206,5900.0,4965.0,5773.5,5875.0
MAMO,10.228887134964483,34460.0,55695.0,4943.0,4720.0
NLOP,10.213101815311761,88800.0,130955.0,4318.0,4088.0
EU,10.197316495659036,4626600.0,3554385.0,511.0,756.0
CDLX,10.181531176006315,60540.0,49505.0,4586.0,4792.0
VERI,10.165745856353592,8767780.0,3969775.0,268.0,698.0
ATGL,10.149960536700869,9720.0,43445.0,5588.5,4880.5
LMB,10.134175217048146,415560.0,413040.0,2854.0,3035.0
DARE,10.118389897395422,3646920.0,1007135.0,650.0,2021.0
FEAM,10.1026045777427,402960.0,1183050.0,2899.0,1834.0
PLUR,10.086819258089976,19620.0,18120.0,5280.5,5375.0
CRDF,10.071033938437253,566000.0,831665.0,2534.0,2272.0
INV,10.05524861878453,14119120.0,4506765.0,157.0,616.0
OPTU,10.039463299131809,2175720.0,2875080.0,1076.0,930.0
PAR,10.023677979479084,1024800.0,958800.0,1842.0,2083.0
BMNR,10.007892659826362,35427020.0,32786505.0,36.0,53.0
HOLO,9.992107340173638,189580.0,243290.0,3653.0,3530.0
NSPR,9.976322020520916,239020.0,102175.0,3416.0,4286.0
EVGO,9.960536700868193,2707140.0,3696410.0,871.0,731.0
HKPD,9.94475138121547,216760.0,1282065.0,3506.0,1756.0
GTM,9.928966061562747,6793800.0,7840405.0,343.0,331.0
WIMI,9.913180741910024,81420.0,135400.0,4375.0,4056.0
KPTI,9.8973954222573,1187560.0,2760660.0,1681.0,964.0
ANY,9.881610102604578,173820.0,983370.0,3730.5,2048.0
AIRO,9.865824782951854,1303800.0,563580.0,1572.0,2692.0
WING,9.850039463299131,1232400.0,1391205.0,1641.0,1663.0
ANGX,9.83425414364641,2683480.0,1634500.0,877.0,1502.0
TME,9.818468823993685,12524540.0,9992885.0,180.0,245.0
AVXL,9.802683504340964,609680.0,938365.0,2447.0,2111.0
YXT,9.78689818468824,1608340.0,3740520.0,1352.0,725.0
JELD,9.771112865035517,1467660.0,1660035.0,1450.0,1481.0
TGEN,9.755327545382794,260120.0,228570.0,3325.5,3588.0
BIRD,9.739542225730071,296400.0,324485.0,3199.0,3257.0
SBET,9.723756906077348,9233920.0,7571680.0,256.0,340.0
FIG,9.707971586424625,14866240.0,22414405.0,150.0,98.0
WLFC,9.692186266771902,299600.0,260705.0,3189.0,3462.0
MAPS,9.676400947119179,117280.0,320650.0,4094.0,3270.0
NWGL,9.660615627466457,1082360.0,3296620.0,1783.0,808.0
VRM,9.644830307813733,13480.0,11810.0,5449.0,5560.0
SONM,9.629044988161011,7300.0,12000.0,5691.0,5551.5
TEAD,9.613259668508286,103480.0,156975.0,4191.0,3913.0
SIGA,9.597474348855565,638000.0,863200.0,2398.0,2208.0
EHTH,9.581689029202842,242320.0,246010.0,3396.0,3519.0
HAIN,9.565903709550119,791760.0,793420.0,2143.0,2319.0
TLSIW,9.550118389897396,60.0,3670.0,6227.5,5948.0
FUFU,9.534333070244672,319880.0,184005.0,3123.0,3793.0
KLAR,9.51854775059195,13940160.0,5683705.0,160.0,476.0
AIV,9.502762430939226,803780.0,804345.0,2130.0,2305.0
SST,9.486977111286505,817560.0,252450.0,2110.0,3499.0
ANTA,9.47119179163378,4600.0,4065.0,5849.5,5940.0
GNTA,9.455406471981059,35760.0,54725.0,4924.0,4727.0
CELZ,9.439621152328334,571460.0,19642085.0,2526.5,115.0
MBIO,9.423835832675612,14980.0,31735.0,5401.0,5077.0
AMST,9.40805051302289,56980.0,66365.0,4630.5,4585.0
SWVL,9.392265193370166,5220.0,11990.0,5806.5,5553.0
FLUT,9.376479873717443,2209280.0,3702140.0,1055.0,730.0
LUCY,9.36069455406472,199520.0,196450.0,3602.0,3729.0
ASBP,9.344909234411997,24500.0,33375.0,5170.0,5047.0
YDES,9.329123914759274,65220.0,43445.0,4522.0,4880.5
ENVX,9.31333859510655,18309300.0,9215495.0,115.0,272.0
INTZ,9.297553275453827,172780.0,214550.0,3736.0,3645.0
AHMA,9.281767955801106,32260.0,48090.0,4989.0,4809.0
YSG,9.265982636148381,78100.0,88595.0,4411.0,4392.0
ORKT,9.25019731649566,6200.0,28880.0,5756.5,5128.0
BTCT,9.234411996842937,25806480.0,6641420.0,64.0,397.0
CAN,9.218626677190214,7897880.0,11868025.0,297.0,197.0
GEOS,9.20284135753749,150920.0,157535.0,3854.5,3909.0
CTSO,9.187056037884766,61840.0,66560.0,4567.0,4581.0
PULM,9.171270718232044,13040.0,10685.0,5459.0,5611.0
RBLX,9.155485398579321,10505260.0,15932190.0,224.0,138.0
EH,9.139700078926598,491400.0,538575.0,2690.0,2736.0
ADCT,9.123914759273875,2522820.0,1214125.0,931.0,1812.0
BRCB,9.108129439621154,342960.0,342715.0,3059.0,3211.0
BUR,9.092344119968429,1334940.0,1721205.0,1547.0,1434.0
NRSN,9.076558800315707,507720.0,464460.0,2659.0,2903.0
YDDL,9.060773480662982,9780.0,12000.0,5582.5,5551.5
ELTX,9.044988161010261,287960.0,290135.0,3222.0,3364.0
TNXP,9.029202841357538,416120.0,471110.0,2851.0,2883.0
PMEC,9.013417521704813,27700.0,191190.0,5102.0,3760.0
TENX,8.997632202052092,10322880.0,9181345.0,225.0,273.0
EMPD,8.981846882399369,574140.0,469205.0,2520.0,2891.0
STUB,8.966061562746646,11486360.0,6577945.0,200.0,404.0
OM,8.950276243093922,190460.0,137490.0,3648.0,4037.0
ETS,8.9344909234412,33460.0,99390.0,4963.0,4311.0
SDA,8.918705603788476,40060.0,48860.0,4847.0,4802.0
NAGE,8.902920284135755,536520.0,718300.0,2591.0,2439.0
NVX,8.88713496448303,128560.0,176235.0,4008.0,3831.0
FLYX,8.871349644830309,398780.0,448535.0,2909.0,2934.0
MLTX,8.855564325177586,1158620.0,1273015.0,1708.0,1760.0
UXIN,8.83977900552486,95300.0,320325.0,4254.0,3272.0
FUSEW,8.82399368587214,0.0,4310.0,6288.0,5927.0
BBLG,8.808208366219416,265100.0,855955.0,3298.0,2226.0
HOWL,8.792423046566693,184780.0,604610.0,3674.0,2629.0
GGR,8.77663772691397,18300.0,15775.0,5311.0,5439.0
EEIQ,8.760852407261247,9920.0,11065.0,5573.5,5594.0
RNAZ,8.745067087608524,48880.0,26805.0,4727.0,5167.0
CUPR,8.729281767955802,20340.0,60750.0,5256.0,4656.0
ICMB,8.713496448303077,29840.0,33935.0,5057.0,5038.0
ABTS,8.697711128650356,57080.0,298695.0,4626.0,3332.0
SOWG,8.681925808997633,7280.0,10095.0,5694.5,5630.5
UONE,8.666140489344908,3340.0,4900.0,5915.0,5878.0
GFAI,8.650355169692187,70120.0,188830.0,4475.0,3771.0
FSP,8.634569850039462,316480.0,309390.0,3143.0,3302.0
MVST,8.61878453038674,6660160.0,6555550.0,349.0,408.0
ARQ,8.602999210734017,265540.0,244185.0,3296.0,3526.0
YOUL,8.587213891081294,170040.0,916160.0,3743.0,2143.0
REFR,8.571428571428571,82680.0,91380.0,4357.0,4367.0
SAGT,8.55564325177585,4063140.0,1452360.0,584.0,1624.0
ABVC,8.539857932123125,108780.0,104385.0,4144.0,4275.0
BRLS,8.524072612470404,4360.0,22285.0,5863.0,5272.0
RGNT,8.508287292817679,76800.0,74975.0,4423.0,4498.0
BGLC,8.492501973164956,23160.0,20115.0,5198.0,5319.0
HIT,8.476716653512234,175580.0,74505.0,3720.0,4502.0
SION,8.46093133385951,3054500.0,4264765.0,769.0,648.0
MKZR,8.445146014206788,10580.0,155470.0,5553.5,3928.0
STG,8.429360694554065,3520.0,4320.0,5903.5,5925.5
LFT,8.413575374901342,323440.0,272710.0,3117.0,3423.0
ALDX,8.397790055248619,932560.0,891890.0,1947.0,2173.0
INTJ,8.382004735595896,5740.0,11870.0,5783.0,5557.0
SNTI,8.366219415943172,302300.0,202730.0,3180.5,3698.0
LVWR,8.350434096290451,833740.0,12191215.0,2082.0,193.0
HSDT,8.334648776637726,162420.0,115540.0,3801.0,4192.0
RAIN,8.318863456985003,233680.0,1605250.0,3439.0,1525.0
MSTR,8.303078137332282,24989640.0,17686695.0,67.0,131.0
IXHL,8.287292817679557,90600.0,90960.0,4307.0,4371.0
RSVRW,8.271507498026835,16520.0,,5363.0,
EUDA,8.255722178374112,1120.0,5140.0,6074.5,5860.5
GAIA,8.23993685872139,221100.0,158540.0,3485.0,3904.0
FMC,8.224151539068666,2853580.0,3680545.0,831.0,734.0
SQFT,8.208366219415943,6460.0,7450.0,5739.0,5752.0
AKBA,8.19258089976322,4448900.0,4540300.0,534.0,613.0
KG,8.176795580110499,10520.0,13645.0,5556.0,5491.0
LNZA,8.161010260457774,68640.0,71495.0,4493.0,4531.5
AEHL,8.14522494080505,629740.0,5959270.0,2414.0,451.0
CCOI,8.12943962115233,1978660.0,1722190.0,1158.0,1433.0
ACXP,8.113654301499604,504560.0,195805.0,2663.0,3732.0
BRBR,8.097868981846883,3051480.0,4215620.0,771.0,658.0
USBC,8.082083662194158,220400.0,168270.0,3487.0,3860.0
UWMC,8.066298342541437,14436100.0,24574775.0,154.0,83.0
CFND,8.050513022888714,166240.0,58450.0,3767.0,4681.0
TDUP,8.03472770323599,2628000.0,3420475.0,894.0,783.0
CRVO,8.018942383583267,438220.0,372865.0,2808.0,3135.0
CWD,8.003157063930546,381400.0,319920.0,2951.0,3274.0
LICN,7.987371744277821,20000.0,321490.0,5267.0,3267.0
NIPG,7.971586424625099,91020.0,62350.0,4301.0,4639.0
SKIN,7.955801104972375,336660.0,596390.0,3082.0,2643.0
GRAN,7.940015785319653,1480.0,2210.0,6044.5,6044.0
LCID,7.9242304656669305,6753760.0,10998450.0,344.0,217.0
SAFX,7.9084451460142065,4492280.0,3975920.0,525.0,695.0
SILO,7.892659826361484,408520.0,149060.0,2882.0,3973.0
MATH,7.876874506708761,25200.0,35670.0,5155.0,5002.0
HCAI,7.861089187056038,21720.0,44180.0,5231.0,4874.0
MGRX,7.845303867403315,10577220.0,39683270.0,219.0,38.0
CNEY,7.829518547750592,44280.0,181460.0,4776.0,3808.0
LIQT,7.813733228097869,134320.0,130410.0,3975.0,4091.0
SMR,7.797947908445146,32123620.0,30711775.0,49.0,60.0
SNES,7.782162588792422,37200.0,146535.0,4892.0,3983.0
MCRB,7.7663772691397,64000.0,64445.0,4533.0,4612.0
QCLS,7.750591949486978,119920.0,151730.0,4069.0,3954.0
CANF,7.734806629834254,43940.0,36020.0,4782.5,4996.0
SEV,7.719021310181532,138620.0,214515.0,3940.0,3646.5
ANGI,7.703235990528808,817680.0,865030.0,2109.0,2206.0
SLSN,7.6874506708760855,17360.0,31770.0,5344.0,5076.0
ELOG,7.671665351223362,1960.0,5710.0,6005.5,5838.0
RECT,7.655880031570639,8860.0,57010.0,5622.5,4704.0
AEON,7.640094711917916,5091300.0,1882290.0,470.0,1331.0
SITC,7.624309392265194,821773.6,911574.0,2099.0,2146.0
GENVR,7.60852407261247,22020.0,43915.0,5221.0,4876.0
DCGO,7.592738752959748,1880560.0,809375.0,1210.0,2299.0
SQNS,7.576953433307025,34900.0,62290.0,4937.0,4642.0
BTCS,7.561168113654301,1252720.0,763460.0,1616.0,2363.0
KAPA,7.545382794001579,271960.0,2244100.0,3276.0,1163.0
TIL,7.529597474348855,7280.0,8085.0,5694.5,5723.0
CISO,7.513812154696133,113620.0,97730.0,4112.0,4324.0
SSTK,7.49802683504341,834680.0,1381915.0,2081.0,1670.0
JSPR,7.482241515390687,930180.0,680030.0,1948.0,2504.0
MDXH,7.466456195737964,69785140.0,17618425.0,10.0,132.0
SNOA,7.450670876085241,130080.0,230960.0,3998.0,3578.0
CETY,7.434885556432517,18940.0,25010.0,5295.5,5207.5
TGE,7.419100236779795,45160.0,38945.0,4767.0,4957.0
ZJYL,7.403314917127071,110160.0,2147200.0,4134.0,1209.0
DOMO,7.387529597474349,710460.0,2672045.0,2264.0,1000.0
EXOD,7.371744277821627,152640.0,62150.0,3842.0,4644.0
KSCP,7.355958958168903,1034480.0,1485420.0,1836.0,1597.0
AMIX,7.34017363851618,165140.0,11638010.0,3777.0,201.0
NYXH,7.324388318863457,111260.0,120985.0,4126.0,4150.0
APUS,7.308602999210734,350380.0,142242.0,3044.0,4008.0
WBUY,7.292817679558011,42720.0,9112965.0,4802.0,277.0
OTLK,7.277032359905287,65874600.0,28698215.0,13.0,67.0
DRMA,7.261247040252565,445180.0,2151650.0,2792.0,1206.0
DAVA,7.245461720599843,200940.0,264190.0,3597.0,3453.0
TTD,7.229676400947119,21990520.0,31292605.0,86.0,57.0
HERE,7.213891081294396,14300.0,21135.0,5429.0,5300.0
AEMD,7.198105761641674,40280.0,120340.0,4841.0,4153.0
IMNN,7.18232044198895,67800.0,90655.0,4498.0,4375.0
HTCR,7.166535122336228,16280.0,33830.0,5367.5,5039.0
HYFM,7.150749802683504,232600.0,8140015.0,3441.0,311.0
ACH,7.134964483030782,3252840.0,1915020.0,723.0,1311.0
ZEO,7.119179163378059,93600.0,2199310.0,4275.0,1190.0
WLDS,7.1033938437253346,201800.0,4747745.0,3589.0,582.0
TAOP,7.087608524072612,50400.0,448485.0,4705.0,2935.0
TRON,7.07182320441989,680820.0,509460.0,2317.0,2796.0
HRTX,7.056037884767166,3032100.0,2922225.0,778.0,907.0
SUPX,7.040252565114444,146060.0,188195.0,3887.0,3774.0
ZYBT,7.02446724546172,447820.0,5534550.0,2789.0,486.0
ORIS,7.008681925808998,988.4,2359.65,6094.0,6029.0
MSGY,6.992896606156275,343020.0,3187475.0,3058.0,830.0
SGLY,6.977111286503551,3205580.0,1045152.15,735.0,1967.0
FUBO,6.961325966850829,1731780.0,1684250.0,1296.0,1467.0
COSM,6.945540647198106,2280740.0,3285245.0,1023.0,811.0
PROP,6.929755327545382,5189240.0,2271030.0,461.0,1148.0
IMMP,6.91397000789266,99260.0,156095.0,4228.0,3920.0
ATOS,6.898184688239938,98380.0,59280.0,4238.5,4667.0
XCUR,6.882399368587214,36460.0,41250.0,4909.0,4915.0
GOGO,6.866614048934491,1696900.0,1816930.0,1312.0,1365.0
VITL,6.850828729281767,1172560.0,1492160.0,1697.0,1593.0
UK,6.835043409629045,32040.0,56460.0,4995.0,4711.0
LX,6.819258089976323,1996720.0,1733265.0,1147.0,1428.0
NNOX,6.803472770323599,1164720.0,1136245.0,1703.0,1875.0
SXTP,6.787687450670877,89200.0,122290.0,4314.0,4138.0
VEEA,6.7719021310181535,405960.0,1621025.0,2888.0,1512.0
MFI,6.7561168113654295,5280.0,4350.0,5800.5,5922.0
TANH,6.740331491712707,1801200.0,751765.0,1261.0,2385.0
DEFT,6.724546172059983,3171200.0,2018715.0,739.0,1258.0
BHST,6.708760852407261,58480.0,86840.0,4612.0,4405.0
ODD,6.692975532754539,799740.0,763995.0,2134.0,2362.0
WKSP,6.677190213101815,119620.0,231450.0,4074.0,3574.0
OLB,6.661404893449093,653320.0,332595.0,2368.0,3236.0
GVH,6.64561957379637,117500.0,1008935.0,4087.0,2019.0
CALC,6.629834254143646,236460.0,286050.0,3426.0,3379.0
XXI,6.614048934490924,1174560.0,1473860.0,1695.0,1603.0
BRR,6.5982636148382,656880.0,475755.0,2364.0,2875.0
IVDA,6.582478295185477,39599660.0,14698595.0,28.0,153.0
DTCX,6.566692975532755,76980.0,77410.0,4420.5,4478.0
FOFO,6.550907655880031,6640.0,18280.0,5732.0,5371.5
MTVA,6.5351223362273085,85820.0,82305.0,4336.0,4435.0
GLXG,6.519337016574586,98380.0,358695.0,4238.5,3174.0
TGHL,6.503551696921862,494360.0,1300465.0,2684.5,1744.0
GIBO,6.48776637726914,320.0,6345.0,6176.5,5804.0
INUV,6.471981057616416,297040.0,308395.0,3195.0,3305.0
CDTG,6.456195737963694,16636360.0,4396025.0,124.0,631.0
GDHG,6.440410418310972,5040.0,7825.0,5822.5,5734.0
AKTX,6.424625098658248,93840.0,45535.0,4272.0,4851.0
PAPL,6.4088397790055245,33840.0,99815.0,4955.0,4308.0
BMGL,6.393054459352802,11640.0,6790.0,5509.0,5785.0
OPENL,6.377269139700078,514680.0,330385.0,2641.0,3238.0
ZDAI,6.361483820047356,20160.0,56960.0,5262.5,4705.0
CRE,6.345698500394634,63560.0,68760.0,4544.0,4561.0
FTRK,6.32991318074191,1817986.2,10071833.55,1249.0,243.0
UPLD,6.3141278610891876,68580.0,32205.0,4494.0,5069.0
BYRN,6.2983425414364635,457620.0,848130.0,2762.0,2247.0
OPENW,6.282557221783741,338500.0,358185.0,3074.5,3176.0
FEMY,6.266771902131019,7460500.0,2008015.0,315.0,1263.0
INVZ,6.250986582478295,4443000.0,5291265.0,535.0,515.0
GTBP,6.235201262825572,550740.0,467000.0,2565.0,2896.0
VRRM,6.219415943172849,2945280.0,5811640.0,801.0,466.0
LITS,6.203630623520126,94960.0,114845.0,4257.0,4198.0
YRD,6.1878453038674035,46720.0,54015.0,4752.0,4739.0
NOMA,6.17205998421468,352660.0,94785.0,3039.0,4340.0
VIOT,6.156274664561957,49140.0,57310.0,4723.0,4695.0
LPSN,6.140489344909234,248540.0,253280.0,3369.0,3494.0
DFDV,6.124704025256512,1239960.0,695555.0,1630.0,2478.0
CELU,6.108918705603789,31540.0,45660.0,5009.0,4849.0
GCL,6.093133385951066,413920.0,893200.0,2862.0,2170.0
BTOC,6.077348066298343,63880.0,226220.0,4537.0,3595.0
BAOS,6.0615627466456194,6411020.0,7231255.0,362.0,364.0
MREO,6.045777426992896,1556860.0,9718730.0,1393.0,253.0
DH,6.029992107340173,274400.0,201955.0,3267.0,3703.0
MLEC,6.01420678768745,26000.0,9740.0,5130.0,5649.0
MNTS,5.998421468034728,1517640.0,1293685.0,1426.0,1748.0
CVM,5.982636148382005,163680.0,212550.0,3792.0,3657.0
TPET,5.966850828729282,1662360.0,1870955.0,1327.0,1341.0
DSY,5.9510655090765585,37480.0,1803770.0,4888.0,1376.0
ENSC,5.935280189423836,5701860.0,43336145.0,414.0,31.0
INBS,5.919494869771113,208060.0,102280.0,3557.0,4285.0
ZBAO,5.90370955011839,6225040.0,37673225.0,371.0,43.0
REED,5.887924230465667,14020.0,11320.0,5434.0,5584.0
ARAY,5.872138910812944,945360.0,1488495.0,1930.0,1595.0
PMNT,5.856353591160221,47200.0,43315.0,4746.5,4883.0
CYN,5.840568271507498,223640.0,171490.0,3477.0,3843.0
JFIN,5.8247829518547745,30280.0,43440.0,5037.5,4882.0
MSAI,5.808997632202052,44160.0,24875.0,4780.0,5211.0
FRMI,5.793212312549329,22954640.0,21746795.0,78.0,104.0
AMBR,5.777426992896606,53880.0,23340.0,4667.0,5248.0
XPON,5.761641673243883,2819800.0,725790.0,839.0,2426.0
ALIT,5.745856353591161,434300.0,581790.0,2817.0,2664.0
ASST,5.7300710339384375,3830820.0,2973155.0,621.0,892.0
DFDVW,5.714285714285714,12900.0,10200.0,5464.0,5626.0
BRRWW,5.698500394632991,15980.0,10095.0,5375.0,5630.5
NXGL,5.682715074980268,1080500.0,403130.0,1787.0,3061.0
NVNI,5.666929755327545,24360.0,36665.0,5175.0,4987.0
TC,5.651144435674822,199320.0,957730.0,3603.0,2086.0
WKHS,5.6353591160221,160580.0,109150.0,3809.0,4234.0
NEGG,5.619573796369377,53920.0,86145.0,4664.0,4410.0
BJDX,5.6037884767166535,323820.0,6182960.0,3116.0,434.0
STKH,5.58800315706393,6094840.0,8993565.0,380.0,283.0
QNTM,5.572217837411208,463060.0,293475.0,2746.5,3352.0
GWAV,5.556432517758485,42180.0,287870.0,4810.0,3373.0
BCAB,5.540647198105762,116960.0,57900.0,4095.0,4688.0
SPRC,5.524861878453039,67700.0,512545.0,4500.0,2787.0
STKE,5.509076558800316,141280.0,136265.0,3917.0,4049.0
SOHON,5.4932912391475925,380.0,145.0,6168.5,6224.0
CAPS,5.477505919494869,518080.0,855450.0,2631.0,2230.0
SOC,5.461720599842146,14710080.0,9363405.0,151.0,266.0
HIND,5.445935280189424,11560.0,9870.0,5513.0,5645.0
VWAV,5.430149960536701,6460260.0,2246985.0,356.0,1158.0
CABO,5.414364640883978,256100.0,210465.0,3340.0,3669.0
VRAX,5.398579321231255,3635820.0,983630.0,652.0,2046.0
PDSB,5.3827940015785325,2547000.0,2546115.0,923.0,1047.0
SLND,5.367008681925809,447360.0,537035.0,2790.0,2738.0
SOHOB,5.351223362273086,300.0,640.0,6179.5,6162.0
WSHP,5.335438042620363,52540.0,66225.0,4676.0,4587.5
SOBR,5.31965272296764,287340.0,447845.0,3224.0,2937.0
SRFM,5.303867403314917,2980480.0,2087985.0,792.0,1230.0
MODD,5.288082083662194,1077360.0,452570.0,1789.0,2929.0
NXXT,5.272296764009471,5675460.0,3009530.0,417.0,875.0
PSQH,5.256511444356748,1684800.0,554195.0,1317.0,2713.0
ZOOZ,5.240726124704025,1800.0,3995.0,6012.5,5942.0
THRY,5.224940805051302,1019380.0,1030095.0,1848.0,1990.0
VIVS,5.209155485398579,1574640.0,7197305.0,1379.0,366.0
GNS,5.193370165745857,2904300.0,2518120.0,813.0,1057.0
SVRN,5.177584846093134,6160.0,12900.0,5759.0,5524.0
EVTL,5.161799526440411,6712560.0,9368635.0,347.0,265.0
PRFX,5.1460142067876875,1256360.0,440915.0,1613.0,2959.0
MERC,5.130228887134964,392940.0,428860.0,2920.0,2992.0
EMAT,5.114443567482241,1563480.0,542865.0,1388.0,2726.0
NNNN,5.098658247829518,317440.0,113090.0,3135.0,4208.0
SDST,5.082872928176796,212200.0,1695680.0,3532.5,1457.0
AIRE,5.067087608524073,67360.0,63460.0,4504.0,4620.0
TOPS,5.05130228887135,139120.0,217115.0,3935.5,3634.0
AREN,5.035516969218627,48440.0,136305.0,4731.0,4047.0
BTAI,5.019731649565904,1591140.0,792970.0,1368.0,2321.0
BZAI,5.003946329913181,22593020.0,8073125.0,82.0,317.0
SPWR,4.988161010260458,5458880.0,7224920.0,441.0,365.0
IQST,4.972375690607735,1942260.0,1366505.0,1174.0,1681.0
FRSX,4.956590370955012,43540.0,53545.0,4788.0,4747.0
UFG,4.940805051302289,108620.0,92725.0,4147.0,4359.0
STEX,4.925019731649566,1458740.0,869680.0,1454.0,2198.0
UP,4.9092344119968425,102400.0,92405.0,4201.0,4361.0
FLD,4.89344909234412,211580.0,145430.0,3537.0,3991.0
FNGR,4.877663772691397,1817620.0,4100205.0,1250.0,677.0
MTNB,4.861878453038674,2714740.0,15531820.0,865.0,144.0
BRTX,4.846093133385951,211620.0,378245.0,3536.0,3122.0
GPUS,4.830307813733229,25595280.0,25262500.0,65.0,80.0
BIOX,4.814522494080506,223880.0,155965.0,3475.0,3923.0
GETY,4.7987371744277825,2792460.0,4630955.0,848.0,602.0
WXM,4.782951854775059,216940.0,2227060.0,3505.0,1177.0
FUSE,4.767166535122336,135540.0,4329810.0,3966.0,639.0
ANEB,4.751381215469613,280.0,205.0,6182.5,6214.5
VEEE,4.73559589581689,47240.0,360610.0,4744.0,3166.5
SNWV,4.719810576164167,106980.0,116810.0,4164.0,4183.0
TVGN,4.704025256511445,7580.0,11750.0,5674.0,5561.5
MDCX,4.6882399368587215,2194260.0,1944850.0,1065.0,1293.0
CLIK,4.672454617205998,19360.0,39165.0,5288.0,4949.0
INDP,4.656669297553275,347400.0,190905.0,3050.0,3763.0
TONX,4.640883977900553,418580.0,333745.0,2845.0,3231.0
NFE,4.62509865824783,1966460.0,1759920.0,1162.0,1403.0
SOHOO,4.609313338595107,80.0,200.0,6221.5,6216.0
MOBX,4.593528018942383,1763180.0,1991655.0,1278.0,1274.0
SUIG,4.577742699289661,227360.0,260440.0,3462.0,3463.0
CVKD,4.5619573796369375,48280.0,41210.0,4734.0,4916.0
AZTR,4.546172059984214,873320.0,1404165.0,2030.0,1649.0
ACTU,4.530386740331491,165060.0,187590.0,3778.5,3775.0
AIFU,4.514601420678769,43920.0,16745.0,4784.0,5409.0
AIIO,4.498816101026046,464880.0,631340.0,2743.0,2590.0
UPXI,4.483030781373323,1929620.0,1075315.0,1180.0,1934.0
LENZ,4.4672454617206,810460.0,846435.0,2120.0,2253.0
LXEH,4.451460142067877,8980.0,99155.0,5619.0,4312.0
RIME,4.435674822415154,3886120.0,1110105.0,612.0,1903.0
NCEL,4.41988950276243,16360.0,11750.0,5366.0,5561.5
GSUN,4.404104183109708,4190820.0,19156905.0,568.0,119.0
ZEPP,4.388318863456985,42780.0,42070.0,4801.0,4899.5
GEMI,4.372533543804262,2920140.0,1565725.0,809.0,1549.0
CLGN,4.356748224151539,45360.0,64440.0,4763.5,4613.0
BGMS,4.3409629044988165,9520.0,30885.0,5604.0,5094.0
LNAI,4.325177584846093,29540.0,485610.0,5062.0,2854.0
TWG,4.30939226519337,1904340.0,500765.0,1199.0,2808.0
BNC,4.293606945540647,131400.0,169175.0,3989.0,3854.0
PN,4.277821625887925,255320.0,1569165.0,3341.0,1547.0
ANPA,4.262036306235202,11500.0,27095.0,5516.5,5161.0
GNLN,4.246250986582478,191340.0,64990.0,3641.0,4603.0
SHPH,4.230465666929755,49940.0,311570.0,4711.0,3293.0
VENU,4.2146803472770324,560600.0,445540.0,2547.0,2945.0
UCL,4.198895027624309,20164960.0,5062020.0,102.0,540.0
GV,4.183109707971586,21700.0,375625.0,5232.0,3130.0
SVRE,4.167324388318863,38720.0,38970.0,4872.0,4956.0
VNTG,4.151539068666141,7400.0,26370.0,5684.0,5172.0
DXF,4.135753749013418,250880.0,2866865.0,3362.0,933.0
RMSG,4.119968429360695,143920.0,727810.0,3901.0,2421.0
SOAR,4.1041831097079715,3613800.0,23160810.0,658.0,94.0
ERNA,4.088397790055249,33140.0,43130.0,4971.0,4889.0
CENN,4.072612470402525,5040.0,4815.0,5822.5,5885.0
NAMI,4.056827150749802,104440.0,3133670.0,4185.0,845.0
HPAI,4.041041831097079,976880.0,294880.0,1893.5,3348.0
ATYR,4.025256511444357,766400.0,693095.0,2177.0,2481.0
XAIR,4.009471191791634,36780.0,47855.0,4899.0,4813.0
WETO,3.9936858721389106,21571480.0,6312693.4,90.0,427.0
EHGO,3.9779005524861875,11321940.0,7339230.0,202.0,358.0
SURG,3.9621152328334652,65334580.0,32746065.0,15.0,54.0
JYD,3.946329913180742,250440.0,153405.0,3364.0,3945.0
KNRX,3.930544593528019,14600.0,26000.0,5418.0,5180.0
TOPP,3.914759273875296,634800.0,1201575.0,2402.0,1824.0
NCPL,3.898973954222573,3963480.0,1073440.0,601.0,1936.0
ALPS,3.88318863456985,84020.0,49435.0,4349.5,4793.0
THH,3.867403314917127,33000.0,306110.0,4975.5,3313.0
TPST,3.851617995264404,405300.0,315000.0,2890.5,3281.0
AIM,3.835832675611681,1196560.0,1518865.0,1672.0,1575.0
MVIS,3.820047355958958,5483980.0,1892844.7,437.0,1328.0
SLE,3.804262036306235,14647400.0,3673285.0,152.0,739.0
AUID,3.7884767166535127,425540.0,270245.0,2835.0,3431.0
LHAI,3.7726913970007896,120760.0,156010.0,4062.0,3922.0
QNCX,3.7569060773480665,30280.0,35535.0,5037.5,5005.0
REVB,3.7411207576953434,69740.0,34445.0,4485.0,5025.0
ALAR,3.7253354380426207,111340.0,131735.0,4125.0,4081.0
AGRZ,3.7095501183898976,24463140.0,12656000.0,69.0,179.0
ONEG,3.6937647987371744,45240.0,45175.0,4765.0,4859.0
OWLS,3.6779794790844513,19940.0,22475.0,5269.0,5267.0
ENVB,3.6621941594317287,203160.0,152445.0,3582.0,3950.0
RKDA,3.6464088397790055,410300.0,220980.0,2872.0,3618.0
TGL,3.6306235201262824,2241660.0,572525.0,1040.0,2677.0
ELME,3.6148382004735593,292900.0,732355.0,3206.0,2414.0
GCDT,3.599052880820837,1510160.0,664080.0,1429.0,2532.0
FBLG,3.583267561168114,276000.0,198175.0,3257.0,3721.0
SUGP,3.567482241515391,477380.0,469690.0,2714.0,2887.0
AMOD,3.5516969218626673,8780.0,16540.0,5624.0,5415.0
FCUV,3.535911602209945,261140.0,6022145.0,3319.0,444.0
LESL,3.520126282557222,2728240.0,2043470.0,862.0,1247.0
IZM,3.504340962904499,315520.0,1530385.0,3148.0,1568.0
IPDN,3.4885556432517757,2288060.0,676440.0,1022.0,2507.0
HCWB,3.472770323599053,316720.0,137320.0,3139.5,4039.0
ICCM,3.45698500394633,91240.0,81305.0,4297.5,4443.0
RCT,3.441199684293607,1172280.0,690915.0,1698.0,2484.0
AGIG,3.4254143646408837,61460.0,98475.0,4573.5,4320.0
ICON,3.4096290449881614,24600.0,35470.0,5168.0,5008.0
SLGB,3.3938437253354383,2440280.0,6701315.0,959.0,394.0
WCT,3.3780584056827148,338120.0,1756260.0,3076.0,1406.0
YAAS,3.3622730860299916,29980.0,150775.0,5051.0,3963.0
SKYE,3.3464877663772694,3857420.0,1081085.0,616.0,1927.0
DXST,3.3307024467245463,58100.0,883820.0,4616.0,2187.0
FLYE,3.314917127071823,7720.0,15855.0,5668.5,5436.0
LHSW,3.2991318074191,107960.0,79295.0,4154.0,4460.0
AVX,3.2833464877663774,26740.0,19185.0,5114.0,5347.0
ABTC,3.2675611681136543,1407080.0,1347025.0,1493.0,1707.0
BOXL,3.251775848460931,1439200.0,3959825.0,1470.0,699.0
SBFM,3.235990528808208,251940.0,887975.0,3357.0,2180.0
DLXY,3.220205209155486,39740.0,63070.0,4855.5,4625.0
MPU,3.2044198895027622,68380.0,159870.0,4496.0,3900.0
GOSS,3.188634569850039,12782060.0,41822280.0,176.0,32.0
FGNX,3.172849250197317,92820.0,115495.0,4284.5,4194.0
CYCU,3.1570639305445938,20525820.0,53338240.0,100.0,18.0
SNGX,3.1412786108918707,164300.0,208660.0,3788.5,3673.0
TVRD,3.1254932912391475,200380.0,366840.0,3598.0,3149.0
SCAG,3.1097079715864244,219740.0,204990.0,3490.0,3688.0
RENX,3.0939226519337018,138960.0,77860.0,3937.0,4473.0
PASW,3.0781373322809786,77160.0,510590.0,4418.0,2794.0
EPSM,3.062352012628256,9920.0,15805.0,5573.5,5437.0
TDTH,3.046566692975533,302600.0,97535.0,3179.0,4327.0
SRXH,3.0307813733228097,1257140.0,1229470.0,1611.0,1797.0
APVO,3.0149960536700866,61800.0,32390.0,4568.5,5065.5
DOGZ,2.999210734017364,231960.0,2082340.0,3443.0,1234.0
YMAT,2.983425414364641,18340.0,80475.0,5309.5,4448.0
MASK,2.967640094711918,316340.0,183055.0,3145.0,3799.0
VTGN,2.951854775059195,991040.0,7357975.0,1882.0,354.0
PPBT,2.936069455406472,26880.0,77035.0,5110.0,4479.0
CRMT,2.920284135753749,178100.0,203270.0,3707.0,3695.0
CANG,2.904498816101026,177620.0,123745.0,3709.0,4124.0
FEED,2.888713496448303,1053340.0,1625930.0,1814.0,1510.0
OMH,2.8729281767955803,3843540.0,48829725.0,619.0,23.0
SBEV,2.857142857142857,886040.0,6596480.0,2011.0,401.0
GRABW,2.841357537490134,51180.0,38820.0,4693.0,4959.0
NCT,2.825572217837411,2216840.0,1398790.0,1048.0,1653.0
SLMT,2.8097868981846883,42340.0,46200.0,4807.0,4839.5
ENLV,2.794001578531965,281320.0,455255.0,3240.0,2918.0
SHFS,2.7782162588792425,197960.0,327575.0,3610.0,3246.0
VVOS,2.7624309392265194,734080.0,2932360.0,2224.0,900.0
GAUZ,2.7466456195737963,317580.0,12275750.0,3132.0,190.0
GCTK,2.730860299921073,5506180.0,25585950.0,432.0,76.0
CCTG,2.7150749802683505,122220.0,414365.0,4050.0,3032.0
IBG,2.6992896606156274,31840.0,73410.0,5003.5,4513.5
NVNO,2.6835043409629047,12720.0,14465.0,5473.0,5464.0
FAMI,2.6677190213101816,21274200.0,8024970.0,94.0,322.0
AUUD,2.6519337016574585,3742820.0,8063325.0,631.0,319.0
VSTD,2.6361483820047353,2180.0,264375.0,5982.5,3451.0
RAY,2.6203630623520127,3520.0,6800.0,5903.5,5783.5
BIAF,2.6045777426992895,35215360.0,9018700.0,37.0,281.0
DDC,2.588792423046567,406980.0,355880.0,2885.0,3179.0
STFS,2.5730071033938438,1220380.0,1589030.0,1648.0,1535.0
FRGT,2.5572217837411206,3119800.0,842160.0,751.0,2258.0
BURU,2.541436464088398,3488280.0,4929840.0,678.0,563.0
ISPC,2.525651144435675,82180.0,68395.0,4360.5,4564.0
MENS,2.509865824782952,31980.0,46615.0,4997.0,4832.0
BNKK,2.494080505130229,214720.0,103275.0,3521.0,4279.0
CRIS,2.478295185477506,721720.0,314275.0,2240.0,3283.0
VTAK,2.462509865824783,2073080.0,6806280.0,1112.0,387.0
VSME,2.44672454617206,173840.0,99970.0,3729.0,4306.0
MNDR,2.430939226519337,720280.0,375855.0,2242.0,3129.0
RVPH,2.4151539068666144,32839.8,40777.2,4983.0,4923.0
PMAX,2.3993685872138912,59820.0,67840.0,4593.0,4567.0
SDOT,2.383583267561168,154300.0,202505.0,3837.0,3700.0
ARBK,2.367797947908445,20880.0,14575.0,5245.0,5461.0
MSS,2.3520126282557223,13574660.0,5897765.0,163.0,461.0
EJH,2.336227308602999,4306640.0,1086985.0,545.0,1924.0
SEGG,2.3204419889502765,54620.0,130979.25,4654.0,4087.0
AKAN,2.3046566692975534,5315360.0,1687100.0,450.0,1464.0
TNMG,2.2888713496448303,186580.0,15122930.0,3668.0,149.0
POAS,2.273086029992107,375480.0,313115.0,2968.0,3291.0
CPOP,2.2573007103393845,706920.0,9282630.0,2269.0,270.0
GRI,2.2415153906866614,90640.0,399905.0,4305.5,3071.0
NCRA,2.2257300710339387,99940.0,7400320.0,4225.0,352.0
IMCC,2.209944751381215,9276920.0,6589880.0,255.0,402.0
ARAI,2.1941594317284925,669460.0,637460.0,2336.0,2574.0
DCOY,2.1783741120757694,25880.0,84795.0,5136.0,4423.0
IPST,2.1625887924230467,27816200.0,6973450.0,60.0,375.0
NEON,2.1468034727703236,101700.0,108740.0,4211.0,4237.0
MRNO,2.131018153117601,323260.0,231970.0,3118.0,3573.0
KUST,2.1152328334648773,1529300.0,4420455.0,1412.0,628.0
RETO,2.0994475138121547,2911940.0,1049265.0,811.0,1961.0
GIPR,2.0836621941594315,7739660.0,2090785.0,304.0,1228.0
ATPC,2.067876874506709,77240.0,365815.0,4416.5,3150.0
MBRX,2.0520915548539858,1010660.0,2378415.0,1862.0,1112.0
JZXN,2.0363062352012626,100620.0,1052195.0,4221.0,1959.0
VNRX,2.0205209155485395,743680.0,1031005.0,2211.0,1989.0
BNBX,2.004735595895817,51320.0,46200.0,4691.0,4839.5
ZONE,1.9889502762430937,10793620.0,13357570.0,213.0,166.0
BDRX,1.973164956590371,262160.0,149615.0,3312.0,3972.0
BGM,1.957379636937648,918280.0,259935.0,1962.0,3465.0
JZ,1.941594317284925,53900.0,107025.0,4665.5,4249.5
RNWWW,1.925808997632202,1471320.0,394555.0,1448.0,3088.0
VSEE,1.910023677979479,1156580.0,21016415.0,1709.0,108.0
CCHH,1.8942383583267564,116520.0,412675.0,4098.0,3037.0
PBM,1.8784530386740332,239360.0,114910.0,3412.5,4197.0
BTOG,1.8626677190213103,1917580.0,907555.0,1189.0,2153.0
FMFC,1.8468823993685872,395380.0,11593410.0,2916.0,202.0
GOVX,1.8310970797158643,2693340.0,796020.0,874.0,2313.0
SNYR,1.8153117600631412,42717280.0,10872040.0,25.0,222.0
CHOW,1.7995264404104185,1691740.0,12522175.0,1313.0,184.0
UCAR,1.7837411207576954,186740.0,465240.0,3667.0,2898.0
NXTT,1.7679558011049725,79880.0,9842715.0,4391.0,250.0
FTFT,1.7521704814522494,101820.0,180960.0,4210.0,3810.0
DRCT,1.7363851617995265,8360.0,13685.0,5642.0,5488.0
JTAI,1.7205998421468034,273380.0,231050.0,3270.0,3577.0
NTCL,1.7048145224940807,125280.0,66975.0,4029.0,4576.0
SMX,1.6890292028413574,15760.0,21615.0,5380.5,5286.0
BTTC,1.6732438831886347,7538100.0,1899165.0,310.0,1319.0
ARTL,1.6574585635359116,1591080.0,497935.0,1369.0,2819.0
MIMI,1.6416732438831887,108200.0,119180.0,4152.5,4165.0
HAO,1.6258879242304656,1585460.0,4034880.0,1373.0,685.0
IPW,1.610102604577743,497900.0,3493375.0,2679.0,766.0
AIXI,1.5943172849250196,2831260.0,1528715.0,834.0,1569.0
DGNX,1.5785319652722969,1342100.0,1659505.0,1542.0,1482.0
GMM,1.5627466456195738,48460.0,1340405.0,4729.5,1716.0
TRUG,1.5469613259668509,22079260.0,5626925.0,84.0,480.0
CHAI,1.531176006314128,449400.0,6610485.0,2784.5,400.0
CLDI,1.5153906866614049,181240.0,485055.95,3690.0,2858.0
KWM,1.499605367008682,266520.0,609809.55,3293.0,2618.0
IVF,1.483820047355959,25075300.0,6324240.0,66.0,425.0
RAYA,1.468034727703236,19320.0,40685.0,5289.5,4926.0
RBNE,1.452249408050513,48020.0,148780.0,4737.0,3974.0
YHC,1.4364640883977902,128880.0,305925.0,4006.0,3314.0
SXTC,1.420678768745067,6116800.0,118084155.0,378.0,4.0
GNPX,1.4048934490923441,1027760.0,459765.0,1841.0,2911.0
MYSEW,1.3891081294396213,25600.0,7845.0,5142.0,5733.0
RITR,1.3733228097868981,5998040.0,128960390.0,382.0,1.0
BGL,1.3575374901341752,367880.0,322130.0,2999.0,3265.0
BIYA,1.3417521704814523,128620.0,7094775.0,4007.0,371.0
KXIN,1.3259668508287292,430220.0,150210.0,2824.0,3968.0
LZMH,1.3101815311760063,88520.0,998365.0,4321.0,2031.0
NCL,1.2943962115232834,0.0,0.0,6288.0,6278.5
TMCWW,1.2786108918705603,908580.0,435705.0,1972.0,2971.0
CETX,1.2628255722178374,37720.0,56195.0,4884.0,4714.0
LIDRW,1.2470402525651145,365380.0,154925.0,3007.0,3932.0
RVSN,1.2312549329123914,40820.0,19275.0,4830.0,5345.0
AZI,1.2154696132596685,12415920.0,7449360.0,182.0,345.0
WNW,1.1996842936069456,35320.0,94715.0,4929.0,4341.0
POM,1.1838989739542225,27700.0,136005.0,5102.0,4052.0
PMI,1.1681136543014996,49920.0,66865.0,4712.0,4578.0
KITT,1.1523283346487767,334180.0,309020.0,3088.0,3303.0
PHGE,1.1365430149960536,743880.0,1931500.0,2210.0,1301.0
BYAH,1.1207576953433307,86860.0,965770.15,4329.0,2074.0
PFSA,1.1049723756906076,11756700.0,3511545.0,198.0,761.0
JAGX,1.0891870560378847,391200.0,184745.0,2926.0,3787.0
NAKA,1.0734017363851618,191740.0,126800.0,3637.0,4107.0
CREG,1.0576164167324387,29885.4,26861.65,5055.0,5164.0
INHD,1.0418310970797158,853980.0,831235.0,2059.0,2275.0
NOTE,1.0260457774269929,536000.0,354625.0,2594.0,3183.0
CHR,1.0102604577742698,29760.0,55285.0,5058.5,4723.0
TRNR,0.9944751381215469,53900.0,27240.0,4665.5,5158.5
CDT,0.978689818468824,30420.0,64720.0,5035.0,4607.0
JDZG,0.962904498816101,625600.0,427490.0,2424.0,2998.0
ASNS,0.9471191791633782,126160.0,342585.0,4024.0,3212.0
PPCB,0.9313338595106552,37940.0,147470.0,4881.0,3978.0
AMZE,0.9155485398579322,6976140.0,9714015.0,335.0,254.0
LNKS,0.8997632202052093,877260.0,370340.0,2023.0,3143.0
KIDZ,0.8839779005524863,615060.0,20495605.0,2440.0,111.0
CMCT,0.8681925808997633,41080.0,28895.0,4821.5,5126.5
BNRG,0.8524072612470404,1338489.2,805089.05,1544.0,2303.0
LGCL,0.8366219415943174,33259920.0,12402140.0,45.0,186.0
RBOT,0.8208366219415943,46280.0,38510.0,4757.0,4964.0
XXII,0.8050513022888715,14700.0,9895.0,5414.5,5644.0
SLXN,0.7892659826361484,652880.0,596265.0,2370.0,2644.0
NUWE,0.7734806629834254,479080.0,9043625.0,2712.0,279.0
TDIC,0.7576953433307024,138080.0,216440.0,3946.0,3636.0
JEM,0.7419100236779795,39740.0,2274020.0,4855.5,1147.0
YMT,0.7261247040252565,586360.0,5169165.0,2493.0,530.0
ONCO,0.7103393843725335,281040.0,273220.0,3242.0,3422.0
CMND,0.6945540647198106,237760.0,141670.0,3421.0,4015.0
RDGT,0.6787687450670876,206740.0,4036950.0,3563.0,683.0
CTNT,0.6629834254143646,539720.0,476395.0,2586.0,2872.0
VSA,0.6471981057616417,22100.0,226620.0,5220.0,3593.0
HCTI,0.6314127861089187,9674920.0,2630735.0,241.0,1011.0
YDKG,0.6156274664561957,15520.0,24890.0,5386.0,5210.0
CHSN,0.5998421468034728,115140.0,192270.0,4105.0,3753.0
NVVE,0.5840568271507498,25340.0,636610.0,5150.0,2577.0
DAIC,0.5682715074980268,1549800.0,663930.0,1396.0,2533.0
ZSPC,0.5524861878453038,42540.0,44655.0,4806.0,4866.0
GDC,0.5367008681925809,3648460.0,1087675.0,649.0,1923.0
FGL,0.5209155485398579,2863240.0,1904580.0,827.0,1317.0
LGHL,0.5051302288871349,6683660.0,7615955.0,348.0,337.0
KALA,0.489344909234412,63220.0,81755.0,4545.0,4440.0
EDBL,0.4735595895816891,1153040.0,3434420.0,1714.0,780.0
NIVF,0.4577742699289661,1870880.0,673010.0,1216.0,2514.0
MEHA,0.44198895027624313,174719.4,300564.6,3725.0,3327.0
ZCMD,0.4262036306235202,2331780.0,6002855.0,1000.0,446.0
ZNB,0.4104183109707972,5563100.0,1592028.15,425.0,1532.0
INLF,0.3946329913180742,279320.0,5524945.0,3250.0,488.0
LRHC,0.3788476716653512,164480.0,1715660.0,3787.0,1440.0
STAI,0.36306235201262826,1120.0,2670.0,6074.5,5998.0
ELPW,0.3472770323599053,201440.0,29991885.0,3592.5,62.0
VMAR,0.3314917127071823,487300.0,3014080.0,2698.0,871.0
EZGO,0.31570639305445936,106000.0,107925.0,4172.0,4243.0
OCG,0.2999210734017364,79000.0,221050.0,4401.0,3616.0
RPGL,0.2841357537490134,849140.0,255310.0,2065.0,3479.0
FCHL,0.26835043409629045,30900.0,242220.0,5023.0,3535.0
WHLR,0.25256511444356744,2452020.0,1247545.0,955.0,1785.0
DCX,0.23677979479084454,33080.0,1006840.0,4972.0,2022.0
HKIT,0.22099447513812157,341380.0,198420.0,3064.0,3718.0
MTEN,0.2052091554853986,713960.0,3560615.0,2257.0,754.0
YYGH,0.1894238358326756,629560.0,830235.0,2415.0,2276.0
VCIG,0.17363851617995266,950680.0,1322335.0,1925.0,1729.0
LBGJ,0.15785319652722968,2796700.0,1619795.5,846.5,1514.0
YYAI,0.1420678768745067,19025000.0,70375405.0,111.0,10.0
PAVS,0.12628255722178372,51500.0,2886555.0,4685.0,923.0
SSKN,0.11049723756906078,2433.0,8361.8,5972.0,5706.0
LYRA,0.0947119179163378,1441.6,1172.95,6047.0,6111.0
HUBC,0.07892659826361484,227380.0,414765.0,3460.5,3030.0
RUBI,0.06314127861089186,113400.0,633905.0,4114.0,2584.0
AREB,0.0473559589581689,288700.0,406105.0,3218.0,3051.0
WOK,0.03157063930544593,1015340.0,523000.0,1855.0,2768.0
ADTX,0.015785319652722965,10108940.0,13732005.0,230.0,163.0
AACBR,,,,,
ABLVW,,,,,
ABPWW,,,,,
ACONW,,,,,
ADSEW,,,,,
AENTW,,,,,
AERTW,,,,,
AEVAW,,,,,
AFJKR,,,,,
AFRIW,,,,,
AIIOW,,,,,
AIMDW,,,,,
AIRJW,,,,,
AISPW,,,,,
ALDFW,,,,,
ALFUW,,,,,
ALISR,,,,,
ALUR,,,,,
AMODW,,,,,
AMPGW,,,,,
ANGHW,,,,,
ANNAW,,,,,
ANSCW,,,,,
APACR,,,,,
APLMW,,,,,
APXTW,,,,,
ARBEW,,,,,
AREBW,,,,,
ARQQW,,,,,
ASBPW,,,,,
ASPCR,,,,,
ASPSW,,,,,
ASPSZ,,,,,
ASTLW,,,,,
ATIIW,,,,,
ATLN,,,,,
AUROW,,,,,
AXINR,,,,,
BACCR,,,,,
BAERW,,,,,
BAYA,,,,,
BAYAU,,,,,
BC-PC,,,,,
BCARW,,,,,
BCGWW,,,,,
BCTXL,,,,,
BCTXW,,,,,
BCTXZ,,,,,
BDCIW,,,,,
BDMDW,,,,,
BEAGR,,,,,
BEATW,,,,,
BENFW,,,,,
BETRW,,,,,
BFRGW,,,,,
BGLWW,,,,,
BIAFW,,,,,
BIVIW,,,,,
BKHAR,,,,,
BLUWW,,,,,
BLZRW,,,,,
BNAIW,,,,,
BNCWW,,,,,
BNZIW,,,,,
BPACR,,,,,
BRCC,,543940.0,795806.05,2577.0,2314.0
BRLSW,,,,,
BSAAR,,,,,
BTBDW,,,,,
BZAIW,,,,,
BZFDW,,,,,
CDIOW,,,,,
CDROW,,,,,
CDTTW,,,,,
CELUW,,,,,
CEPT,,,,,
CHPGR,,,,,
CINGW,,,,,
CISS,,8625986.4,71269071.6,274.0,9.0
CLSKW,,,,,
CNCKW,,,,,
COCHW,,,,,
COOTW,,,,,
CORZW,,,,,
CORZZ,,,,,
CRESW,,,,,
CRGOW,,,,,
CRMLW,,,,,
CTBB,,,,,
CTDD,,,,,
CUBWW,,,,,
CURX,,54361.2,71240.8,4656.0,4534.0
CWAN,,,,,
CXAIW,,,,,
CYCUW,,,,,
DAAQW,,,,,
DAICW,,,,,
DAVEW,,,,,
DEVS,,,,,
DFLIW,,,,,
DJTWW,,,,,
DRDBW,,,,,
DRMAW,,,,,
DRTSW,,,,,
DSYWW,,,,,
DTSTW,,,,,
DYORW,,,,,
ECXWW,,,,,
EDBLW,,,,,
ELAB,,1814477.6,5719229.35,1253.0,472.0
ENGNW,,,,,
ESPR,,,,,
EUDAW,,,,,
EVGOW,,,,,
EVLVW,,,,,
EVOXW,,,,,
EXEEL,,,,,
EXEEZ,,,,,
FACTW,,,,,
FBYDW,,,,,
FDP,,,,,
FFAIW,,,,,
FGIWW,,,,,
FGMCU,,,,,
FIGXW,,,,,
FLDDW,,,,,
FMSTW,,,,,
FOXXW,,,,,
FUFUW,,,,,
GFAIW,,,,,
GGROW,,,,,
GIBOW,,,,,
GIPRW,,,,,
GLMD,,269287.4,292426.85,3285.0,3355.0
GRRRW,,,,,
GSHRW,,,,,
GPATW,,,,,
GTENW,,,,,
GTERW,,,,,
HCMAW,,,,,
HNNAZ,,,,,
HOLOW,,,,,
HOVRW,,,,,
HPAIW,,,,,
HSCSW,,,,,
HTZWW,,,,,
HUBCW,,,,,
HUMAW,,,,,
HVMCW,,,,,
ICUCW,,,,,
IMSRW,,,,,
INVZW,,,,,
IVDAW,,,,,
JSPRW,,,,,
KIDZW,,,,,
KITTW,,,,,
KORE,,,,,
KOYNW,,,,,
KVACW,,,,,
KWMWW,,,,,
KYIVW,,,,,
LCFYW,,,,,
LIMN,,142801460.4,72088271.75,1.0,8.0
LIMNW,,,,,
LNZAW,,,,,
LOKVU,,,,,
LOKVW,,,,,
LPAAW,,,,,
LPBBW,,,,,
LTRYW,,,,,
LWACW,,,,,
MACIW,,,,,
MBAVW,,,,,
MBVIW,,,,,
MCGAW,,,,,
MDAIW,,,,,
MDCXW,,,,,
MER-PK,,177377.6,139405.55,3711.0,4025.0
MGN,,12715579.6,31656721.85,178.0,56.0
MKDWW,,,,,
MLECW,,,,,
MNTSW,,,,,
MOBBW,,,,,
MOBXW,,,,,
MRNOW,,,,,
MSAIW,,,,,
MSW,,,,,
MTEKW,,,,,
MVSTW,,,,,
NCPLW,,,,,
NEOVW,,,,,
NIOBW,,,,,
NIVFW,,,,,
NNAVW,,,,,
NOEMW,,,,,
NPACW,,,,,
NRDY,,676254.2,383848.55,2322.0,3108.0
NRXPW,,,,,
NSA,,,,,
NUAIW,,,,,
NVNIW,,,,,
NVVEW,,,,,
NXGLW,,,,,
NXPLW,,,,,
OABIW,,,,,
OACCW,,,,,
OBAWW,,,,,
OCSAW,,,,,
ODVWZ,,,,,
ONCHW,,,,,
ONFOW,,,,,
ONMDW,,,,,
OPTXW,,,,,
ORGN,,,,,
ORGNW,,,,,
ORIQW,,,,,
OSRHW,,,,,
OUSTZ,,,,,
PACHW,,,,,
PBMWW,,,,,
PCAPW,,,,,
PCTTW,,,,,
PCSC,,,,,
PDYNW,,,,,
PGYWW,,,,,
PIIIW,,,,,
PLMKW,,,,,
PMTRW,,,,,
POLEW,,,,,
PRA,,,,,
PRENW,,,,,
RAAQU,,,,,
RAAQW,,,,,
RAINW,,,,,
RCKTW,,,,,
RDAGW,,,,,
RDZNW,,,,,
REE,,,,,
REVBW,,,,,
RGTIW,,,,,
RMCOW,,,,,
RMSGW,,,,,
RUMBW,,,,,
RVMDW,,,,,
RVSNW,,,,,
RZLVW,,,,,
SABSW,,,,,
SATLW,,,,,
SATS,,,,,
SBCWW,,,,,
SBFMW,,,,,
SCAGW,,,,,
SCLXW,,,,,
SCNI,,2024417.6,605636.15,1134.0,2626.0
SDSTW,,,,,
SEM,,,,,
SFBS,,210879.8,363394.8,3544.0,3155.0
SHFSW,,,,,
SHMDW,,,,,
SILA,,,,,
SIMAW,,,,,
SKLZ,,,,,
SLAI,,,,,
SLDPW,,,,,
SLXNW,,,,,
SMTK,,2099052.8,1032311.05,1104.0,1987.0
SMXWW,,,,,
SNBR,,,,,
SOCAW,,,,,
SOUNW,,,,,
SPKLW,,,,,
SPWRW,,,,,
SQFTW,,,,,
SRTAW,,,,,
SSSS,,,,,
STEL,,,,,
SVACU,,,,,
SVACW,,,,,
SVCCW,,,,,
SVREW,,,,,
SWAGW,,,,,
SWVLW,,,,,
SXTPW,,,,,
TACHW,,,,,
TACOW,,,,,
TALKW,,,,,
TBLAW,,,,,
TDACW,,,,,
TLNCW,,,,,
TNONW,,,,,
TOIIW,,,,,
TPTA,,,,,
TVACW,,,,,
TVGNW,,,,,
UHGWW,,,,,
USGOW,,,,,
VEEAW,,,,,
VGASW,,,,,
VSEEW,,,,,
VSSYW,,,,,
VWAVW,,,,,
WENNW,,,,,
WGSWW,,,,,
WLDSW,,,,,
WTO,,,,,
XBPEW,,,,,
XCH,,244193.6,1375344.5,3390.0,1674.0
XOSWW,,,,,
XRPNW,,,,,
YDESW,,,,,
ZEOWW,,,,,
ZOOZW,,,,,
