Stock,RS,Volume SMA 5,Volume SMA 20,Volume SMA 5 Rank,Volume SMA 20 Rank
VYNE,100.0,525818.0,1363735.1,2560.0,1590.0
ASBP,99.9839871897518,40540.0,55610.0,4746.5,4654.0
MI,99.9679743795036,12780.0,21455.0,5427.0,5253.0
INHD,99.95196156925542,0.0,0.0,6301.5,6308.5
TRIB,99.9359487590072,56200.0,298178.15,4525.5,3244.0
CCG,99.919935948759,14780.0,71950.0,5357.0,4461.0
PRPL,99.9039231385108,30680.0,195535.0,4935.0,3654.0
FFAI,99.8879103282626,1467580.0,28597785.25,1480.0,58.0
DBGI,99.8718975180144,105040.0,603361.75,4059.0,2533.0
DKI,99.85588470776622,26380.0,12840.0,5013.0,5515.0
BANL,99.83987189751802,21860.0,187655.0,5131.5,3695.0
OPAD,99.82385908726982,42180.0,49100.0,4716.0,4736.0
GENVR,99.80784627702161,9760.0,7160.0,5543.0,5751.0
AIIO,99.79183346677341,894380.0,1211000.0,2019.0,1730.0
SMX,99.77582065652521,33760.0,50025.0,4885.0,4720.0
CAPT,99.75980784627703,2535.0,13576.1,5971.0,5483.0
PN,99.74379503602883,2154140.0,1193080.0,1099.0,1747.0
JDZG,99.72778222578063,0.0,0.0,6301.5,6308.5
OTLK,99.71176941553243,34315860.0,14811270.0,48.0,152.0
AGL,99.69575660528423,308980.0,309465.0,3095.0,3205.0
PIII,99.67974379503602,25960.0,26230.0,5021.0,5127.5
QTTB,99.66373098478783,503640.0,2632955.0,2613.0,946.0
EVC,99.64771817453963,1454900.0,1537565.0,1490.0,1466.0
JTAI,99.63170536429143,307300.0,3661961.85,3101.0,701.0
PCLA,99.61569255404324,220580.0,301725.0,3409.0,3229.0
BLZE,99.59967974379504,1738940.0,2125385.0,1304.0,1128.0
SDOT,99.58366693354684,369460.0,2614330.0,2931.0,948.0
FBRX,99.56765412329864,6061840.0,2317445.0,418.0,1048.0
ENTX,99.55164131305044,18368240.0,4766385.0,126.0,521.0
TOP,99.53562850280224,448600.0,564290.0,2729.0,2598.0
BGMSP,99.51961569255404,498.0,915.3,6183.0,6170.0
NVCT,99.50360288230584,235540.0,293025.0,3349.0,3256.0
CPHI,99.48759007205764,1451460.0,12870420.0,1492.0,175.0
CNET,99.47157726180946,2042220.0,529045.0,1148.0,2671.0
CIIT,99.45556445156126,191660.0,439165.0,3528.0,2874.0
TMCI,99.43955164131305,315700.0,416090.0,3079.0,2922.0
SMWB,99.42353883106485,621580.0,945790.0,2393.0,2017.0
CORT,99.40752602081665,1858860.0,1341045.0,1248.0,1609.0
TXG,99.39151321056845,2399880.0,2874265.0,985.0,873.0
MBX,99.37550040032026,508620.0,760880.0,2603.0,2278.0
LQDA,99.35948759007206,1363880.0,1435265.0,1554.0,1537.0
AMPG,99.34347477982386,2182600.0,2795395.0,1086.0,895.0
TTRX,99.32746196957567,76040.0,136180.0,4300.0,3974.0
ENGS,99.31144915932745,1298780.0,1142830.0,1597.0,1799.0
TGHL,99.29543634907925,317420.0,13958820.0,3077.0,161.0
GNTA,99.27942353883107,74880.0,85095.0,4311.0,4340.0
RRGB,99.26341072858287,148780.0,154830.0,3755.0,3863.0
ASTC,99.24739791833467,62560.0,82440.0,4449.0,4369.0
STAK,99.23138510808647,21903720.0,10353535.0,100.0,221.0
RYOJ,99.21537229783827,92760.0,98940.0,4165.0,4215.0
MNPR,99.19935948759007,356580.0,273940.0,2975.0,3337.0
RXT,99.18334667734187,6581040.0,15492785.0,382.0,146.0
PSNL,99.16733386709367,3027120.0,5301730.0,810.0,463.0
APPS,99.15132105684548,2269620.0,2985660.0,1041.0,834.0
VEEE,99.13530824659728,913920.0,6832135.0,1989.0,357.0
SNOW,99.11929543634908,5808240.0,4721635.0,437.0,528.0
ADIL,99.10328262610089,66660.0,42185.0,4412.5,4831.0
SLS,99.08726981585268,7168840.0,8067905.0,347.0,301.0
DFTX,99.07125700560448,1638480.0,1887530.0,1366.0,1246.0
QURE,99.05524419535628,2326960.0,1568545.0,1015.0,1443.0
ALOT,99.03923138510808,119200.0,132730.0,3958.0,4001.0
CRNX,99.02321857485988,2721800.0,8830690.0,895.0,273.0
BJRI,99.0072057646117,590580.0,471325.0,2436.0,2797.0
INM,98.9911929543635,256420.0,2758505.0,3269.0,910.0
AGEN,98.9751801441153,2024520.0,10886780.0,1155.0,201.0
CBRL,98.9591673338671,1013460.0,958085.0,1873.0,2001.0
WALD,98.94315452361889,414540.0,367765.0,2813.0,3040.0
BLLN,98.92714171337069,578340.0,624100.0,2462.0,2495.0
ATEX,98.9111289031225,324020.0,383030.0,3059.0,2996.0
SYBX,98.8951160928743,659500.0,172390.0,2338.0,3763.0
GREE,98.8791032826261,426959.6,417085.65,2774.0,2921.0
MAAS,98.8630904723779,47640.0,124310.0,4636.0,4052.0
DELL,98.8470776621297,6299220.0,6807705.0,405.0,359.0
TRVG,98.83106485188151,63360.0,82745.0,4441.0,4365.0
AMC,98.81505204163331,45597540.0,53708790.0,33.0,15.0
BDSX,98.79903923138511,64260.0,66230.0,4432.0,4521.0
HCHL,98.78302642113691,0.0,0.0,6301.5,6308.5
JXG,98.76701361088871,680.0,3140.0,6155.5,5994.0
NPT,98.75100080064051,19920.0,123500.0,5188.5,4057.0
ERAS,98.73498799039231,3684040.0,4841400.0,674.0,512.0
ETS,98.71897518014411,55680.0,72540.0,4539.0,4454.0
UTZ,98.70296236989591,4180120.0,6750595.0,598.0,362.0
DDOG,98.68694955964772,4184420.0,4062795.0,597.0,628.0
NSP,98.67093674939952,827100.0,682625.0,2113.0,2403.0
OKTA,98.65492393915132,2221380.0,2886045.0,1067.0,867.0
CDNA,98.63891112890312,902020.0,1109860.0,2012.0,1835.0
FCEL,98.62289831865493,9303560.0,11730460.0,256.0,192.0
NSIT,98.60688550840673,393980.0,360570.0,2868.0,3061.0
BZH,98.59087269815852,268380.0,405550.0,3230.0,2946.0
SEZL,98.57485988791032,459480.0,603230.0,2696.0,2534.0
GRPN,98.55884707766212,1283040.0,1493795.0,1614.0,1496.0
SMTI,98.54283426741392,756820.0,240375.0,2195.5,3456.0
VCYT,98.52682145716574,909880.0,1005290.0,1999.0,1944.0
REPL,98.51080864691754,10007820.0,4684645.0,237.0,534.0
EDHL,98.49479583666934,40700.0,353660.0,4743.0,3083.0
MRVI,98.47878302642114,1940440.0,2841115.0,1199.0,885.0
SI,98.46277021617294,103820.0,101440.0,4073.0,4192.0
PCTTU,98.44675740592474,0.0,0.0,6301.5,6308.5
LPRO,98.43074459567654,1520780.0,1899210.0,1440.0,1240.0
BRKR,98.41473178542834,2057800.0,1989690.0,1138.0,1193.0
PANW,98.39871897518015,6012240.0,6715385.0,424.0,367.0
NEO,98.38270616493195,3985120.0,3114320.0,631.0,803.0
URGN,98.36669335468375,485160.0,742620.0,2654.0,2304.0
PTRN,98.35068054443555,1470400.0,1924195.0,1475.0,1228.0
PAMT,98.33466773418735,13680.0,18765.0,5395.5,5319.0
PLSE,98.31865492393915,546660.0,358345.0,2518.0,3068.0
UFI,98.30264211369095,114920.0,120710.0,3990.0,4075.0
MAN,98.28662930344275,1484600.0,1619705.0,1466.0,1409.0
AVTR,98.27061649319455,21876720.0,12617240.0,101.0,180.0
PTLE,98.25460368294637,10640.0,55070.0,5506.0,4662.0
MCS,98.23859087269817,359920.0,224065.0,2963.0,3518.0
FTNT,98.22257806244995,7405820.0,5379110.0,334.0,457.0
SMJF,98.20656525220176,1238940.0,939300.0,1656.5,2026.0
HYLN,98.19055244195356,2617420.0,2802130.0,923.0,893.0
EVER,98.17453963170536,575640.0,642150.0,2468.0,2462.0
CBZ,98.15852682145717,4876620.0,1704065.0,515.0,1359.0
ATAI,98.14251401120897,13465560.0,20914515.0,176.0,94.0
CAKE,98.12650120096077,2517320.0,1735495.0,948.0,1346.0
ULCC,98.11048839071258,5186820.0,4311585.0,481.0,584.0
RDVT,98.09447558046436,204540.0,176160.0,3478.0,3741.0
SOWG,98.07846277021616,8660.0,20515.0,5600.5,5282.0
CURV,98.06244995996798,317800.0,252585.0,3071.0,3416.0
LVLU,98.04643714971978,14020.0,58180.0,5383.0,4625.0
ADVB,98.03042433947158,1141080.0,5243380.0,1741.0,468.0
SAIH,98.01441152922338,15420.0,5535.0,5334.5,5853.0
AMWL,97.99839871897518,70260.0,151680.0,4366.0,3879.0
BFLY,97.98238590872698,6373760.0,7907655.0,397.0,304.0
LTH,97.96637309847878,3183920.0,2519705.0,765.0,978.0
OSCR,97.95036028823058,4750440.0,4534195.0,526.0,554.0
AMN,97.93434747798239,531960.0,776980.0,2542.0,2246.0
ATRA,97.91833466773419,71820.0,78025.0,4346.0,4410.0
USIO,97.90232185748599,178460.0,155230.0,3588.0,3860.0
GH,97.88630904723779,2046440.0,2160670.0,1147.0,1115.0
LIND,97.87029623698959,811320.0,765305.0,2133.0,2271.0
TNET,97.85428342674139,492880.0,371640.0,2637.0,3030.0
ADPT,97.83827061649319,3073360.0,2765795.0,795.0,904.0
PGNY,97.82225780624499,1032500.0,1110500.0,1857.0,1834.0
CYCU,97.80624499599679,127326100.0,33125015.0,5.0,47.0
MYE,97.7902321857486,582800.0,449150.0,2451.0,2843.0
CLW,97.77421937550041,378440.0,215610.0,2907.0,3563.0
EXFY,97.75820656525221,620480.0,990340.0,2394.0,1962.0
GEO,97.74219375500401,1261820.0,1620765.0,1626.0,1408.0
FATN,97.7261809447558,85020.0,75145.0,4225.0,4423.0
DHX,97.7101681345076,108380.0,136635.0,4034.0,3972.0
HPE,97.69415532425941,15721480.0,17217355.0,151.0,126.0
FRD,97.67814251401121,72440.0,87040.0,4334.5,4316.0
CLOV,97.66212970376301,3572020.0,4764360.0,702.0,522.0
VSTS,97.64611689351482,966180.0,1217270.0,1932.0,1723.0
BRKRP,97.63010408326662,19420.0,8870.0,5202.0,5674.0
AGPU,97.61409127301842,975020.0,633505.0,1922.0,2478.0
WNC,97.59807846277022,1441760.0,1535650.0,1499.0,1469.0
PYXS,97.58206565252202,1029360.0,1056710.0,1861.0,1890.0
CSTE,97.56605284227382,72460.0,148510.0,4333.0,3902.0
ETON,97.55004003202562,588800.0,542615.0,2443.0,2635.0
TWST,97.53402722177742,1383780.0,1361570.0,1542.0,1595.0
COMP,97.51801441152922,11494900.0,12547745.0,202.0,182.0
BAX,97.50200160128102,9926860.0,6553335.0,241.0,375.0
XNCR,97.48598879103282,1039580.0,1068095.0,1850.0,1873.0
IART,97.46997598078462,1468220.0,1021330.0,1479.0,1929.0
APGE,97.45396317053643,870240.0,1252635.0,2056.0,1696.0
AMBQ,97.43795036028823,832100.0,542280.0,2106.0,2639.0
PBF,97.42193755004003,3819860.0,3142765.0,657.0,794.0
XMTR,97.40592473979184,738800.0,848940.0,2217.0,2140.0
SUNE,97.38991192954364,191700.0,6186220.0,3526.0,402.0
SIF,97.37389911929543,109840.0,131665.0,4025.0,4008.0
RFL,97.35788630904723,94140.0,181415.0,4154.0,3716.0
SNAL,97.34187349879903,122920.0,499628.0,3937.0,2730.0
ANY,97.32586068855083,2115760.0,970135.0,1116.0,1986.0
HPE-PC,97.30984787830265,85011.2,144515.95,4226.0,3927.0
SLN,97.29383506805445,712720.0,530445.0,2262.0,2662.0
BOLD,97.27782225780625,124940.0,190130.0,3919.5,3685.0
KMX,97.26180944755805,3039960.0,2856625.0,806.0,878.0
PENG,97.24579663730985,3222260.0,5071200.0,760.0,487.0
TLIH,97.22978382706164,4700.0,8085.0,5813.0,5711.5
FA,97.21377101681345,1553080.0,1864395.0,1423.0,1264.0
BMHL,97.19775820656525,1920.0,2010.0,6036.5,6081.0
DRTS,97.18174539631705,614540.0,738080.0,2402.0,2309.0
CRWD,97.16573258606886,7385480.0,8565295.0,335.0,281.0
ELMD,97.14971977582066,66900.0,128110.0,4409.0,4028.0
BLMN,97.13370696557246,1572920.0,1694645.0,1409.0,1363.0
CABR,97.11769415532426,36240.0,59240.0,4839.0,4604.0
MKDW,97.10168134507606,3020.0,3870.0,5937.5,5947.0
NTAP,97.08566853482786,2298980.0,2652310.0,1029.0,939.0
FORR,97.06965572457966,100040.0,130680.0,4109.5,4015.0
HPP,97.05364291433146,797980.0,695775.0,2150.0,2384.0
TENB,97.03763010408326,4026600.0,3891775.0,622.0,659.0
FTRE,97.02161729383508,2223940.0,1375435.0,1066.0,1579.0
CLDT,97.00560448358686,339240.0,332225.0,3015.0,3135.0
GENI,96.98959167333867,7498240.0,4986305.0,327.0,498.0
DVA,96.97357886309047,579760.0,674810.0,2459.0,2417.0
ENVA,96.95756605284227,538400.0,395600.0,2533.0,2972.0
AGYS,96.94155324259408,396560.0,300940.0,2857.0,3231.0
MEI,96.92554043234588,490960.0,631660.0,2641.0,2482.0
CRSR,96.90952762209768,1481400.0,1422325.0,1469.0,1546.0
HUM,96.89351481184949,2166800.0,1514225.0,1094.0,1483.0
KELYA,96.87750200160127,330980.0,340150.0,3038.5,3119.0
HELP,96.86148919135307,1157780.0,1662010.0,1727.0,1378.0
HNGE,96.84547638110489,1292860.0,1566590.0,1600.0,1445.0
BWEN,96.82946357085669,845200.0,515975.0,2088.0,2698.0
ACMR,96.81345076060849,1334920.0,1220575.0,1574.0,1717.0
QH,96.79743795036029,41120.0,41550.0,4736.0,4840.0
HAE,96.78142514011209,703340.0,632200.0,2271.0,2481.0
QLYS,96.76541232986389,747980.0,766710.0,2206.0,2265.0
TLPH,96.7493995196157,166240.0,432250.0,3663.0,2891.0
BBY,96.7333867093675,2856260.0,3363215.0,860.0,748.0
MAX,96.7173738991193,913880.0,1079255.0,1991.0,1860.0
NUVB,96.7013610888711,5958760.0,6484680.0,428.0,383.0
MU,96.6853482786229,56248860.0,46898815.0,23.0,23.0
TWIN,96.6693354683747,74520.0,100670.0,4316.0,4198.0
ACVA,96.65332265812651,2312260.0,2934760.0,1022.0,848.0
BB,96.6373098478783,16116120.0,22259910.0,148.0,87.0
JZXN,96.6212970376301,3145300.0,10265465.0,774.0,227.0
LILA,96.6052842273819,761220.0,634185.0,2189.0,2477.0
NAAS,96.5892714171337,20640.0,26925.0,5169.5,5116.0
XGN,96.5732586068855,189280.0,231860.0,3536.0,3485.0
CYRX,96.55724579663732,550200.0,644155.0,2512.0,2460.0
GP,96.54123298638912,115660.0,202985.0,3984.0,3615.0
BLFS,96.52522017614092,1576340.0,1563295.0,1407.0,1448.0
TGTX,96.5092073658927,2241900.0,2087145.0,1053.0,1149.0
EAT,96.49319455564451,1048480.0,1067785.0,1836.0,1874.0
ZBIO,96.47718174539631,770040.0,853450.0,2181.0,2132.0
COOK,96.46116893514812,45360.0,70965.0,4664.5,4475.5
BIOA,96.44515612489992,766780.0,579060.0,2185.0,2571.0
FROG,96.42914331465172,2366000.0,2254760.0,999.0,1078.0
FENC,96.41313050440353,95920.0,144460.0,4140.0,3929.0
GITS,96.39711769415533,14700.0,31005.0,5359.5,5027.0
ALAB,96.38110488390711,4970420.0,4522720.0,503.0,556.0
QMCO,96.36509207365893,1120760.0,875915.0,1757.0,2100.0
RYAN,96.34907926341073,2929020.0,2072725.0,842.0,1158.0
ACCL,96.33306645316253,35320.0,35600.0,4857.0,4953.0
RLAY,96.31705364291433,2596960.0,2764115.0,929.0,905.0
CPIX,96.30104083266613,81480.0,122620.0,4258.0,4064.0
CTRN,96.28502802241793,140240.0,144595.0,3821.5,3925.0
UMAC,96.26901521216973,3355760.0,3416865.0,733.0,740.0
TONX,96.25300240192153,295980.0,369535.0,3132.5,3037.0
VOR,96.23698959167334,852060.0,1262690.0,2076.0,1683.0
CXW,96.22097678142514,787640.0,1111250.0,2162.0,1830.0
RZLT,96.20496397117694,996000.0,1462580.0,1898.0,1515.0
ICLR,96.18895116092875,1334480.0,813730.0,1576.0,2184.0
IQV,96.17293835068055,2458380.0,1437300.0,963.0,1534.0
LFST,96.15692554043235,2119980.0,3079100.0,1114.0,811.0
DSY,96.14091273018414,14320.0,1197180.0,5374.0,1740.0
TACT,96.12489991993594,10180.0,19325.0,5525.0,5308.0
RLJ,96.10888710968774,1592300.0,1767605.0,1399.0,1324.0
ORKA,96.09287429943956,863980.0,1193130.0,2063.0,1746.0
BZFD,96.07686148919136,1165720.0,858165.0,1721.0,2126.0
ILMN,96.06084867894316,1922060.0,1784580.0,1203.0,1315.0
YMAT,96.04483586869496,133860.0,502576.0,3862.0,2722.0
RAL,96.02882305844676,2637480.0,1754020.0,920.0,1333.0
HLP,96.01281024819855,117840.0,2786345.0,3965.0,900.0
SYRE,95.99679743795036,1012600.0,1131795.0,1875.0,1807.0
GSHD,95.98078462770216,839640.0,657505.0,2092.0,2438.0
VPG,95.96477181745396,665840.0,520670.0,2323.0,2683.0
DAO,95.94875900720577,49820.0,55795.0,4606.0,4652.5
ALKS,95.93274619695757,2404000.0,1804430.0,982.0,1300.0
MNKD,95.91673338670937,5228820.0,4735855.0,478.0,527.0
LXRX,95.90072057646117,2451240.0,2712205.0,966.0,926.0
FNWD,95.88470776621297,16960.0,24985.0,5276.5,5160.0
AVAH,95.86869495596477,1870520.0,2124865.0,1240.0,1129.0
LILAK,95.85268214571657,1397740.0,1446620.0,1536.0,1530.0
RPD,95.83666933546837,2393500.0,2957395.0,990.0,840.0
UMC,95.82065652522017,21543700.0,17192875.0,104.0,128.0
WYFI,95.80464371497199,2147320.0,2918345.0,1102.0,856.0
VRNS,95.78863090472379,3002700.0,2139755.0,822.0,1124.0
LGPS,95.77261809447558,64920.0,5493800.0,4428.0,449.0
NAVN,95.75660528422738,3290640.0,4154880.0,746.0,608.0
CCXIU,95.74059247397918,28820.0,28450.0,4965.5,5090.0
DYN,95.72457966373098,2952420.0,2752560.0,837.0,912.0
KELYB,95.7085668534828,980.0,1140.0,6121.5,6147.5
MLKN,95.6925540432346,629800.0,713800.0,2382.0,2351.0
GRAN,95.6765412329864,2100.0,17865.0,6020.5,5345.0
WKC,95.6605284227382,2293120.0,1409305.0,1031.0,1557.0
LXEH,95.64451561248998,15360.0,30055.0,5339.5,5054.0
APYX,95.62850280224178,61280.0,59120.0,4469.0,4607.0
PACS,95.6124899919936,878580.0,873765.0,2043.0,2102.0
IHT,95.5964771817454,12460.0,26660.0,5441.0,5122.0
FSEA,95.5804643714972,5700.0,8180.0,5747.0,5703.0
TWFG,95.564451561249,182800.0,133125.0,3570.0,3996.0
ACOG,95.5484387510008,88100.0,101790.0,4202.0,4190.0
MOV,95.5324259407526,173140.0,193690.0,3620.0,3664.0
CIB,95.5164131305044,374280.0,260995.0,2920.0,3382.0
CHEF,95.5004003202562,936260.0,631605.0,1959.0,2483.0
LAD,95.484387510008,675620.0,361640.0,2311.0,3056.0
CALC,95.4683746997598,245200.0,300815.0,3303.0,3233.0
ACHV,95.45236188951161,1058820.0,1376335.0,1827.0,1578.0
PGEN,95.43634907926342,3862260.0,3785590.0,647.0,683.0
BBAR,95.42033626901521,363860.0,504410.0,2946.0,2720.0
PAYO,95.40432345876701,5480980.0,3518130.0,451.0,722.0
WHLRL,95.38831064851881,11027.4,3624.7,5490.0,5968.0
JILL,95.37229783827061,69380.0,81495.0,4380.0,4383.0
MGNI,95.35628502802241,1951780.0,2300290.0,1193.0,1061.0
DYAI,95.34027221777423,161340.0,270790.0,3691.0,3347.0
CLMB,95.32425940752603,179740.0,158280.0,3583.0,3842.0
HRB,95.30824659727783,1836880.0,1872565.0,1256.0,1256.0
WEST,95.29223378702963,369180.0,463155.0,2934.0,2817.0
HMR,95.27622097678142,55780.0,71235.0,4537.0,4471.0
SN,95.26020816653322,1245260.0,1529865.0,1641.0,1473.0
WFF,95.24419535628503,9140.0,247195.0,5571.0,3435.0
THRM,95.22818254603683,788240.0,504955.0,2160.0,2719.0
NCI,95.21216973578863,527980.0,359980.0,2554.0,3063.0
MYPS,95.19615692554044,239140.0,629495.0,3327.0,2488.0
AMD,95.18014411529224,32877460.0,27968340.0,53.0,60.0
INNV,95.16413130504404,204900.0,284020.0,3474.0,3293.0
ICUI,95.14811849479584,313920.0,281470.0,3080.0,3308.0
IMVT,95.13210568454764,968720.0,1007440.0,1930.0,1942.0
SEPN,95.11609287429944,214400.0,413500.0,3441.0,2926.0
AIRJ,95.10008006405124,1458540.0,1402135.0,1485.0,1560.0
VRDN,95.08406725380304,1620380.0,1790810.0,1380.0,1311.0
OTGAW,95.06805444355484,17780.0,5550.0,5244.0,5852.0
FNKO,95.05204163330664,1097460.0,736780.0,1780.0,2316.0
RHI,95.03602882305844,3581100.0,2731040.0,698.0,920.0
LCUT,95.02001601281025,151820.0,138410.0,3737.0,3964.0
WYHG,95.00400320256205,27780.0,54200.0,4982.0,4671.0
OABI,94.98799039231385,283260.0,460370.0,3172.0,2825.0
AMRX,94.97197758206565,1715560.0,1837225.0,1323.0,1280.0
GALT,94.95596477181746,321920.0,552055.0,3063.0,2616.0
AIRS,94.93995196156926,352980.0,403350.0,2981.0,2953.0
DK,94.92393915132105,1186960.0,1181205.0,1695.0,1759.0
UHAL,94.90792634107285,155520.0,177350.0,3718.0,3735.0
STRZ,94.89191353082465,124340.0,149075.0,3929.0,3894.0
AVTX,94.87590072057645,901860.0,1011495.0,2013.0,1939.0
TKNO,94.85988791032827,97740.0,126715.0,4128.0,4032.0
ROMA,94.84387510008007,6940.0,22320.0,5688.5,5232.0
FTK,94.82786228983187,364920.0,325545.0,2943.0,3157.0
GCBC,94.81184947958367,20520.0,41370.0,5174.0,4846.0
GLBS,94.79583666933547,89880.0,124010.0,4189.0,4055.0
CMCO,94.77982385908726,1036340.0,677805.0,1853.0,2411.0
ATLC,94.76381104883907,175060.0,173525.0,3609.0,3757.0
BH,94.74779823859087,269320.0,140755.0,3225.0,3956.0
IPAR,94.73178542834268,219460.0,303025.0,3416.0,3225.0
PD,94.71577261809448,1381120.0,1607875.0,1543.0,1419.0
BBNX,94.69975980784628,1386780.0,1109700.0,1538.0,1836.0
ATRC,94.68374699759808,1242100.0,945430.0,1653.0,2018.0
CON,94.66773418734988,786800.0,863495.0,2164.0,2118.0
FATE,94.65172137710168,1245860.0,2510155.0,1640.0,982.0
PTGX,94.63570856685348,422900.0,708255.0,2788.0,2362.0
JCTC,94.61969575660528,8900.0,19250.0,5592.0,5309.0
NRIX,94.60368294635708,1136280.0,1178880.0,1746.0,1762.0
CARL,94.5876701361089,99460.0,142740.0,4117.0,3942.5
KRT,94.5716573258607,125740.0,122950.0,3908.0,4060.0
GEN,94.55564451561249,3839380.0,3947095.0,652.0,647.0
VAC,94.53963170536429,430380.0,402350.0,2765.0,2955.0
MEDP,94.52361889511609,510200.0,401185.0,2597.0,2959.0
HUT,94.50760608486789,5000920.0,4354565.0,498.0,578.0
LITB,94.4915932746197,3320.0,4410.0,5923.0,5913.0
W,94.4755804643715,3821940.0,2916910.0,656.0,857.0
PRCH,94.4595676541233,2152420.0,1800845.0,1100.0,1301.0
ASH,94.4435548438751,1288900.0,741165.0,1606.0,2305.0
NBIX,94.42754203362689,1350660.0,1162825.0,1567.0,1783.0
JCSE,94.4115292233787,7900.0,10450.0,5633.5,5611.0
IP,94.39551641313051,7883380.0,5728850.0,302.0,427.0
FBIO,94.37950360288231,403720.0,566450.0,2839.0,2594.0
HIW,94.36349079263411,2252180.0,1648395.0,1048.0,1393.0
IMRN,94.34747798238591,22300.0,51425.0,5113.0,4707.5
ACU,94.33146517213771,53860.0,22080.0,4561.5,5237.5
ALGT,94.31545236188951,464700.0,464610.0,2687.0,2813.0
PRGS,94.29943955164131,702200.0,657775.0,2274.0,2436.0
KTCC,94.28342674139311,12000.0,10500.0,5462.5,5605.0
KSS,94.26741393114492,3430760.0,3400685.0,723.0,742.0
LIVN,94.25140112089672,516680.0,558060.0,2581.0,2609.0
SKWD,94.23538831064852,426100.0,559470.0,2777.0,2606.0
UAL,94.21937550040032,4013300.0,4574125.0,625.0,550.0
HWH,94.20336269015212,21000.0,25880.0,5161.5,5135.0
NDLS,94.18734987990392,168280.0,68005.0,3651.0,4498.0
GTLB,94.17133706965572,3861880.0,4106315.0,648.0,620.0
SAFT,94.15532425940752,1025040.0,333695.0,1865.0,3132.0
SCSC,94.13931144915932,172760.0,177610.0,3623.0,3733.0
NVEC,94.12329863891112,307660.0,295955.0,3100.0,3252.0
LINK,94.10728582866294,9460.0,16170.0,5559.0,5406.0
DLTR,94.09127301841474,2136360.0,2760280.0,1110.0,908.0
ZYBT,94.07526020816654,680860.0,11721590.0,2302.0,193.0
LASE,94.05924739791833,2579060.0,3788410.0,933.0,680.0
OXBR,94.04323458767013,20120.0,47300.0,5184.0,4764.0
NEXN,94.02722177742193,529620.0,489205.0,2548.0,2760.0
PK,94.01120896717374,3816680.0,3883285.0,659.0,662.0
NXDR,93.99519615692554,2016160.0,2358555.0,1163.0,1037.0
THC,93.97918334667735,2240060.0,1511530.0,1054.0,1484.0
NNBR,93.96317053642915,1519080.0,1954435.0,1441.0,1208.0
BHVN,93.94715772618095,1988180.0,2150690.0,1177.0,1119.0
BSET,93.93114491593275,42600.0,73700.0,4712.0,4440.0
CRL,93.91513210568455,889300.0,843900.0,2030.0,2146.0
BTSG,93.89911929543635,2329980.0,4366975.0,1014.0,576.0
ODC,93.88310648518815,85040.0,112405.0,4224.0,4127.0
PKOH,93.86709367493995,71240.0,73140.0,4354.0,4448.0
ABSI,93.85108086469175,3030080.0,3877395.0,808.0,663.0
FLXS,93.83506805444355,61340.0,47460.0,4466.5,4761.0
RH,93.81905524419535,732500.0,755270.0,2231.0,2284.0
BMA,93.80304243394716,226640.0,229455.0,3381.0,3495.0
CJMB,93.78702962369896,4178480.0,6207485.0,599.0,399.0
KNSA,93.77101681345076,1331100.0,773770.0,1579.0,2252.0
MANH,93.75500400320256,1458100.0,891360.0,1486.0,2076.0
BTSGU,93.73899119295437,5280.0,22895.0,5776.0,5212.0
JACK,93.72297838270617,824120.0,890850.0,2116.0,2078.0
NTNX,93.70696557245796,2742180.0,3095765.0,886.0,808.0
INTA,93.69095276220976,810720.0,725985.0,2135.0,2332.0
LSF,93.67493995196156,39080.0,35645.0,4777.0,4951.0
DOC,93.65892714171336,6317380.0,6000840.0,403.0,411.0
VNO,93.64291433146518,1980300.0,1737660.0,1180.0,1343.0
INN,93.62690152121698,1067740.0,942440.0,1813.0,2024.0
DAVE,93.61088871096878,414360.0,467535.0,2814.0,2808.0
KLC,93.59487590072058,495800.0,495980.0,2632.0,2744.0
AOUT,93.57886309047238,70220.0,102745.0,4367.5,4181.0
IMAX,93.56285028022417,1803100.0,1542985.0,1276.0,1461.0
AXTA,93.54683746997598,1942160.0,1621585.0,1197.0,1407.0
ANGX,93.53082465972778,1152680.0,1312365.0,1732.0,1636.0
DIN,93.51481184947959,207560.0,248910.0,3467.0,3428.0
ZIP,93.49879903923139,693260.0,509135.0,2285.0,2711.0
RCKY,93.48278622898319,116400.0,64005.0,3978.0,4550.0
PMN,93.46677341873499,454500.0,197340.0,2708.0,3641.0
SIBN,93.45076060848679,555120.0,538580.0,2504.0,2645.0
PEB,93.43474779823859,2396780.0,2182195.0,987.0,1107.0
OSUR,93.41873498799039,260460.0,360865.0,3253.0,3059.0
CBL,93.40272217774219,308940.0,303935.0,3096.0,3224.0
TBLA,93.38670936749399,1793340.0,2476205.0,1281.0,1000.0
PRKS,93.3706965572458,764980.0,587745.0,2186.0,2557.0
ANGO,93.35468374699761,416900.0,552535.0,2801.5,2615.0
ANDG,93.3386709367494,516840.0,373280.0,2580.0,3024.0
AVR,93.3226581265012,1032120.0,1095835.0,1859.0,1848.0
MMSI,93.306645316253,1176180.0,792390.0,1706.0,2216.5
STGW,93.2906325060048,1425220.0,1123440.0,1515.0,1816.0
TDUP,93.2746196957566,1282160.0,1416845.0,1615.0,1553.0
OTLY,93.25860688550841,334320.0,212595.0,3033.0,3577.0
XRX,93.24259407526021,7537100.0,3696075.0,321.0,694.0
NHC,93.22658126501202,93960.0,108005.0,4155.0,4149.0
BWFG,93.2105684547638,75480.0,86335.0,4305.0,4324.0
DCO,93.1945556445156,256500.0,321290.0,3268.0,3168.0
CARE,93.17854283426742,435500.0,379350.0,2759.0,3005.0
PAG,93.16253002401922,589560.0,515380.0,2438.0,2699.0
YEXT,93.14651721377102,1089340.0,1118660.0,1787.0,1820.0
PAYS,93.13050440352282,535040.0,488945.0,2539.0,2761.0
FLGT,93.11449159327462,220680.0,234085.0,3408.0,3475.0
TXRH,93.09847878302642,841240.0,843425.0,2090.0,2147.0
MNTK,93.08246597277822,278460.0,184425.0,3189.5,3705.0
AKTX,93.06645316253002,36500.0,56370.0,4829.0,4641.0
FBIOP,93.05044035228183,13500.0,13195.0,5406.0,5495.0
QDEL,93.03442754203363,1072900.0,1125015.0,1806.0,1812.0
AXON,93.01841473178543,798000.0,849630.0,2149.0,2138.0
MAGN,93.00240192153723,334980.0,393740.0,3030.0,2977.0
STI,92.98638911128904,82260.0,150100.0,4251.5,3888.0
JHX,92.97037630104083,8042900.0,6934755.0,297.0,352.0
ESTA,92.95436349079263,382460.0,456935.0,2893.0,2830.0
SAIL,92.93835068054443,3140780.0,4032480.0,775.0,635.0
PHOE,92.92233787029623,39780.0,68500.0,4759.0,4495.0
SKYW,92.90632506004803,604680.0,467305.0,2421.0,2809.0
ELF,92.89031224979985,2084820.0,2366060.0,1126.0,1035.0
IFS,92.87429943955165,327480.0,215795.0,3047.5,3562.0
XERS,92.85828662930345,994440.0,1786320.0,1901.0,1313.0
WSM,92.84227381905524,790840.0,893280.0,2156.0,2071.0
SAH,92.82626100880704,310220.0,270350.0,3090.0,3350.0
FRMI,92.81024819855884,21909400.0,18752560.0,99.0,114.0
CCS,92.79423538831065,326020.0,288840.0,3053.0,3272.0
HSTM,92.77822257806245,166680.0,170530.0,3658.5,3769.0
UFCS,92.76220976781426,132300.0,158605.0,3874.0,3838.0
PESI,92.74619695756606,400040.0,528890.0,2850.0,2672.0
CNK,92.73018414731786,3138600.0,2757865.0,776.0,911.0
BBVA,92.71417133706964,1556320.0,1251335.0,1420.0,1698.0
HCAT,92.69815852682146,477420.0,678830.0,2669.0,2405.0
UFPT,92.68214571657326,212180.0,216100.0,3448.5,3559.5
BFH,92.66613290632506,827160.0,720475.0,2112.0,2341.0
PNTG,92.65012009607686,207540.0,286605.0,3468.0,3282.0
GEF,92.63410728582866,350740.0,239645.0,2984.0,3458.0
VIK,92.61809447558046,1989260.0,2016880.0,1175.0,1178.0
PFGC,92.60208166533226,1547200.0,1632765.0,1426.0,1398.0
RDI,92.58606885508406,33020.0,35415.0,4899.0,4956.0
CLRO,92.57005604483587,29700.0,9656210.0,4953.0,247.0
IMUX,92.55404323458767,106540.0,148980.0,4048.0,3895.0
KFRC,92.53803042433947,381300.0,281920.0,2898.0,3307.0
TECH,92.52201761409127,5194460.0,4313590.0,480.0,583.0
HEI,92.50600480384308,440320.0,435680.0,2749.0,2883.0
INOD,92.48999199359488,1065740.0,963975.0,1818.0,1991.0
SHOO,92.47397918334667,1192620.0,953990.0,1693.0,2003.0
VSME,92.45796637309847,88700.0,126590.0,4197.0,4036.0
RVTY,92.44195356285027,1721880.0,1330015.0,1314.0,1620.0
NOMD,92.42594075260209,1632600.0,1442135.0,1372.0,1532.0
SWAG,92.40992794235389,41920.0,27355.0,4722.0,5112.0
CADL,92.39391513210569,1251380.0,1311330.0,1634.0,1639.0
JRSH,92.37790232185749,53860.0,78085.0,4561.5,4408.0
WHLRP,92.36188951160929,2280.0,7345.0,5997.5,5744.0
HVT-A,92.34587670136108,1020.0,390.0,6115.0,6228.0
CNMD,92.3298638911129,649620.0,806460.0,2351.0,2189.0
OSG,92.3138510808647,305940.0,337000.0,3103.0,3127.0
AMTB,92.2978382706165,748320.0,435280.0,2205.0,2885.0
GHRS,92.2818254603683,254100.0,286625.0,3276.0,3281.0
BOW,92.2658126501201,128040.0,164715.0,3896.0,3800.0
EDRY,92.2497998398719,134200.0,91665.0,3860.0,4280.0
EWTX,92.2337870296237,913520.0,992320.0,1993.0,1959.0
MAMA,92.2177742193755,424780.0,615190.0,2781.0,2512.0
AAL,92.2017614091273,73352960.0,124810585.0,13.0,2.0
EXTR,92.1857485988791,1329780.0,1733130.0,1580.0,1348.0
WLY,92.1697357886309,449612.6,512526.55,2725.0,2706.0
OCC,92.1537229783827,192300.0,235330.0,3523.0,3472.0
BBSI,92.13771016813452,261120.0,206715.0,3250.0,3603.0
AERT,92.12169735788632,15540.0,22300.0,5331.0,5233.0
VCEL,92.1056845476381,536220.0,516910.0,2536.0,2691.0
DNLI,92.0896717373899,1501960.0,1724590.0,1456.0,1351.0
CLPT,92.07365892714171,484000.0,496380.0,2658.5,2742.0
M,92.05764611689351,5127560.0,4740075.0,485.0,524.0
YETI,92.04163330664532,1147620.0,1061710.0,1739.0,1882.0
AIRT,92.02562049639712,2280.0,11180.0,5997.5,5580.0
ACIW,92.00960768614893,768500.0,1026410.0,2183.0,1923.0
KINS,91.99359487590073,89100.0,115745.0,4194.0,4105.0
HBT,91.97758206565251,164320.0,145630.0,3672.0,3915.0
RVMD,91.96156925540431,1844100.0,1979200.0,1251.0,1197.0
MNST,91.94555644515613,5573660.0,5704900.0,446.0,429.0
RBCAA,91.92954363490793,123080.0,117560.0,3936.0,4093.0
ETSY,91.91353082465973,2370480.0,2476085.0,994.0,1001.0
PULM,91.89751801441153,13000.0,21080.0,5416.0,5267.0
LGND,91.88150520416333,329780.0,332250.0,3040.0,3134.0
ELVN,91.86549239391513,801280.0,810885.0,2147.0,2187.0
BVS,91.84947958366693,732220.0,713095.0,2233.0,2353.0
AIN,91.83346677341873,145740.0,191415.0,3771.0,3678.0
NMAX,91.81745396317054,957020.0,729215.0,1944.0,2326.0
CBUS,91.80144115292234,162460.0,468955.0,3682.0,2801.0
NP,91.78542834267414,1200660.0,785450.0,1685.0,2228.0
ELA,91.76941553242594,131460.0,133250.0,3879.0,3995.0
DAL,91.75340272217774,6288820.0,6982085.0,406.0,350.0
FBIN,91.73738991192954,2312000.0,2169025.0,1023.0,1112.0
WTW,91.72137710168134,700140.0,577495.0,2277.0,2576.0
CCSI,91.70536429143314,114360.0,128770.0,3998.0,4025.0
F,91.68935148118494,73870240.0,54757090.0,12.0,14.0
AGM,91.67333867093676,108560.0,125305.0,4033.0,4044.0
OSPN,91.65732586068856,391080.0,364905.0,2873.0,3047.0
HPQ,91.64131305044036,17448480.0,14712800.0,134.0,154.0
HALO,91.62530024019216,1898120.0,1784535.0,1218.0,1316.0
HOV,91.60928742994395,212580.0,135460.0,3447.0,3981.0
CFBK,91.59327461969575,103040.0,71855.0,4081.0,4462.0
ZBRA,91.57726180944756,815180.0,672080.0,2125.0,2423.0
NBTX,91.56124899919936,130820.0,127340.0,3883.0,4031.0
RIGL,91.54523618895116,259380.0,358520.0,3260.0,3067.0
WRLD,91.52922337870297,226120.0,147945.0,3385.0,3906.0
DINO,91.51321056845477,3360180.0,2907940.0,731.0,862.0
HMC,91.49719775820657,1422460.0,1261785.0,1517.0,1685.0
SOLV,91.48118494795837,1406480.0,1062095.0,1524.5,1881.0
CCRN,91.46517213771017,0.0,355590.65,6301.5,3076.0
CLBK,91.44915932746197,6270840.0,8888371.0,407.0,270.0
WALDW,91.43314651721377,3100.0,12005.0,5934.0,5543.0
LBRX,91.41713370696557,413100.0,320350.0,2818.0,3171.5
WLYB,91.40112089671737,68.8,333.7,6245.0,6235.0
MANU,91.38510808646917,198920.0,207720.0,3499.0,3596.0
AIFU,91.36909527622097,8480.0,10610.0,5608.0,5601.0
CLWT,91.35308246597278,16580.0,71265.0,5293.0,4469.0
CVS,91.33706965572458,7073060.0,7512015.0,355.0,334.0
AMAT,91.32105684547638,9295520.0,8839925.0,258.0,272.0
SPPL,91.30504403522818,12660.0,55965.0,5432.0,4650.0
OPHC,91.28903122498,255900.0,74445.0,3270.0,4430.0
MSBI,91.2730184147318,249220.0,190125.0,3295.0,3686.0
CPA,91.25700560448358,393000.0,299725.0,2871.0,3239.0
SCL,91.24099279423538,217740.0,149795.0,3424.0,3891.0
CLMT,91.22497998398718,1078320.0,1121200.0,1799.0,1818.0
TDAY,91.20896717373898,1631060.0,1444820.0,1373.0,1531.0
MUFG,91.1929543634908,3613060.0,3526600.0,694.0,720.0
HCWB,91.1769415532426,63660.0,59085.0,4439.0,4610.0
DBX,91.1609287429944,4573440.0,3645000.0,548.0,703.0
KYMR,91.1449159327462,537700.0,607105.0,2535.0,2526.0
LEGH,91.128903122498,167320.0,104870.0,3654.0,4170.5
TRVI,91.11289031224979,1605060.0,2616820.0,1390.0,947.0
VVX,91.0968775020016,1507500.0,706060.0,1451.0,2368.0
ARMK,91.0808646917534,2325260.0,2491395.0,1016.0,992.0
KRYS,91.0648518815052,427100.0,581935.0,2773.0,2564.0
ALK,91.048839071257,3017620.0,3256360.0,815.0,768.0
GRAL,91.03282626100881,529260.0,496940.0,2549.0,2739.0
GGAL,91.01681345076061,694720.0,995025.0,2283.0,1956.0
KLAR,91.00080064051241,2819220.0,3739290.0,868.0,690.0
SLG,90.98478783026421,1151080.0,1111665.0,1734.0,1829.0
CVU,90.96877502001601,74080.0,80640.0,4322.0,4389.0
SWK,90.95276220976781,3057760.0,1707160.0,800.0,1358.0
CDT,90.93674939951961,44320.0,258900.0,4681.5,3399.0
PRSU,90.92073658927143,207420.0,240685.0,3469.0,3455.0
CNXN,90.90472377902323,136020.0,139850.0,3844.0,3960.0
ARE,90.88871096877502,1838640.0,1589490.0,1254.0,1431.0
OII,90.87269815852682,1818960.0,1202845.0,1268.0,1735.0
PBT,90.85668534827862,136520.0,96040.0,3842.0,4243.0
TVTX,90.84067253803042,1236600.0,1257560.0,1660.0,1689.0
PARR,90.82465972778223,1063860.0,992985.0,1821.0,1957.0
SMBK,90.80864691753403,145620.0,124915.0,3772.0,4047.0
NEU,90.79263410728583,139980.0,115730.0,3823.0,4107.0
NTRA,90.77662129703764,962240.0,1103840.0,1939.0,1844.0
KIDS,90.76060848678942,143080.0,144525.0,3794.0,3926.0
WW,90.74459567654122,191060.0,126690.0,3530.0,4033.0
CUPR,90.72858286629304,11780.0,36950.0,5466.5,4929.0
DWSN,90.71257005604484,145200.0,315085.0,3777.0,3186.0
CDNL,90.69655724579664,543320.0,716815.0,2526.0,2346.0
AIR,90.68054443554844,414780.0,491070.0,2811.0,2754.0
LGIH,90.66453162530024,268040.0,259160.0,3231.5,3394.0
IDT,90.64851881505204,198720.0,193200.0,3500.0,3669.0
IBEX,90.63250600480384,76440.0,86110.0,4295.5,4329.0
TKR,90.61649319455564,833480.0,792585.0,2103.0,2215.0
DSGR,90.60048038430745,295860.0,297850.0,3135.0,3246.0
ANF,90.58446757405925,988160.0,991215.0,1905.0,1960.0
PFIS,90.56845476381105,44100.0,64810.0,4685.5,4539.0
GCTS,90.55244195356285,1863300.0,1783945.0,1246.0,1318.0
NEOG,90.53642914331465,2718640.0,1772580.0,898.0,1322.0
ICCC,90.52041633306645,16540.0,29490.0,5296.5,5066.0
ESTC,90.50440352281825,1498380.0,1605010.0,1459.0,1422.0
SHBI,90.48839071257005,272920.0,209230.0,3209.0,3588.0
GDRX,90.47237790232185,1200060.0,1007590.0,1686.0,1941.0
LOCO,90.45636509207365,159000.0,194130.0,3703.0,3659.0
KARO,90.44035228182547,129120.0,151610.0,3889.0,3880.0
JBLU,90.42433947157727,67327000.0,38823935.0,17.0,38.0
EXEL,90.40832666132907,2202620.0,2300680.0,1077.0,1060.0
BIO,90.39231385108086,370700.0,308725.0,2928.0,3208.0
TILE,90.37630104083266,278240.0,410140.0,3192.0,2934.0
HZO,90.36028823058446,404780.0,290685.0,2837.0,3264.5
CIFR,90.34427542033627,29123320.0,27176280.0,69.0,64.0
INCY,90.32826261008807,3078880.0,1945440.0,793.0,1214.0
GE,90.31224979983988,3466820.0,3968810.0,714.0,644.0
LCNB,90.29623698959168,56440.0,43625.0,4519.5,4805.0
RHP,90.28022417934348,577300.0,508655.0,2464.0,2713.0
NET,90.26421136909526,2707320.0,3003985.0,901.0,831.0
HURC,90.24819855884708,21820.0,39655.0,5135.0,4886.0
SUPV,90.23218574859888,398800.0,398815.0,2854.0,2963.0
EPC,90.21617293835068,516580.0,677435.0,2582.0,2413.0
OPLN,90.20016012810248,708540.0,783275.0,2266.0,2234.0
ABLV,90.18414731785428,30500.0,53345.0,4941.0,4682.0
CZFS,90.16813450760608,27480.0,17525.0,4988.5,5361.0
FRBA,90.15212169735788,131700.0,89765.0,3878.0,4297.0
RMNI,90.13610888710969,379160.0,322120.0,2904.0,3165.0
OUST,90.12009607686149,3151720.0,4161425.0,770.0,604.0
APLE,90.10408326661329,3428940.0,2841930.0,725.0,884.0
ALRS,90.08807045636509,310400.0,232155.0,3089.0,3483.0
DRH,90.0720576461169,2056480.0,2318345.0,1139.0,1047.0
SMHI,90.0560448358687,229760.0,133720.0,3366.0,3991.0
FGNX,90.04003202562049,147160.0,135120.0,3763.0,3982.0
MRX,90.02401921537229,641960.0,738055.0,2366.0,2310.0
SJM,90.00800640512409,1527140.0,1548080.0,1437.0,1459.0
DNTH,89.9919935948759,818980.0,932285.0,2121.0,2031.0
AMLX,89.97598078462771,2647940.0,1684220.0,913.0,1366.0
FMAO,89.95996797437951,98080.0,78515.0,4126.0,4405.0
VCTR,89.94395516413131,334740.0,446855.0,3032.0,2853.0
WAT,89.92794235388311,809700.0,788950.0,2137.0,2221.0
DERM,89.91192954363491,168440.0,156635.0,3650.0,3849.0
IDYA,89.8959167333867,892640.0,949590.0,2023.0,2008.0
MHK,89.87990392313851,1051560.0,779280.0,1832.0,2238.0
XHR,89.86389111289031,804860.0,638840.0,2144.0,2466.0
LW,89.84787830264212,2920560.0,2055255.0,844.0,1164.0
ZSPC,89.83186549239392,21160.0,22645.0,5158.0,5223.0
PAYX,89.81585268214572,3997740.0,3262125.0,629.0,767.0
PRU,89.79983987189752,2051060.0,1736000.0,1142.0,1345.0
TCMD,89.78382706164932,229620.0,223610.0,3367.5,3521.0
BAP,89.76781425140112,230240.0,274175.0,3364.0,3334.0
CERT,89.75180144115292,4844860.0,3748650.0,520.0,686.0
ING,89.73578863090472,2391980.0,2376490.0,991.0,1029.0
PSMT,89.71977582065652,216260.0,288245.0,3432.0,3275.0
RRR,89.70376301040832,605040.0,607655.0,2419.0,2524.0
STRT,89.68775020016014,85860.0,87050.0,4219.0,4315.0
CHE,89.67173738991193,185180.0,165095.0,3558.0,3798.5
THG,89.65572457966373,383400.0,350530.0,2889.0,3094.0
ENOV,89.63971176941553,986660.0,1073675.0,1906.0,1868.0
ZGN,89.62369895916733,1291360.0,1263875.0,1601.0,1682.0
WASH,89.60768614891913,140640.0,168320.0,3816.0,3780.0
GRDX,89.59167333867094,105420.0,61320.0,4053.0,4578.0
CPAY,89.57566052842274,651360.0,508720.0,2349.0,2712.0
BDL,89.55964771817455,33220.0,41225.0,4896.0,4848.0
SPT,89.54363490792633,914620.0,953005.0,1988.0,2006.0
FRSH,89.52762209767813,12992160.0,17511965.0,183.0,124.0
PCTY,89.51160928742993,822640.0,715845.0,2118.0,2349.0
CR,89.49559647718175,737060.0,504305.0,2220.0,2721.0
SVV,89.47958366693355,823480.0,719965.0,2117.0,2342.0
CUZ,89.46357085668535,2114840.0,1532385.0,1117.0,1471.0
OMDA,89.44755804643715,1474900.0,1253925.0,1474.0,1694.0
TRIP,89.43154523618895,2552840.0,2786615.0,940.0,898.0
CDP,89.41553242594075,1015640.0,923715.0,1872.0,2041.0
MT,89.39951961569255,1739720.0,1795475.0,1303.0,1305.0
PRM,89.38350680544436,1510700.0,1333910.0,1447.0,1616.0
SW,89.36749399519616,7529320.0,5512510.0,322.0,447.0
TTAN,89.35148118494796,1592580.0,1437235.0,1398.0,1535.0
USEA,89.33546837469976,58940.0,44725.0,4490.0,4792.5
CBNA,89.31945556445157,22040.0,23850.0,5124.5,5190.0
ADP,89.30344275420336,2938480.0,2386860.0,841.0,1023.0
PRTH,89.28742994395516,261680.0,330335.0,3244.5,3144.0
LH,89.27141713370696,1059940.0,772425.0,1825.0,2256.0
GRMN,89.25540432345876,1663120.0,996435.0,1348.0,1953.0
TRV,89.23939151321056,2462540.0,2111000.0,960.0,1138.0
TMO,89.22337870296238,2549440.0,2247955.0,942.0,1083.0
RAMP,89.20736589271418,685140.0,900460.0,2294.0,2062.5
CLYM,89.19135308246598,1104620.0,1195050.0,1771.0,1743.0
LNC,89.17534027221777,3103220.0,2114775.0,784.0,1135.0
SGHT,89.15932746196957,113980.0,159335.0,4001.0,3831.0
ASIC,89.14331465172137,76820.0,74060.0,4294.0,4433.0
BBCP,89.12730184147318,165600.0,197840.0,3665.0,3637.0
SE,89.11128903122498,4576640.0,4822555.0,546.0,515.0
MMM,89.09527622097679,4412600.0,3770095.0,567.0,685.0
MPC,89.07926341072859,1954300.0,2032120.0,1191.0,1175.0
WEYS,89.06325060048039,15880.0,16725.0,5321.5,5386.0
ITIC,89.04723779023217,30640.0,43180.0,4936.5,4813.0
EIG,89.03122497998399,202080.0,199645.0,3486.0,3632.0
PUBM,89.01521216973579,327280.0,422390.0,3049.0,2904.0
AAMI,88.99919935948759,484500.0,419455.0,2655.0,2914.0
TOI,88.98318654923939,1447640.0,1955480.0,1496.0,1206.0
RELL,88.96717373899119,547360.0,308500.0,2516.0,3210.0
SENEB,88.951160928743,140.0,105.0,6232.0,6267.5
ANIK,88.9351481184948,77440.0,67620.0,4288.0,4503.0
JAZZ,88.9191353082466,721360.0,707830.0,2248.0,2364.0
GRND,88.9031224979984,1743500.0,1650240.0,1301.0,1391.0
ATHM,88.8871096877502,968200.0,747085.0,1931.0,2298.0
KFFB,88.871096877502,3460.0,3865.0,5916.5,5950.0
DXCM,88.8550840672538,4776420.0,4422275.0,523.0,568.0
PTON,88.83907125700561,6964420.0,7514985.0,363.0,333.0
QUAD,88.82305844675741,408820.0,191590.0,2825.0,3676.0
AHMA,88.8070456365092,52460.0,710855.0,4579.0,2358.0
RCL,88.791032826261,3075800.0,2509515.0,794.0,983.0
NTWK,88.7750200160128,8980.0,11055.0,5581.5,5588.0
VMD,88.7590072057646,217840.0,286075.0,3423.0,3285.0
GKOS,88.74299439551642,1589640.0,883710.0,1402.0,2090.0
GTX,88.72698158526822,2605680.0,2332880.0,926.0,1042.0
RTX,88.71096877502002,7063460.0,5250470.0,356.0,467.0
PBFS,88.69495596477182,7960.0,10765.0,5631.0,5594.0
HURN,88.67894315452361,633700.0,353165.0,2377.0,3085.0
ABCL,88.66293034427542,5393060.0,5659175.0,456.0,434.0
GREEL,88.64691753402722,3500.0,5250.0,5913.5,5869.0
MTN,88.63090472377903,969680.0,773355.0,1927.0,2255.0
CTAS,88.61489191353083,2794280.0,2651865.0,876.0,940.0
VLO,88.59887910328263,2355860.0,2682800.0,1004.0,934.0
AJG,88.58286629303443,1480620.0,1511180.0,1472.0,1485.0
BNED,88.56685348278623,241880.0,396195.0,3317.0,2966.0
JOYY,88.55084067253803,390340.0,273540.0,2875.0,3338.0
ABBV,88.53482786228983,5724700.0,5969425.0,441.0,413.0
A,88.51881505204163,1888740.0,2234505.0,1225.0,1090.0
WDAY,88.50280224179343,6358620.0,4736310.0,399.0,526.0
DXST,88.48678943154523,82920.0,1320595.0,4246.0,1631.0
OSBC,88.47077662129705,509020.0,444150.0,2602.0,2863.0
RBRK,88.45476381104885,2189800.0,2576485.0,1080.0,955.0
RYTM,88.43875100080064,675800.0,635210.0,2309.0,2473.0
SBFG,88.42273819055244,20640.0,25610.0,5169.5,5142.0
KFY,88.40672538030424,412360.0,441790.0,2820.0,2868.0
MICC,88.39071257005604,812080.0,1177900.0,2131.0,1765.0
MPAA,88.37469975980785,82820.0,91040.0,4247.0,4285.0
MGTX,88.35868694955965,504420.0,766395.0,2611.0,2267.0
CLAR,88.34267413931146,83160.0,106170.0,4244.0,4163.0
STT,88.32666132906326,1895560.0,2524230.0,1220.0,977.0
THFF,88.31064851881504,95580.0,106560.0,4144.5,4161.0
CHMG,88.29463570856684,69100.0,69990.0,4384.5,4483.0
LVWR,88.27862289831866,45320120.0,12011210.0,34.0,190.0
AIZ,88.26261008807046,381720.0,337130.0,2895.0,3126.0
BOX,88.24659727782226,2695420.0,2778145.0,904.0,902.0
CYD,88.23058446757406,105080.0,137340.0,4058.0,3968.0
UBS,88.21457165732586,2207900.0,1935240.0,1073.0,1221.0
MDB,88.19855884707766,1194960.0,1324880.0,1689.0,1628.0
AMBP,88.18254603682946,5547180.0,3184720.0,447.0,782.0
MFG,88.16653322658127,4732900.0,4297180.0,528.0,587.0
GLBE,88.15052041633307,1493880.0,1417100.0,1461.0,1552.0
NMR,88.13450760608487,1204920.0,1115660.0,1678.0,1825.0
ZNTL,88.11849479583667,1033680.0,1209090.0,1854.0,1731.0
WHG,88.10248198558847,16020.0,21385.0,5316.5,5258.0
FNLC,88.08646917534027,43520.0,35475.0,4697.0,4955.0
BRO,88.07045636509207,3615100.0,2879125.0,691.0,870.0
MET,88.05444355484387,5035240.0,3710420.0,492.0,691.0
OSS,88.03843074459567,1071580.0,1137430.0,1807.0,1802.0
IX,88.02241793434747,228400.0,207505.0,3374.0,3598.0
KOP,88.00640512409927,129580.0,155235.0,3887.0,3859.0
PEBO,87.99039231385109,349180.0,307675.0,2990.0,3214.0
ACNB,87.97437950360289,106560.0,74010.0,4047.0,4435.0
HQY,87.95836669335469,789280.0,767455.0,2158.0,2263.0
NWG,87.94235388310648,4886020.0,3844725.0,512.0,669.0
PGY,87.92634107285828,3174680.0,2905690.0,766.0,863.0
AMG,87.9103282626101,243760.0,263440.0,3308.0,3370.0
SRCE,87.8943154523619,181540.0,137705.0,3576.0,3967.0
SMFG,87.8783026421137,1873480.0,1839490.0,1237.0,1279.0
ARQQ,87.8622898318655,323800.0,483505.0,3060.0,2773.0
PDM,87.8462770216173,735940.0,703350.0,2223.0,2372.0
HRL,87.8302642113691,3871740.0,3664655.0,646.0,700.0
ARCB,87.8142514011209,545300.0,377060.0,2522.0,3016.0
LOAR,87.7982385908727,629260.0,645980.0,2383.0,2455.0
ESQ,87.7822257806245,148180.0,153280.0,3759.0,3873.0
ZVIA,87.7662129703763,296760.0,522125.0,3130.0,2681.0
HFBL,87.7502001601281,1960.0,4650.0,6034.0,5902.0
XRAY,87.7341873498799,4478320.0,5121205.0,556.0,477.0
DLTH,87.7181745396317,35800.0,71745.0,4848.0,4464.0
NINE,87.7021617293835,44940.0,43670.0,4672.0,4804.0
LFVN,87.6861489191353,64060.0,124335.0,4433.0,4051.0
CSCO,87.6701361088871,22281980.0,20989430.0,96.0,93.0
DB,87.65412329863891,2218880.0,2077465.0,1069.0,1154.0
WSBC,87.63811048839071,885420.0,1042160.0,2035.0,1906.0
HIHO,87.62209767814252,362740.0,4676020.0,2949.0,535.0
SXC,87.60608486789432,2639720.0,1494040.0,918.0,1495.0
MRNA,87.59007205764611,4761100.0,6488025.0,525.0,382.0
BY,87.57405924739791,325780.0,319445.0,3054.0,3175.0
PBHC,87.55804643714971,2360.0,16935.0,5985.5,5380.0
MXCT,87.54203362690151,902940.0,1021080.0,2011.0,1930.0
DGX,87.52602081665333,1241880.0,1124905.0,1654.0,1813.0
BXP,87.51000800640513,2202620.0,1479415.0,1077.0,1503.0
AMCR,87.49399519615693,3953040.0,3407590.0,636.0,741.0
TBI,87.47798238590873,178860.0,269060.0,3587.0,3353.0
CIX,87.46196957566053,5260.0,5480.0,5778.0,5856.0
VOYA,87.44595676541232,952420.0,990685.0,1948.0,1961.0
AIHS,87.42994395516413,17380.0,422295.0,5259.0,2906.0
PENN,87.41393114491594,2343180.0,2744370.0,1007.0,915.0
MRCY,87.39791833466774,499720.0,612570.0,2620.0,2518.0
HEI-A,87.38190552441954,215200.0,207625.0,3438.0,3597.0
LARK,87.36589271417134,8360.0,8245.0,5615.0,5699.0
SAN,87.34987990392314,9508420.0,9460610.0,250.0,250.0
PAYC,87.33386709367494,925820.0,778315.0,1969.0,2241.0
FOUR,87.31785428342674,1152320.0,1063230.0,1733.0,1880.0
ELWT,87.30184147317854,12040.0,24835.0,5459.0,5165.0
QGEN,87.28582866293034,1973680.0,2921710.0,1184.0,853.0
REYN,87.26981585268214,1469740.0,1187455.0,1477.0,1752.0
IPHA,87.25380304243394,6920.0,6310.0,5690.0,5805.0
IOTR,87.23779023218576,38700.0,1671590.0,4785.5,1373.0
HCI,87.22177742193755,154540.0,157775.0,3722.0,3845.0
UBXG,87.20576461168935,300216.2,,3117.0,
CROX,87.18975180144115,1422840.0,1030805.0,1516.0,1918.0
FLEX,87.17373899119295,8123580.0,5029465.0,293.0,492.0
PAY,87.15772618094476,1225800.0,984030.0,1671.0,1972.0
IOVA,87.14171337069656,12188640.0,16126980.0,190.0,140.0
MMYT,87.12570056044837,734500.0,866800.0,2225.0,2111.0
CYTK,87.10968775020017,1801340.0,1745015.0,1277.0,1338.0
AVPT,87.09367493995195,2320120.0,2266845.0,1019.0,1071.0
AMAL,87.07766212970375,169460.0,163010.0,3641.0,3811.0
MVBF,87.06164931945557,40540.0,38635.0,4746.5,4900.0
ROIV,87.04563650920737,4419060.0,4635810.0,566.0,543.0
WWW,87.02962369895917,807140.0,765515.0,2141.0,2270.0
LAUR,87.01361088871097,942980.0,1081685.0,1953.0,1856.0
QNST,86.99759807846277,695600.0,697245.0,2282.0,2381.0
FISI,86.98158526821457,205600.0,149870.0,3473.0,3890.0
ALZN,86.96557245796637,33200.0,73305.0,4897.0,4446.0
ARKO,86.94955964771817,564860.0,571110.0,2481.0,2586.0
VSAT,86.93354683746998,1874880.0,2124725.0,1236.0,1130.0
HVT,86.91753402722178,102480.0,91905.0,4083.0,4278.0
CBC,86.90152121697358,564200.0,598490.0,2485.0,2541.0
CMPS,86.88550840672538,2800580.0,4528565.0,874.0,555.0
BWIN,86.86949559647718,1352980.0,1229295.0,1564.0,1716.0
RGEN,86.85348278622898,1576260.0,1219960.0,1408.0,1719.0
HNI,86.83746997598078,688620.0,569615.0,2289.0,2589.0
EC,86.82145716573258,2224000.0,2312315.0,1065.0,1051.0
ONEW,86.80544435548438,91700.0,99600.0,4173.0,4207.0
AARD,86.78943154523618,114440.0,413385.0,3996.0,2927.0
LINE,86.773418734988,1400340.0,1030955.0,1532.0,1917.0
COLD,86.7574059247398,3693420.0,4210705.0,672.0,600.0
TNGX,86.7413931144916,2974620.0,2539050.0,830.0,970.0
LCID,86.72538030424339,17385220.0,26466270.0,135.0,67.0
CENT,86.70936749399519,66760.0,80910.0,4410.0,4387.0
BCS,86.69335468374699,7317640.0,5728995.0,341.0,426.0
DUOL,86.6773418734988,1156020.0,998325.0,1728.0,1950.0
CTBI,86.6613290632506,130960.0,135685.0,3882.0,3977.0
PLBC,86.6453162530024,52240.0,61520.0,4584.5,4577.0
SYBT,86.6293034427542,264180.0,194740.0,3237.0,3656.0
FBIZ,86.61329063250601,53180.0,64705.0,4569.0,4542.0
DGICA,86.5972778222578,114000.0,117045.0,4000.0,4098.0
AKTS,86.58126501200961,282160.0,426740.0,3176.0,2900.0
LUNG,86.56525220176141,1153600.0,454240.0,1731.0,2835.0
CCEP,86.54923939151321,2322900.0,1917550.0,1018.0,1232.0
DJCO,86.53322658126501,56820.0,39770.0,4512.0,4882.5
TFSL,86.51721377101681,853980.0,766295.0,2072.0,2268.0
KTB,86.50120096076861,514340.0,706970.0,2589.0,2365.0
GPN,86.48518815052041,3150560.0,3165050.0,771.0,787.0
TNL,86.46917534027222,976420.0,864300.0,1921.0,2116.0
MBIN,86.45316253002402,210260.0,165235.0,3454.0,3796.0
WEX,86.43714971977582,1419580.0,838490.0,1519.0,2154.0
GDYN,86.42113690952762,2235880.0,1665875.0,1058.0,1376.0
ORIC,86.40512409927943,2041540.0,1673685.0,1149.0,1371.0
PRK,86.38911128903123,164100.0,114360.0,3675.5,4112.5
KRNY,86.37309847878302,562240.0,529725.0,2489.0,2667.0
SLP,86.35708566853482,270500.0,490475.0,3219.0,2755.0
MIDD,86.34107285828662,445460.0,619070.0,2737.0,2505.0
OPK,86.32506004803842,10781800.0,4702270.0,212.0,531.0
ALL,86.30904723779024,1568100.0,1629630.0,1412.0,1401.0
RLI,86.29303442754204,1227760.0,946965.0,1668.0,2014.0
ABT,86.27702161729384,10991740.0,12803705.0,209.0,178.0
CCCC,86.26100880704564,2919720.0,3099045.0,845.0,806.0
GPC,86.24499599679744,1358580.0,2141400.0,1556.0,1123.0
ABG,86.22898318654923,370640.0,271035.0,2929.0,3346.0
FMBH,86.21297037630104,164460.0,148125.0,3671.0,3905.0
JBTM,86.19695756605284,457320.0,450840.0,2702.0,2839.0
WDC,86.18094475580465,7816400.0,7321820.0,305.0,342.0
SHO,86.16493194555645,2263900.0,2331400.0,1044.0,1043.0
FBP,86.14891913530825,2012560.0,1548660.0,1165.0,1458.0
CMG,86.13290632506005,18730660.0,17562950.0,125.0,122.0
AAPL,86.11689351481185,55679720.0,50737260.0,24.0,16.0
CNA,86.10088070456365,449440.0,496385.0,2727.0,2741.0
RAPP,86.08486789431545,295180.0,376650.0,3138.0,3019.0
MHO,86.06885508406725,238120.0,224345.0,3331.0,3516.0
CAC,86.05284227381905,125600.0,101960.0,3909.0,4187.0
BURL,86.03682946357085,660480.0,621965.0,2334.0,2501.0
LIF,86.02081665332267,535120.0,561960.0,2538.0,2599.0
HST,86.00480384307446,9420220.0,8907515.0,252.0,269.0
U,85.98879103282626,7180320.0,7058140.0,345.0,348.0
SPRC,85.97277822257806,1750320.0,468495.0,1298.0,2804.0
CBNK,85.95676541232986,70480.0,57010.0,4362.0,4633.0
BUUU,85.94075260208166,103340.0,67570.0,4077.5,4504.0
DORM,85.92473979183347,219440.0,244790.0,3417.0,3443.0
ITGR,85.90872698158527,451340.0,439125.0,2721.5,2875.0
APM,85.89271417133708,625696.2,,2388.0,
USCB,85.87670136108886,95580.0,52630.0,4144.5,4690.0
NBTB,85.86068855084066,502360.0,418955.0,2615.0,2917.0
VNCE,85.84467574059246,72160.0,105465.0,4341.0,4166.0
KRC,85.82866293034428,1915680.0,1341130.0,1205.0,1608.0
MSM,85.81265012009608,643540.0,778095.0,2364.0,2242.0
PMTS,85.79663730984788,28040.0,34545.0,4975.0,4970.0
LXP,85.78062449959968,742820.0,806220.0,2212.0,2191.0
TREX,85.76461168935148,2364760.0,2100235.0,1000.0,1143.0
GL,85.74859887910328,749900.0,676025.0,2201.0,2416.0
DGII,85.73258606885508,285900.0,377575.0,3166.0,3010.0
OOMA,85.71657325860689,509560.0,360215.0,2598.0,3062.0
GABC,85.70056044835869,201520.0,166605.0,3488.0,3788.0
TCBX,85.68454763811049,190540.0,133900.0,3531.0,3990.0
GIII,85.66853482786229,328020.0,461615.0,3046.0,2820.0
PRG,85.6525220176141,675960.0,487855.0,2308.0,2763.0
AMGN,85.63650920736589,2963520.0,2375655.0,833.0,1030.0
NOW,85.62049639711769,33190720.0,24394375.0,51.0,77.0
CETY,85.60448358686949,18120.0,39800.0,5239.0,4880.0
TMP,85.58847077662129,134680.0,99530.0,3856.5,4208.0
SYK,85.5724579663731,2363800.0,2379960.0,1001.0,1026.0
ACAD,85.55644515612491,1283840.0,1417395.0,1613.0,1551.0
LZB,85.54043234587671,304120.0,371565.0,3108.0,3031.0
INMB,85.52441953562851,168540.0,698855.0,3649.0,2380.0
YSG,85.5084067253803,81380.0,91975.0,4259.0,4277.0
VVV,85.4923939151321,1606960.0,1901040.0,1388.0,1239.0
CASS,85.4763811048839,72820.0,70970.0,4331.0,4474.0
EXPD,85.46036829463571,925840.0,1215340.0,1968.0,1726.0
CCK,85.44435548438751,1079920.0,1179145.0,1797.0,1761.0
MSGE,85.42834267413932,275280.0,400130.0,3205.0,2961.0
CNS,85.41232986389112,239120.0,277945.0,3328.5,3325.0
PRI,85.39631705364292,160040.0,167115.0,3697.0,3786.0
SAIC,85.3803042433947,432760.0,422350.0,2762.0,2905.0
USNA,85.36429143314652,92720.0,90885.0,4167.0,4286.0
IRDM,85.34827862289832,1556400.0,1847210.0,1419.0,1273.0
MGM,85.33226581265012,2610000.0,2375310.0,924.0,1031.0
VIRT,85.31625300240192,950480.0,1165810.0,1949.0,1780.0
BLIN,85.30024019215372,56640.0,130050.0,4514.5,4019.0
NYC,85.28422738190552,32940.0,61700.0,4902.5,4575.0
LLY,85.26821457165732,2230020.0,2372700.0,1063.0,1032.0
HFRO,85.25220176140913,148640.0,153215.0,3757.0,3874.0
PETZ,85.23618895116093,7420.0,21170.0,5654.5,5266.0
VIA,85.22017614091273,878660.0,837475.0,2042.0,2156.0
LYG,85.20416333066453,17527780.0,16589125.0,133.0,133.0
BUSE,85.18815052041633,1101280.0,900460.0,1779.0,2062.5
SPOT,85.17213771016814,1840080.0,1613570.0,1253.0,1414.0
MATX,85.15612489991994,258360.0,320065.0,3262.0,3173.0
AIOT,85.14011208967173,745760.0,1027130.0,2208.0,1922.0
LTM,85.12409927942353,725560.0,739760.0,2243.0,2307.0
ARQT,85.10808646917533,1065380.0,1325995.0,1819.0,1626.0
ASML,85.09207365892713,2471980.0,2071070.0,958.0,1160.0
STBA,85.07606084867895,301200.0,280870.0,3114.0,3310.0
BMO,85.06004803843075,1244180.0,890000.0,1646.0,2079.0
NODK,85.04403522818255,24380.0,19770.0,5066.5,5298.0
MSGS,85.02802241793435,124400.0,169170.0,3927.0,3773.0
NGNE,85.01200960768614,157140.0,265960.0,3709.0,3363.0
BBIO,84.99599679743794,2268500.0,3420175.0,1042.0,739.0
FNWB,84.97998398718975,19700.0,22850.0,5194.0,5217.0
HELE,84.96397117694156,363560.0,594725.0,2948.0,2544.0
FIG,84.94795836669336,16738160.0,21914115.0,141.0,89.0
BZ,84.93194555644516,3642480.0,3135680.0,686.0,795.0
IIIN,84.91593274619696,281400.0,284730.0,3179.0,3289.0
TRST,84.89991993594876,111640.0,107800.0,4013.0,4150.0
IOR,84.88390712570056,40.0,1235.0,6252.5,6136.5
SDGR,84.86789431545236,740840.0,905640.0,2215.0,2057.0
NWPX,84.85188150520416,246120.0,208055.0,3302.0,3592.0
PLPC,84.83586869495596,123140.0,92620.0,3935.0,4270.5
AVAL,84.81985588470776,130460.0,136955.0,3885.0,3971.0
MKTW,84.80384307445958,4880.0,11170.0,5798.0,5582.0
LUV,84.78783026421138,5601840.0,5591885.0,445.0,440.0
ATRO,84.77181745396317,514960.0,586275.0,2585.0,2560.0
PBI,84.75580464371497,1671280.0,1796865.0,1344.0,1304.0
HG,84.73979183346677,521600.0,478790.0,2570.0,2780.0
EXPE,84.72377902321857,1636680.0,1478900.0,1368.0,1504.0
LTRN,84.70776621297038,56180.0,137140.0,4527.0,3970.0
ARM,84.69175340272218,7592620.0,6314780.0,317.0,392.0
AGIO,84.67574059247399,1401460.0,1177800.0,1530.0,1766.0
HSBC,84.65972778222579,1250360.0,1301135.0,1635.0,1649.0
OC,84.64371497197757,738160.0,923655.0,2219.0,2042.0
IMCR,84.62770216172937,294420.0,570350.0,3141.0,2588.0
NCMI,84.61168935148119,241380.0,284745.0,3320.5,3288.0
WTS,84.59567654123299,210880.0,219820.0,3453.0,3540.0
GWW,84.57966373098479,278700.0,259350.0,3188.0,3390.0
AEBI,84.56365092073659,296800.0,319130.0,3128.5,3178.0
HLIO,84.54763811048839,268740.0,301770.0,3229.0,3228.0
UP,84.5316253002402,71900.0,88645.0,4343.5,4305.0
BIP,84.515612489992,1528700.0,1114355.0,1436.0,1827.0
BLBD,84.4995996797438,459080.0,445525.0,2698.0,2857.0
ALLE,84.4835868694956,1576880.0,1463245.0,1406.0,1514.0
BYFC,84.4675740592474,13740.0,8410.0,5393.0,5690.0
ABM,84.4515612489992,453780.0,414395.0,2713.0,2925.0
FIVN,84.435548438751,3322720.0,2453550.0,738.0,1003.0
SB,84.4195356285028,878960.0,942530.0,2041.0,2023.0
MAC,84.4035228182546,1976600.0,2164020.0,1182.0,1114.0
FUNC,84.3875100080064,36480.0,28720.0,4830.5,5083.0
RIOT,84.3714971977582,18736280.0,17509085.0,124.0,125.0
VEEV,84.35548438751,1594460.0,1595055.0,1397.0,1429.0
BTQ,84.3394715772618,1268280.0,1924030.0,1621.0,1230.0
AZTA,84.32345876701362,674580.0,599355.0,2313.0,2537.0
SIG,84.30744595676542,825760.0,712340.0,2114.0,2355.0
BNY,84.29143314651722,2810500.0,3929495.0,869.0,652.0
MLP,84.27542033626901,17900.0,14750.0,5242.0,5447.0
WRBY,84.25940752602081,2031720.0,2398670.0,1152.0,1020.0
BPOP,84.24339471577261,471680.0,513190.0,2677.0,2705.0
FCAP,84.22738190552442,14840.0,12020.0,5354.0,5542.0
AYI,84.21136909527623,277080.0,309000.0,3199.5,3207.0
MDXG,84.19535628502803,2066800.0,1307350.0,1134.0,1643.0
BAC,84.17934347477983,31487220.0,33888955.0,56.0,46.0
HSIC,84.16333066453163,1467080.0,1352905.0,1482.0,1598.0
OBK,84.14731785428343,193740.0,158770.0,3519.0,3837.0
ATI,84.13130504403523,1655620.0,1417530.0,1355.0,1550.0
BFST,84.11529223378703,278460.0,232705.0,3189.5,3481.0
MD,84.09927942353883,639220.0,755135.0,2370.0,2286.0
MGNX,84.08326661329063,976580.0,845610.0,1920.0,2143.0
WRAP,84.06725380304243,464160.0,4547990.0,2690.0,552.0
CZNC,84.05124099279423,79540.0,65850.0,4275.0,4524.0
TRNS,84.03522818254604,133700.0,123985.0,3864.0,4056.0
COO,84.01921537229784,1717060.0,2083560.0,1322.0,1152.0
RY,84.00320256204964,1560840.0,1518720.0,1416.0,1480.0
CRBG,83.98718975180144,4108980.0,3786465.0,608.0,681.0
CBK,83.97117694155324,75100.0,76075.0,4307.5,4419.0
CHCO,83.95516413130505,139060.0,148165.0,3827.0,3904.0
CENTA,83.93915132105685,247100.0,261185.0,3300.0,3380.0
PSX,83.92313851080864,1989040.0,2479145.0,1176.0,996.0
SENEA,83.90712570056044,112720.0,112380.0,4009.0,4128.0
TEO,83.89111289031224,204700.0,225910.0,3477.0,3508.0
WTBA,83.87510008006404,45100.0,54950.0,4669.5,4664.0
PLMR,83.85908726981586,235680.0,311195.0,3348.0,3200.0
S,83.84307445956766,5863080.0,7191695.0,435.0,343.0
SARO,83.82706164931946,3451920.0,3379445.0,720.0,747.0
ACA,83.81104883907126,652800.0,775840.0,2347.0,2251.0
QRHC,83.79503602882306,12860.0,16040.0,5420.5,5409.0
FXNC,83.77902321857485,26740.0,34830.0,5006.0,4967.0
FFIV,83.76301040832666,1067460.0,640165.0,1815.0,2464.0
EQH,83.74699759807847,2806020.0,2549815.0,872.0,962.0
SDHC,83.73098478783027,38120.0,52765.0,4798.5,4688.0
CRS,83.71497197758207,1042460.0,705930.0,1845.0,2369.0
NSRX,83.69895916733387,16220.0,13125.0,5308.0,5504.0
HRI,83.68294635708567,735460.0,578415.0,2224.0,2573.0
SEAT,83.66693354683747,63680.0,72380.0,4438.0,4457.0
MPB,83.65092073658927,236840.0,176110.0,3339.0,3742.0
PVLA,83.63490792634107,159640.0,222660.0,3698.0,3526.0
KHC,83.61889511609287,16575440.0,12995395.0,142.0,171.0
ROK,83.60288230584467,687720.0,695235.0,2290.0,2386.0
PAR,83.58686949559647,737040.0,841780.0,2221.0,2151.0
RPRX,83.57085668534829,2444480.0,2768875.0,968.0,903.0
LB,83.55484387510008,226320.0,259105.0,3382.0,3395.0
UNF,83.53883106485188,175820.0,147700.0,3601.0,3907.0
ELAN,83.52281825460368,5076060.0,4585860.0,489.0,548.0
NMIH,83.50680544435548,425780.0,447570.0,2778.0,2849.0
IKT,83.49079263410728,846340.0,1028165.0,2086.0,1921.0
RNW,83.4747798238591,1328260.0,1279140.0,1582.0,1670.0
BOTJ,83.4587670136109,22240.0,24085.0,5117.0,5182.0
CLDX,83.4427542033627,912300.0,961995.0,1997.0,1993.0
ACRS,83.42674139311448,2051420.0,1742740.0,1141.0,1341.0
SLDB,83.41072858286628,1059480.0,1276980.0,1826.0,1673.0
TCI,83.3947157726181,41760.0,16920.0,4725.0,5381.0
AEG,83.3787029623699,6169620.0,5368170.0,416.0,458.0
HOMB,83.3626901521217,1655780.0,1975390.0,1354.0,1198.0
YPF,83.3466773418735,903840.0,1274460.0,2008.0,1677.0
ITRI,83.3306645316253,2747460.0,1056270.0,884.0,1892.0
CFR,83.3146517213771,736700.0,611680.0,2222.0,2519.0
TRSG,83.2986389111289,3100.0,9895.0,5934.0,5633.5
RACE,83.2826261008807,726480.0,447665.0,2241.0,2848.0
FVCB,83.2666132906325,114680.0,113935.0,3991.0,4115.0
SPCB,83.2506004803843,61020.0,82055.0,4473.0,4376.0
LPG,83.23458767013611,633460.0,640070.0,2378.0,2465.0
MGA,83.21857485988791,1469180.0,1311715.0,1478.0,1638.0
CWT,83.20256204963971,447200.0,419335.0,2734.0,2915.0
CVCO,83.18654923939151,111980.0,98590.0,4010.0,4220.0
CIVB,83.17053642914331,117660.0,126130.0,3968.0,4040.0
APPN,83.15452361889511,956700.0,783350.0,1946.0,2232.0
BSVN,83.13851080864691,39240.0,35350.0,4771.5,4958.0
NTSK,83.12249799839871,3296200.0,4654305.0,744.0,537.0
VRTS,83.10648518815053,147080.0,135645.0,3764.0,3978.0
ORRF,83.09047237790233,117180.0,122140.0,3971.0,4067.0
FDS,83.07445956765413,1334620.0,975680.0,1575.0,1981.0
ASRV,83.05844675740592,30200.0,18115.0,4945.0,5335.0
KBH,83.04243394715772,1123180.0,1056960.0,1755.0,1889.0
PINS,83.02642113690952,11211620.0,10235775.0,207.0,228.0
CNO,83.01040832666133,605800.0,666340.0,2416.0,2427.0
AMCX,82.99439551641314,665040.0,528810.0,2325.0,2673.0
SEG,82.97838270616494,39420.0,48170.0,4767.0,4750.5
CCTG,82.96236989591674,153160.0,2189455.0,3729.0,1106.0
IRON,82.94635708566854,388040.0,472550.0,2878.0,2794.0
SIGI,82.93034427542032,913660.0,591990.0,1992.0,2549.0
FCF,82.91433146517214,1163640.0,795940.0,1723.0,2209.0
CMP,82.89831865492394,361060.0,339615.0,2954.0,3122.0
KNSL,82.88230584467574,428440.0,325705.0,2770.0,3156.0
IOT,82.86629303442754,6195600.0,5666045.0,413.0,433.0
PCAR,82.85028022417934,4394580.0,3556845.0,569.0,715.0
NIC,82.83426741393114,204840.0,225620.0,3475.0,3510.0
MBWM,82.81825460368295,136220.0,136515.0,3843.0,3973.0
PSO,82.80224179343475,718900.0,819235.0,2251.0,2181.0
BF-B,82.78622898318655,3064380.0,2547515.0,797.0,964.0
MPTI,82.77021617293835,380920.0,288020.0,2900.0,3276.0
MEC,82.75420336269015,639780.0,527175.0,2368.0,2676.0
MBUU,82.73819055244195,177620.0,225975.0,3590.0,3507.0
SYY,82.72217774219376,2858200.0,2920830.0,858.0,854.0
VTRS,82.70616493194555,8512220.0,8985625.0,279.0,266.0
FSBC,82.69015212169735,223320.0,215210.0,3395.5,3564.0
PRLB,82.67413931144915,159300.0,198165.0,3700.0,3636.0
GM,82.65812650120095,8613680.0,7461160.0,276.0,337.0
AAT,82.64211369095277,476860.0,386540.0,2671.0,2990.0
HQI,82.62610088070457,14620.0,9615.0,5363.0,5641.0
BKNG,82.61008807045637,7050800.0,6187550.0,358.0,401.0
CVLG,82.59407526020817,301620.0,196515.0,3113.0,3649.0
CPF,82.57806244995997,168580.0,146510.0,3648.0,3913.0
ST,82.56204963971176,2686400.0,1805200.0,906.0,1297.0
TATT,82.54603682946357,126540.0,144510.0,3901.0,3928.0
GSBC,82.53002401921538,80100.0,119340.0,4273.0,4082.0
MASS,82.51401120896718,356260.0,266125.0,2976.0,3362.0
PRE,82.49799839871898,108820.0,258355.0,4031.0,3400.0
DOO,82.48198558847078,228300.0,223730.0,3375.5,3520.0
BUD,82.46597277822258,2589960.0,1886195.0,931.0,1248.0
ADUS,82.44995996797438,220520.0,246375.0,3410.0,3437.0
CALM,82.43394715772618,1107320.0,1041245.0,1767.0,1907.0
LYV,82.41793434747798,2234360.0,1880120.0,1059.0,1251.0
IHG,82.40192153722978,288420.0,256635.0,3161.0,3407.0
LAKE,82.38590872698158,48220.0,67545.0,4627.5,4506.0
RJET,82.36989591673338,148720.0,103265.0,3756.0,4178.0
FDSB,82.3538831064852,6560.0,6705.0,5704.0,5773.5
AON,82.33787029623699,2024360.0,1368450.0,1156.0,1585.0
NUAI,82.32185748598879,6113040.0,8349945.0,417.0,287.0
MTG,82.30584467574059,1913860.0,1847975.0,1207.0,1271.0
UVSP,82.28983186549239,359460.0,250955.0,2965.0,3421.0
ANIX,82.27381905524419,275500.0,290475.0,3204.0,3266.0
CBT,82.257806244996,352080.0,405860.0,2983.0,2944.0
OFG,82.2417934347478,277540.0,328295.0,3196.0,3152.0
NVO,82.2257806244996,9286340.0,8860865.0,259.0,271.0
SLNHP,82.20976781425139,5500.0,15465.0,5758.5,5424.0
BRC,82.1937550040032,164500.0,172300.0,3670.0,3764.0
ASPN,82.177742193755,1166020.0,972845.0,1720.0,1984.0
TRU,82.16172938350681,3576640.0,2500125.0,699.0,986.0
BCH,82.14571657325861,250820.0,262930.0,3288.0,3375.0
CNI,82.12970376301041,2167720.0,1665375.0,1093.0,1377.0
RXO,82.11369095276221,2757040.0,1825290.0,880.0,1285.0
GCO,82.09767814251401,154960.0,160860.0,3719.0,3822.0
AMP,82.08166533226581,541240.0,628630.0,2528.0,2489.0
FVR,82.06565252201761,119300.0,173995.0,3956.0,3754.0
ROCK,82.04963971176942,337400.0,299730.0,3023.0,3238.0
BF-A,82.03362690152122,188820.0,134265.0,3537.0,3988.0
ESEA,82.01761409127302,46460.0,48730.0,4648.0,4743.0
NAT,82.00160128102482,3916460.0,3357720.0,641.0,749.0
EBC,81.98558847077662,4728680.0,2883475.0,529.0,868.0
RIVN,81.96957566052842,24726080.0,40896475.0,87.0,31.0
SHC,81.95356285028022,3251580.0,3066565.0,756.0,816.0
CXT,81.93755004003202,589000.0,644210.0,2441.0,2459.0
HIPO,81.92153722978382,185840.0,145290.0,3553.0,3918.0
SONY,81.90552441953562,7572840.0,5104335.0,319.0,481.0
BOC,81.88951160928744,97560.0,116345.0,4131.0,4104.0
NVRI,81.87349879903924,423860.0,435200.0,2782.0,2886.0
GLUE,81.85748598879104,1244620.0,1181810.0,1644.0,1757.0
MYO,81.84147317854283,277260.0,331060.0,3197.0,3139.0
EPR,81.82546036829463,784820.0,651665.0,2167.0,2446.0
BHRB,81.80944755804643,134780.0,138205.0,3855.0,3965.0
UIS,81.79343474779824,832400.0,876985.0,2105.0,2097.0
SHIP,81.77742193755005,299940.0,228780.0,3120.0,3496.0
ZETA,81.76140912730185,6438200.0,7693145.0,391.0,319.0
IBN,81.74539631705365,7118700.0,7547880.0,350.0,329.0
LZ,81.72938350680545,1903320.0,2542440.0,1214.0,965.0
TCBK,81.71337069655723,374740.0,593090.0,2918.0,2547.0
TROW,81.69735788630905,2003700.0,1922840.0,1169.0,1231.0
CCNE,81.68134507606085,141120.0,143595.0,3811.5,3936.0
SIRI,81.66533226581265,5239620.0,3916535.0,475.0,655.0
HWM,81.64931945556445,2418540.0,1986265.0,976.0,1195.0
LOB,81.63330664531625,226800.0,226070.0,3380.0,3506.0
MFC,81.61729383506805,1868460.0,1549230.0,1241.0,1456.0
SION,81.60128102481985,420060.0,564330.0,2793.0,2597.0
WGRX,81.58526821457166,47167.8,,4641.0,
BCAX,81.56925540432346,561420.0,579930.0,2493.0,2570.0
DKL,81.55324259407526,73920.0,62660.0,4324.0,4566.0
DHC,81.53722978382706,1213840.0,1261820.0,1675.0,1684.0
IBCP,81.52121697357886,229520.0,216835.0,3369.0,3554.0
PDLB,81.50520416333067,54920.0,58280.0,4548.0,4623.0
URI,81.48919135308248,524020.0,496000.0,2565.0,2743.0
INCR,81.47317854283426,16860.0,20365.0,5281.0,5284.0
FDBC,81.45716573258606,5660.0,7040.0,5749.5,5754.0
DDD,81.44115292233786,1940680.0,2296485.0,1198.0,1063.0
HIVE,81.42514011208966,16181700.0,16221015.0,146.0,136.0
MTB,81.40912730184148,1193200.0,1173005.0,1692.0,1769.0
CFFN,81.39311449159328,989940.0,801380.0,1903.5,2201.0
RUSHB,81.37710168134508,135840.0,110700.0,3846.0,4138.0
ZD,81.36108887109688,455080.0,529575.0,2706.0,2669.0
STX,81.34507606084867,7085720.0,5475320.0,354.0,451.0
PTCT,81.32906325060047,1345260.0,1619220.0,1570.0,1411.0
HOFT,81.31305044035228,54320.0,59685.0,4557.0,4597.0
MTLS,81.29703763010409,58660.0,63535.0,4493.0,4556.0
NOEM,81.28102481985589,8460.0,3105.0,5609.0,5998.5
BHB,81.26501200960769,101680.0,95065.0,4089.0,4249.0
CXM,81.24899919935949,2958680.0,3097640.0,835.0,807.0
CAH,81.23298638911129,1891060.0,2302940.0,1223.0,1059.0
SBLK,81.21697357886309,1657460.0,1239350.0,1353.0,1706.0
LWAY,81.20096076861489,68100.0,173385.0,4391.0,3758.0
KMB,81.18494795836669,3027440.0,3518630.0,809.0,721.0
FCCO,81.16893514811849,79660.0,52865.0,4274.0,4687.0
FTDR,81.1529223378703,484000.0,527155.0,2658.5,2677.0
MORN,81.13690952762211,654940.0,446015.0,2344.0,2855.0
DAC,81.12089671737391,128620.0,108085.0,3891.0,4148.0
LRCX,81.1048839071257,15530860.0,12069885.0,157.0,188.0
LAMR,81.0888710968775,820120.0,575085.0,2120.0,2579.0
ROKU,81.0728582866293,2844620.0,2748485.0,864.0,913.0
MCHB,81.0568454763811,1180200.0,750525.0,1702.0,2292.0
MDIA,81.04083266613291,11380.0,37735.0,5479.0,4916.0
BROS,81.02481985588472,2536820.0,2642315.0,943.0,942.0
HBB,81.00880704563652,35280.0,42720.0,4859.0,4821.5
QCRH,80.99279423538832,156960.0,116555.0,3711.0,4102.0
GO,80.9767814251401,2334900.0,2094780.0,1011.0,1145.0
LNTH,80.9607686148919,1265980.0,901570.0,1622.0,2061.0
SMG,80.94475580464372,1249000.0,1016770.0,1638.0,1935.0
SFWL,80.92874299439552,83060.0,28185.0,4245.0,5096.0
GPCR,80.91273018414732,496340.0,577290.0,2628.0,2577.0
TDTH,80.89671737389912,35660.0,3946130.0,4851.0,649.0
HWC,80.88070456365092,865800.0,989125.0,2060.0,1963.0
IIPR,80.86469175340272,274520.0,302265.0,3206.0,3227.0
JLL,80.84867894315452,480420.0,395925.0,2667.0,2969.0
CBSH,80.83266613290633,1314680.0,1235770.0,1587.0,1709.0
OMF,80.81665332265813,1253680.0,1109415.0,1631.0,1837.0
ENPH,80.80064051240993,6320080.0,4651100.0,402.0,538.0
XYZ,80.78462770216173,4225500.0,4637870.0,589.0,540.0
ZBH,80.76861489191353,2470320.0,2229635.0,959.0,1094.0
DCOM,80.75260208166533,336200.0,299385.0,3028.0,3240.0
GENK,80.73658927141713,32460.0,20680.0,4910.0,5276.0
TX,80.72057646116893,650380.0,636535.0,2350.0,2469.0
BIPC,80.70456365092073,1092880.0,910290.0,1784.0,2053.0
WPP,80.68855084067253,497980.0,415050.0,2625.0,2924.0
PCB,80.67253803042433,53720.0,41805.0,4566.0,4836.0
FULT,80.65652522017615,1892480.0,1939410.0,1221.0,1216.0
EFSI,80.64051240992795,91300.0,70645.0,4174.0,4478.0
ALRM,80.62449959967975,435880.0,433615.0,2758.0,2890.0
SLM,80.60848678943154,3614840.0,3174975.0,692.0,784.0
FOA,80.59247397918334,50740.0,60025.0,4596.0,4591.0
MRK,80.57646116893514,7739000.0,8579820.0,311.0,279.0
SLF,80.56044835868695,538300.0,561645.0,2534.0,2600.0
ARW,80.54443554843876,515980.0,534135.0,2584.0,2653.0
SUNC,80.52842273819056,619700.0,449280.0,2396.0,2842.0
BNS,80.51240992794236,1525480.0,2823885.0,1438.0,890.0
VTEX,80.49639711769416,1033100.0,841995.0,1856.0,2150.0
FND,80.48038430744595,2747620.0,2274280.0,883.0,1067.0
GEHC,80.46437149719776,9221520.0,6046295.0,263.0,409.0
ALMS,80.44835868694956,961500.0,1346275.0,1940.0,1604.0
GPK,80.43234587670136,6045680.0,4711450.0,419.0,530.0
APOG,80.41633306645316,162440.0,223100.0,3683.0,3524.0
JAKK,80.40032025620496,167760.0,96670.0,3653.0,4235.0
NWFL,80.38430744595676,42640.0,34925.0,4711.0,4965.0
BPRN,80.36829463570857,23700.0,14720.0,5080.5,5448.0
BSAC,80.35228182546037,302160.0,317860.0,3111.0,3180.0
PFG,80.33626901521217,2013200.0,1569085.0,1164.0,1442.0
NBBK,80.32025620496397,457140.0,319955.0,2703.0,3174.0
FITB,80.30424339471577,5902240.0,6180630.0,430.0,403.0
SBH,80.28823058446758,1355520.0,1298880.0,1559.5,1650.0
STUB,80.27221777421938,4460820.0,5849125.0,560.0,420.0
SON,80.25620496397117,1341300.0,1232690.0,1572.0,1711.0
BWA,80.24019215372297,1945080.0,2237760.0,1195.0,1088.0
DASH,80.22417934347477,3672280.0,3740775.0,676.0,688.0
EUDA,80.20816653322657,8680.0,3925.0,5599.0,5944.0
FLYW,80.19215372297839,1733680.0,1927650.0,1307.0,1226.0
PYPL,80.17614091273019,16051700.0,19314330.0,150.0,105.0
HGTY,80.16012810248199,90900.0,126510.0,4181.0,4038.0
MA,80.14411529223379,3373880.0,3020625.0,730.0,828.0
BLND,80.1281024819856,1681800.0,2089340.0,1338.0,1148.0
WSBF,80.11208967173738,67040.0,73685.0,4406.0,4441.0
SPG,80.0960768614892,1243620.0,1523050.0,1648.0,1476.0
CVLT,80.080064051241,1102960.0,728660.0,1774.0,2327.0
KB,80.0640512409928,289720.0,314660.0,3156.0,3187.0
ETD,80.0480384307446,434600.0,424400.0,2760.5,2902.0
ARWR,80.0320256204964,1827720.0,2354055.0,1260.0,1038.0
BILL,80.0160128102482,2332240.0,2329775.0,1013.0,1044.0
CCEC,80.0,11520.0,11215.0,5475.0,5577.0
PATH,79.9839871897518,59546400.0,86285280.0,21.0,8.0
CGEM,79.9679743795036,490600.0,588025.0,2644.0,2556.0
SXI,79.9519615692554,177380.0,164265.0,3592.0,3802.0
GRWG,79.9359487590072,294800.0,218575.0,3140.0,3546.0
HNVR,79.919935948759,81220.0,56630.0,4260.0,4637.0
FCX,79.90392313851082,14530340.0,15375700.0,167.0,149.0
HMN,79.8879103282626,216280.0,256600.0,3431.0,3408.0
NEWT,79.8718975180144,189660.0,191980.0,3534.0,3673.0
JNJ,79.85588470776621,8162560.0,8168090.0,291.0,295.0
EIX,79.83987189751801,2248960.0,2307610.0,1050.0,1055.0
FLNT,79.82385908726981,14660.0,16375.0,5361.5,5397.0
MRSH,79.80784627702162,3510620.0,2759545.0,709.0,909.0
PNC,79.79183346677343,1509200.0,2010285.0,1450.0,1180.0
DRS,79.77582065652523,919940.0,1014175.0,1977.0,1937.0
SCHW,79.75980784627701,6977960.0,8593765.0,362.0,278.0
JPM,79.74379503602881,7562260.0,9458630.0,320.0,251.0
NTCT,79.72778222578062,426900.0,551520.0,2775.0,2617.0
XIFR,79.71176941553243,1834760.0,1193210.0,1258.0,1745.0
LEDS,79.69575660528423,114640.0,2849460.0,3992.0,882.0
MNDY,79.67974379503603,2338280.0,1503475.0,1009.0,1490.0
PKG,79.66373098478783,1027400.0,756745.0,1864.0,2280.0
BWB,79.64771817453963,152760.0,168545.0,3733.0,3777.0
NEPH,79.63170536429143,13960.0,9815.0,5384.0,5636.0
IMMR,79.61569255404324,1244800.0,683665.0,1642.0,2399.0
SMBC,79.59967974379504,98900.0,92500.0,4118.0,4272.0
CRTO,79.58366693354684,228580.0,461495.0,3371.5,2821.0
ALNT,79.56765412329864,317320.0,278145.0,3078.0,3323.0
HBNC,79.55164131305044,804280.0,678405.0,2146.0,2408.0
SNDR,79.53562850280224,1042440.0,995320.0,1846.0,1955.0
DGICB,79.51961569255404,760.0,9080.0,6146.0,5666.5
VSEC,79.50360288230584,367760.0,441840.0,2938.0,2867.0
CRI,79.48759007205764,1001360.0,879995.0,1892.0,2094.0
ABX,79.47157726180944,470500.0,648035.0,2679.0,2453.0
KXIN,79.45556445156124,10860.0,53615.0,5498.0,4679.0
SFBS,79.43955164131306,264040.0,299295.0,3238.0,3241.0
TIGO,79.42353883106486,1456020.0,1295240.0,1488.0,1655.0
CPBI,79.40752602081666,3160.0,3455.0,5930.0,5979.0
USB,79.39151321056845,7426120.0,8185475.0,332.0,294.0
NWBI,79.37550040032025,1300460.0,1101065.0,1596.0,1846.0
UCTT,79.35948759007205,1672880.0,1535765.0,1342.0,1468.0
NUE,79.34347477982386,1759140.0,1339575.0,1296.0,1611.0
FMNB,79.32746196957567,492280.0,430835.0,2638.0,2893.0
HWBK,79.31144915932747,16180.0,13940.0,5309.0,5466.0
RLYB,79.29543634907927,22280.0,41390.0,5114.0,4845.0
DT,79.27942353883107,4558740.0,4156785.0,549.0,607.0
STRW,79.26341072858285,79040.0,40405.0,4281.0,4867.0
WHD,79.24739791833467,915160.0,773700.0,1985.0,2253.0
NREF,79.23138510808647,37200.0,49320.0,4813.5,4731.0
UNH,79.21537229783827,4638180.0,5652135.0,539.0,436.0
CHH,79.19935948759007,478800.0,608555.0,2668.0,2523.0
ANRO,79.18334667734187,371220.0,585365.0,2926.0,2562.0
YDKG,79.16733386709367,22400.0,29075.0,5111.0,5076.0
AUB,79.15132105684548,838300.0,1155340.0,2095.0,1789.0
CNC,79.13530824659728,7525740.0,4877785.0,324.0,509.0
CFFI,79.11929543634908,5880.0,5290.0,5729.0,5868.0
BCAL,79.10328262610088,237180.0,230530.0,3335.5,3491.0
CMDB,79.08726981585268,46400.0,66315.0,4649.0,4519.0
SFIX,79.07125700560448,1470180.0,1342460.0,1476.0,1606.0
STVN,79.0552441953563,380680.0,306755.0,2902.0,3216.0
MYND,79.03923138510808,8160.0,13530.0,5622.5,5484.0
EGO,79.02321857485988,2309420.0,2084670.0,1025.5,1150.0
BSRR,79.00720576461168,93660.0,67135.0,4159.0,4510.0
BV,78.99119295436348,693840.0,901675.0,2284.0,2059.0
VYX,78.97518014411528,1645140.0,1905660.0,1363.0,1238.0
CCC,78.9591673338671,10074520.0,10306760.0,233.0,225.0
PM,78.9431545236189,5384000.0,5093305.0,457.0,483.0
HXL,78.9271417133707,1333000.0,1171260.0,1577.0,1772.0
EFSC,78.9111289031225,215880.0,233420.0,3435.0,3477.0
FMS,78.89511609287429,738720.0,593475.0,2218.0,2545.0
CLF,78.8791032826261,41479080.0,27145040.0,37.0,65.0
NTES,78.8630904723779,659660.0,968660.0,2337.0,1987.0
GS,78.8470776621297,2324520.0,2008735.0,1017.0,1181.0
DEO,78.83106485188151,1196320.0,973930.0,1688.0,1983.0
JEF,78.81505204163331,1972520.0,1764900.0,1186.0,1326.0
HOPE,78.79903923138511,1113700.0,1034505.0,1762.0,1911.0
FWONK,78.78302642113691,1987040.0,1884445.0,1179.0,1249.0
CLSK,78.76701361088871,22126520.0,24052315.0,97.0,79.0
MHH,78.75100080064051,10760.0,10085.0,5502.5,5628.0
IFF,78.73498799039231,1641260.0,1847580.0,1365.0,1272.0
TENX,78.71897518014411,1609280.0,1465910.0,1386.0,1513.0
PRMB,78.70296236989591,2183260.0,2406125.0,1085.0,1016.0
APH,78.68694955964773,8846880.0,6893720.0,270.0,354.0
TAL,78.67093674939952,7318100.0,4008140.0,340.0,639.0
FWONA,78.65492393915132,150780.0,165145.0,3743.0,3797.0
MMI,78.63891112890312,114940.0,124100.0,3989.0,4054.0
NTIP,78.62289831865492,21620.0,47595.0,5143.0,4758.0
NTRS,78.60688550840672,1015680.0,1071525.0,1871.0,1870.0
RNG,78.59087269815853,4444060.0,2421905.0,562.0,1012.0
LOMA,78.57485988791034,295960.0,364385.0,3134.0,3050.0
KO,78.55884707766214,21245740.0,17520670.0,105.0,123.0
KYIV,78.54283426741392,430420.0,539010.0,2764.0,2644.0
WST,78.52682145716572,1095320.0,827100.0,1782.0,2171.0
HOOD,78.51080864691752,23056120.0,22309205.0,92.0,86.0
FEIM,78.49479583666934,734480.0,448520.0,2226.0,2847.0
TGT,78.47878302642114,3194460.0,3742250.0,763.0,687.0
STHO,78.46277021617294,7540.0,11120.0,5647.5,5585.0
ECPG,78.44675740592474,423520.0,362820.0,2784.0,3055.0
SSTI,78.43074459567654,63700.0,67845.0,4437.0,4501.5
BDX,78.41473178542834,1863680.0,1732800.0,1245.0,1349.0
BMY,78.39871897518015,13231660.0,10788195.0,182.0,204.0
UA,78.38270616493195,2000035.2,2496702.2,1170.0,988.0
RYAAY,78.36669335468375,1633880.0,1967725.0,1371.0,1204.0
AWR,78.35068054443555,324180.0,308700.0,3057.0,3209.0
KN,78.33466773418735,1628000.0,1032485.0,1377.5,1914.0
USPH,78.31865492393915,256800.0,239235.0,3266.0,3461.0
IVZ,78.30264211369095,6005500.0,4962705.0,425.0,501.0
JBHT,78.28662930344275,1093880.0,1104265.0,1783.0,1841.0
SKT,78.27061649319455,956820.0,871460.0,1945.0,2105.0
FSV,78.25460368294635,319280.0,192580.0,3069.0,3672.0
SRAD,78.23859087269815,1541300.0,1929115.0,1428.0,1224.0
SEIC,78.22257806244995,759120.0,820965.0,2192.0,2180.0
PHVS,78.20656525220177,311740.0,487655.0,3085.0,2764.0
CFG,78.19055244195357,4250840.0,5141140.0,586.0,471.0
OBT,78.17453963170536,56100.0,64210.0,4529.0,4548.0
AX,78.15852682145716,361020.0,354920.0,2956.0,3078.0
DJT,78.14251401120896,5263620.0,4669945.0,473.0,536.0
ALIT,78.12650120096077,530380.0,737055.0,2546.0,2314.0
UNTY,78.11048839071258,62040.0,69110.0,4456.0,4490.0
KWR,78.09447558046438,144980.0,139475.0,3779.0,3962.0
RGA,78.07846277021618,360660.0,365015.0,2958.0,3046.0
ITW,78.06244995996798,2094080.0,1530320.0,1125.0,1472.0
NTB,78.04643714971976,179320.0,145415.0,3585.0,3917.0
MTA,78.03042433947158,272220.0,393835.0,3212.0,2976.0
DHR,78.01441152922338,6943840.0,6659725.0,365.0,371.0
TD,77.99839871897518,2069260.0,3324010.0,1133.0,756.0
LEA,77.98238590872698,756820.0,532765.0,2195.5,2655.0
ORI,77.96637309847878,1404500.0,1341720.0,1526.0,1607.0
CRAI,77.95036028823058,161700.0,155805.0,3688.0,3854.0
WMK,77.93434747798239,150180.0,154240.0,3745.0,3868.0
FCBC,77.91833466773419,107360.0,88500.0,4043.0,4307.0
CSW,77.90232185748599,177420.0,159230.0,3591.0,3832.0
KMTS,77.88630904723779,284680.0,406340.0,3171.0,2943.0
TANH,77.87029623698959,228460.0,427675.0,3373.0,2897.0
CCBG,77.85428342674139,83500.0,89245.0,4237.0,4300.0
COGT,77.8382706164932,1433460.0,2100840.0,1506.5,1142.0
FFBC,77.822257806245,1010440.0,1259615.0,1880.0,1686.0
KVUE,77.80624499599679,21091720.0,18368075.0,107.0,118.0
LXFR,77.7902321857486,1053380.0,349270.0,1829.0,3098.0
UVE,77.7742193755004,295980.0,245430.0,3132.5,3440.0
BCO,77.7582065652522,733600.0,580385.0,2228.5,2569.0
FSTR,77.74219375500401,65540.0,70825.0,4422.0,4477.0
IOSP,77.72618094475581,153560.0,139615.0,3724.0,3961.0
WEN,77.71016813450761,7057660.0,10108640.0,357.0,231.0
RUSHA,77.69415532425941,659820.0,473565.0,2336.0,2792.0
GDDY,77.6781425140112,1853300.0,1626695.0,1249.0,1405.0
ILPT,77.662129703763,313780.0,427960.0,3081.0,2896.0
SACH-PA,77.64611689351482,4670.0,2606.6,5815.0,6041.0
BHV,77.63010408326662,6440.0,5620.0,5711.0,5844.0
FRAF,77.61409127301842,37060.0,42290.0,4818.0,4827.0
SPSC,77.59807846277022,563520.0,516155.0,2487.0,2695.0
GRDN,77.58206565252202,243940.0,314650.0,3307.0,3189.0
UMBF,77.56605284227382,857380.0,661140.0,2070.0,2432.5
TFIN,77.55004003202562,228300.0,330660.0,3375.5,3142.0
CVBF,77.53402722177742,1539780.0,1529550.0,1429.0,1474.0
GCMG,77.51801441152922,382880.0,543815.0,2891.0,2631.0
AFL,77.50200160128102,1776760.0,1868395.0,1289.0,1261.0
SCCO,77.48598879103282,1091180.0,1168105.0,1785.0,1775.0
CMBT,77.46997598078462,646440.0,821250.0,2361.0,2179.0
HTB,77.45396317053644,131140.0,124465.0,3881.0,4050.0
UAA,77.43795036028823,7428660.0,7459270.0,331.0,338.0
CXE,77.42193755004003,,,,
KNX,77.40592473979183,5505380.0,4241905.0,450.0,593.0
MTH,77.38991192954363,918300.0,901645.0,1981.0,2060.0
AVBH,77.37389911929544,149260.0,141495.0,3753.0,3948.0
SIMO,77.35788630904725,1577980.0,911960.0,1405.0,2051.0
OPY,77.34187349879905,140420.0,124270.0,3818.0,4053.0
GNW,77.32586068855085,2481960.0,2786380.0,955.0,899.0
ECBK,77.30984787830263,7860.0,7190.0,5636.5,5750.0
LLYVK,77.29383506805443,288820.0,312015.0,3159.0,3196.0
FBK,77.27782225780625,339120.0,409300.0,3016.0,2938.0
ZONE,77.26180944755805,10289840.0,3835095.0,224.0,670.0
CSX,77.24579663730985,15117780.0,13590605.0,162.0,164.0
XOS,77.22978382706165,100620.0,106845.0,4099.0,4157.0
MYFW,77.21377101681345,74680.0,64695.0,4314.0,4543.5
FOSL,77.19775820656525,1011500.0,795205.0,1877.0,2211.0
PERF,77.18174539631705,286960.0,472965.0,3164.0,2793.0
MYSE,77.16573258606886,23080.0,129360.0,5094.5,4024.0
UBSI,77.14971977582066,1001400.0,1048645.0,1891.0,1899.0
INSW,77.13370696557246,500560.0,491345.0,2618.0,2753.0
RETO,77.11769415532426,2540.0,7560.0,5969.5,5735.0
VRSK,77.10168134507606,2395700.0,1842300.0,989.0,1277.0
IRMD,77.08566853482786,98880.0,117980.0,4119.0,4091.0
WSFS,77.06965572457966,460460.0,481455.0,2694.0,2776.0
VRTX,77.05364291433146,1456960.0,1497760.0,1487.0,1493.0
V,77.03763010408326,8371420.0,7826135.0,283.0,308.0
DWTX,77.02161729383506,27040.0,71550.0,4999.0,4467.0
CURB,77.00560448358686,1301620.0,1401130.0,1595.0,1561.0
DOCU,76.98959167333868,3689660.0,3187035.0,673.0,781.0
TRNO,76.97357886309048,686080.0,912160.0,2292.0,2050.0
ACT,76.95756605284228,397220.0,366630.0,2856.0,3043.0
EDN,76.94155324259407,53700.0,53055.0,4567.0,4685.0
MRVL,76.92554043234587,25201720.0,25318830.0,83.0,73.0
SGRY,76.90952762209767,2299700.0,1486805.0,1028.0,1500.0
CPAC,76.89351481184949,88500.0,59680.0,4199.0,4598.0
CBAN,76.87750200160129,265520.0,285585.0,3236.0,3286.0
COFS,76.86148919135309,102380.0,93380.0,4085.0,4268.0
AKO-B,76.84547638110489,8880.0,5795.0,5595.0,5835.0
CNOB,76.82946357085669,554220.0,484395.0,2506.0,2770.0
NECB,76.81345076060848,40980.0,41820.0,4741.0,4835.0
GSL,76.79743795036029,277740.0,277635.0,3195.0,3328.0
SPFI,76.78142514011209,133920.0,163755.0,3861.0,3807.0
MITK,76.76541232986389,639240.0,693810.0,2369.0,2390.0
CLX,76.7493995196157,2209480.0,2312770.0,1071.0,1050.0
ZION,76.7333867093675,1450060.0,1785355.0,1493.0,1314.0
XENE,76.7173738991193,555400.0,1255635.0,2503.0,1692.0
SBCF,76.7013610888711,1203080.0,1044140.0,1680.0,1904.0
PHM,76.6853482786229,2073500.0,1886330.0,1131.0,1247.0
AIT,76.6693354683747,251680.0,289900.0,3284.0,3268.0
CRCT,76.6533226581265,448180.0,468225.0,2730.0,2807.0
CATY,76.6373098478783,520140.0,543100.0,2573.0,2634.0
NGVC,76.62129703763011,103940.0,105445.0,4071.0,4167.0
MCY,76.60528422738192,260320.0,278915.0,3254.0,3317.0
ROST,76.5892714171337,2492440.0,2340875.0,952.0,1039.0
PFS,76.5732586068855,1175060.0,1014020.0,1709.0,1938.0
MS,76.5572457966373,5725120.0,5875010.0,440.0,419.0
TOST,76.5412329863891,9600140.0,9868280.0,247.0,239.0
BEN,76.52522017614092,4704440.0,4421730.0,533.0,569.0
STG,76.50920736589272,5220.0,7020.0,5779.0,5755.0
CRDO,76.49319455564452,6317280.0,6194440.0,404.0,400.0
MRBK,76.47718174539632,124160.0,113075.0,3932.0,4120.0
WES,76.46116893514812,966000.0,751320.0,1933.0,2291.0
BALY,76.44515612489991,44060.0,53735.0,4687.5,4677.0
IR,76.42914331465172,3906600.0,4085935.0,642.0,624.0
RJF,76.41313050440353,1174600.0,1276755.0,1710.0,1675.0
RNAC,76.39711769415533,119220.0,138835.0,3957.0,3963.0
RF,76.38110488390713,7708860.0,10212655.0,313.0,229.0
WAB,76.36509207365893,1167520.0,1023260.0,1717.0,1926.0
PKBK,76.34907926341073,41000.0,51785.0,4739.5,4700.0
WDFC,76.33306645316253,131880.0,203950.0,3876.0,3610.0
NWL,76.31705364291433,6469580.0,8092745.0,388.0,299.0
EQBK,76.30104083266613,116100.0,149930.0,3980.0,3889.0
TSBK,76.28502802241793,35560.0,31155.0,4853.0,5024.0
NCT,76.26901521216973,887440.0,701190.0,2032.0,2375.0
SSNC,76.25300240192153,2398360.0,1872000.0,986.0,1258.0
TMHC,76.23698959167335,3636822.2,2943779.8,687.0,846.0
CDZIP,76.22097678142514,5520.0,6225.0,5756.0,5812.0
HBCP,76.20496397117694,107820.0,110985.0,4037.0,4135.0
MLSS,76.18895116092874,94980.0,112185.0,4149.0,4129.0
HNST,76.17293835068054,1080460.0,1186540.0,1795.0,1754.0
DG,76.15692554043234,2053580.0,2478850.0,1140.0,997.0
NMM,76.14091273018416,132540.0,110695.0,3871.0,4139.0
CVI,76.12489991993596,1243280.0,943345.0,1649.0,2022.0
BMRC,76.10888710968776,189740.0,163805.0,3533.0,3806.0
TBBB,76.09287429943954,403180.0,529615.0,2843.0,2668.0
IVT,76.07686148919134,529980.0,607155.0,2547.0,2525.0
FBLA,76.06084867894315,77380.0,61755.0,4289.0,4572.0
CTNM,76.04483586869496,191340.0,259570.0,3529.0,3388.0
SUN,76.02882305844676,469760.0,441770.0,2680.0,2869.0
RRBI,76.01281024819856,102860.0,100185.0,4082.0,4204.0
BME,75.99679743795036,48280.0,43470.0,4626.0,4810.0
CGNX,75.98078462770216,1811780.0,1962250.0,1271.0,1205.0
UL,75.96477181745396,7810080.0,4841675.0,307.0,511.0
AHR,75.94875900720577,2431780.0,2636115.0,972.0,945.0
EE,75.93274619695757,251880.0,269720.0,3282.0,3351.0
COTY,75.91673338670937,7776660.0,9817825.0,309.0,241.0
SPB,75.90072057646117,280460.0,308015.0,3182.0,3212.0
CXH,75.88470776621297,,,,
LEVI,75.86869495596477,2283660.0,3236810.0,1036.0,772.0
IDCC,75.85268214571657,308500.0,265670.0,3099.0,3364.0
URBN,75.83666933546837,835540.0,1058360.0,2100.0,1886.0
GTIM,75.82065652522017,40600.0,30740.0,4744.0,5037.0
RAVE,75.80464371497197,26900.0,42780.0,5002.0,4820.0
TOL,75.78863090472377,748780.0,909730.0,2202.0,2054.0
BIIB,75.77261809447559,1296760.0,1474720.0,1598.0,1507.0
SHW,75.75660528422739,2821880.0,2117710.0,867.0,1134.0
ONB,75.74059247397919,4708320.0,4986295.0,532.0,499.0
H,75.72457966373098,1044320.0,762245.0,1842.0,2276.0
BMEZ,75.70856685348278,97640.0,143930.0,4130.0,3933.0
CMU,75.69255404323458,,,,
ATR,75.6765412329864,509440.0,460875.0,2599.5,2824.0
SKYX,75.6605284227382,919700.0,1327570.0,1979.0,1623.0
AER,75.64451561249,1290960.0,1037115.0,1603.0,1909.0
PH,75.6285028022418,612420.0,546615.0,2408.0,2626.0
LLYVA,75.6124899919936,88040.0,170055.0,4204.0,3770.0
ERIE,75.59647718174539,275640.0,284640.0,3203.0,3290.0
SKY,75.5804643714972,510320.0,581385.0,2596.0,2568.0
CTS,75.564451561249,341580.0,261075.0,3007.0,3381.0
YMM,75.5484387510008,7267680.0,6746095.0,343.0,363.0
SFBC,75.5324259407526,10180.0,11440.0,5525.0,5567.0
LE,75.5164131305044,208920.0,290685.0,3462.0,3264.5
STRR,75.5004003202562,2300.0,2585.0,5993.0,6043.0
BWLP,75.484387510008,288880.0,356570.0,3158.0,3073.0
WYY,75.4683746997598,172960.0,209935.0,3621.5,3586.0
SFNC,75.45236188951161,1234440.0,1546640.0,1663.0,1460.0
IGIC,75.43634907926341,84020.0,98225.0,4234.5,4224.0
R,75.42033626901521,438440.0,367880.0,2752.0,3039.0
BFRI,75.40432345876701,576100.0,403850.0,2466.0,2951.0
ADV,75.38831064851883,88440.0,140800.0,4200.0,3955.0
MCBS,75.37229783827061,108180.0,83160.0,4035.0,4361.5
LMT,75.35628502802241,1442420.0,1198440.0,1498.0,1737.0
D,75.34027221777421,3310960.0,4439555.0,741.0,567.0
BNL,75.32425940752601,2140800.0,1911260.0,1105.0,1236.0
ATEN,75.30824659727782,1597540.0,1246530.0,1395.0,1701.0
OSW,75.29223378702963,865440.0,792355.0,2062.0,2218.0
IBKR,75.27622097678143,5145340.0,4383895.0,483.0,575.0
NMI,75.26020816653323,14560.0,17635.0,5364.5,5356.0
NKSH,75.24419535628503,29820.0,29845.0,4950.0,5056.0
L,75.22818254603682,847740.0,793475.0,2085.0,2214.0
SNX,75.21216973578862,913080.0,842485.0,1996.0,2149.0
HUBG,75.19615692554044,903700.0,755715.0,2009.0,2282.0
COF,75.18014411529224,4355560.0,4521240.0,572.0,557.0
WRB,75.16413130504404,1685700.0,2035315.0,1335.0,1174.0
AUBN,75.14811849479584,2300.0,1780.0,5993.0,6095.0
CATO,75.13210568454764,140520.0,122615.0,3817.0,4065.0
PGC,75.11609287429944,262780.0,257325.0,3240.0,3404.0
CIF,75.10008006405124,,,,
CCIIW,75.08406725380304,100.0,3420.0,6239.5,5981.0
LYFT,75.06805444355484,12764380.0,11391150.0,185.0,196.0
TOWN,75.05204163330664,705640.0,695100.0,2270.0,2387.0
ERO,75.03602882305844,743680.0,917270.0,2210.0,2049.0
PDEX,75.02001601281026,83220.0,100810.0,4242.5,4197.0
FAF,75.00400320256205,914780.0,823200.0,1987.0,2176.0
TBBK,74.98799039231385,495240.0,431890.0,2633.0,2892.0
ODFL,74.97197758206565,2340000.0,1655605.0,1008.0,1386.0
STRA,74.95596477181745,437940.0,319350.0,2754.0,3177.0
VSH,74.93995196156925,5352360.0,5982950.0,459.0,412.0
ESNT,74.92393915132106,495880.0,530930.0,2630.0,2660.0
SERA,74.90792634107287,42400.0,37175.0,4715.0,4926.5
RS,74.89191353082467,337780.0,328895.0,3021.0,3150.0
DOCN,74.87590072057645,3337720.0,3489190.0,736.0,726.0
EQ,74.85988791032825,443840.0,828970.0,2743.5,2168.0
ROOT,74.84387510008006,192360.0,207970.0,3521.0,3593.5
SMA,74.82786228983187,730020.0,761220.0,2236.0,2277.0
HQH,74.81184947958367,293920.0,278080.0,3142.0,3324.0
PJT,74.79583666933547,480860.0,476060.0,2665.0,2785.0
USFD,74.77982385908727,2033760.0,2429745.0,1150.0,1009.0
BTO,74.76381104883907,53140.0,46525.0,4570.0,4770.0
WABC,74.74779823859087,136980.0,200050.0,3839.0,3629.0
TFX,74.73178542834268,446160.0,434110.0,2735.0,2887.0
QTWO,74.71577261809448,1373220.0,909120.0,1550.0,2056.0
KRG,74.69975980784628,2291820.0,2503675.0,1032.0,984.0
FCNCA,74.68374699759808,66980.0,84635.0,4408.0,4343.0
BHP,74.66773418734988,2404380.0,2438750.0,980.0,1006.0
FRHC,74.65172137710168,91060.0,167265.0,4179.0,3785.0
PAM,74.63570856685348,171980.0,143315.0,3626.0,3937.0
ASB,74.61969575660528,2146220.0,2119190.0,1103.0,1132.0
IRS,74.60368294635708,200560.0,156580.0,3489.0,3850.0
GGB,74.58767013610888,12148340.0,15901045.0,192.0,141.0
PFBC,74.57165732586068,100320.0,118735.0,4103.0,4088.0
AROW,74.55564451561249,83280.0,87025.0,4240.5,4317.0
AVBC,74.5396317053643,99800.0,63930.0,4114.5,4552.0
NOVT,74.5236188951161,423460.0,472505.0,2785.0,2795.0
ICFI,74.50760608486789,231400.0,258970.0,3362.0,3397.0
MWYN,74.49159327461969,716260.0,269195.0,2256.0,3352.0
FHI,74.47558046437149,523860.0,572005.0,2567.5,2584.0
ASAN,74.45956765412329,7357140.0,5668445.0,339.0,432.0
BSBK,74.4435548438751,3800.0,8380.0,5887.5,5693.0
GIB,74.4275420336269,806020.0,529435.0,2142.0,2670.0
TECK,74.41152922337871,3384780.0,3594950.0,729.0,711.0
HON,74.39551641313051,3287160.0,3698360.0,748.0,692.0
HRMY,74.3795036028823,632880.0,851215.0,2380.0,2136.0
ARTNA,74.36349079263411,37440.0,31930.0,4810.5,5011.0
ZTEK,74.34747798238591,126440.0,154735.0,3902.0,3864.0
RNST,74.33146517213771,599600.0,656395.0,2426.0,2441.0
SNEX,74.31545236188951,838240.0,1105857.5,2096.0,1839.0
HR,74.29943955164131,4144720.0,3739500.0,606.0,689.0
SNA,74.28342674139311,405160.0,382860.0,2834.0,2997.0
RBB,74.26741393114492,157460.0,200275.0,3708.0,3628.0
FIBK,74.25140112089672,1659660.0,1248165.0,1350.0,1699.0
AHT,74.23538831064852,10780.0,17820.0,5500.5,5347.0
ANTX,74.21937550040032,165000.0,209905.0,3667.5,3587.0
UNP,74.20336269015212,3613480.0,3129355.0,693.0,796.0
TTWO,74.18734987990392,2020820.0,1791740.0,1159.0,1310.0
MTRN,74.17133706965573,501220.0,330210.0,2617.0,3145.0
STLD,74.15532425940754,1204200.0,1199325.0,1679.0,1736.0
KVAC,74.13931144915932,45820.0,12035.0,4657.0,5540.5
BXC,74.12329863891112,124580.0,146160.0,3923.5,3914.0
FFIN,74.10728582866292,729380.0,803610.0,2237.0,2198.0
NRIM,74.09127301841473,176840.0,162425.0,3596.0,3815.0
FBNC,74.07526020816654,214020.0,254530.0,3442.5,3411.0
TPCS,74.05924739791834,28660.0,31110.0,4968.0,5025.0
WSC,74.04323458767014,2562560.0,2056335.0,938.0,1163.0
VLRS,74.02722177742194,551840.0,609640.0,2508.0,2521.0
RPM,74.01120896717373,1144700.0,1075315.0,1740.0,1865.0
ASND,73.99519615692553,463340.0,516235.0,2691.0,2694.0
SLDE,73.97918334667735,1385340.0,1329490.0,1541.0,1621.0
CGAU,73.96317053642915,1914100.0,1472980.0,1206.0,1508.0
MCR,73.94715772618095,,,,
MREO,73.93114491593275,1138640.0,975215.0,1744.0,1982.0
JMSB,73.91513210568455,38120.0,33855.0,4798.5,4978.0
PAGP,73.89911929543635,1766740.0,1272060.0,1293.0,1679.0
FRST,73.88310648518815,219860.0,172675.0,3414.0,3762.0
EMR,73.86709367493995,3166320.0,2534820.0,768.0,973.0
PHR,73.85108086469175,813540.0,740485.0,2129.0,2306.0
HQL,73.83506805444355,249480.0,164205.0,3293.0,3803.0
GFL,73.81905524419535,3107600.0,3104675.0,782.0,804.0
OM,73.80304243394716,90120.0,140875.0,4188.0,3953.0
VFL,73.78702962369897,,,,
PCG,73.77101681345076,26657280.0,18664065.0,76.0,115.0
UHT,73.75500400320256,82760.0,108150.0,4248.0,4147.0
FOR,73.73899119295436,114580.0,151140.0,3993.0,3886.0
CHKP,73.72297838270616,1898500.0,1362325.0,1217.0,1592.0
STRL,73.70696557245796,1148120.0,778735.0,1738.0,2240.0
MC,73.69095276220978,1085500.0,871735.0,1790.0,2104.0
OPBK,73.67493995196158,61220.0,39915.0,4470.0,4876.0
BIRK,73.65892714171338,1103560.0,1292270.0,1773.0,1657.0
HSHP,73.64291433146516,313600.0,296240.0,3082.0,3251.0
NESR,73.62690152121696,1730440.0,1889750.0,1309.0,1244.0
MFIN,73.61088871096878,29460.0,33410.0,4956.0,4981.0
PAPL,73.59487590072058,163220.0,823615.0,3680.0,2175.0
SLGL,73.57886309047238,44280.0,42060.0,4683.0,4834.0
WBI,73.56285028022418,592620.0,717560.0,2432.0,2344.0
MCFT,73.54683746997598,142820.0,125115.0,3798.0,4046.0
CACC,73.53082465972778,149740.0,142110.0,3746.0,3947.0
PAA,73.51481184947959,2309420.0,2043000.0,1025.5,1170.0
ROP,73.49879903923139,1044420.0,898015.0,1841.0,2066.0
NVS,73.48278622898319,1770080.0,1792660.0,1291.0,1309.0
OTEX,73.46677341873499,1795320.0,1434605.0,1280.0,1538.0
MTD,73.45076060848679,174020.0,162785.0,3615.0,3814.0
ABNB,73.43474779823859,3813640.0,3389735.0,660.0,744.0
CINF,73.41873498799039,1007080.0,966660.0,1884.0,1989.0
GD,73.40272217774219,1506260.0,1181765.0,1452.0,1758.0
MDT,73.38670936749399,7986360.0,7613810.0,300.0,325.0
RDN,73.3706965572458,1019380.0,1304435.0,1868.0,1645.0
HFWA,73.3546837469976,519520.0,427105.0,2576.0,2898.0
BLX,73.3386709367494,168000.0,166410.0,3652.0,3790.0
GHC,73.32265812650121,22100.0,19500.0,5121.0,5304.0
HLN,73.30664531625301,19149720.0,10639160.0,121.0,211.0
OWLT,73.29063250600481,100540.0,141370.0,4101.0,3949.0
CTVA,73.2746196957566,4269440.0,3444265.0,583.0,730.0
INDB,73.2586068855084,363660.0,407740.0,2947.0,2941.0
DDS,73.2425940752602,149600.0,126620.0,3748.0,4035.0
SFST,73.22658126501202,110840.0,118795.0,4016.0,4087.0
KDP,73.21056845476382,13777380.0,13073255.0,174.0,168.0
CAAP,73.19455564451562,135420.0,179460.0,3851.0,3725.0
HCSG,73.17854283426742,809280.0,762455.0,2138.0,2275.0
WTTR,73.16253002401922,1503780.0,1556925.0,1454.0,1453.0
SAFE,73.146517213771,237820.0,278895.0,3332.0,3318.0
SGHC,73.13050440352282,1958720.0,2649605.0,1190.0,941.0
DLO,73.11449159327462,1876760.0,2122390.0,1233.0,1131.0
UPS,73.09847878302642,7366940.0,5152225.0,338.0,470.0
KREF,73.08246597277822,1248380.0,1207550.0,1639.0,1733.0
ECL,73.06645316253002,1447540.0,1174910.0,1497.0,1768.0
NNN,73.05044035228183,1289400.0,1420460.0,1605.0,1548.0
DCTH,73.03442754203363,394840.0,350970.0,2861.0,3091.0
FWRG,73.01841473178543,1044520.0,891325.0,1840.0,2077.0
FLNC,73.00240192153723,6558320.0,7697900.0,386.0,318.0
PCRX,72.98638911128903,514580.0,497640.0,2587.0,2736.0
BMRN,72.97037630104083,1707160.0,1549165.0,1327.0,1457.0
REXR,72.95436349079263,4205980.0,3019710.0,593.0,829.0
SHG,72.93835068054445,270140.0,243215.0,3221.0,3447.0
CNNE,72.92233787029623,399080.0,407345.0,2853.0,2942.0
AFRM,72.90632506004803,3162260.0,3696820.0,769.0,693.0
TPR,72.89031224979983,1976140.0,2231490.0,1183.0,1092.0
THRY,72.87429943955163,376860.0,435800.0,2912.5,2882.0
SSB,72.85828662930345,1008440.0,863450.0,1883.0,2119.0
PB,72.84227381905525,1177980.0,1333505.0,1705.0,1617.0
ISPR,72.82626100880705,19860.0,89735.0,5192.0,4298.0
IEX,72.81024819855885,1070060.0,736505.0,1810.0,2317.0
MGYR,72.79423538831065,5560.0,2860.0,5755.0,6013.5
OHI,72.77822257806244,2162900.0,1818045.0,1096.0,1289.0
MSFT,72.76220976781426,49013480.0,35301040.0,31.0,43.0
CRON,72.74619695756606,1000100.0,810675.0,1894.0,2188.0
GROW,72.73018414731786,26160.0,18410.0,5018.0,5328.0
BHC,72.71417133706966,5305640.0,2763540.0,467.0,906.0
ALX,72.69815852682146,25100.0,27750.0,5046.0,5104.0
KIM,72.68214571657326,4611840.0,3797740.0,542.0,678.0
GXO,72.66613290632506,1171080.0,1252820.0,1713.0,1695.0
XLO,72.65012009607686,24520.0,49305.0,5064.0,4732.0
AVY,72.63410728582866,1112340.0,804800.0,1764.0,2195.0
STE,72.61809447558046,769600.0,699295.0,2182.0,2379.0
RL,72.60208166533226,471620.0,554500.0,2678.0,2612.0
PII,72.58606885508406,1201320.0,850525.0,1683.0,2137.0
SOPH,72.57005604483588,187780.0,314285.0,3544.0,3190.0
NWSA,72.55404323458767,3222540.0,3382550.0,759.0,745.0
UPBD,72.53803042433947,1064880.0,918265.0,1820.0,2048.0
HYFT,72.52201761409127,375220.0,278845.0,2917.0,3319.0
MSEX,72.50600480384307,107840.0,196750.0,4036.0,3647.0
BRK-A,72.48999199359487,160.0,165.0,6228.0,6256.5
FPH,72.47397918334669,183480.0,129915.0,3567.0,4021.0
NCLH,72.45796637309849,21216160.0,14419910.0,106.0,157.0
BOF,72.44195356285029,16460.0,22870.0,5303.0,5214.0
EML,72.42594075260207,9600.0,17055.0,5553.5,5374.0
WT,72.40992794235387,1875700.0,2389380.0,1234.0,1022.0
FSUN,72.39391513210568,419720.0,292505.0,2795.0,3258.0
BRK-B,72.37790232185749,4578020.0,4097290.0,545.0,621.0
DCI,72.36188951160929,713340.0,707915.0,2261.0,2363.0
PLTK,72.34587670136109,848820.0,1291975.0,2083.0,1658.0
UPC,72.3298638911129,40080.0,356020.0,4755.0,3075.0
ABEO,72.3138510808647,1057940.0,1327115.0,1828.0,1624.0
ENR,72.2978382706165,849080.0,924740.0,2081.5,2039.0
TDG,72.2818254603683,302360.0,323800.0,3110.0,3161.0
MYGN,72.2658126501201,1355300.0,1029860.0,1561.0,1919.0
SRG-PA,72.2497998398719,9181.4,9137.3,5568.0,5663.0
RCG,72.2337870296237,4840.0,5950.0,5801.5,5829.0
NIQ,72.2177742193755,1717260.0,1515655.0,1321.0,1482.0
SPHR,72.2017614091273,929060.0,683075.0,1966.0,2402.0
VBNK,72.1857485988791,98580.0,119890.0,4121.0,4078.0
INEO,72.1697357886309,299380.0,220680.0,3121.0,3531.0
SLNG,72.1537229783827,17240.0,40955.0,5262.0,4853.0
BMI,72.1377101681345,564660.0,533515.0,2483.0,2654.0
ARL,72.1216973578863,11720.0,16705.0,5468.0,5388.0
YIBO,72.10568454763812,417820.0,119820.0,2797.0,4079.0
SNGX,72.08967173738992,252060.0,379415.0,3281.0,3004.0
DEI,72.07365892714172,1683560.0,2022225.0,1336.0,1177.0
PRQR,72.05764611689351,531400.0,1019720.0,2545.0,1933.0
CPT,72.04163330664531,1120060.0,966405.0,1760.0,1990.0
PEBK,72.02562049639711,32180.0,34405.0,4915.0,4972.0
OESX,72.00960768614893,29920.0,38685.0,4948.0,4898.0
CAG,71.99359487590073,15077840.0,15749810.0,163.0,143.0
GRX,71.97758206565253,18460.0,21280.0,5230.5,5260.0
WELL,71.96156925540433,3250100.0,2880460.0,757.0,869.0
RLGT,71.94555644515613,100860.0,118880.0,4096.0,4086.0
WBS,71.92954363490792,4018540.0,3942480.0,624.0,651.0
CARS,71.91353082465973,630740.0,660035.0,2381.0,2435.0
HIMX,71.89751801441153,1375660.0,1773190.0,1548.0,1321.0
CEPU,71.88150520416333,226160.0,199865.0,3384.0,3630.0
RCUS,71.86549239391513,1149880.0,1017860.0,1736.0,1934.0
RVLV,71.84947958366693,786980.0,711765.0,2163.0,2356.0
SCI,71.83346677341873,1630600.0,1229430.0,1374.0,1715.0
INGM,71.81745396317054,807160.0,1001680.0,2140.0,1946.0
FRT,71.80144115292234,883380.0,786140.0,2038.0,2226.0
ONC,71.78542834267414,262300.0,377175.0,3242.0,3014.0
GRBK,71.76941553242594,220020.0,213640.0,3413.0,3569.0
BZUN,71.75340272217774,347520.0,281375.0,2996.0,3309.0
RBKB,71.73738991192954,217160.0,155142.5,3426.5,3861.0
GNK,71.72137710168136,265660.0,256790.0,3235.0,3406.0
EXLS,71.70536429143314,3751420.0,2552310.0,664.0,961.0
XPER,71.68935148118494,352780.0,322085.0,2982.0,3166.0
TER,71.67333867093674,5883360.0,4019545.0,433.0,638.0
SXT,71.65732586068854,853960.0,655465.0,2073.0,2443.0
PBA,71.64131305044035,785100.0,943610.0,2166.0,2021.0
ALV,71.62530024019216,550120.0,799645.0,2513.0,2203.0
RSKD,71.60928742994396,487520.0,648215.0,2650.0,2451.0
ADSE,71.59327461969576,19040.0,16275.0,5210.5,5403.0
NSTS,71.57726180944756,8900.0,8395.0,5592.0,5691.0
SF,71.56124899919935,1435720.0,1257110.0,1503.0,1690.0
PROF,71.54523618895115,245080.0,121185.0,3304.0,4071.0
ONON,71.52922337870297,4700440.0,3971935.0,534.0,642.0
FRPH,71.51321056845477,81000.0,65155.0,4262.0,4534.0
CCL,71.49719775820657,23028880.0,18978880.0,93.0,109.0
IGD,71.48118494795837,233740.0,271085.0,3355.0,3344.0
IIPR-PA,71.46517213771017,36816.0,27822.1,4824.0,5102.0
MLTX,71.44915932746197,792820.0,1079360.0,2154.0,1858.0
UNM,71.43314651721377,2171960.0,1561075.0,1091.0,1450.0
MAR,71.41713370696557,1509780.0,1384940.0,1449.0,1570.0
LGCY,71.40112089671737,48060.0,44015.0,4631.0,4802.0
HTO,71.38510808646917,512620.0,518270.0,2590.0,2688.0
NPO,71.36909527622097,239380.0,248025.0,3326.0,3431.0
CHCT,71.35308246597279,192320.0,206540.0,3522.0,3605.0
ECO,71.33706965572458,327480.0,412195.0,3047.5,2930.0
UTI,71.32105684547638,829860.0,959160.0,2107.0,1998.0
PFX,71.30504403522818,3520.0,13835.0,5911.5,5470.0
CRWS,71.28903122497998,49980.0,48025.0,4604.0,4754.0
FR,71.27301841473178,1244460.0,1387110.0,1645.0,1567.0
FRME,71.2570056044836,465280.0,483380.0,2685.0,2774.0
JANX,71.2409927942354,784640.0,868110.0,2168.0,2109.0
UGP,71.2249799839872,2742780.0,4635840.0,885.0,542.0
CZR,71.20896717373898,2907440.0,3596705.0,847.0,710.0
EG,71.19295436349078,421400.0,372310.0,2792.0,3027.0
ACGL,71.17694155324259,2295020.0,1871815.0,1030.0,1259.0
SYNA,71.1609287429944,648220.0,858780.0,2354.0,2124.0
FNB,71.1449159327462,5344820.0,6652695.0,460.0,372.0
HTLM,71.128903122498,5500.0,12755.0,5758.5,5517.0
AVT,71.1128903122498,903480.0,985710.0,2010.0,1969.0
LFS,71.0968775020016,46240.0,60200.0,4652.0,4589.0
WFC,71.0808646917534,14407420.0,16379285.0,168.0,134.0
BBT,71.0648518815052,979100.0,753995.0,1916.0,2288.0
CGON,71.048839071257,877020.0,951190.0,2045.0,2007.0
AWK,71.03282626100881,3058180.0,2223815.0,799.0,1095.0
AFG,71.01681345076061,405080.0,444915.0,2836.0,2859.0
KOF,71.00080064051241,191680.0,148480.0,3527.0,3903.0
APT,70.98478783026421,34920.0,49355.0,4865.0,4730.0
LSBK,70.96877502001601,13600.0,8745.0,5402.5,5678.0
BANR,70.95276220976781,320100.0,435460.0,3068.0,2884.0
CHR,70.93674939951961,52980.0,74555.0,4574.5,4429.0
RGNX,70.92073658927141,1183080.0,2204855.0,1700.0,1103.0
ISTR,70.90472377902321,171380.0,205820.0,3631.0,3607.0
DRI,70.88871096877502,1435380.0,1436925.0,1504.0,1536.0
OLP,70.87269815852683,88740.0,78695.0,4196.0,4401.0
VABK,70.85668534827863,8340.0,6970.0,5616.0,5758.0
WEAV,70.84067253803042,938220.0,1089325.0,1956.0,1853.0
ASX,70.82465972778222,11620980.0,10367210.0,200.0,220.0
CPB,70.80864691753402,6038800.0,6170810.0,421.0,405.0
EOLS,70.79263410728582,636780.0,736810.0,2374.0,2315.0
CB,70.77662129703764,1916140.0,2077510.0,1204.0,1153.0
MKL,70.76060848678944,72620.0,64695.0,4332.0,4543.5
PPG,70.74459567654124,3032300.0,2071885.0,807.0,1159.0
SFM,70.72858286629304,2754140.0,2236915.0,882.0,1089.0
NVST,70.71257005604483,2983940.0,2613480.0,827.0,949.0
MTW,70.69655724579663,212180.0,217455.0,3448.5,3552.0
APAM,70.68054443554844,1036720.0,948690.0,1852.0,2011.0
SHLS,70.66453162530024,4688340.0,5487595.0,535.0,450.0
UTMD,70.64851881505204,51160.0,32020.0,4590.0,5009.0
CBFV,70.63250600480384,4820.0,4965.0,5803.0,5883.0
RDNT,70.61649319455564,680220.0,737800.0,2303.0,2311.0
DMAC,70.60048038430745,211560.0,214590.0,3450.0,3567.0
RSVR,70.58446757405925,70220.0,56280.0,4367.5,4643.0
ABEV,70.56845476381105,28652620.0,23179010.0,71.0,81.0
CDW,70.55244195356285,1458940.0,1834350.0,1484.0,1283.0
ARGX,70.53642914331465,274280.0,294585.0,3207.0,3255.0
CM,70.52041633306645,905520.0,1215540.0,2006.0,1724.0
ATLO,70.50440352281827,27500.0,40325.0,4987.0,4868.0
CTO,70.48839071257007,339040.0,331040.0,3017.5,3140.0
JD,70.47237790232185,9414760.0,7729855.0,254.0,316.0
AKAM,70.45636509207365,3011120.0,3534485.0,819.0,716.0
ICHR,70.44035228182545,1017180.0,1024695.0,1869.0,1924.0
ARDT,70.42433947157726,686320.0,547595.0,2291.0,2625.0
FICO,70.40832666132907,451340.0,282780.0,2721.5,3301.0
SCHL,70.39231385108087,563780.0,360935.0,2486.0,3057.5
COLB,70.37630104083267,3703340.0,3038835.0,671.0,822.0
HAFC,70.36028823058447,285480.0,277660.0,3167.0,3327.0
KAI,70.34427542033626,124520.0,117000.0,3925.5,4099.0
BBWI,70.32826261008806,4877760.0,4993745.0,514.0,496.0
DEA,70.31224979983988,297560.0,341710.0,3125.0,3115.0
PSA,70.29623698959168,1538820.0,1283480.0,1430.0,1664.0
JXN,70.28022417934348,528720.0,623725.0,2552.0,2496.0
SVC,70.26421136909528,1516280.0,1973320.0,1443.0,1200.0
GOLF,70.24819855884708,321880.0,283325.0,3064.0,3298.0
BBGI,70.23218574859888,20240.0,25925.0,5179.0,5134.0
EVTC,70.21617293835068,349060.0,403820.0,2991.0,2952.0
SER,70.20016012810248,20580.0,38655.0,5173.0,4899.0
CYCN,70.18414731785428,24240.0,21440.0,5072.0,5255.0
ADNT,70.16813450760608,722520.0,894415.0,2247.0,2070.0
SNDA,70.15212169735788,524000.0,468325.0,2566.0,2805.0
IBOC,70.13610888710969,236940.0,287335.0,3338.0,3280.0
VLTO,70.1200960768615,2350640.0,1843320.0,1005.0,1276.0
UFPI,70.10408326661329,581120.0,443900.0,2454.0,2865.0
CL,70.08807045636509,4519840.0,4407250.0,550.0,570.0
MCO,70.07205764611689,922580.0,885500.0,1974.0,2086.5
WERN,70.05604483586869,2231780.0,1357925.0,1062.0,1596.0
PNFP,70.04003202562049,1618780.0,1298325.0,1381.0,1651.0
ACET,70.0240192153723,77320.0,90680.0,4290.0,4289.0
TRMK,70.0080064051241,701180.0,479400.0,2276.0,2778.0
CWBC,69.99199359487591,339640.0,291650.0,3014.0,3261.0
BALL,69.9759807846277,1922180.0,1850900.0,1202.0,1269.0
WTFC,69.9599679743795,564700.0,704135.0,2482.0,2370.0
WFG,69.9439551641313,211320.0,212980.0,3451.0,3574.0
NTST,69.92794235388311,1353680.0,1481215.0,1563.0,1502.0
NSC,69.91192954363491,1439440.0,1122080.0,1501.0,1817.0
MCK,69.89591673338671,1010720.0,936330.0,1878.0,2028.0
INBK,69.87990392313851,24360.0,33265.0,5068.0,4985.0
NHPBP,69.86389111289031,2540.0,2360.0,5969.5,6057.0
BC,69.84787830264212,848180.0,696135.0,2084.0,2383.0
AMPL,69.83186549239392,1720200.0,1973370.0,1316.0,1199.0
EMBJ,69.81585268214572,1302540.0,946980.0,1593.0,2013.0
PGR,69.79983987189752,2486520.0,3088800.0,954.0,809.0
FDX,69.78382706164932,1537900.0,1581175.0,1431.0,1433.0
GNLX,69.76781425140112,145520.0,152565.0,3775.5,3878.0
SMTC,69.75180144115292,2184440.0,2480915.0,1084.0,995.0
NHPAP,69.73578863090472,13840.0,6585.0,5389.0,5779.0
WBX,69.71977582065652,30440.0,100395.0,4942.0,4203.0
FLS,69.70376301040832,2417580.0,1939150.0,977.0,1217.0
VEON,69.68775020016012,84580.0,84530.0,4229.0,4344.0
AII,69.67173738991193,106620.0,82595.0,4046.0,4366.0
EGBN,69.65572457966374,330980.0,301615.0,3038.5,3230.0
SHO-PI,69.63971176941554,3325.8,5596.85,5922.0,5848.0
GIC,69.62369895916734,110920.0,102080.0,4014.0,4185.0
JRS,69.60768614891913,107620.0,76970.0,4041.0,4416.0
HIG,69.59167333867093,2073920.0,1711660.0,1130.0,1356.0
PECO,69.57566052842273,1075880.0,858595.0,1801.0,2125.0
CSL,69.55964771817455,606240.0,571155.0,2414.0,2585.0
CLBT,69.54363490792635,1052760.0,1504540.0,1831.0,1489.0
NBIS,69.52762209767815,30600880.0,21450155.0,59.0,91.0
HAYW,69.51160928742995,3746120.0,3197210.0,665.0,778.0
CBRE,69.49559647718175,2532160.0,1794430.0,944.0,1306.0
GWRE,69.47958366693354,1232480.0,1314585.0,1664.0,1634.0
HD,69.46357085668535,4421760.0,3815890.0,565.0,673.0
NOVTU,69.44755804643715,38520.0,13625.0,4791.0,5480.0
BVFL,69.43154523618895,21400.0,14815.0,5151.0,5444.0
OCFC,69.41553242594075,773580.0,838130.0,2178.0,2155.0
FDMT,69.39951961569255,581040.0,692195.0,2455.0,2393.0
PW,69.38350680544436,3960.0,8110.0,5874.5,5709.0
SUNS,69.36749399519616,53780.0,55520.0,4564.0,4657.0
NWS,69.35148118494796,1000780.0,1143525.0,1893.0,1798.0
BLKB,69.33546837469976,1105960.0,725950.0,1768.0,2333.0
GRC,69.31945556445156,236680.0,208230.0,3343.0,3591.0
DPZ,69.30344275420336,1030080.0,1034120.0,1860.0,1912.0
FMX,69.28742994395516,748340.0,540710.0,2204.0,2641.0
PLX,69.27141713370698,399800.0,511375.0,2851.0,2708.0
EVT,69.25540432345876,96760.0,89810.0,4134.0,4295.0
AWI,69.23939151321056,905680.0,581925.0,2005.0,2565.0
LQDT,69.22337870296236,162380.0,189655.0,3684.0,3687.0
MTUS,69.20736589271417,401620.0,380080.0,2847.0,3002.0
PRLD,69.19135308246597,626860.0,372120.0,2385.0,3028.0
ESS,69.17534027221778,570780.0,496390.0,2472.0,2740.0
EDU,69.15932746196958,1284960.0,844530.0,1612.0,2145.0
NATL,69.14331465172138,699020.0,530965.0,2278.0,2659.0
OZK,69.12730184147318,1164680.0,1449525.0,1722.0,1526.0
VIPS,69.11128903122497,1306740.0,1943670.0,1590.0,1215.0
BACCU,69.09527622097679,380.0,205.0,6198.5,6253.5
SHO-PH,69.07926341072859,2379.0,3648.85,5984.0,5965.0
MIRM,69.06325060048039,528900.0,612620.0,2551.0,2517.0
AS,69.04723779023219,3459040.0,3651315.0,716.0,702.0
LOBO,69.03122497998399,67680.0,290415.0,4401.0,3267.0
SOBO,69.01521216973579,465360.0,779160.0,2684.0,2239.0
VLY,68.99919935948759,7445820.0,6899010.0,330.0,353.0
NFJ,68.98318654923939,272440.0,246945.0,3211.0,3436.0
ADT,68.96717373899119,8677100.0,7765985.0,273.0,313.0
EXR,68.951160928743,1865320.0,1217565.0,1243.0,1721.0
BRT,68.9351481184948,22560.0,29465.0,5107.0,5067.0
ES,68.9191353082466,2389880.0,2084435.0,992.0,1151.0
NHICU,68.90312249799841,0.0,1320.0,6301.5,6130.0
CRD-A,68.8871096877502,42960.0,39695.0,4703.5,4884.0
RNXT,68.871096877502,295340.0,197615.0,3136.0,3640.0
FSBW,68.8550840672538,19680.0,19715.0,5195.0,5299.0
UCB,68.8390712570056,1048520.0,980885.0,1835.0,1974.0
WTRG,68.8230584467574,2143500.0,1936740.0,1104.0,1218.0
PLUS,68.80704563650922,266420.0,239035.0,3233.0,3463.0
AXS,68.79103282626102,1172920.0,802370.0,1711.0,2199.0
CERS,68.77502001601282,1924800.0,2193715.0,1201.0,1104.0
BDJ,68.7590072057646,427860.0,437415.0,2771.0,2879.0
IVR-PC,68.7429943955164,17532.0,15956.3,5252.0,5410.0
OPCH,68.7269815852682,3659360.0,2432115.0,680.0,1007.0
TGLS,68.71096877502002,287560.0,230745.0,3163.0,3490.0
FGBI,68.69495596477182,25540.0,31875.0,5032.5,5013.5
XBP,68.67894315452362,49660.0,27600.0,4610.5,5107.0
HOG,68.66293034427542,2894300.0,2734400.0,852.0,918.0
SGC,68.64691753402722,42140.0,38785.0,4717.5,4896.0
ABVX,68.63090472377903,1052880.0,1217430.0,1830.0,1722.0
RGT,68.61489191353083,10020.0,14180.0,5532.5,5464.0
PCG-PX,68.59887910328263,64769.6,42195.0,4429.0,4830.0
MKC,68.58286629303443,3970360.0,3511945.0,633.0,724.0
NREF-PA,68.56685348278623,2274.4,3868.4,5999.0,5948.0
NTWOW,68.55084067253803,24332.6,10140.65,5069.0,5626.0
YORW,68.53482786228983,125920.0,179945.0,3906.0,3724.0
COSO,68.51881505204163,56620.0,80405.0,4516.0,4392.0
EWBC,68.50280224179343,684100.0,887685.0,2296.0,2084.0
BOKF,68.48678943154523,286520.0,278240.0,3165.0,3322.0
USLM,68.47077662129703,207800.0,175140.0,3465.0,3749.0
ETG,68.45476381104884,98300.0,75800.0,4123.0,4420.0
CP,68.43875100080064,2899660.0,2499260.0,849.0,987.0
BST,68.42273819055245,104960.0,82135.0,4060.0,4373.0
TXO,68.40672538030425,100220.0,110750.0,4107.0,4137.0
LION,68.39071257005604,1666500.0,2402760.0,1346.0,1018.0
NVR,68.37469975980784,32420.0,30715.0,4911.5,5039.0
FSS,68.35868694955964,498340.0,543115.0,2624.0,2633.0
PUK,68.34267413931146,1069460.0,881650.0,1811.0,2092.0
GCTK,68.32666132906326,77664740.0,28083355.0,11.0,59.0
LXP-PC,68.31064851881506,2433.8,14523.95,5981.0,5453.0
GMAB,68.29463570856686,1648520.0,2032060.0,1359.0,1176.0
AN,68.27862289831866,520440.0,419685.0,2571.0,2913.0
CNXC,68.26261008807045,1351940.0,1565485.0,1565.0,1446.0
SFL,68.24659727782226,1431760.0,1335295.0,1510.0,1615.0
EEA,68.23058446757406,22720.0,29510.0,5103.5,5065.0
GEG,68.21457165732586,2620.0,4210.0,5963.0,5927.0
EDD,68.19855884707766,328400.0,528515.0,3044.0,2674.0
CRD-B,68.18254603682946,3520.0,4405.0,5911.5,5914.0
FLWS,68.16653322658127,232980.0,236350.0,3357.0,3469.0
EEFT,68.15052041633307,937040.0,677340.0,1958.0,2414.0
GIS,68.13450760608487,9246520.0,9949040.0,260.0,236.0
PTHS,68.11849479583667,127980.0,63140.0,3897.0,4559.0
FOXF,68.10248198558847,413460.0,478385.0,2817.0,2781.0
ACCO,68.08646917534027,655900.0,665830.0,2341.0,2428.0
AXP,68.07045636509207,3994480.0,3199845.0,630.0,775.0
BTI,68.05444355484389,4257520.0,4075915.0,585.0,626.0
LPLA,68.03843074459567,748440.0,677800.0,2203.0,2412.0
HBAN,68.02241793434747,30267300.0,25753535.0,62.0,70.0
ADM,68.00640512409927,3804820.0,3294835.0,662.0,760.0
MENS,67.99039231385107,54580.0,66540.0,4553.5,4513.0
EBMT,67.97437950360288,51040.0,46905.0,4593.0,4768.0
EGP,67.95836669335469,752000.0,507435.0,2200.0,2715.0
EBF,67.94235388310649,105300.0,122890.0,4055.0,4061.0
COLM,67.92634107285829,584600.0,527695.0,2449.0,2675.0
SRBK,67.9103282626101,19920.0,26060.0,5188.5,5131.0
SEER,67.89431545236188,2291360.0,2714060.0,1033.0,925.0
BAC-PL,67.87830264211368,6318.4,10072.05,5717.0,5630.0
CUBE,67.8622898318655,3112860.0,2204865.0,780.0,1102.0
MCB,67.8462770216173,169040.0,166220.0,3645.0,3791.0
BWMX,67.8302642113691,166880.0,85140.0,3656.0,4338.0
KCHVU,67.8142514011209,0.0,305.0,6301.5,6241.0
AEO,67.7982385908727,3704020.0,4341965.0,670.0,582.0
EURK,67.7822257806245,5840.0,8660.0,5731.0,5682.5
SAP,67.7662129703763,4999820.0,3420340.0,500.0,738.0
CCU,67.7502001601281,126420.0,201355.0,3903.0,3622.0
FRO,67.7341873498799,1806820.0,2068420.0,1273.0,1162.0
MSA,67.7181745396317,225400.0,238420.0,3388.0,3464.0
MLCO,67.7021617293835,1511320.0,3038530.0,1446.0,823.0
INMD,67.6861489191353,648180.0,648155.0,2355.0,2452.0
TCBS,67.6701361088871,540.0,860.0,6177.0,6179.0
ADX,67.65412329863891,358940.0,307780.0,2967.0,3213.0
DDI,67.63811048839071,44880.0,59580.0,4673.5,4601.0
PSTL,67.62209767814251,198400.0,231075.0,3503.0,3489.0
STNE,67.60608486789431,3101260.0,3801615.0,786.0,676.0
HAVAU,67.59007205764613,900.0,225.0,6127.5,6249.0
TEX,67.57405924739793,1718720.0,1326820.0,1320.0,1625.0
BRX,67.55804643714973,3102480.0,2269415.0,785.0,1068.0
CTRE,67.54203362690151,1628900.0,2170310.0,1376.0,1110.0
HRTG,67.52602081665331,366040.0,277055.0,2940.0,3329.0
DAIO,67.51000800640512,55920.0,45455.0,4532.5,4785.0
LTC,67.49399519615693,408020.0,581820.0,2828.0,2567.0
BVC,67.47798238590873,35620.0,19340.0,4852.0,5306.0
SRRK,67.46196957566053,1244060.0,1110585.0,1647.0,1833.0
APLM,67.44595676541233,8740.0,28190.0,5598.0,5095.0
PLD,67.42994395516413,5109420.0,4398465.0,486.0,572.0
UDR,67.41393114491594,4576200.0,3026800.0,547.0,824.0
HLMN,67.39791833466774,1166540.0,1110815.0,1719.0,1832.0
C,67.38190552441954,11220940.0,12788055.0,206.0,179.0
TEAM,67.36589271417134,5146040.0,3788830.0,482.0,679.0
RNR,67.34987990392314,361020.0,376805.0,2956.0,3018.0
CLST,67.33386709367494,2020.0,2740.0,6028.0,6029.5
UE,67.31785428342674,707720.0,771455.0,2268.0,2259.0
RDDT,67.30184147317854,5310580.0,4349740.0,466.0,581.0
NCL,67.28582866293034,0.0,0.0,6301.5,6308.5
HTH,67.26981585268214,304640.0,244900.0,3106.0,3442.0
CPK,67.25380304243394,218280.0,225345.0,3421.0,3512.0
MAS,67.23779023218574,4925720.0,2730425.0,509.0,921.0
NDSN,67.22177742193755,304560.0,329585.0,3107.0,3148.0
IGA,67.20576461168936,74180.0,59140.0,4318.0,4606.0
HRZN,67.18975180144116,502400.0,582595.0,2614.0,2563.0
KLAC,67.17373899119295,16119280.0,13072565.0,147.0,169.0
BTMD,67.15772618094475,253160.0,211625.0,3279.0,3581.0
BFC,67.14171337069655,94440.0,101865.0,4153.0,4188.0
FUSB,67.12570056044835,10640.0,4590.0,5506.0,5907.0
CLFD,67.10968775020017,254720.0,197035.0,3274.0,3645.0
IIF,67.09367493995197,37000.0,34265.0,4821.0,4974.0
CTM,67.07766212970377,1432100.0,1072505.0,1509.0,1869.0
CHD,67.06164931945557,2208960.0,1754745.0,1072.0,1332.0
DRVN,67.04563650920736,573420.0,776890.0,2471.0,2247.0
TFC,67.02962369895916,6928120.0,7896525.0,366.0,305.0
FTW,67.01361088871097,153480.0,86585.0,3726.0,4322.0
MKTX,66.99759807846277,2286160.0,958110.0,1035.0,2000.0
HHH,66.98158526821457,360060.0,349530.0,2960.0,3096.0
THW,66.96557245796637,128580.0,184090.0,3892.0,3706.0
BYD,66.94955964771817,1215940.0,1016600.0,1674.0,1936.0
BQ,66.93354683746998,46280.0,596880.0,4651.0,2542.0
EPAC,66.91753402722178,589220.0,672515.0,2440.0,2422.0
CSTL,66.90152121697358,419420.0,320735.0,2796.0,3170.0
CAPL,66.88550840672538,36600.0,27500.0,4828.0,5110.0
RARE,66.86949559647718,2022660.0,1870225.0,1157.0,1260.0
DTSQU,66.85348278622898,0.0,5.0,6301.5,6297.0
STEW,66.8374699759808,86860.0,78735.0,4212.0,4400.0
AFRI,66.8214571657326,14360.0,13875.0,5372.0,5469.0
RCEL,66.80544435548438,99800.0,275405.0,4114.5,3332.0
MLR,66.78943154523618,67760.0,62765.0,4398.0,4565.0
AXSM,66.77341873498798,575320.0,721255.0,2470.0,2339.0
ESCA,66.75740592473979,34880.0,30585.0,4866.0,5043.0
ASTH,66.7413931144916,525920.0,578190.0,2559.0,2575.0
IIM,66.7253803042434,100300.0,98985.0,4104.0,4214.0
AUNA,66.7093674939952,126640.0,144905.0,3899.0,3922.0
ORMP,66.693354683747,120240.0,186895.0,3947.0,3701.0
SPXX,66.67734187349879,210160.0,289035.0,3456.0,3270.0
GDOT,66.66132906325059,340820.0,326320.0,3009.0,3153.0
BSY,66.6453162530024,3401340.0,2720355.0,727.0,923.0
PBYI,66.6293034427542,224120.0,340600.0,3392.0,3118.0
AMBA,66.61329063250601,1963960.0,1685770.0,1188.0,1364.0
RBA,66.59727782225781,974480.0,961875.0,1924.0,1994.0
TGS,66.58126501200961,124780.0,201250.0,3922.0,3623.0
AERO,66.56525220176141,181040.0,182240.0,3580.0,3714.0
VTR,66.54923939151321,4476680.0,3442940.0,557.0,731.0
LOVE,66.53322658126501,187120.0,224095.0,3546.0,3517.0
HEPS,66.51721377101681,106260.0,99910.0,4050.0,4206.0
CZWI,66.50120096076861,69280.0,69420.0,4382.0,4487.0
GNTX,66.48518815052041,4091600.0,2736035.0,611.0,916.0
BETA,66.46917534027222,1230440.0,1272995.0,1666.0,1678.0
AEVA,66.45316253002403,1561840.0,1460675.0,1414.0,1516.0
RNGTU,66.43714971977582,0.0,240.0,6301.5,6248.0
FELE,66.42113690952762,452460.0,311925.0,2718.0,3198.0
ELS,66.40512409927942,2070420.0,1702025.0,1132.0,1360.0
SNN,66.38911128903122,2232280.0,1794010.0,1061.0,1307.0
GTES,66.37309847878302,2138800.0,1815795.0,1108.0,1292.0
GOODN,66.35708566853484,4000.0,2795.0,5867.5,6022.0
CRESY,66.34107285828664,261440.0,300455.0,3248.0,3234.0
SRI,66.32506004803844,174200.0,170010.0,3611.5,3771.0
BDC,66.30904723779022,614120.0,564405.0,2405.0,2596.0
CNCK,66.29303442754203,56320.0,56195.0,4523.0,4646.0
VRSN,66.27702161729383,1048200.0,806375.0,1837.0,2190.0
SVRA,66.26100880704564,1904300.0,1805165.0,1212.0,1298.0
CEE,66.24499599679744,15080.0,22095.0,5347.0,5236.0
HBM,66.22898318654924,6251160.0,5077120.0,409.0,486.0
SOTK,66.21297037630104,35220.0,48480.0,4860.0,4747.0
SLGN,66.19695756605284,2952100.0,1610320.0,838.0,1416.0
BDN,66.18094475580463,2368700.0,2095795.0,996.0,1144.0
QTRX,66.16493194555645,413540.0,490135.0,2816.0,2757.0
NSA-PB,66.14891913530825,,,,
NJR,66.13290632506005,504460.0,539990.0,2610.0,2642.0
POWW,66.11689351481185,547000.0,756410.0,2517.0,2281.0
WOR,66.10088070456365,222040.0,245775.0,3404.0,3439.0
KEY,66.08486789431545,9644960.0,10850680.0,245.0,202.0
BLK,66.06885508406725,798880.0,805940.0,2148.0,2193.0
OMC,66.05284227381905,4403000.0,3282500.0,568.0,764.0
BGC,66.03682946357085,2236240.0,2409030.0,1056.0,1015.0
MAMO,66.02081665332265,115780.0,63285.0,3982.0,4558.0
EL,66.00480384307446,2103480.0,2240485.0,1121.0,1086.0
ZS,65.98879103282627,2099320.0,2370240.0,1123.0,1033.0
PW-PA,65.97277822257807,60.0,98.5,6247.5,6269.0
EW,65.95676541232987,6465160.0,5259390.0,389.0,465.0
EVCM,65.94075260208166,118040.0,178950.0,3962.0,3728.0
CMRC,65.92473979183346,648060.0,546155.0,2357.0,2627.0
BKD,65.90872698158526,5329580.0,5069440.0,461.0,488.0
HMY,65.89271417133708,2475800.0,3077925.0,957.0,812.0
VKTX,65.87670136108888,2491240.0,2248560.0,953.0,1081.0
KSPI,65.86068855084068,310480.0,294935.0,3088.0,3254.0
BLCO,65.84467574059248,652360.0,445915.0,2348.0,2856.0
RMR,65.82866293034428,144660.0,161690.0,3781.0,3818.0
TDC,65.81265012009607,3135700.0,2962230.0,777.0,838.0
NDAQ,65.79663730984788,3976140.0,4124435.0,632.0,614.0
IAE,65.78062449959968,15980.0,71385.0,5318.0,4468.0
SBRA,65.76461168935148,2219220.0,3046940.0,1068.0,820.0
LPX,65.74859887910328,1071400.0,1154855.0,1808.0,1791.0
MCRI,65.73258606885508,100600.0,153410.0,4100.0,3871.0
LFUS,65.71657325860689,679700.0,461210.0,2304.0,2822.0
TAK,65.70056044835869,4352620.0,3889600.0,573.0,660.0
BRBS,65.68454763811049,237300.0,254425.0,3334.0,3412.0
WF,65.66853482786229,177320.0,176525.0,3593.0,3739.0
TBCH,65.65252201761409,228200.0,225860.0,3377.0,3509.0
AME,65.63650920736589,1210100.0,1020260.0,1677.0,1931.0
CDRE,65.62049639711769,414660.0,313075.0,2812.0,3192.0
IPEXU,65.6044835868695,58.4,19.6,6250.0,6288.0
ZURA,65.58847077662129,416840.0,763920.0,2803.0,2273.0
CVEO,65.5724579663731,137280.0,190515.0,3838.0,3683.0
REXR-PB,65.5564451561249,3579.8,3689.8,5909.0,5960.0
KIM-PN,65.5404323458767,98.8,265.55,6241.0,6244.0
FE,65.5244195356285,5521420.0,4395240.0,449.0,573.0
REGN,65.50840672538031,948440.0,781085.0,1950.0,2236.0
DXR,65.49239391513211,1900.0,1740.0,6038.0,6098.0
COLL,65.47638110488391,278060.0,378635.0,3193.0,3008.0
BX,65.46036829463571,6257040.0,4769875.0,408.0,520.0
BJ,65.4443554843875,1502960.0,1661250.0,1455.0,1379.0
ACNT,65.4283426741393,49480.0,37435.0,4613.0,4923.0
ETO,65.41232986389112,35840.0,28620.0,4846.5,5085.0
NRXP,65.39631705364292,1103760.0,859010.0,1772.0,2123.0
AES,65.38030424339472,6197120.0,8220770.0,412.0,292.0
EHC,65.36429143314652,675660.0,902970.0,2310.0,2058.0
OMAB,65.34827862289832,52240.0,66495.0,4584.5,4516.0
MELI,65.33226581265012,342000.0,348530.0,3006.0,3099.0
FAST,65.31625300240192,8258180.0,8973780.0,286.0,268.0
EXG,65.30024019215372,377280.0,364820.0,2910.0,3048.0
SYF,65.28422738190552,4042060.0,4153010.0,619.0,609.0
PDFS,65.26821457165732,604200.0,573320.0,2422.5,2581.0
CTSH,65.25220176140913,11771460.0,9676265.0,197.0,245.0
BSM,65.23618895116094,327120.0,316275.0,3050.0,3182.0
MUSA,65.22017614091273,262660.0,263005.0,3241.0,3372.5
INVH,65.20416333066453,4365040.0,3887695.0,570.0,661.0
TEI,65.18815052041633,95940.0,101315.0,4139.0,4193.0
LGI,65.17213771016813,40180.0,33785.0,4754.0,4979.0
SPNT,65.15612489991993,829780.0,736080.0,2108.0,2318.0
STTK,65.14011208967175,914920.0,1282100.0,1986.0,1667.0
TLF,65.12409927942355,9940.0,17670.0,5536.0,5354.0
CRVL,65.10808646917535,166620.0,166135.0,3660.0,3793.0
HYNE,65.09207365892713,5440.0,6545.0,5765.0,5780.0
SRTA,65.07606084867894,1120180.0,980290.0,1759.0,1975.0
CTOS,65.06004803843074,1038940.0,954085.0,1851.0,2002.0
DMAAU,65.04403522818255,0.0,25.3,6301.5,6282.0
UTL,65.02802241793435,89520.0,107095.0,4190.5,4152.0
PROV,65.01200960768615,8160.0,5015.0,5622.5,5881.0
EA,64.99599679743795,3220740.0,2446580.0,761.0,1005.0
AMH,64.97998398718975,1961440.0,1913325.0,1189.0,1234.0
EBAY,64.96397117694156,3451620.0,3324285.0,721.0,755.0
ARHS,64.94795836669336,1077380.0,996485.0,1800.0,1952.0
CULP,64.93194555644516,6580.0,24680.0,5703.0,5169.0
GTY,64.91593274619696,521780.0,479420.0,2569.0,2777.0
NRC,64.89991993594876,117960.0,85630.0,3963.0,4333.0
RYN,64.88390712570056,2096640.0,2128370.0,1124.0,1127.0
BOE,64.86789431545236,87660.0,86140.0,4206.0,4327.0
GUT,64.85188150520416,216620.0,282375.0,3429.0,3303.0
LMNR,64.83586869495596,62420.0,65295.0,4450.0,4532.0
ALKT,64.81985588470776,1561340.0,1370245.0,1415.0,1584.0
ALXO,64.80384307445956,514780.0,829940.0,2586.0,2166.0
TME,64.78783026421137,7510260.0,5815765.0,325.0,421.0
MACIU,64.77181745396317,420.0,210.0,6193.5,6251.0
FDUS,64.75580464371498,213120.0,428095.0,3445.0,2895.0
EFC,64.73979183346678,1021160.0,1088740.0,1867.0,1854.0
BRZE,64.72377902321857,2009340.0,2336645.0,1167.0,1041.0
UGI,64.70776621297037,1242880.0,1190405.0,1652.0,1748.0
API,64.69175340272217,270760.0,282240.0,3218.0,3304.0
DE,64.67574059247397,1182420.0,1089450.0,1701.0,1851.0
KMPB,64.65972778222579,20160.0,11450.0,5182.0,5566.0
MXF,64.64371497197759,39860.0,36220.0,4757.0,4944.0
RCD,64.62770216172939,17080.0,7735.0,5271.0,5730.0
TRGP,64.61168935148119,1251440.0,1138900.0,1633.0,1801.0
BSTZ,64.59567654123298,209300.0,203595.0,3461.0,3612.0
CWST,64.57966373098479,685220.0,693970.0,2293.0,2389.0
BANX,64.56365092073659,39580.0,29590.0,4762.0,5062.0
EQS,64.54763811048839,11480.0,10455.0,5477.0,5610.0
PINE,64.5316253002402,223080.0,157685.0,3399.0,3846.0
TRIN,64.515612489992,878120.0,986850.0,2044.0,1968.0
SMP,64.4995996797438,119820.0,118130.0,3950.0,4090.0
PKE,64.4835868694956,291580.0,305510.0,3149.0,3217.0
CBU,64.4675740592474,288160.0,270575.0,3162.0,3349.0
IT,64.4515612489992,1480860.0,1289395.0,1471.0,1661.0
WCN,64.435548438751,1630100.0,1331790.0,1375.0,1618.0
IQI,64.4195356285028,129560.0,166580.0,3888.0,3789.0
QFIN,64.4035228182546,935380.0,1259290.0,1960.0,1687.0
RAY,64.38751000800642,6600.0,6495.0,5702.0,5786.5
BLTE,64.3714971977582,182440.0,172075.0,3572.0,3765.0
BSAA,64.35548438751,15620.0,10565.0,5328.0,5603.0
G,64.3394715772618,2286740.0,2104615.0,1034.0,1141.0
AEAQU,64.3234587670136,0.0,3770.0,6301.5,5956.0
VKI,64.3074459567654,71780.0,81810.0,4347.0,4381.0
WK,64.29143314651722,714860.0,747100.0,2259.0,2297.0
ARES,64.27542033626902,2659900.0,1953610.0,911.0,1209.0
EHGO,64.25940752602082,1740460.0,6475650.0,1302.0,384.0
HLT,64.24339471577262,2402140.0,2051305.0,983.0,1165.0
IMA,64.22738190552441,10940.0,10395.0,5495.0,5615.0
WAFD,64.21136909527621,490820.0,587585.0,2643.0,2558.0
THQ,64.19535628502803,161660.0,255350.0,3689.0,3410.0
ICR-PA,64.17934347477983,2625.2,1642.35,5962.0,6104.0
CART,64.16333066453163,2833020.0,3785795.0,865.0,682.0
CORZ,64.14731785428343,20772840.0,12597160.0,109.0,181.0
TGB,64.13130504403523,6042560.0,5532760.0,420.0,445.0
PRHI,64.11529223378703,1420.0,3620.0,6075.0,5969.5
GAMB,64.09927942353883,357165.8,,2974.0,
NNVC,64.08326661329063,349480.0,410945.0,2989.0,2933.0
FHN,64.06725380304243,4613060.0,5916585.0,541.0,416.0
AKR,64.05124099279423,1286020.0,1298005.0,1608.0,1652.0
BIO-B,64.03522818254604,0.0,25.0,6301.5,6284.0
JBSS,64.01921537229784,94700.0,111120.0,4151.0,4134.0
MAA,64.00320256204964,1328500.0,1110890.0,1581.0,1831.0
GLV,63.987189751801445,45100.0,44690.0,4669.5,4795.0
SPGI,63.971176941553246,2980140.0,2135050.0,829.0,1125.0
NLY,63.95516413130504,8829460.0,7156485.0,271.0,345.0
JBI,63.93915132105684,1136200.0,1078490.0,1747.0,1863.0
TV,63.92313851080864,1321480.0,949310.0,1585.0,2010.0
PEB-PG,63.90712570056045,4155.8,4828.0,5855.0,5889.0
TRI,63.89111289031225,2872600.0,2232815.0,853.0,1091.0
REXR-PC,63.87510008006405,3492.2,3493.2,5915.0,5975.0
DNP,63.85908726981585,494460.0,651470.0,2634.0,2447.0
GT,63.84307445956765,7579240.0,10887555.0,318.0,200.0
SVAQU,63.82706164931946,0.0,890.0,6301.5,6172.0
IDAI,63.81104883907126,33960.0,33155.0,4884.0,4987.0
INDV,63.79503602882306,1338060.0,1539725.0,1573.0,1465.0
ARES-PB,63.77902321857486,107778.4,160548.25,4039.0,3824.0
ADC,63.76301040832666,1475540.0,1132675.0,1473.0,1806.0
MGRC,63.74699759807846,213840.0,153885.0,3444.0,3870.0
PXLW,63.730984787830266,25800.0,30290.0,5026.0,5045.5
RGS,63.71497197758207,5740.0,5980.0,5743.0,5828.0
BEPI,63.69895916733387,42820.0,38245.0,4707.0,4907.0
PEB-PH,63.68294635708567,3352.6,5034.7,5920.0,5879.0
EVTV,63.66693354683747,,,,
NRT,63.65092073658927,40320.0,48590.0,4751.0,4744.0
TRP,63.63490792634108,1609220.0,2495145.0,1387.0,989.0
NFBK,63.61889511609288,0.0,,6301.5,
PXED,63.60288230584467,94880.0,134505.0,4150.0,3987.0
RVP,63.586869495596474,16400.0,27900.0,5305.5,5100.0
UTF,63.570856685348275,216480.0,220935.0,3430.0,3530.0
LKFN,63.554843875100076,174780.0,190480.0,3610.0,3684.0
LIN,63.538831064851884,1942780.0,1933845.0,1196.0,1222.0
OPXS,63.522818254603685,35540.0,28790.0,4854.0,5081.0
TIPT,63.506805444355486,254300.0,220660.0,3275.0,3532.0
GSRFU,63.49079263410729,1600.0,455.0,6065.0,6217.0
PI,63.47477982385909,617820.0,382770.0,2399.0,2998.0
KRMD,63.45876701361088,144120.0,130830.0,3784.0,4014.0
AVNT,63.442754203362696,664420.0,788305.0,2326.0,2223.0
EMA,63.4267413931145,591760.0,452035.0,2433.0,2837.0
TJX,63.41072858286629,4933860.0,4968100.0,508.0,500.0
OACCU,63.39471577261809,200.0,65.0,6220.0,6274.5
MTCH,63.37870296236989,2105200.0,2686705.0,1119.0,933.0
CI,63.362690152121694,1659280.0,1614900.0,1351.0,1413.0
OUT,63.3466773418735,1510120.0,1376750.0,1448.0,1577.0
PMM,63.3306645316253,117080.0,85005.0,3972.5,4342.0
AGO,63.3146517213771,347860.0,314655.0,2994.0,3188.0
MSGM,63.298638911128904,19840.0,24905.0,5193.0,5162.0
GOODO,63.2826261008807,6080.0,4755.0,5721.5,5896.5
AVB,63.2666132906325,684380.0,794245.0,2295.0,2212.0
ABCB,63.250600480384314,689220.0,497730.0,2288.0,2735.0
RVSB,63.23458767013611,55200.0,68015.0,4546.0,4497.0
EQR,63.21857485988791,3655140.0,2914520.0,683.0,858.0
PEB-PF,63.20256204963971,1889.6,3382.9,6039.0,5982.0
RICK,63.18654923939151,31860.0,32795.0,4920.0,4995.0
AWP,63.17053642914331,199480.0,230350.0,3494.0,3493.0
THO,63.15452361889512,586600.0,654520.0,2446.0,2444.0
ABVC,63.13851080864692,86160.0,158935.0,4217.0,3836.0
COR,63.12249799839872,1002980.0,1377465.0,1888.0,1576.0
ZH,63.106485188150515,217940.0,175915.0,3422.0,3743.0
FLG,63.090472377902316,6715400.0,4443535.0,376.0,566.0
COLAU,63.066453162530024,0.0,20.0,6301.5,6286.5
CUBWU,63.066453162530024,0.0,10.0,6301.5,6292.0
FG,63.042433947157726,681680.0,660605.0,2299.0,2434.0
LANDO,63.026421136909526,23340.0,16415.0,5086.0,5395.0
MDLZ,63.01040832666133,13236140.0,9669570.0,181.0,246.0
RIBBU,62.99439551641313,160.0,160.0,6228.0,6258.5
ALISU,62.978382706164936,0.0,870.0,6301.5,6176.5
ADAM,62.96236989591674,890160.0,792390.0,2028.0,2216.5
EOG,62.94635708566854,2396280.0,2910530.0,988.0,859.0
MTEX,62.93034427542034,10540.0,8660.0,5511.0,5682.5
BATRK,62.91433146517213,378160.0,404425.0,2908.0,2949.0
GGG,62.89831865492393,1663060.0,1452055.0,1349.0,1525.0
IGACU,62.88230584467575,0.0,380.0,6301.5,6231.0
GWRS,62.86629303442754,83480.0,86850.0,4238.0,4319.0
UEIC,62.85028022417934,15620.0,25005.0,5328.0,5159.0
RFM,62.834267413931144,7080.0,8450.0,5677.5,5688.0
FHB,62.818254603682945,2826720.0,2946690.0,866.0,844.0
ECCC,62.802241793434746,660.0,1910.0,6160.0,6088.0
AZZ,62.786228983186554,309860.0,342995.0,3092.0,3109.0
CAL,62.770216172938355,455040.0,447345.0,2707.0,2851.0
MAZE,62.754203362690156,292640.0,476795.0,3147.0,2782.0
INTZ,62.73819055244195,261920.0,483975.0,3243.0,2772.0
FGBIP,62.72217774219375,4460.0,1470.0,5838.0,6117.0
OAK-PB,62.70616493194555,15490.6,11780.0,5333.0,5553.0
ALTI,62.69015212169736,84100.0,116985.0,4232.5,4100.0
AFBI,62.67413931144916,12120.0,17020.0,5455.5,5375.0
JFR,62.65812650120096,464500.0,463430.0,2688.0,2815.0
AGNC,62.64211369095276,23769820.0,19510485.0,89.0,100.0
VSTM,62.62610088070456,1950240.0,2575585.0,1194.0,956.0
BEAGU,62.61008807045636,0.0,5.0,6301.5,6297.0
DSACU,62.59407526020817,0.0,15070.0,6301.5,5438.0
FTLF,62.57806244995997,18320.0,14825.0,5233.0,5443.0
ENIC,62.56204963971177,527400.0,498440.0,2556.0,2733.0
BCML,62.54603682946357,70680.0,48455.0,4359.0,4748.0
TLSI,62.53002401921537,134300.0,223525.0,3859.0,3522.0
TTEK,62.51401120896717,4478380.0,2920135.0,555.0,855.0
ALH,62.49799839871898,622360.0,520010.0,2391.0,2685.0
RMBI,62.48198558847078,35840.0,55440.0,4846.5,4658.0
GHI,62.46597277822258,65060.0,52625.0,4426.5,4691.0
RILYZ,62.44995996797438,48000.0,30960.0,4633.5,5030.0
MAT,62.43394715772618,3392000.0,5104650.0,728.0,480.0
ATLCP,62.417934347477974,3720.0,4020.0,5896.5,5938.0
VKQ,62.40192153722979,139520.0,166170.0,3825.0,3792.0
QSEA,62.38590872698159,4480.0,3105.0,5836.0,5998.5
IQ,62.369895916733384,6899500.0,6786775.0,369.0,360.0
POET,62.353883106485185,10778540.0,12151130.0,213.0,187.0
RITM,62.337870296236986,8154740.0,6334335.0,292.0,390.0
DNOW,62.321857485988794,1973040.0,2218495.0,1185.0,1099.0
NBH,62.305844675740595,71760.0,109650.0,4349.0,4143.0
PXS,62.289831865492395,39480.0,28490.0,4764.5,5089.0
PGACU,62.273819055244196,0.0,31.05,6301.5,6281.0
RMM,62.257806244996,36180.0,37730.0,4841.5,4917.0
TUSK,62.24179343474779,183760.0,167015.0,3565.0,3787.0
GIWWU,62.225780624499606,280.0,70.0,6210.0,6273.0
CHYM,62.20976781425141,5228520.0,4913340.0,479.0,504.0
GLP,62.1937550040032,60780.0,73070.0,4477.0,4451.0
NU,62.177742193755,63141080.0,106556455.0,19.0,5.0
IMKTA,62.1617293835068,110660.0,114360.0,4019.0,4112.5
RSG,62.1457165732586,1566180.0,1344105.0,1413.0,1605.0
LINC,62.12970376301041,387200.0,600320.0,2881.0,2536.0
RBLX,62.11369095276221,10533760.0,7782000.0,218.5,311.0
CASH,62.09767814251401,203500.0,218890.0,3482.0,3543.0
GSK,62.081665332265814,6415500.0,4594385.0,392.0,546.0
BATRA,62.065652522017615,52260.0,56065.0,4583.0,4648.0
CCZ,62.04963971176941,0.0,10.0,6301.5,6292.0
BCAT,62.033626901521224,547740.0,753600.0,2515.0,2289.0
TY,62.01761409127302,32760.0,32635.0,4905.0,4999.0
ULS,62.00160128102482,814180.0,862835.0,2127.5,2120.0
WPC,61.98558847077662,1638200.0,1472300.0,1367.0,1509.0
CDRO,61.96957566052842,15900.0,24420.0,5320.0,5177.0
AEXA,61.95356285028022,114560.0,106740.0,3994.0,4159.0
EFX,61.93755004003203,1806040.0,1915520.0,1274.0,1233.0
EYE,61.92153722978383,1603360.0,1798825.0,1391.0,1303.0
CRAQU,61.90552441953563,60.0,65.0,6247.5,6274.5
AFYA,61.88951160928743,62320.0,93345.0,4454.0,4269.0
ARTCU,61.873498799039226,0.0,3800.0,6301.5,5953.0
CUBI,61.857485988791026,309740.0,307460.0,3093.0,3215.0
POR,61.84147317854284,1194720.0,985355.0,1690.0,1970.0
WVVIP,61.825460368294635,1780.0,1990.0,6050.0,6082.5
MLI,61.809447558046436,1367820.0,1676870.0,1552.0,1370.0
PGAC,61.79343474779824,2240.0,840.0,6005.5,6180.0
OGN,61.77742193755004,2642720.0,2639610.0,916.0,943.0
MITN,61.76140912730184,2500.0,2100.0,5978.0,6076.0
NCNO,61.74539631705365,2638520.0,2401730.0,919.0,1019.0
CLH,61.72938350680545,764360.0,492425.0,2187.0,2750.0
SKYH,61.71337069655725,119740.0,159585.0,3952.0,3830.0
HGV,61.69735788630904,1307820.0,1116300.0,1589.0,1823.0
XOM,61.68134507606084,13808580.0,14460240.0,173.0,156.0
MBBC,61.665332265812644,1040.0,1500.0,6111.0,6116.0
BLRKU,61.64931945556445,1000.0,385.0,6119.0,6229.5
CSQ,61.63330664531625,199120.0,205260.0,3497.0,3608.0
DECK,61.617293835068054,3114520.0,2339705.0,778.0,1040.0
QETA,61.601281024819855,0.0,4810.0,6301.5,5891.0
STAG,61.585268214571656,2447080.0,1899175.0,967.0,1241.0
CEPV,61.569255404323464,50900.0,69855.0,4594.0,4484.0
GDV,61.553242594075265,80720.0,94790.0,4265.0,4254.0
RC-PC,61.537229783827065,384.6,698.65,6197.0,6195.0
NEWTP,61.52121697357886,1720.0,4005.0,6054.5,5939.0
ADACU,61.50520416333066,0.0,0.0,6301.5,6308.5
REG,61.48919135308246,1547260.0,1297425.0,1425.0,1653.0
BACC,61.473178542834276,79280.0,232735.0,4279.0,3480.0
KYN,61.45716573258607,290160.0,377295.0,3153.0,3013.0
CCIIU,61.44115292233787,0.0,145.0,6301.5,6262.5
GJT,61.42514011208967,620.0,1365.0,6165.5,6125.0
OAK-PA,61.40912730184147,8839.0,8271.0,5597.0,5696.0
GPATU,61.39311449159327,0.0,5.0,6301.5,6297.0
NCSM,61.37710168134508,8260.0,11205.0,5619.0,5578.5
TAP,61.36108887109688,3012280.0,3018285.0,818.0,830.0
CMC,61.34507606084868,960180.0,1158650.0,1942.0,1787.0
RMT,61.32906325060048,111680.0,131310.0,4012.0,4011.0
FSHPU,61.31305044035228,0.0,55.0,6301.5,6276.5
DBRG,61.29703763010408,3513620.0,2874730.0,708.0,872.0
VLGEA,61.28102481985589,35160.0,43585.0,4861.5,4807.0
HSCS,61.26501200960769,63200.0,50635.0,4445.0,4714.0
FSHP,61.24899919935949,0.0,55.0,6301.5,6276.5
GAM,61.23298638911129,14880.0,20825.0,5353.0,5272.0
NHIC,61.21697357886309,84620.0,93445.0,4228.0,4266.0
LANDP,61.200960768614884,25820.0,21230.0,5023.5,5262.0
SPEGU,61.1849479583667,25000.0,6250.0,5053.0,5810.0
SNDK,61.1689351481185,22097060.0,15895455.0,98.0,142.0
DD,61.152922337870294,1274440.0,1229645.0,1618.0,1713.0
ADAG,61.136909527622095,256920.0,263350.0,3265.0,3371.0
TAC,61.120896717373896,1779640.0,1488315.0,1287.0,1499.0
IRHOU,61.104883907125696,0.0,320.0,6301.5,6237.0
HESM,61.088871096877504,833340.0,804315.0,2104.0,2197.0
IAF,61.072858286629305,12120.0,13190.0,5455.5,5497.0
FNF,61.056845476381106,1398480.0,1483170.0,1534.0,1501.0
CVGI,61.04083266613291,312520.0,331760.0,3083.0,3138.0
ATMU,61.0248198558847,564520.0,567690.0,2484.0,2590.0
GLMD,61.0088070456365,703260.0,959000.0,2272.0,1999.0
RITM-PA,60.99279423538832,10330.2,12669.95,5521.0,5522.0
AOD,60.97678142514012,496280.0,395620.0,2629.0,2971.0
CHPGU,60.96076861489191,0.0,0.0,6301.5,6308.5
SPKL,60.94475580464371,42960.0,45395.0,4703.5,4786.0
CUE,60.92874299439551,190280.0,156130.0,3532.0,3852.0
HTLD,60.912730184147314,785400.0,633025.0,2165.0,2479.0
RILYG,60.89671737389912,10460.0,6735.0,5518.0,5770.5
RITM-PB,60.88070456365092,21222.8,19827.45,5156.0,5297.0
OPAL,60.864691753402724,141600.0,222870.0,3806.0,3525.0
FCPT,60.848678943154525,760660.0,721575.0,2191.0,2338.0
KREF-PA,60.83266613290632,25098.6,21708.9,5048.0,5246.0
TDY,60.816653322658134,384080.0,429260.0,2888.0,2894.0
PEB-PE,60.800640512409935,2250.4,2634.1,6004.0,6040.0
RITM-PD,60.78462770216173,52338.6,45279.55,4582.0,4787.0
XRPNU,60.76861489191353,0.0,1235.0,6301.5,6136.5
RIBB,60.75260208166533,1080.0,1060.0,6108.0,6159.0
TDAC,60.73658927141713,90720.0,25520.0,4183.0,5145.0
VMO,60.72057646116894,172960.0,221530.0,3621.5,3527.0
MFAO,60.70456365092074,9000.0,7285.0,5579.0,5748.0
ODV,60.68855084067254,2273443.6,,1040.0,
PYT,60.67253803042434,660.0,1140.0,6160.0,6147.5
MLGO,60.656525220176135,37180.0,35960.0,4815.0,4946.0
WAL,60.640512409927936,795100.0,1052540.0,2153.0,1894.0
HCMAU,60.62449959967975,40.0,1400.0,6252.5,6123.5
KEY-PJ,60.608486789431545,32580.0,27766.15,4907.0,5103.0
CASY,60.592473979183346,303480.0,372815.0,3109.0,3025.0
MCHX,60.57646116893515,16980.0,19870.0,5274.0,5295.0
IFBD,60.56044835868695,7540.0,10265.0,5647.5,5620.0
XYL,60.54443554843875,2641260.0,2075785.0,917.0,1155.0
AIG,60.52842273819056,2846860.0,3348560.0,862.0,751.0
MBINL,60.51240992794236,6320.0,11175.0,5716.0,5581.0
WSBK,60.49639711769416,4840.0,4220.0,5801.5,5926.0
EOT,60.48038430744596,21980.0,26425.0,5127.0,5125.0
SGU,60.46437149719775,34420.0,22005.0,4879.0,5241.0
PGZ,60.448358686949554,19500.0,19535.0,5199.0,5302.0
HVIIU,60.43234587670136,0.0,10.5,6301.5,6290.0
WHLRD,60.41633306645316,280.0,540.0,6210.0,6210.0
YUM,60.400320256204964,2337440.0,2814090.0,1010.0,892.0
SPG-PJ,60.384307445956765,1005.0,1039.4,6117.0,6164.0
TM,60.368294635708565,517300.0,468795.0,2578.0,2802.0
SOFI,60.352281825460366,103899460.0,88214070.0,8.0,7.0
GBCI,60.336269015212174,1413780.0,1214095.0,1520.0,1727.0
UTSI,60.320256204963975,14780.0,21515.0,5357.0,5251.5
TWOD,60.304243394715776,24800.0,18420.0,5058.0,5327.0
ANSCU,60.28823058446757,0.0,5.0,6301.5,6297.0
WTG,60.27221777421937,20960.0,60725.0,5164.0,4582.0
SNFCA,60.25620496397117,16960.0,26182.25,5276.5,5130.0
SCD,60.24019215372298,90680.0,112085.0,4184.0,4131.0
MFAN,60.22417934347478,17520.0,11165.0,5253.0,5583.0
ACHC,60.20816653322658,4597860.0,3255460.0,543.0,769.0
WAL-PA,60.19215372297838,8562.8,13499.85,5604.0,5487.0
AOS,60.17614091273018,2051000.0,1779970.0,1143.0,1319.0
SPCE,60.16012810248198,7171020.0,9970535.0,346.0,235.0
CHAR,60.14411529223379,7820.0,2600.0,5639.0,6042.0
MRTN,60.12810248198559,908940.0,662985.0,2000.0,2429.0
NGL,60.11208967173739,171620.0,145240.0,3628.0,3919.0
FFA,60.09607686148919,23800.0,21040.0,5079.0,5268.0
MITP,60.08006405124099,24680.0,16110.0,5062.0,5408.0
CEPF,60.0640512409928,38180.0,48545.0,4796.0,4746.0
AIP,60.0480384307446,579720.0,723840.0,2460.0,2336.0
EVN,60.0320256204964,114420.0,73245.0,3997.0,4447.0
VHC,60.0160128102482,12020.0,22080.0,5461.0,5237.5
JCE,60.0,39640.0,32595.0,4760.0,5000.0
O,59.9839871897518,4423360.0,5005830.0,564.0,494.0
J,59.96797437950361,982120.0,866520.0,1912.0,2112.0
WGS,59.95196156925541,724580.0,683570.0,2244.0,2400.0
UYSC,59.9359487590072,1260.0,430.0,6092.0,6221.0
ANSC,59.919935948759004,9740.0,6495.0,5545.0,5786.5
SCOR,59.903923138510805,5580.0,9665.0,5753.5,5639.5
HCMA,59.887910328262606,4660.0,8775.0,5817.5,5675.5
CRANU,59.86389111289031,0.0,3670.0,6301.5,5961.0
FIGXU,59.86389111289031,0.0,4350.0,6301.5,5915.0
OXLCO,59.839871897518016,760.0,1760.0,6146.0,6097.0
ORIQU,59.81585268214572,0.0,5.0,6301.5,6297.0
LKSPU,59.81585268214572,0.0,0.0,6301.5,6308.5
GEGGL,59.79183346677341,1920.0,1460.0,6036.5,6118.0
BFS,59.77582065652523,57700.0,86130.0,4503.5,4328.0
RLTY,59.75980784627703,61500.0,62415.0,4463.0,4570.0
KEY-PK,59.74379503602882,31692.2,29410.6,4922.0,5068.0
KEY-PL,59.72778222578062,36300.4,33110.5,4838.0,4988.0
HIFS,59.71176941553242,52920.0,40730.0,4576.0,4859.0
FF,59.695756605284224,249800.0,296505.0,3290.0,3249.0
EVRG,59.67974379503603,1674980.0,1998715.0,1341.0,1189.0
RGP,59.66373098478783,608240.0,617550.0,2412.0,2507.0
AACBU,59.647718174539634,20.0,5.0,6256.0,6297.0
ALVO,59.631705364291435,1068540.0,723190.0,1812.0,2337.0
RANG,59.61569255404323,280.0,205.0,6210.0,6253.5
TWO-PA,59.59967974379503,18171.4,68903.35,5238.0,4492.0
OACC,59.583666933546844,75560.0,25955.0,4304.0,5133.0
BCC,59.56765412329864,296300.0,405585.0,3131.0,2945.0
RMI,59.55164131305044,12640.0,12150.0,5434.5,5537.0
HURA,59.53562850280224,207300.0,304845.0,3470.0,3219.0
SHEL,59.51961569255404,8591913.4,6849390.6,277.0,356.0
CRAN,59.50360288230584,260.0,67270.0,6213.0,4507.0
IRT,59.48759007205765,2695480.0,2415180.0,903.0,1014.0
DHI,59.47157726180945,2739300.0,2697680.0,887.0,931.0
ETW,59.45556445156125,228060.0,213505.0,3378.0,3571.0
AIIA,59.439551641313045,34440.0,12190.0,4878.0,5536.0
CHI,59.423538831064846,163400.0,170965.0,3679.0,3767.0
RFMZ,59.40752602081665,42660.0,42925.0,4710.0,4817.0
NMFCZ,59.39151321056846,5820.0,5050.0,5733.5,5878.0
CHECU,59.375500400320256,0.0,565.0,6301.5,6204.5
APXTU,59.35948759007206,3780.0,27730.0,5889.5,5106.0
SVCC,59.34347477982386,14660.0,7345.0,5361.5,5744.0
MASK,59.32746196957566,62160.0,207860.0,4455.0,3595.0
APPF,59.311449159327466,527320.0,409490.0,2557.0,2937.0
HDL,59.29543634907927,1100.0,755.0,6106.0,6191.5
GJR,59.27942353883107,40.0,160.0,6252.5,6258.5
CAF,59.26341072858287,25400.0,22245.0,5037.0,5234.0
LCCC,59.24739791833466,420.0,22550.0,6193.5,5229.0
AACB,59.231385108086464,43560.0,25445.0,4695.5,5148.0
BANC,59.21537229783828,6171940.0,3490645.0,414.0,725.0
XFLT,59.19935948759007,124980.0,104820.0,3918.0,4172.0
DMAA,59.18334667734187,4000.0,38205.0,5867.5,4908.0
APXT,59.167333867093674,381160.0,449905.0,2899.0,2841.0
ENB,59.151321056845475,3041240.0,3486425.0,805.0,728.0
SIMA,59.135308246597276,1280.0,820.0,6088.5,6181.5
VGM,59.119295436349084,121660.0,144400.0,3942.5,3930.0
ADAML,59.103282626100885,4640.0,7825.0,5819.5,5724.0
RFAI,59.087269815852686,11220.0,3460.0,5486.5,5978.0
FHTX,59.07125700560448,162980.0,354320.0,3681.0,3080.0
IGR,59.05524419535628,439260.0,441550.0,2751.0,2871.0
TLNC,59.03923138510808,1160.0,8170.0,6102.5,5705.5
MATW,59.02321857485989,229620.0,252865.0,3367.5,3414.0
CRAQ,59.00720576461169,1460.0,2820.0,6073.5,6018.0
PMTV,58.99119295436349,12320.0,12640.0,5448.0,5524.0
CIMO,58.97518014411529,6540.0,5100.0,5705.0,5875.0
JENA,58.95916733386709,13700.0,20160.0,5394.0,5289.0
TWO-PB,58.94315452361889,41535.2,64775.35,4729.0,4540.0
WENNU,58.9271417133707,0.0,545.0,6301.5,6208.0
GSHRU,58.9111289031225,0.0,0.0,6301.5,6308.5
HTT,58.895116092874304,163560.0,217820.0,3677.0,3548.0
BEAG,58.8791032826261,17100.0,21030.0,5270.0,5269.5
BGY,58.8630904723779,211080.0,213380.0,3452.0,3572.0
NTWO,58.8470776621297,680.0,1570.0,6155.5,6109.0
SB-PC,58.83106485188151,182.6,332.6,6222.0,6236.0
CNOBP,58.81505204163331,4600.0,3620.0,5823.5,5969.5
ALTG-PA,58.79903923138511,796.8,2316.85,6142.0,6063.0
BHF,58.78302642113691,506920.0,550565.0,2606.0,2619.0
ELV,58.76701361088871,1150580.0,1553730.0,1735.0,1454.0
PMTRU,58.751000800640504,80.0,20.0,6242.0,6286.5
GPAT,58.73498799039232,4280.0,23950.0,5851.5,5187.0
YHNA,58.71897518014412,3660.0,1015.0,5899.5,6166.5
AWX,58.702962369895914,5360.0,5750.0,5770.0,5838.0
VHCPU,58.686949559647715,1300.0,335.0,6084.5,6233.5
SENS,58.670936749399516,399380.0,500955.0,2852.0,2726.0
SCPQU,58.65492393915132,25060.0,6415.0,5049.5,5793.0
NMZ,58.638911128903125,695800.0,603665.0,2281.0,2532.0
RILYT,58.622898318654926,22140.0,18935.0,5120.0,5315.0
QUMS,58.60688550840673,15780.0,13205.0,5324.0,5493.5
RITM-PC,58.59087269815853,20508.8,18649.25,5175.0,5322.0
ELSE,58.57485988791032,48340.0,19180.0,4624.0,5310.0
ALDF,58.558847077662136,18800.0,10320.0,5220.0,5616.0
OTGAU,58.54283426741394,25000.0,7365.0,5053.0,5741.0
GRF,58.52682145716573,1180.0,2105.0,6100.0,6074.5
AVA,58.51080864691753,511220.0,497580.0,2593.5,2737.0
GTERU,58.49479583666933,1300.0,335.0,6084.5,6233.5
LSPD,58.478783026421134,1258160.0,840855.0,1627.0,2153.0
GNL-PA,58.46277021617294,9074.2,5025.4,5575.0,5880.0
IPEX,58.44675740592474,37100.0,29325.0,4817.0,5069.0
ECAT,58.43074459567654,488300.0,463290.0,2649.0,2816.0
DAKT,58.414731785428344,394340.0,494085.0,2867.0,2748.0
NXP,58.398718975180145,149680.0,131135.0,3747.0,4013.0
CVE,58.38270616493194,10056540.0,7537300.0,234.0,330.0
AVNS,58.366693354683754,923535.8,805685.3,1972.0,2194.0
STKS,58.35068054443555,11140.0,13175.0,5488.0,5499.5
SOCA,58.33466773418735,84100.0,24110.0,4232.5,5181.0
LPBB,58.31865492393915,133380.0,78390.0,3866.0,4406.0
JKHY,58.30264211369095,825440.0,1169950.0,2115.0,1773.0
DSGX,58.28662930344275,597160.0,525210.0,2428.0,2679.0
NAD,58.27061649319456,584920.0,585725.0,2448.0,2561.0
CEVA,58.25460368294636,984440.0,713050.0,1908.0,2354.0
WSTN,58.23859087269816,12700.0,40910.0,5430.0,4854.0
TWO-PC,58.22257806244996,25488.4,97858.2,5035.0,4226.0
VNME,58.206565252201756,760.0,565.0,6146.0,6204.5
INAC,58.19055244195356,7820.0,6185.0,5639.0,5814.5
LWAC,58.17453963170537,16920.0,6725.0,5280.0,5772.0
MMD,58.158526821457166,35140.0,40285.0,4863.0,4870.0
NMP,58.14251401120897,151580.0,83160.0,3738.0,4361.5
LWACU,58.12650120096077,0.0,10.0,6301.5,6292.0
CCII,58.10248198558847,3020.0,21030.0,5937.5,5269.5
BPACU,58.10248198558847,0.0,45.0,6301.5,6279.5
BLUW,58.07846277021618,46340.0,23170.0,4650.0,5204.0
GTERA,58.06244995996798,980.0,3950.0,6121.5,5943.0
RDAG,58.04643714971978,1760.0,59095.0,6051.5,4608.5
SBXD,58.03042433947157,38800.0,17390.0,4783.0,5368.0
ONCHU,58.01441152922337,2980.0,3775.0,5940.5,5955.0
JOF,57.998398718975174,82660.0,81830.0,4249.0,4380.0
NPAC,57.98238590872698,48840.0,189195.0,4619.0,3691.0
TACH,57.96637309847878,66660.0,98585.0,4412.5,4221.0
GSHR,57.950360288230584,1760.0,2770.0,6051.5,6027.5
OVLY,57.934347477982385,33600.0,26895.0,4886.0,5118.0
FTRK,57.918334667734186,484180.0,9865000.0,2656.0,240.0
KFII,57.90232185748599,36360.0,15200.0,4837.0,5430.0
DMII,57.886309047237795,67720.0,58620.0,4399.0,4621.0
VNO-PM,57.870296236989596,9084.4,23671.85,5574.0,5194.0
BVN,57.85428342674139,626440.0,830220.0,2386.0,2164.0
NUTX,57.83827061649319,124280.0,124550.0,3931.0,4048.0
ALLY,57.82225780624499,3658640.0,3263150.0,681.0,766.0
USA,57.806244995996806,1529600.0,1640940.0,1434.0,1397.0
YCY,57.7902321857486,1860.0,2375.0,6045.0,6055.0
POLE,57.7742193755004,10180.0,10715.0,5525.0,5595.0
PLMKU,57.7582065652522,60.0,75.0,6247.5,6272.0
TVAI,57.742193755004,53120.0,74015.0,4571.0,4434.0
FTS,57.726180944755804,817240.0,751370.0,2123.0,2290.0
SDHI,57.71016813450761,5020.0,2720.0,5788.0,6032.0
NTIC,57.69415532425941,12480.0,11035.0,5439.5,5589.0
AIO,57.67814251401121,100040.0,72520.0,4109.5,4455.5
ALUB,57.66212970376301,18620.0,66410.0,5225.5,4517.0
GIW,57.64611689351481,76440.0,46765.0,4295.5,4769.0
NRO,57.63010408326661,263220.0,359220.0,3239.0,3065.0
MIY,57.61409127301842,49200.0,53745.0,4616.0,4676.0
HAVA,57.59807846277022,32280.0,10400.0,4913.0,5614.0
DMIIU,57.58206565252202,0.0,495.0,6301.5,6214.0
COLA,57.56605284227382,24240.0,16495.0,5072.0,5392.0
CIMP,57.55004003202562,5440.0,6340.0,5765.0,5796.0
APAC,57.534027221777414,48200.0,17765.0,4629.0,5349.0
JACS,57.51801441152923,39100.0,25720.0,4776.0,5140.0
TWLVU,57.493995196156924,0.0,1360.0,6301.5,6126.5
HVMC,57.493995196156924,328980.0,96615.0,3042.0,4237.0
OBA,57.469975980784625,200.0,1310.0,6220.0,6131.0
PACH,57.453963170536426,119380.0,49530.0,3954.5,4727.0
SPEG,57.43795036028823,7480.0,10460.0,5652.0,5609.0
CNH,57.421937550040035,16060680.0,10719665.0,149.0,209.0
WENN,57.405924739791836,2580.0,39845.0,5965.5,4879.0
ORIQ,57.389911929543636,4980.0,1360.0,5793.0,6126.5
AXIN,57.37389911929544,43840.0,75685.0,4690.0,4421.0
TLNCU,57.35788630904723,142900.0,35850.0,3796.0,4949.0
GTEN,57.34187349879903,23000.0,34395.0,5098.0,4973.0
COPL,57.32586068855085,24960.0,53165.0,5056.0,4683.0
INBKZ,57.30984787830265,880.0,1180.0,6129.5,6141.0
BWNB,57.29383506805444,19280.0,15485.0,5205.0,5422.0
TRTX-PC,57.27782225780624,3340.4,5467.1,5921.0,5858.0
CIMN,57.26180944755804,5300.0,9145.0,5773.5,5662.0
DRDB,57.245796637309844,75020.0,45900.0,4309.0,4779.0
DRDBU,57.22978382706165,0.0,45.0,6301.5,6279.5
FACT,57.21377101681345,51440.0,63505.0,4588.0,4557.0
RPT-PC,57.197758206565254,2511.0,3074.6,5977.0,6001.0
BPAC,57.181745396317055,15000.0,13710.0,5350.0,5477.0
ALIS,57.16573258606885,5840.0,42135.0,5731.0,4833.0
EOD,57.14971977582065,93680.0,92365.0,4158.0,4273.0
CHEC,57.133706965572465,1660.0,3895.0,6060.0,5945.5
RITM-PE,57.11769415532426,45953.6,31390.35,4654.0,5020.0
PANL,57.10168134507606,317600.0,363485.0,3072.0,3054.0
DTSQ,57.08566853482786,4420.0,4045.0,5842.5,5937.0
SSEA,57.06965572457966,25820.0,17700.0,5023.5,5353.0
TACOU,57.05364291433147,620.0,1050.0,6165.5,6160.5
TISI,57.03763010408327,13920.0,6360.0,5386.5,5795.0
SOCAU,57.02161729383507,0.0,470.0,6301.5,6216.0
ACFN,57.00560448358687,5800.0,10435.0,5735.5,5612.0
PAGS,56.989591673338666,2669480.0,2997170.0,909.0,832.0
BOH,56.97357886309047,637440.0,487580.0,2371.0,2765.0
AVBP,56.95756605284228,545720.0,530895.0,2520.0,2661.0
CHPG,56.941553242594075,0.0,1305.0,6301.5,6132.0
ZKPU,56.925540432345876,0.0,540.0,6301.5,6210.0
FMN,56.90952762209768,26800.0,25850.0,5003.0,5136.0
MESHU,56.89351481184948,0.0,16840.0,6301.5,5384.0
CEPO,56.87750200160128,88080.0,88385.0,4203.0,4308.0
RNGT,56.86148919135309,180.0,1680.0,6224.0,6102.0
LATA,56.84547638110489,340.0,3995.0,6203.5,5940.0
LAFAU,56.82946357085669,1480.0,395.0,6071.0,6226.5
OTGA,56.81345076060849,41620.0,22615.0,4727.0,5226.0
TNC,56.79743795036028,195660.0,145525.0,3514.0,3916.0
ALGN,56.781425140112084,1196920.0,944235.0,1687.0,2020.0
EMIS,56.76541232986389,6500.0,3255.0,5707.5,5988.0
EVAC,56.74939951961569,175480.0,90445.0,3605.0,4293.0
MDV-PA,56.733386709367494,2237.4,6065.4,6007.0,5822.0
PCAP,56.717373899119295,199980.0,140005.0,3492.0,3959.0
SOUL,56.701361088871096,38900.0,35005.0,4780.0,4963.5
SCCE,56.6853482786229,2760.0,4125.0,5958.0,5934.0
TACO,56.669335468374705,18060.0,75660.0,5240.0,4422.0
RTAC,56.653322658126505,69640.0,47360.0,4377.0,4763.0
XRPN,56.637309847878306,70080.0,36280.0,4373.0,4941.5
KRSP,56.6212970376301,72260.0,27895.0,4337.5,5101.0
NPACU,56.6052842273819,9520.0,2860.0,5557.5,6013.5
HVII,56.5892714171337,23300.0,13100.0,5087.5,5505.0
OYSE,56.57325860688551,4040.0,1530.0,5863.0,6112.0
KEY-PI,56.55724579663731,43061.8,28051.8,4701.0,5097.0
GBTG,56.54123298638911,1111220.0,1453055.0,1765.0,1522.0
EFR,56.52522017614091,92740.0,88595.0,4166.0,4306.0
RTACU,56.50920736589271,4120.0,2470.0,5858.5,6049.0
TAVI,56.49319455564451,720.0,1045.0,6149.5,6162.5
SLG-PI,56.47718174539632,9848.4,7952.15,5539.0,5716.0
SKYT,56.46116893514812,1388760.0,853220.0,1537.0,2133.0
SBUX,56.44515612489992,10984460.0,7472110.0,210.0,336.0
CCO,56.42914331465172,7289380.0,5538195.0,342.0,444.0
CCIX,56.41313050440352,157022.0,823794.25,3710.0,2174.0
SCCF,56.39711769415532,1840.0,2105.0,6046.5,6074.5
MACI,56.38110488390713,2840.0,870.0,5952.5,6176.5
BPYPP,56.36509207365893,17260.0,15080.0,5261.0,5437.0
EPRT,56.34907926341073,1571020.0,1629890.0,1410.0,1399.0
ADAMN,56.33306645316253,4480.0,6325.0,5836.0,5801.5
SORNU,56.31705364291433,2260.0,865.0,6002.0,6178.0
ITHAU,56.30104083266614,0.0,155.0,6301.5,6260.5
ET,56.28502802241794,9225320.0,8463725.0,262.0,284.0
SM,56.269015212169734,2848920.0,3533410.0,861.0,717.0
CRAC,56.253002401921535,16460.0,30870.0,5303.0,5032.5
BNJ,56.236989591673336,24980.0,30735.0,5055.0,5038.0
PAII,56.220976781425136,1320.0,27210.0,6080.0,5113.0
GSL-PB,56.204963971176944,5744.0,5791.25,5741.0,5836.0
ONCH,56.188951160928745,140240.0,38060.0,3821.5,4911.0
BIPI,56.172938350680546,14140.0,17590.0,5379.0,5358.0
KCHV,56.15692554043235,2060.0,19335.0,6023.5,5307.0
TRTN-PA,56.14091273018415,2383.0,2701.6,5982.0,6034.0
SZZL,56.12489991993594,12960.0,32720.0,5417.0,4997.0
PMTR,56.10888710968776,35300.0,25180.0,4858.0,5154.0
ECCV,56.09287429943956,2520.0,1795.0,5975.5,6094.0
MPLX,56.07686148919135,2049980.0,1527175.0,1145.0,1475.0
MBINM,56.06084867894315,4020.0,4595.0,5865.5,5905.5
PHG,56.04483586869495,2726540.0,1349565.0,892.0,1601.0
BAM,56.028823058446754,1760780.0,2151825.0,1295.0,1118.0
GTENU,56.01281024819856,0.0,265.0,6301.5,6245.0
BIXI,55.99679743795036,10320.0,9665.0,5522.0,5639.5
FTHY,55.980784627702164,81980.0,83220.0,4254.0,4360.0
EPSM,55.964771817453965,11680.0,59055.0,5470.0,4612.5
NVGS,55.94875900720576,444140.0,447355.0,2742.0,2850.0
BUSEP,55.93274619695756,10100.0,10430.0,5528.0,5613.0
NEA,55.916733386709375,840080.0,767515.0,2091.0,2262.0
TWLV,55.90072057646117,16700.0,11820.0,5288.0,5549.0
DTF,55.88470776621297,4040.0,4720.0,5863.0,5898.0
DYOR,55.86869495596477,160400.0,65690.0,3695.0,4526.0
OXLCL,55.85268214571657,700.0,1400.0,6152.5,6123.5
LFACU,55.83666933546837,25000.0,8705.0,5053.0,5679.0
FERA,55.82065652522018,103320.0,78220.0,4079.5,4407.0
GSRF,55.80464371497198,3360.0,18490.0,5919.0,5324.0
MBVI,55.78863090472378,21120.0,22650.0,5159.0,5222.0
LKSP,55.772618094475575,17460.0,11145.0,5256.0,5584.0
OIMAU,55.756605284227376,0.0,2475.0,6301.5,6048.0
RELX,55.74059247397918,3313460.0,2959800.0,740.0,839.0
KBONU,55.72457966373099,840.0,15920.0,6136.0,5411.0
JPM-PC,55.708566853482786,144249.4,102052.95,3783.0,4186.0
PCAPU,55.69255404323459,38160.0,9935.0,4797.0,5632.0
METCZ,55.67654123298639,2820.0,4560.0,5955.0,5909.0
RAC,55.66052842273819,580.0,22420.0,6172.5,5231.0
EGHA,55.64451561248999,8060.0,25235.0,5626.0,5152.0
TWLO,55.6285028022418,1347540.0,1670370.0,1568.0,1375.0
KURA,55.6124899919936,1401840.0,1421310.0,1529.0,1547.0
AGNCP,55.5964771817454,48220.0,53035.0,4627.5,4686.0
NPB,55.58046437149719,188020.0,190890.0,3543.0,3680.0
BCSS,55.564451561248994,17420.0,42280.0,5257.0,4828.0
DKNG,55.54843875100081,9419200.0,10728425.0,253.0,207.0
GNL-PD,55.5324259407526,2633.4,7888.45,5961.0,5719.0
TEL,55.516413130504404,2807560.0,2733225.0,871.0,919.0
CHA,55.500400320256205,423720.0,484650.0,2783.0,2768.0
BANF,55.484387510008006,178420.0,143290.0,3589.0,3938.0
APD,55.468374699759806,1235040.0,1166990.0,1662.0,1778.0
MKSI,55.452361889511614,1952260.0,1400030.0,1192.0,1563.0
GRAF,55.436349079263415,12880.0,27550.0,5419.0,5109.0
BWBBP,55.420336269015216,2200.0,2025.0,6009.0,6079.0
GLOP-PB,55.40432345876701,1494.2,1680.2,6070.0,6101.0
IGAC,55.38831064851881,176060.0,51885.0,3599.0,4698.0
TDWD,55.37229783827061,0.0,11220.0,6301.5,5576.0
EVOX,55.35628502802242,7320.0,15155.0,5660.5,5433.0
BDCI,55.34027221777422,21580.0,30985.0,5144.0,5028.0
BR,55.32425940752602,993180.0,946145.0,1902.0,2016.0
LAFA,55.30824659727782,9340.0,2995.0,5564.0,6006.0
HAS,55.29223378702962,2099440.0,2539725.0,1122.0,969.0
KOYN,55.27622097678142,175560.0,49095.0,3602.5,4737.0
MKLY,55.26020816653323,3760.0,10880.0,5892.0,5592.0
BDCIU,55.24419535628503,860.0,3470.0,6132.5,5977.0
KPRX,55.228182546036834,31240.0,21210.0,4927.0,5264.0
MCGA,55.21216973578863,33380.0,94745.0,4891.0,4256.0
PMTU,55.19615692554043,340.0,655.0,6203.5,6198.0
EVOXU,55.18014411529223,528.6,931.8,6178.0,6169.0
LMRI,55.16413130504404,325040.0,436130.0,3055.0,2881.0
FIGX,55.14811849479584,8400.0,19120.0,5611.5,5313.0
MBVIU,55.13210568454764,520.0,3440.0,6179.0,5980.0
HCACU,55.11609287429944,7000.0,3110.0,5684.0,5997.0
VNMEU,55.10008006405124,0.0,15.0,6301.5,6289.0
SEDG,55.084067253803035,2658340.0,2238195.0,912.0,1087.0
GHM,55.06805444355485,223500.0,249790.0,3394.0,3424.0
MAPS,55.05204163330665,250940.0,268950.0,3286.0,3354.0
KOD,55.036028823058444,575540.0,628195.0,2469.0,2490.0
BEPH,55.020016012810245,24080.0,30255.0,5076.0,5047.5
NVG,55.004003202562046,443840.0,450290.0,2743.5,2840.0
VOD,54.98799039231385,4178340.0,4759485.0,600.0,523.0
VTVT,54.971977582065655,124300.0,88920.0,3930.0,4302.0
NUV,54.955964771817456,503800.0,484590.0,2612.0,2769.0
RILYN,54.93995196156926,8520.0,11650.0,5605.5,5560.0
PSHG,54.92393915132106,33240.0,39960.0,4894.0,4874.0
KLIC,54.90792634107285,1240180.0,995630.0,1655.0,1954.0
GAB,54.89191353082465,565880.0,843195.0,2477.0,2148.0
EMF,54.87590072057647,63520.0,40080.0,4440.0,4872.0
KTH,54.85988791032826,1280.0,955.0,6088.5,6168.0
JBDI,54.84387510008006,137920.0,71820.0,3835.0,4463.0
CCNEP,54.82786228983186,460.0,1070.0,6190.0,6156.0
LC,54.811849479583664,2424720.0,,975.0,
VIASP,54.79583666933547,0.0,3155.55,6301.5,5991.0
NL,54.77982385908727,25060.0,33440.0,5049.5,4980.0
DNMX,54.763811048839074,9400.0,14830.0,5561.5,5442.0
GPACU,54.747798238590875,1600.0,16950.0,6065.0,5378.0
TXMD,54.731785428342675,18720.0,24595.0,5222.0,5172.0
OIA,54.71577261809447,110220.0,107025.0,4023.0,4154.0
ADAMZ,54.699759807846284,3840.0,6030.0,5885.5,5824.0
NHI,54.68374699759808,387940.0,412680.0,2879.0,2929.0
MSBIP,54.66773418734988,1880.0,2340.0,6043.0,6061.0
BBOT,54.65172137710168,247280.0,357360.0,3298.0,3071.0
VNO-PN,54.63570856685348,7588.4,12255.55,5645.0,5535.0
DDT,54.61969575660528,5700.0,6080.0,5747.0,5821.0
NMPAU,54.60368294635709,360.0,570.0,6201.0,6203.0
VNO-PL,54.58767013610889,10602.6,23142.75,5509.0,5206.0
ABUS,54.57165732586069,1070320.0,2039740.0,1809.0,1171.0
CAPN,54.55564451561249,2140.0,1580.0,6015.5,6107.0
MQY,54.539631705364286,336100.0,377485.0,3029.0,3011.0
GCV,54.52361889511609,20860.0,29780.0,5165.0,5057.0
NSA-PA,54.5076060848679,,,,
BCRX,54.491593274619696,2710820.0,3873455.0,899.0,665.0
RFI,54.4755804643715,125580.0,94885.0,3910.5,4252.0
TSM,54.4595676541233,17364760.0,15400925.0,136.0,148.0
XYF,54.4435548438751,54740.0,48935.0,4550.0,4738.0
MMTX,54.4195356285028,6620.0,8900.0,5699.5,5672.0
BIXIU,54.4195356285028,3100.0,780.0,5934.0,6189.0
BLZR,54.39551641313051,32960.0,37185.0,4900.0,4925.0
DYORU,54.37950360288231,0.0,5105.0,6301.5,5873.5
OWL,54.3634907926341,19838700.0,16678740.0,116.0,132.0
SCIIU,54.347477982385904,0.0,420.0,6301.5,6222.5
KOYNU,54.331465172137705,0.0,155.0,6301.5,6260.5
BCPC,54.31545236188951,203200.0,213200.0,3483.0,3573.0
PCG-PI,54.29943955164131,2526.8,1172.8,5973.0,6145.0
STRRP,54.283426741393114,600.0,880.0,6169.5,6174.5
NBHC,54.267413931144915,403120.0,421740.0,2844.0,2908.0
NTWOU,54.251401120896716,0.0,0.0,6301.5,6308.5
PG,54.23538831064852,10191840.0,8642315.0,225.0,275.0
MFM,54.219375500400325,309620.0,234610.0,3094.0,3474.0
GLQ,54.203362690152126,47500.0,59020.0,4639.0,4614.0
PLAY,54.18734987990392,885160.0,1365305.0,2036.0,1587.0
TFIN-P,54.17133706965572,1513.6,1358.55,6069.0,6128.0
OXLCZ,54.15532425940752,7980.0,4435.0,5630.0,5912.0
EXP,54.13931144915932,780380.0,506105.0,2172.0,2717.0
CX,54.12329863891113,8657280.0,6437440.0,275.0,386.0
MTB-PH,54.10728582866293,63827.6,44710.0,4435.0,4794.0
MS-PE,54.09127301841473,60562.0,48838.8,4479.0,4739.0
INN-PE,54.07526020816653,13772.4,6474.2,5392.0,5791.0
DNMXU,54.059247397918334,1680.0,4185.0,6058.0,5931.0
ZTR,54.04323458767014,124840.0,226410.0,3921.0,3503.0
PODC,54.02722177742194,67280.0,77895.0,4405.0,4412.0
WAY,54.011208967173744,3430420.0,2855925.0,724.0,879.0
PARK,53.99519615692554,12440.0,24470.0,5442.0,5174.0
VPV,53.97918334667734,21240.0,21410.0,5154.5,5256.0
IBRX,53.96317053642914,10134880.0,9782865.0,226.0,242.0
CCID,53.94715772618095,680.0,2740.0,6155.5,6029.5
SDHY,53.93114491593275,44820.0,56585.0,4675.0,4638.0
VACI,53.91513210568455,37400.0,91395.0,4812.0,4283.0
OFLX,53.89911929543635,50480.0,53960.0,4598.0,4675.0
ATLCZ,53.88310648518815,8100.0,12490.0,5624.0,5529.0
ATLCL,53.867093674939944,4400.0,5895.0,5844.5,5831.0
FUN,53.85108086469176,1822260.0,2113040.0,1266.0,1136.0
GECCI,53.83506805444356,660.0,395.0,6160.0,6226.5
MNTS,53.819055244195354,872720.0,1125985.0,2054.0,1810.0
NEWTI,53.803042433947155,1280.0,2150.0,6088.5,6070.0
EICA,53.787029623698956,2000.0,2790.0,6030.0,6023.5
TBLD,53.77101681345076,49800.0,49200.0,4607.0,4735.0
AGNCM,53.755004003202565,10760.0,13250.0,5502.5,5492.0
SPME,53.738991192954366,2300.0,1840.0,5993.0,6091.0
FITBI,53.72297838270617,25174.4,,5043.0,
BLZRU,53.70696557245797,2160.0,2790.0,6011.5,6023.5
TALK,53.69095276220976,968760.0,1642560.0,1929.0,1396.0
USB-PH,53.67493995196156,49602.4,52228.2,4612.0,4694.0
LPAA,53.65892714171338,56420.0,37295.0,4521.0,4924.0
FFC,53.64291433146518,77040.0,86285.0,4291.0,4325.0
FVNNU,53.62690152121697,866.8,1238.25,6131.0,6135.0
FTAIM,53.61088871096877,2100.0,2980.0,6020.5,6007.0
GLO,53.594875900720574,82060.0,121575.0,4253.0,4069.0
TEVA,53.578863090472375,8004160.0,5654720.0,299.0,435.0
WGO,53.56285028022418,462540.0,622545.0,2693.0,2498.0
SCCD,53.54683746997598,2480.0,1560.0,5979.0,6110.0
OCCIN,53.530824659727784,480.0,1450.0,6186.0,6119.0
ONBPP,53.514811849479585,4640.0,5380.0,5819.5,5864.0
GLP-PB,53.49879903923138,16732.6,17398.45,5286.0,5367.0
HTD,53.48278622898318,50100.0,64610.0,4603.0,4546.0
LPCVU,53.466773418734995,180.0,10150.0,6224.0,5625.0
LOB-PA,53.45076060848679,27422.4,10677.3,4992.0,5599.0
NLY-PJ,53.43474779823859,18877.2,24036.0,5218.0,5183.0
LIEN,53.41873498799039,44060.0,56210.0,4687.5,4645.0
TVAIU,53.40272217774219,420.0,125.0,6193.5,6265.5
ATII,53.38670936749399,282040.0,184830.0,3178.0,3704.0
MYI,53.3706965572458,242760.0,272300.0,3314.0,3341.0
CUB,53.3546837469976,72860.0,188050.0,4330.0,3694.0
GNL-PB,53.3386709367494,7989.4,4798.5,5628.0,5892.0
IMPPP,53.322658126501196,1140.0,1045.0,6105.0,6162.5
LOGI,53.306645316253,2188900.0,1311290.0,1081.0,1641.0
OFSSO,53.29063250600481,320.0,210.0,6206.0,6251.0
FCRS,53.274619695756606,56520.0,43760.0,4518.0,4803.0
RZC,53.25860688550841,64040.0,36670.0,4434.0,4935.0
NLY-PI,53.24259407526021,25006.8,26923.15,5051.0,5117.0
PNFP-PB,53.22658126501201,12025.2,24460.85,5460.0,5176.0
ED,53.21056845476381,2569760.0,2157495.0,936.0,1117.0
GNL-PE,53.19455564451562,7070.2,6142.95,5679.0,5816.0
CMPR,53.17854283426742,184020.0,173275.0,3563.0,3759.0
CVX,53.16253002401922,7241920.0,7571860.0,344.0,327.0
CAE,53.14651721377102,565780.0,613520.0,2478.0,2516.0
WOOF,53.130504403522814,1579940.0,1491050.0,1403.0,1498.0
SWKHL,53.09847878302642,4760.0,3560.0,5806.5,5973.0
ETB,53.09847878302642,38480.0,38750.0,4792.5,4897.0
III,53.09847878302642,166740.0,189535.0,3657.0,3690.0
CCGWW,53.04243394715773,840.0,8335.0,6136.0,5694.0
DMA,53.04243394715773,23240.0,17705.0,5089.0,5352.0
AEHL,53.04243394715773,2807580.0,10572435.0,870.0,214.0
SABR,53.04243394715773,2787840.0,3144565.0,878.0,792.0
MASI,52.85828662930344,,,,
JHG,52.85828662930344,,,,
FTAIN,52.85828662930344,402.4,,6196.0,
BLD,52.85828662930344,,,,
XOMA,52.85828662930344,0.0,,6301.5,
MMTXU,52.85828662930344,0.0,0.0,6301.5,6308.5
ASRT,52.85828662930344,0.0,,6301.5,
XOMAO,52.85828662930344,0.0,,6301.5,
NOTV,52.85828662930344,0.0,,6301.5,
OLPX,52.85828662930344,0.0,,6301.5,
CPRX,52.85828662930344,0.0,,6301.5,
GTLS,52.85828662930344,,,,
WAI,52.85828662930344,0.0,,6301.5,
NUVL,52.85828662930344,0.0,,6301.5,
CAPNR,52.85828662930344,0.0,0.0,6301.5,6308.5
TBRG,52.85828662930344,,,,
KALV,52.85828662930344,,,,
XOMAP,52.85828662930344,0.0,,6301.5,
CNTA,52.85828662930344,,,,
PMO,52.67413931144917,74820.0,63130.0,4313.0,4560.0
VIRC,52.67413931144917,36440.0,35105.0,4832.5,4961.0
SBI,52.67413931144917,64580.0,62235.0,4431.0,4571.0
MKLYU,52.67413931144917,500.0,145.0,6181.5,6262.5
NUW,52.634107285828655,38600.0,46960.0,4789.5,4767.0
CMPX,52.610088070456364,2645380.0,2377710.0,915.0,1028.0
CPS,52.610088070456364,148320.0,149310.0,3758.0,3893.0
FITBP,52.586068855084065,8370.8,,5614.0,
SAT,52.570056044835866,5700.0,6280.0,5747.0,5808.0
SSD,52.55404323458767,366100.0,304160.0,2939.0,3223.0
SLAB,52.538030424339475,308660.0,315600.0,3098.0,3185.0
NEWTG,52.522017614091276,3600.0,2695.0,5906.0,6035.0
STC,52.506004803843076,282140.0,247440.0,3177.0,3434.0
PHXE-P,52.48999199359488,6373.4,5996.05,5714.0,5827.0
LNN,52.47397918334668,116080.0,151310.0,3981.0,3884.0
GGZ,52.45796637309847,5320.0,6630.0,5772.0,5776.0
EIIA,52.44195356285029,2840.0,6985.0,5952.5,5756.0
NCZ,52.42594075260209,45280.0,80570.0,4666.0,4390.0
AMRN,52.40992794235388,55460.0,66525.0,4541.0,4514.0
SFD,52.39391513210568,1001560.0,1247955.0,1890.0,1700.0
MS-PF,52.37790232185748,100852.4,96145.15,4097.0,4241.0
AGNCL,52.361889511609284,9620.0,9170.0,5552.0,5659.0
HTFC,52.34587670136109,2120.0,1825.0,6017.0,6092.0
IRTC,52.32986389111289,576880.0,542530.0,2465.0,2636.0
MARA,52.313851080864694,50169400.0,50447925.0,30.0,17.0
UMH-PD,52.297838270616495,25789.6,16866.6,5028.0,5383.0
SCCG,52.28182546036829,2220.0,3820.0,6008.0,5952.0
IBAC,52.26581265012009,1040.0,1070.0,6111.0,6156.0
KFIIU,52.249799839871905,140.0,50.0,6232.0,6278.0
REGCP,52.2337870296237,920.0,2235.0,6124.5,6067.0
CF,52.2177742193755,1895640.0,2320155.0,1219.0,1046.0
GRVY,52.2017614091273,27020.0,32910.0,5001.0,4992.0
FUND,52.1857485988791,19500.0,36595.0,5199.0,4939.0
RSF,52.1697357886309,5140.0,9695.0,5785.5,5638.0
ICE,52.15372297838271,5463740.0,4289465.0,452.0,588.0
SEAL-PA,52.13771016813451,3236.6,3587.2,5928.0,5971.0
NEWTH,52.12169735788631,5820.0,7320.0,5733.5,5747.0
NCV,52.105684547638106,68820.0,99155.0,4387.0,4212.0
BPOPM,52.08967173738991,1200.0,2510.0,6097.0,6045.0
IHS,52.07365892714171,414880.0,694175.0,2810.0,2388.0
WY,52.05764611689352,5023460.0,4815770.0,493.0,516.0
SWBI,52.041633306645316,416900.0,485630.0,2801.5,2767.0
NMAI,52.02562049639712,70400.0,88800.0,4363.0,4304.0
KZIA,52.00960768614892,236800.0,193680.0,3341.5,3665.0
GLOP-PC,51.99359487590072,461.2,1017.45,6189.0,6165.0
OXLCP,51.97758206565252,0.0,0.0,6301.5,6308.5
BKU,51.96156925540433,989940.0,1117270.0,1903.5,1822.0
NLY-PG,51.94555644515613,14102.0,25034.3,5380.0,5158.0
MGRB,51.92954363490793,17200.0,23780.0,5264.5,5192.0
BA,51.91353082465972,7111460.0,5635115.0,351.0,437.0
GBX,51.897518014411524,359940.0,570845.0,2962.0,2587.0
PEO,51.881505204163325,60940.0,49665.0,4474.0,4724.0
PLMK,51.86549239391513,11860.0,10200.0,5465.0,5622.0
TVA,51.849479583666934,52140.0,39985.0,4586.0,4873.0
BSAAU,51.833466773418735,360.0,140.0,6201.0,6264.0
WSBCO,51.817453963170536,2900.0,26230.0,5947.5,5127.5
AGNCO,51.80144115292234,14080.0,23470.0,5381.0,5197.0
FGNXP,51.785428342674145,580.0,370.0,6172.5,6232.0
EVF,51.769415532425946,48860.0,58775.0,4618.0,4618.0
PHI,51.753402722177746,133620.0,190645.0,3865.0,3682.0
VALU,51.73738991192954,1640.0,2430.0,6063.0,6051.0
ETV,51.72137710168134,119760.0,146650.0,3951.0,3911.0
WWD,51.70536429143314,919860.0,656480.0,1978.0,2440.0
DHT,51.68935148118495,2461040.0,2712025.0,961.0,927.0
ADUR,51.67333867093675,528000.0,626765.0,2553.0,2493.0
YOU,51.65732586068855,1254960.0,1154890.0,1630.0,1790.0
AGNCN,51.64131305044035,22020.0,21670.0,5126.0,5247.0
ECCU,51.62530024019215,2160.0,2785.0,6011.5,6025.0
TFII,51.60928742994395,543960.0,380580.0,2525.0,3001.0
OZKAP,51.59327461969576,14700.0,22455.0,5359.5,5230.0
BEP,51.57726180944756,893720.0,1045845.0,2020.0,1901.0
RF-PC,51.561248999199364,22422.4,32901.6,5110.0,4993.0
MBC,51.54523618895116,2049120.0,1913000.0,1146.0,1235.0
ULTA,51.52922337870296,517160.0,549465.0,2579.0,2620.0
JCAP,51.51321056845476,298520.0,302915.0,3123.0,3226.0
HWCPZ,51.49719775820657,4920.0,8175.0,5795.0,5704.0
APOS,51.48118494795837,26320.0,47715.0,5014.0,4757.0
SUI,51.46517213771017,3355700.0,1924755.0,734.0,1227.0
TRINZ,51.44915932746197,3600.0,5065.0,5906.0,5876.0
NGL-PB,51.43314651721377,7197.2,13296.05,5669.0,5491.0
CCIXU,51.417133706965565,75.2,514.9,6243.0,6212.0
MS-PP,51.40112089671738,80754.0,59317.4,4264.0,4603.0
SPOK,51.38510808646918,150320.0,142480.0,3744.0,3945.0
BULL,51.369095276220975,7665720.0,9034790.0,315.0,264.0
GAM-PB,51.353082465972776,13017.8,11103.45,5415.0,5586.0
TRINI,51.33706965572458,4660.0,7680.0,5817.5,5731.5
WFC-PL,51.32105684547638,4662.0,6446.25,5816.0,5792.0
OXLCI,51.305044035228185,5420.0,3975.0,5767.0,5942.0
MNSBP,51.289031224979986,780.0,885.0,6143.5,6173.0
NBN,51.27301841473179,164100.0,130260.0,3675.5,4018.0
CW,51.25700560448359,238620.0,223420.0,3330.0,3523.0
LYTS,51.24099279423538,235280.0,231495.0,3351.0,3486.0
MXE,51.22497998398718,1300.0,3325.0,6084.5,5984.0
RLJ-PA,51.208967173739,21459.2,16945.1,5147.0,5379.0
VLYPO,51.19295436349079,4020.0,8570.0,5865.5,5686.0
BIPJ,51.17694155324259,9700.0,6530.0,5546.5,5781.0
RYAM,51.16092874299439,816120.0,892080.0,2124.0,2074.0
WDS,51.144915932746194,942940.0,747200.0,1954.0,2296.0
JMM,51.128903122497995,6080.0,6260.0,5721.5,5809.0
XPO,51.1128903122498,1386100.0,1009195.0,1539.0,1940.0
PINE-PA,51.096877502001604,5156.4,5935.9,5784.0,5830.0
CHT,51.080864691753405,149300.0,183635.0,3751.5,3709.0
GNE,51.064851881505206,67700.0,78545.0,4400.0,4404.0
WHFCL,51.048839071257,1020.0,1070.0,6115.0,6156.0
ITUB,51.032826261008815,18874660.0,19282695.0,122.0,106.0
TBPH,51.01681345076061,429480.0,661140.0,2768.0,2432.5
METCI,51.00080064051241,2800.0,3625.0,5956.5,5967.0
ZWS,50.98478783026421,1406760.0,1057760.0,1523.0,1888.0
JCI,50.96877502001601,4654300.0,3620065.0,536.0,705.0
HIG-PG,50.95276220976781,13823.0,15904.1,5390.0,5413.0
WAFDP,50.93674939951962,18460.0,15365.0,5230.5,5426.0
GRFS,50.92073658927142,1555060.0,872965.0,1422.0,2103.0
TVACU,50.90472377902322,0.0,310.0,6301.5,6239.5
PDX,50.88871096877502,97200.0,94135.0,4133.0,4262.0
AOMN,50.872698158526816,5800.0,5590.0,5735.5,5849.5
HVMCU,50.85668534827862,0.0,5.0,6301.5,6297.0
MEGI,50.84067253803043,187540.0,120280.0,3545.0,4076.0
MBNKO,50.824659727782226,1380.0,2265.0,6077.5,6065.0
EFC-PC,50.80864691753403,1967.8,2693.7,6033.0,6036.0
MMU,50.79263410728583,105120.0,118715.0,4057.0,4089.0
OCCIM,50.77662129703763,1180.0,1065.0,6100.0,6158.0
OXLCN,50.76060848678943,3560.0,2405.0,5910.0,6052.0
SAJ,50.74459567654124,620.0,1175.0,6165.5,6143.0
PCG-PD,50.72858286629304,3142.0,4203.0,5931.0,5929.0
RMD,50.71257005604484,1140360.0,1414790.0,1742.0,1554.0
ARLP,50.69655724579663,340700.0,242220.0,3010.5,3451.0
ADAMO,50.680544435548434,24700.0,20050.0,5061.0,5291.0
GJS,50.664531625300235,120.0,650.0,6236.0,6200.0
MOH,50.64851881505204,1202640.0,1628740.0,1681.0,1403.0
PHK,50.632506004803844,657360.0,1167980.0,2339.0,1776.0
MHD,50.616493194555645,279400.0,328760.0,3185.0,3151.0
GAINI,50.600480384307446,4420.0,8295.0,5842.5,5695.0
NIM,50.584467574059246,12800.0,15375.0,5425.0,5425.0
MHF,50.56845476381105,62360.0,57675.0,4451.5,4629.0
TRTN-PB,50.552441953562855,4742.6,5374.45,5809.0,5865.0
ATHE,50.536429143314656,7120.0,13655.0,5674.0,5479.0
COCO,50.52041633306645,1433460.0,1231990.0,1506.5,1712.0
INN-PF,50.50440352281825,19570.2,13919.95,5197.0,5467.0
JRI,50.48839071257005,116280.0,113510.0,3979.0,4117.0
APACU,50.47237790232185,8940.0,2640.0,5588.0,6038.5
BCBP,50.45636509207366,124040.0,135035.0,3933.0,3983.0
LNC-PD,50.44035228182546,23167.6,40784.45,5091.0,4857.0
PNW,50.42433947157726,1378560.0,1187570.0,1546.0,1750.0
MUJ,50.40832666132906,72440.0,69370.0,4334.5,4488.0
CWK,50.392313851080864,1712040.0,2001270.0,1324.0,1188.0
NVNO,50.37630104083266,2980.0,23210.0,5940.5,5203.0
MS-PQ,50.36028823058447,41488.4,35131.7,4730.0,4960.0
COHU,50.344275420336274,1409160.0,1168610.0,1522.0,1774.0
SEAL-PB,50.32826261008807,7333.4,6324.25,5658.0,5803.0
BANFP,50.31224979983987,120.0,175.0,6236.0,6255.0
SLMBP,50.29623698959167,2240.0,2735.0,6005.5,6031.0
SIFY,50.28022417934348,41280.0,39395.0,4734.5,4890.0
GENC,50.26421136909528,21700.0,28745.0,5140.0,5082.0
OXSQH,50.24819855884708,3720.0,2500.0,5896.5,6046.5
CHY,50.23218574859888,226020.0,191615.0,3387.0,3675.0
GRBK-PA,50.21617293835068,1883.4,2865.25,6041.0,6012.0
DHY,50.200160128102475,452180.0,870080.0,2720.0,2106.0
HL-PB,50.18414731785429,153.6,97.05,6230.0,6270.0
PRIF-PL,50.16813450760609,2558.4,1448.25,5967.0,6120.0
MGIH,50.152121697357884,26300.0,144375.0,5015.0,3931.0
SSSSL,50.136108887109685,780.0,,6143.5,
SAY,50.120096076861486,2360.0,4180.0,5985.5,5932.0
ONBPO,50.10408326661329,4480.0,4765.0,5836.0,5894.0
MGRD,50.088070456365095,5340.0,19965.0,5771.0,5293.0
EXPO,50.072057646116896,606220.0,542400.0,2415.0,2638.0
DX-PC,50.0560448358687,12654.8,8669.05,5433.0,5681.0
FITBO,50.0400320256205,27776.6,,4983.0,
WTFCN,50.02401921537229,23580.0,16445.0,5083.0,5394.0
GAINZ,50.00800640512409,1280.0,4270.0,6088.5,5922.0
JQC,49.9919935948759,425020.0,534420.0,2779.0,2652.0
CNQ,49.97598078462771,7487940.0,8144795.0,328.0,297.0
PDPA,49.9599679743795,3860.0,4315.0,5883.5,5917.0
VLYPP,49.9439551641313,2900.0,3185.0,5947.5,5989.0
NFG,49.92794235388311,743820.0,678625.0,2209.0,2407.0
GLU-PB,49.91192954363491,2294.2,1076.35,5996.0,6153.0
RWAYL,49.895916733386706,3960.0,2840.0,5874.5,6016.0
WM,49.879903923138514,2104880.0,1799710.0,1120.0,1302.0
ASGI,49.863891112890315,174200.0,216690.0,3611.5,3557.0
SMCI,49.847878302642116,40255520.0,43739440.0,38.0,26.0
CEV,49.831865492393916,31520.0,25535.0,4924.0,5144.0
IHD,49.81585268214572,45380.0,61075.0,4663.0,4580.0
HEQ,49.79983987189752,18360.0,23365.0,5232.0,5199.5
NGL-PC,49.78382706164932,1975.0,2359.05,6032.0,6058.0
EOI,49.76781425140112,69760.0,59080.0,4376.0,4611.0
GDL,49.75180144115292,5660.0,7740.0,5749.5,5729.0
BMN,49.73578863090473,9060.0,6755.0,5576.0,5769.0
EMO,49.71977582065652,33560.0,40540.0,4887.5,4862.0
AIZN,49.70376301040832,10820.0,16330.0,5499.0,5399.0
FGN,49.68775020016013,17180.0,22190.0,5267.0,5235.0
LEN,49.67173738991193,2661840.0,2459650.0,910.0,1002.0
GS-PA,49.655724579663726,67802.6,48836.05,4396.0,4740.0
ALF,49.639711769415534,2800.0,820.0,5956.5,6181.5
AGNCZ,49.623698959167335,17320.0,31800.0,5260.0,5015.0
OBIO,49.607686148919136,184940.0,212800.0,3561.0,3575.0
BTT,49.59167333867094,71500.0,76750.0,4353.0,4417.0
CCD,49.57566052842274,66520.0,73095.0,4414.0,4450.0
SDHIU,49.55964771817454,0.0,0.0,6301.5,6308.5
TDOC,49.54363490792634,9414680.0,5391875.0,255.0,456.0
ADAMG,49.52762209767814,6860.0,9455.0,5693.0,5649.0
TXN,49.51160928742994,9590800.0,8106815.0,248.0,298.0
NAC,49.49559647718175,341240.0,351835.0,3008.0,3088.0
IFN,49.47958366693355,140840.0,140820.0,3813.0,3954.0
MGEE,49.463570856685344,175200.0,196240.0,3608.0,3650.0
IDXX,49.44755804643715,472860.0,589325.0,2675.0,2553.0
MCGAU,49.43154523618895,920.0,1600.0,6124.5,6105.5
RMMZ,49.415532425940754,10460.0,14210.0,5518.0,5463.0
BPYPN,49.399519615692554,7420.0,11645.0,5654.5,5561.0
TLS,49.383506805444355,396340.0,447220.0,2858.0,2852.0
GDTC,49.367493995196156,782460.0,201635.0,2170.0,3620.0
ABXL,49.35148118494796,3020.0,6840.0,5937.5,5763.5
LBRDP,49.33546837469976,9000.0,7815.0,5579.0,5725.5
TVC,49.31945556445156,13660.0,9220.0,5398.0,5655.5
LSCC,49.30344275420337,2179180.0,1811215.0,1087.0,1293.0
UMBFO,49.28742994395516,6980.0,10235.0,5685.0,5621.0
SPMA,49.27141713370696,2060.0,2910.0,6023.5,6010.0
VOYA-PB,49.25540432345877,12042.0,23102.95,5458.0,5208.0
GS-PD,49.23939151321057,135493.6,105784.65,3850.0,4165.0
HIMS,49.22337870296237,20783900.0,14806875.0,108.0,153.0
NLY-PF,49.20736589271417,26783.8,32017.45,5004.0,5010.0
VCV,49.19135308246597,105140.0,96945.0,4056.0,4232.0
HFRO-PB,49.175340272217774,12553.4,11490.75,5438.0,5565.0
GOCO,49.159327461969575,0.0,50145.75,6301.5,4719.0
TCBI,49.143314651721376,498520.0,531045.0,2623.0,2658.0
DFP,49.127301841473184,37020.0,47235.0,4819.0,4765.0
PRIF-PK,49.11128903122498,1955.2,1097.5,6035.0,6150.0
MS-PI,49.09527622097678,60271.6,57769.4,4483.0,4627.0
DSP,49.079263410728586,175900.0,198505.0,3600.0,3635.0
MOS,49.06325060048039,6887260.0,7188570.0,370.0,344.0
NXDT-PA,49.04723779023218,2521.2,3071.1,5974.0,6002.0
OPP-PC,49.03122497998399,617.0,795.05,6168.0,6187.0
NZF,49.01521216973579,556260.0,520375.0,2501.0,2684.0
SBSI,48.99919935948759,210200.0,146705.0,3455.0,3909.0
RC-PE,48.98318654923939,9862.8,5677.65,5538.0,5840.0
SPXC,48.96717373899119,647100.0,598760.0,2358.0,2538.0
PNBK,48.95116092874299,157920.0,321690.0,3707.0,3167.0
KKR-PD,48.935148118494794,188239.8,172724.75,3542.0,3761.0
CII,48.919135308246595,130560.0,85250.0,3884.0,4337.0
ALLT,48.903122497998396,199300.0,252705.0,3496.0,3415.0
TVE,48.887109687750204,9400.0,6765.0,5561.5,5767.0
TRN,48.871096877502005,874580.0,735775.0,2048.0,2320.0
FCT,48.8550840672538,101320.0,159215.0,4093.0,3833.0
HCXY,48.83907125700561,2300.0,2325.0,5993.0,6062.0
DUK,48.82305844675741,3576280.0,3664690.0,700.0,699.0
ANET,48.80704563650921,6956060.0,7515520.0,364.0,332.0
MGR,48.79103282626101,12600.0,27390.0,5437.0,5111.0
PLUT,48.77502001601281,180.0,675.0,6224.0,6196.0
TTAM,48.75900720576461,383360.0,232045.0,2890.0,3484.0
OXSQG,48.74299439551641,2040.0,1015.0,6027.0,6166.5
MNSB,48.72698158526821,26660.0,30245.0,5008.0,5049.0
GFF,48.710968775020014,311120.0,287925.0,3086.0,3277.0
LEO,48.69495596477182,204180.0,268690.0,3480.0,3355.0
SPE-PC,48.678943154523616,917.6,786.45,6126.0,6188.0
BGB,48.662930344275416,146300.0,117215.0,3766.0,4096.0
ORKT,48.646917534027224,19000.0,51585.0,5212.5,4704.0
TWO,48.630904723779025,2004140.0,2293810.0,1168.0,1064.0
WSTNU,48.61489191353082,0.0,25.0,6301.5,6284.0
ERC,48.59887910328263,53560.0,45700.0,4568.0,4783.0
BAER,48.58286629303443,544520.0,390350.0,2523.0,2984.0
RPAY,48.56685348278623,481480.0,384235.0,2663.0,2993.0
HNNA,48.55084067253803,5000.0,4680.0,5791.0,5901.0
BGT,48.53482786228983,114060.0,120890.0,3999.0,4074.0
BEPJ,48.51881505204163,4700.0,6085.0,5813.0,5820.0
ADAMI,48.50280224179343,4380.0,5245.0,5848.0,5870.0
DMLP,48.48678943154523,406620.0,256345.0,2831.0,3409.0
GLOP-PA,48.47077662129704,1657.0,2808.15,6061.0,6019.0
SB-PD,48.45476381104884,3132.0,2521.1,5932.0,6044.0
MTB-PJ,48.438751000800636,36406.8,38025.95,4835.0,4912.0
LFWD,48.422738190552444,4120.0,17090.0,5858.5,5373.0
HPF,48.406725380304245,32020.0,28920.0,4917.5,5079.0
SNY,48.390712570056046,4517640.0,3488105.0,551.0,727.0
GILD,48.37469975980785,6383400.0,6667905.0,395.0,369.0
IMNM,48.35868694955965,743300.0,1172590.0,2211.0,1771.0
UVV,48.34267413931145,192240.0,223765.0,3524.0,3519.0
EFC-PD,48.326661329063256,69.8,496.75,6244.0,6213.0
PML,48.31064851881505,398620.0,359260.0,2855.0,3064.0
MSD,48.29463570856685,61520.0,73425.0,4462.0,4445.0
OFSSH,48.27862289831866,2000.0,745.0,6030.0,6193.0
SOR,48.26261008807046,7860.0,9220.0,5636.5,5655.5
BPYPO,48.246597277822254,11020.0,12855.0,5491.5,5513.0
SOJF,48.23058446757406,42020.0,39925.0,4719.0,4875.0
WVVI,48.21457165732586,2340.0,6475.0,5989.0,5789.5
PEPG,48.19855884707766,660860.0,1161230.0,2332.0,1786.0
RAIL,48.182546036829464,142300.0,221045.0,3801.0,3529.0
E,48.166533226581265,619160.0,422080.0,2398.0,2907.0
MSCI,48.150520416333066,775040.0,732025.0,2177.0,2322.0
UNFI,48.13450760608487,449320.0,494735.0,2728.0,2747.0
GF,48.11849479583667,16720.0,26695.0,5287.0,5120.5
WCC,48.10248198558847,1041560.0,826620.0,1847.0,2172.0
NML,48.08646917534028,137480.0,105440.0,3837.0,4168.0
FNV,48.07045636509207,676140.0,695635.0,2307.0,2385.0
RA,48.05444355484387,141620.0,132470.0,3805.0,4003.0
TRTN-PF,48.03843074459568,8484.6,6508.8,5607.0,5785.0
TKO,48.02241793434748,814760.0,1065900.0,2126.0,1876.0
GJP,48.006405124099274,160.0,655.0,6228.0,6198.0
OKYO,47.99039231385108,84020.0,180670.0,4234.5,3719.0
JPM-PD,47.97437950360288,139093.2,111647.2,3826.0,4132.0
AOMD,47.958366693354684,2720.0,2445.0,5960.0,6050.0
LDP,47.942353883106485,43580.0,48550.0,4694.0,4745.0
TYL,47.926341072858285,1184760.0,780920.0,1699.0,2237.0
CANF,47.910328262610086,30300.0,227110.0,4944.0,3500.0
PMTW,47.894315452361894,6880.0,6940.0,5692.0,5759.0
ADAMH,47.87830264211369,16380.0,22560.0,5307.0,5228.0
OGE,47.86228983186549,1659080.0,1378065.0,1352.0,1575.0
CURR,47.8462770216173,143500.0,106265.0,3789.0,4162.0
RIV-PA,47.8302642113691,3725.2,4915.85,5894.0,5885.0
SAZ,47.81425140112089,4280.0,5610.0,5851.5,5846.0
OPRT,47.7982385908727,336340.0,444370.0,3027.0,2860.0
ALDX,47.7822257806245,913900.0,1403410.0,1990.0,1559.0
BAC-PQ,47.7662129703763,110598.0,91608.9,4020.0,4282.0
PURR,47.7502001601281,7868660.0,9371040.0,303.0,253.0
PFN,47.7341873498799,361400.0,676510.0,2952.0,2415.0
ACV,47.71817453963171,28000.0,21630.0,4976.0,5248.0
LGL,47.702161729383505,5600.0,8775.0,5752.0,5675.5
NIE,47.686148919135306,54580.0,50970.0,4553.5,4711.0
OPRA,47.670136108887114,328300.0,333660.0,3045.0,3133.0
HFRO-PA,47.654123298638915,13958.4,9407.8,5385.0,5650.0
PDO,47.63811048839071,605380.0,516705.0,2418.0,2692.0
IMO,47.62209767814252,524680.0,515150.0,2563.0,2701.0
PSA-PK,47.60608486789432,11122.8,17998.75,5489.0,5339.0
PCG-PE,47.59007205764612,1084.4,802.4,6107.0,6184.0
RF-PF,47.57405924739792,20172.6,24314.35,5181.0,5180.0
SUZ,47.55804643714972,2597620.0,2559925.0,928.0,959.0
MUC,47.54203362690152,361780.0,329675.0,2951.0,3147.0
NMCO,47.52602081665332,163480.0,173710.0,3678.0,3755.0
GOLD,47.51000800640512,308860.0,381175.0,3097.0,3000.0
OTTR,47.493995196156924,160560.0,219520.0,3694.0,3541.0
KNTK,47.47798238590873,970180.0,830345.0,1926.0,2163.0
ALT,47.461969575660525,7369320.0,4117665.0,336.0,617.0
NCPL,47.445956765412326,61140.0,116905.0,4471.0,4101.0
PATK,47.429943955164134,647080.0,716480.0,2359.0,2348.0
AOMR,47.413931144915935,69920.0,91750.0,4374.0,4279.0
VERU,47.397918334667736,220380.0,276950.0,3412.0,3330.0
LFMDP,47.38190552441954,1000.0,1555.0,6119.0,6111.0
GS-PC,47.36589271417134,16672.4,16458.55,5290.0,5393.0
NBXG,47.34987990392314,237720.0,251585.0,3333.0,3417.0
EDF,47.33386709367494,73320.0,132805.0,4328.0,3999.0
AWF,47.31785428342674,249520.0,337705.0,3292.0,3124.0
PTC,47.30184147317854,2019160.0,1629715.0,1161.0,1400.0
OXLCG,47.28582866293035,1700.0,3305.0,6057.0,5985.0
PHUN,47.26981585268214,95780.0,100545.0,4142.0,4201.0
RELY,47.253803042433944,2148420.0,2564180.0,1101.0,957.0
CHSCL,47.23779023218575,21440.0,20310.0,5148.5,5287.0
ASBA,47.22177742193755,17140.0,20800.0,5269.0,5273.0
CHSCN,47.20576461168935,13440.0,19430.0,5408.0,5305.0
NCV-PA,47.189751801441155,6004.2,5590.0,5725.0,5849.5
EPD,47.173738991192955,4104740.0,3128145.0,609.0,798.0
BKHA,47.157726180944756,2380.0,1145.0,5983.0,6146.0
EQNR,47.14171337069656,4287940.0,4175260.0,582.0,602.0
EFSCP,47.12570056044836,3800.0,1670.0,5887.5,6103.0
GPRK,47.10968775020016,405120.0,373400.0,2835.0,3023.0
TFC-PR,47.09367493995196,92452.4,81508.2,4168.0,4382.0
HPP-PC,47.07766212970376,1708.2,15723.6,6056.0,5419.0
RIO,47.06164931945556,3002900.0,2966360.0,821.0,837.0
DCGO,47.04563650920737,506720.0,537200.0,2607.0,2647.0
TRTN-PC,47.02962369895916,5000.6,6332.55,5789.0,5799.0
SSII,47.013610888710964,125060.0,80880.0,3916.0,4388.0
PEN,46.99759807846277,376860.0,393975.0,2912.5,2975.0
JGH,46.98158526821457,53740.0,113150.0,4565.0,4119.0
BBN,46.965572457966374,76860.0,96180.0,4293.0,4240.0
MYN,46.949559647718175,235980.0,154910.0,3347.0,3862.0
PVH,46.933546837469976,873840.0,867770.0,2052.0,2110.0
MSI,46.91753402722178,917280.0,855810.0,1982.0,2129.0
WKHS,46.90152121697358,117080.0,85505.0,3972.5,4334.0
ISBA,46.88550840672538,88640.0,56180.0,4198.0,4647.0
MITT-PC,46.869495596477186,12338.4,9606.7,5447.0,5642.0
BLW,46.85348278622898,80600.0,183880.0,4267.0,3707.0
PRVA,46.83746997598078,913480.0,1129875.0,1994.0,1809.0
PMT-PC,46.82145716573259,16676.4,18774.55,5289.0,5318.0
PFXNZ,46.80544435548439,420.0,755.0,6193.5,6191.5
GBLI,46.78943154523619,7280.0,8170.0,5663.0,5705.5
PHIN,46.77341873498799,460260.0,316220.0,2695.0,3183.0
BSL,46.75740592473979,29860.0,35005.0,4949.0,4963.5
ALLR,46.74139311449159,52540.0,96705.0,4578.0,4234.0
VNO-PO,46.725380304243394,11253.0,16319.5,5484.0,5401.0
AKO-A,46.709367493995195,1020.0,560.0,6115.0,6207.0
HBANL,46.693354683746996,20620.0,23970.0,5171.0,5185.5
IPM,46.677341873498804,6380.0,15650.0,5712.5,5420.0
AFB,46.6613290632506,47920.0,81065.0,4635.0,4385.0
VALN,46.6453162530024,7620.0,23925.0,5644.0,5189.0
AI,46.62930344275421,5049640.0,5129450.0,491.0,475.0
AGD,46.61329063250601,94640.0,140505.0,4152.0,3958.0
GECCG,46.5972778222578,1000.0,2365.0,6119.0,6056.0
SYF-PB,46.58126501200961,28417.2,25044.75,4971.0,5157.0
ETJ,46.56525220176141,117580.0,116490.0,3969.0,4103.0
PSA-PI,46.54923939151321,26151.6,20736.75,5019.0,5274.0
SABA,46.53322658126501,27920.0,52110.0,4977.5,4696.0
MMLP,46.51721377101681,3020.0,16340.0,5937.5,5398.0
POCI,46.501200960768614,39480.0,30290.0,4764.5,5045.5
B,46.485188150520415,7143420.0,8089230.0,348.0,300.0
CET,46.469175340272216,23960.0,35695.0,5077.0,4950.0
UHS,46.45316253002402,1641980.0,1023860.0,1364.0,1925.0
DMB,46.437149719775825,56120.0,58715.0,4528.0,4619.0
PNFP-PA,46.42113690952762,8290.0,6852.25,5617.0,5762.0
GSAT,46.40512409927942,1129480.0,975870.0,1753.0,1980.0
TEN-PE,46.38911128903123,4390.0,4503.15,5846.0,5910.0
FC,46.37309847878303,87000.0,112140.0,4210.0,4130.0
MS-PA,46.35708566853482,64588.6,68634.45,4430.0,4493.0
CGO,46.34107285828663,38640.0,32060.0,4788.0,5006.0
NCZ-PA,46.32506004803843,5442.0,4601.65,5763.0,5904.0
ADAMM,46.30904723779023,8900.0,11810.0,5592.0,5550.5
RNP,46.29303442754203,87040.0,87445.0,4209.0,4313.0
SO,46.27702161729383,5329340.0,4624695.0,462.0,544.0
OKE,46.261008807045634,3712440.0,3294765.0,669.0,761.0
BUI,46.24499599679744,45040.0,59205.0,4671.0,4605.0
HPI,46.228983186549236,41960.0,44260.0,4720.5,4800.0
MTEK,46.212970376301044,60880.0,55905.0,4475.5,4651.0
NC,46.196957566052845,7540.0,11950.0,5647.5,5545.5
PFO,46.180944755804646,27860.0,23105.0,4980.5,5207.0
STFS,46.16493194555645,4153400.0,1183430.0,604.0,1756.0
NVDA,46.14891913530825,135885440.0,128296040.0,3.0,1.0
PASG,46.13290632506005,31000.0,42165.0,4932.0,4832.0
ARDC,46.11689351481185,61820.0,125420.0,4458.0,4043.0
MBINN,46.10088070456365,3840.0,6225.0,5885.5,5812.0
BHK,46.08486789431545,185020.0,330685.0,3560.0,3141.0
NATH,46.06885508406726,15880.0,25740.0,5321.5,5139.0
ENSG,46.05284227381905,601220.0,510385.0,2424.0,2710.0
GAB-PG,46.036829463570854,2897.4,3565.45,5949.0,5972.0
ELTK,46.02081665332266,5160.0,8695.0,5782.5,5680.0
FINW,46.00480384307446,26080.0,29280.0,5020.0,5070.0
MBAV,45.988791032826256,254084.0,,3277.0,
GECCH,45.972778222578064,120.0,1110.0,6236.0,6149.0
CUBB,45.956765412329865,260.0,800.0,6213.0,6185.5
GJO,45.940752602081666,220.0,540.0,6216.5,6210.0
JHI,45.92473979183347,14380.0,10640.0,5371.0,5600.0
TSEM,45.90872698158527,1675280.0,1835980.0,1339.0,1282.0
USB-PA,45.89271417133707,491.6,810.35,6184.0,6183.0
SIM,45.87670136108887,2060.0,12525.0,6023.5,5528.0
PDT,45.86068855084067,116880.0,110245.0,3974.0,4142.0
ARCC,45.84467574059247,4708440.0,4499410.0,531.0,558.0
PSA-PG,45.82866293034428,16068.2,22619.15,5314.0,5225.0
OFIX,45.81265012009608,282760.0,343620.0,3175.0,3107.0
ATHS,45.796637309847874,19960.0,24935.0,5185.0,5161.0
AVK,45.78062449959968,170940.0,141215.0,3632.0,3951.0
RVT,45.76461168935148,232700.0,390150.0,3358.0,2985.0
NKE,45.748598879103284,19749520.0,18532640.0,118.0,116.0
RWTN,45.732586068855085,7880.0,4760.0,5635.0,5895.0
CHSCO,45.716573258606886,28780.0,17850.0,4967.0,5346.0
VTN,45.70056044835869,28820.0,24550.0,4965.5,5173.0
DCBO,45.68454763811049,117260.0,105395.0,3970.0,4169.0
MLAB,45.66853482786229,102420.0,178055.0,4084.0,3732.0
ARLO,45.65252201761409,1252980.0,1123900.0,1632.0,1815.0
PSA-PO,45.6365092073659,34942.6,17877.85,4864.0,5344.0
MBAVU,45.62049639711769,798.4,,6141.0,
VLYPN,45.60448358686949,4440.0,7350.0,5840.0,5742.0
PIPR,45.5884707766213,653020.0,621765.0,2346.0,2502.0
BGX,45.5724579663731,61420.0,64195.0,4464.0,4549.0
ASG,45.556445156124894,271280.0,265275.0,3215.0,3365.0
LRE,45.5404323458767,3300.0,4300.0,5924.5,5920.0
QRVO,45.5244195356285,1671480.0,1162495.0,1343.0,1785.0
nan,45.500400320256205,100240.0,63085.0,4105.5,4562.5
NAN,45.500400320256205,100240.0,63085.0,4105.5,4562.5
EVR,45.476381104883906,729260.0,501505.0,2238.0,2723.0
PCQ,45.460368294635714,173640.0,143160.0,3618.0,3940.0
FRMEP,45.44435548438751,3760.0,1050.0,5892.0,6160.5
SREA,45.42834267413931,36660.0,57255.0,4826.5,4632.0
TTC,45.41232986389112,499840.0,560015.0,2619.0,2605.0
KIO,45.39631705364292,236800.0,216100.0,3341.5,3559.5
XPOF,45.38030424339471,702460.0,648715.0,2273.0,2450.0
WMG,45.36429143314652,2211020.0,2037475.0,1070.0,1172.0
RDW,45.34827862289832,14216380.0,15493610.0,171.0,145.0
DLY,45.33226581265012,168900.0,168780.0,3646.0,3775.0
GGT-PE,45.31625300240192,504.0,1521.15,6180.0,6113.0
NRK,45.30024019215372,271200.0,226170.0,3216.0,3505.0
ASUR,45.284227381905524,110900.0,95335.0,4015.0,4247.0
TAYD,45.268214571657325,33240.0,39780.0,4894.0,4881.0
AM,45.252201761409125,2275180.0,2002390.0,1038.0,1187.0
JBK,45.236188951160926,200.0,385.0,6220.0,6229.5
WIT,45.220176140912734,9928680.0,10612905.0,240.0,212.0
DPG,45.204163330664535,47380.0,56685.0,4640.0,4636.0
PSF,45.18815052041633,34480.0,30040.0,4876.5,5055.0
GOOD,45.17213771016814,374160.0,423100.0,2921.0,2903.0
MTVA,45.15612489991994,65120.0,572675.0,4425.0,2582.0
KTN,45.14011208967174,1540.0,2040.0,6068.0,6077.0
ACEL,45.12409927942354,207080.0,259285.0,3471.0,3392.0
FGSN,45.10808646917534,13680.0,16130.0,5395.5,5407.0
MET-PA,45.09207365892714,33185.4,32046.2,4898.0,5007.0
VBF,45.07606084867894,125960.0,74695.0,3905.0,4428.0
TXNM,45.06004803843074,767040.0,1258115.0,2184.0,1688.0
WEA,45.044035228182544,20280.0,20325.0,5178.0,5286.0
AAP,45.02802241793435,1427500.0,1758285.0,1513.0,1330.0
MFA-PB,45.012009607686146,4850.6,8230.0,5799.0,5700.0
REGCO,44.99599679743795,1720.0,1940.0,6054.5,6086.5
OVV,44.979983987189755,4220480.0,3335275.0,590.0,752.0
JPM-PJ,44.963971176941556,81595.0,78052.85,4257.0,4409.0
SATA,44.94795836669335,135580.0,155445.0,3849.0,3856.0
BGH,44.93194555644516,61300.0,79605.0,4468.0,4396.0
PCG-PH,44.91593274619696,584.6,1075.75,6171.0,6154.0
GHY,44.89991993594876,138380.0,131260.0,3831.0,4012.0
VTMX,44.88390712570056,120700.0,87170.0,3946.0,4314.0
EFT,44.86789431545236,50140.0,54710.0,4602.0,4666.0
CSWC,44.85188150520416,535340.0,637410.0,2537.0,2467.0
RNR-PG,44.83586869495596,27455.4,21984.1,4990.0,5243.0
EIM,44.81985588470776,146020.0,148735.0,3768.0,3900.0
DUK-PA,44.803843074459564,55033.4,51718.5,4547.0,4702.0
EVG,44.78783026421137,31060.0,28520.0,4931.0,5087.0
UNB,44.771817453963166,13540.0,7455.0,5404.0,5738.0
JPM-PL,44.75580464371497,243200.0,214646.3,3311.0,3566.0
CICB,44.739791833466775,4500.0,4195.0,5832.0,5930.0
TRTX,44.723779023218576,901340.0,701195.0,2015.0,2374.0
JELD,44.70776621297038,1228680.0,1190190.0,1667.0,1749.0
SWZ,44.69175340272218,27160.0,35100.0,4996.0,4962.0
NCA,44.67574059247398,77480.0,59660.0,4287.0,4599.0
DXC,44.65972778222579,4888520.0,4053940.0,511.0,630.0
AQNB,44.64371497197758,15020.0,14505.0,5349.0,5454.0
DTG,44.62770216172938,19920.0,22855.0,5188.5,5216.0
FULTP,44.61168935148119,16600.0,15870.0,5292.0,5414.0
POWWP,44.59567654123299,720.0,1600.0,6149.5,6105.5
EXC,44.579663730984784,9810580.0,9318900.0,244.0,254.0
KTF,44.56365092073659,349860.0,206310.0,2988.0,3606.0
EHLD,44.54763811048839,1220.0,2250.0,6094.0,6066.0
FLUT,44.531625300240194,2274580.0,2090950.0,1039.0,1147.0
MPA,44.515612489991994,37200.0,22885.0,4813.5,5213.0
MDV,44.499599679743795,39040.0,57410.0,4778.0,4631.0
UMH,44.483586869495596,413660.0,449120.0,2815.0,2844.0
RWT-PA,44.4675740592474,7042.4,4822.65,5681.0,5890.0
NNY,44.4515612489992,52400.0,30485.0,4580.5,5044.0
WTM,44.435548438751,17580.0,17480.0,5250.5,5363.0
TWI,44.41953562850281,453980.0,439330.0,2711.0,2873.0
WMS,44.4035228182546,549820.0,596305.0,2514.0,2543.0
IMOS,44.3875100080064,141280.0,144145.0,3809.5,3932.0
PCG-PG,44.37149719775821,1470.4,1232.0,6072.0,6138.0
CHW,44.35548438751001,320580.0,292080.0,3067.0,3260.0
PSA-PN,44.339471577261804,13622.0,14764.55,5400.0,5445.0
KKR,44.32345876701361,4034720.0,3630645.0,621.0,704.0
PSA-PM,44.30744595676541,10616.8,9505.1,5508.0,5647.0
XZO,44.291433146517214,107580.0,158540.0,4042.0,3839.0
ANIP,44.275420336269015,242200.0,284570.0,3315.0,3291.0
AMSF,44.259407526020816,283100.0,215920.0,3173.0,3561.0
SCNX,44.24339471577262,291000.0,3954120.0,3150.0,646.0
TEN-PF,44.227381905524425,9277.8,6521.35,5566.0,5782.0
FOF,44.21136909527622,41540.0,42330.0,4728.0,4826.0
GNT,44.19535628502802,104620.0,100020.0,4066.0,4205.0
BRW,44.17934347477983,171460.0,202615.0,3630.0,3617.0
MFA-PC,44.16333066453163,12161.0,15909.15,5453.0,5412.0
KEQU,44.14731785428342,2840.0,5520.0,5952.5,5855.0
BTZ,44.13130504403523,216100.0,283990.0,3434.0,3294.0
FINS,44.11529223378703,34820.0,42445.0,4868.5,4825.0
NKX,44.09927942353883,175560.0,134995.0,3602.5,3984.0
NXG,44.08326661329063,125580.0,148595.0,3910.5,3901.0
DSM,44.06725380304243,116520.0,124510.0,3977.0,4049.0
BTX,44.051240992794234,588740.0,701450.0,2444.5,2373.0
PRIF-PD,44.035228182546035,1064.8,2011.3,6109.0,6080.0
MAA-PI,44.019215372297836,2261.0,2708.35,6000.0,6033.0
MAIN,44.00320256204964,481160.0,614690.0,2664.0,2514.0
INFY,43.987189751801445,33786180.0,26714460.0,50.0,66.0
PCG-PB,43.97117694155324,6601.8,2776.0,5701.0,6026.0
MQ,43.95516413130505,852320.0,1075285.0,2075.0,1866.0
FCN,43.93915132105685,449520.0,360935.0,2726.0,3057.5
HLNE,43.92313851080865,804540.0,730890.0,2145.0,2323.0
ADBE,43.90712570056045,7022120.0,5794090.0,360.0,423.0
PCG-PA,43.89111289031225,3254.6,4249.4,5926.0,5924.0
AMST,43.87510008006405,61880.0,94755.0,4457.0,4255.0
WFCF,43.85908726981585,1180.0,2770.0,6100.0,6027.5
SNDX,43.84307445956765,1223200.0,1652325.0,1672.0,1389.0
PFD,43.827061649319454,25540.0,23505.0,5032.5,5196.0
ELC,43.81104883907126,18640.0,13415.0,5223.5,5488.5
APTV,43.795036028823056,1991620.0,2248315.0,1173.0,1082.0
INSE,43.77902321857486,109180.0,121110.0,4029.0,4072.0
SFB,43.763010408326664,10460.0,11275.0,5518.0,5572.0
PSA-PQ,43.746997598078465,10580.8,16654.95,5510.0,5389.0
JXN-PA,43.730984787830266,15240.0,29695.25,5343.5,5059.0
AKA,43.71497197758207,2600.0,2385.0,5964.0,6054.0
PYPD,43.69895916733387,217160.0,351625.0,3426.5,3089.0
GNT-PA,43.68294635708567,831.2,2030.75,6138.0,6078.0
CQP,43.66693354683747,110420.0,92350.0,4021.0,4274.0
GFR,43.65092073658927,159080.0,177505.0,3701.0,3734.0
STK,43.63490792634107,91020.0,57725.0,4180.0,4628.0
STIM,43.61889511609288,954780.0,2175030.0,1947.0,1108.0
MEGL,43.60288230584467,15420.0,18000.0,5334.5,5338.0
KMI,43.586869495596474,11898640.0,9501205.0,194.0,249.0
JPM-PK,43.57085668534828,145574.4,123201.75,3773.0,4059.0
HIX,43.55484387510008,344660.0,325010.0,3003.0,3160.0
JHS,43.53883106485188,7260.0,7390.0,5664.5,5740.0
GAB-PH,43.522818254603685,5632.8,7334.7,5751.0,5746.0
NXPL,43.506805444355486,25460.0,31400.0,5036.0,5019.0
NDMO,43.49079263410729,136920.0,113965.0,3840.0,4114.0
LOAN,43.47477982385909,58660.0,54570.0,4493.0,4667.5
FSLR,43.45876701361089,1913240.0,1817800.0,1209.0,1290.0
AUTL,43.44275420336269,829080.0,1156160.0,2109.0,1788.0
PAI,43.42674139311449,12800.0,12480.0,5425.0,5530.0
ETI-P,43.41072858286629,3369.2,2348.5,5918.0,6060.0
QQQX,43.39471577261809,75820.0,125120.0,4302.0,4045.0
CRM,43.3787029623699,15147520.0,12809165.0,161.0,177.0
AMRZ,43.362690152121694,2519640.0,2698760.0,947.0,930.0
GLAD,43.346677341873495,143260.0,159005.0,3792.0,3834.0
OPFI,43.3306645316253,485980.0,566985.0,2653.0,2592.0
ABTS,43.3146517213771,22700.0,27925.0,5105.0,5099.0
FRA,43.2986389111289,132800.0,142595.0,3869.0,3944.0
KKRS,43.282626100880705,32180.0,28420.0,4915.0,5092.0
HSY,43.266613290632506,2076780.0,1888200.0,1129.0,1245.0
BNTC,43.25060048038431,80580.0,86435.0,4269.0,4323.0
QSEAU,43.23458767013611,0.0,0.0,6301.5,6308.5
KIM-PL,43.21857485988791,11363.0,13834.5,5480.0,5471.0
MET-PE,43.20256204963972,45618.6,49946.95,4660.0,4721.0
WYNN,43.18654923939151,1433620.0,1404570.0,1505.0,1558.0
CARG,43.17053642914331,925560.0,1148735.0,1970.0,1793.0
RWTO,43.15452361889512,6460.0,5455.0,5710.0,5859.5
MGLD,43.13851080864692,7920.0,11390.0,5632.0,5570.0
FTV,43.12249799839872,4191840.0,2903760.0,595.0,864.0
SU,43.10648518815052,3643100.0,3944580.0,685.0,650.0
IGI,43.09047237790232,15620.0,9700.0,5328.0,5637.0
SG,43.074459567654124,4336320.0,5671030.0,575.0,431.0
ECX,43.058446757405925,533240.0,738680.0,2541.0,2308.0
DLR,43.042433947157726,4350640.0,3333830.0,574.0,753.0
TRS,43.026421136909526,491320.0,393370.0,2640.0,2978.0
BEKE,43.010408326661334,3497880.0,3676410.0,712.0,697.0
GJH,42.99439551641313,260.0,655.0,6213.0,6198.0
DSWL,42.97838270616493,15320.0,12975.0,5341.0,5508.0
CNP,42.96236989591674,6651800.0,6537475.0,379.0,378.0
GROV,42.94635708566854,16400.0,35875.0,5305.5,4947.5
WIA,42.93034427542033,37820.0,39080.0,4806.0,4894.0
DGNX,42.91433146517214,2224920.0,1056525.0,1064.0,1891.0
FIS,42.89831865492394,6462120.0,5583910.0,390.0,441.0
PBI-PB,42.88230584467574,9980.0,17970.0,5534.5,5341.0
PNI,42.86629303442754,46700.0,78645.0,4645.0,4402.0
BBW,42.85028022417934,222320.0,330425.0,3402.0,3143.0
BGR,42.834267413931144,71580.0,84300.0,4352.0,4347.0
WB,42.818254603682945,784220.0,794010.0,2169.0,2213.0
DBL,42.802241793434746,46720.0,61020.0,4644.0,4581.0
MIAX,42.78622898318655,1231260.0,1351150.0,1665.0,1599.0
WRB-PE,42.770216172938355,7235.6,10013.8,5666.0,5631.0
IRM,42.75420336269015,1796100.0,2075650.0,1278.0,1156.0
CYH,42.73819055244195,2458200.0,2478845.0,964.0,998.0
BA-PA,42.72217774219376,459022.8,992944.95,2699.0,1958.0
WIW,42.70616493194556,225180.0,219425.0,3389.0,3542.0
JPM-PM,42.69015212169735,222472.8,172798.75,3401.0,3760.0
STRF,42.67413931144916,61560.0,77690.0,4461.0,4413.0
UG,42.65812650120096,21940.0,10595.0,5129.5,5602.0
PCN,42.64211369095276,259480.0,309775.0,3258.0,3204.0
PSA-PF,42.62610088070456,13142.0,20670.0,5413.0,5277.0
MATV,42.610088070456364,381540.0,462785.0,2896.0,2818.0
ATIIU,42.594075260208164,0.0,800.0,6301.5,6185.5
RF-PE,42.57806244995997,41313.8,40753.7,4732.0,4858.0
SCHW-PD,42.562049639711766,52728.6,40456.8,4577.0,4865.0
MNDO,42.54603682946357,66220.0,55045.0,4418.0,4663.0
HDB,42.530024019215375,11497480.0,9721915.0,201.0,244.0
YUMC,42.514011208967176,1860100.0,1710535.0,1247.0,1357.0
VC,42.49799839871897,633120.0,540765.0,2379.0,2640.0
DY,42.48198558847078,519560.0,441095.0,2575.0,2872.0
KIM-PM,42.46597277822258,22202.8,17479.75,5118.0,5364.0
FTF,42.44995996797438,125300.0,194140.0,3915.0,3658.0
MNR,42.43394715772618,208040.0,251485.0,3464.0,3418.0
FAX,42.41793434747798,104020.0,120905.0,4070.0,4073.0
USB-PP,42.40192153722979,33278.0,43237.25,4892.0,4812.0
CRF,42.38590872698158,996900.0,1098740.0,1897.0,1847.0
CHSCM,42.369895916733384,19240.0,27095.0,5206.5,5114.5
BAC-PK,42.35388310648519,59000.4,54815.1,4488.0,4665.0
BHR,42.33787029623699,492260.0,548000.0,2639.0,2623.0
KVHI,42.32185748598879,181200.0,219980.0,3579.0,3539.0
TNK,42.305844675740595,340300.0,315700.0,3012.0,3184.0
FT,42.289831865492395,31160.0,30255.0,4929.0,5047.5
SONO,42.273819055244196,2845040.0,2217540.0,863.0,1101.0
PSA-PP,42.257806244996,48039.4,40474.7,4632.0,4864.0
JBGS,42.2417934347478,449820.0,490315.0,2724.0,2756.0
PSA-PJ,42.2257806244996,34543.2,25504.35,4872.0,5146.0
CTRM,42.2097678142514,25560.0,37705.0,5030.5,4918.0
FLC,42.1937550040032,25100.0,18040.0,5046.0,5336.0
SWX,42.177742193755,440780.0,456795.0,2748.0,2831.0
PSA-PR,42.16172938350681,22486.8,25821.75,5109.0,5137.0
AQB,42.14571657325861,16140.0,37925.0,5311.5,4914.0
VANI,42.129703763010404,145960.0,1078930.0,3770.0,1861.0
SLNH,42.11369095276221,10341700.0,13996755.0,221.0,160.0
AXGN,42.09767814251401,1398080.0,1370915.0,1535.0,1582.0
HTGC,42.081665332265814,1440020.0,1432305.0,1500.0,1540.0
MUA,42.065652522017615,372760.0,242195.0,2924.0,3452.0
NWE,42.049639711769416,384680.0,351385.0,2887.0,3090.0
NYT,42.03362690152122,1693500.0,1474755.0,1332.0,1506.0
VZ,42.01761409127302,32636260.0,30313130.0,54.0,52.0
ACGLO,42.00160128102482,23100.0,36760.0,5092.0,4933.0
USAC,41.98558847077662,233200.0,189585.0,3356.0,3689.0
USB-PS,41.96957566052843,62707.2,48379.1,4448.0,4749.0
SPHL,41.95356285028022,11580.0,895220.0,5473.0,2069.0
AUR,41.93755004003202,30097480.0,22927450.0,63.0,82.0
EIC,41.92153722978383,89460.0,104870.0,4193.0,4170.5
SPMC,41.90552441953563,9800.0,18615.0,5540.5,5323.0
HYT,41.889511609287425,712360.0,729480.0,2263.0,2325.0
LND,41.87349879903923,20840.0,32925.0,5166.0,4991.0
HROW,41.85748598879103,525660.0,578235.0,2561.0,2574.0
INVX,41.841473178542834,368580.0,331985.0,2935.0,3137.0
PPT,41.825460368294635,142960.0,90745.0,3795.0,4288.0
DV,41.809447558046436,2025100.0,2044120.0,1154.0,1169.0
OPP,41.79343474779824,73500.0,77215.0,4327.0,4414.0
PSA-PS,41.77742193755004,26773.8,19849.6,5005.0,5296.0
NMS,41.76140912730184,10920.0,12395.0,5496.0,5533.0
IDA,41.74539631705364,542460.0,543595.0,2527.0,2632.0
EMD,41.72938350680545,151900.0,187230.0,3735.0,3699.0
JOE,41.71337069655724,191920.0,233080.0,3525.0,3478.0
AEE,41.69735788630905,1302020.0,1386265.0,1594.0,1569.0
BCV,41.68134507606085,17000.0,15150.0,5272.0,5434.5
CPZ,41.66533226581265,89520.0,97055.0,4190.5,4230.0
VVR,41.64931945556445,361020.0,726940.0,2956.0,2330.0
NOV,41.63330664531625,5018700.0,3619130.0,494.0,707.0
WLDN,41.617293835068054,200060.0,260830.0,3491.0,3383.0
CIGI,41.601281024819855,243680.0,226195.0,3310.0,3504.0
GBAB,41.585268214571656,78980.0,78600.0,4282.0,4403.0
EQIX,41.56925540432346,708960.0,534795.0,2265.0,2651.0
RNR-PF,41.553242594075265,14883.6,20730.5,5352.0,5275.0
CLM,41.537229783827065,1719560.0,1712920.0,1317.0,1355.0
DHF,41.52121697357886,367860.0,282890.0,2937.0,3299.0
AZI,41.50520416333067,96020.0,131315.0,4137.0,4010.0
NBB,41.48919135308247,35700.0,41765.0,4849.0,4837.0
DX,41.47317854283427,5324080.0,5904840.0,464.0,417.0
ECF,41.45716573258607,21480.0,16960.0,5145.0,5377.0
WFC-PZ,41.44115292233787,143571.6,132928.5,3786.0,3998.0
PODD,41.42514011208967,1180040.0,1279185.0,1703.0,1669.0
PSA-PL,41.40912730184147,34796.8,28984.95,4870.0,5077.0
CHSCP,41.39311449159327,21060.0,17720.0,5160.0,5351.0
SCE-PN,41.377101681345074,12072.6,24806.25,5457.0,5167.0
ZKH,41.36108887109688,104640.0,74000.0,4065.0,4436.0
AFGE,41.345076060848676,8940.0,10075.0,5588.0,5629.0
DRIO,41.32906325060048,9800.0,21180.0,5540.5,5265.0
FINV,41.313050440352285,358100.0,438930.0,2973.0,2877.0
IBM,41.297037630104086,10127960.0,14173695.0,227.0,158.0
ALHC,41.28102481985588,4077160.0,4549510.0,612.0,551.0
NMT,41.26501200960769,10080.0,23840.0,5529.0,5191.0
NXST,41.24899919935949,269820.0,313235.0,3223.5,3191.0
NTRSO,41.23298638911129,41280.0,42265.0,4734.5,4829.0
ENLT,41.21697357886309,222120.0,205015.0,3403.0,3609.0
RIV,41.20096076861489,56400.0,72675.0,4522.0,4452.0
ECF-PA,41.18494795836669,1185.8,1254.45,6098.0,6134.0
DTE,41.16893514811849,1385740.0,1269775.0,1540.0,1680.0
CPSS,41.152922337870294,21860.0,20555.0,5131.5,5280.0
MGF,41.136909527622095,57660.0,72520.0,4505.0,4455.5
PAXS,41.1208967173739,208380.0,163670.0,3463.0,3809.0
RERE,41.104883907125696,1364020.0,878240.0,1553.0,2095.0
DOYU,41.0888710968775,12860.0,14380.0,5420.5,5457.0
DTB,41.072858286629305,16980.0,15250.0,5274.0,5428.0
PFL,41.056845476381106,138340.0,311105.0,3832.0,3201.0
CGABL,41.04083266613291,11320.0,12960.0,5482.0,5509.5
IPCX,41.02481985588471,91180.0,82530.0,4176.0,4367.0
EVV,41.00880704563651,375520.0,433830.0,2915.0,2889.0
GGT-PG,40.99279423538831,2152.0,2120.3,6014.0,6072.0
BIPH,40.97678142514011,14780.0,14500.0,5357.0,5455.0
TSI,40.96076861489191,118460.0,127735.0,3959.0,4029.0
DSL,40.94475580464372,465620.0,581905.0,2683.0,2566.0
WD,40.92874299439552,266320.0,246220.0,3234.0,3438.0
KLTR,40.912730184147314,257180.0,282140.0,3264.0,3306.0
MDRR,40.89671737389912,1160.0,880.0,6102.5,6174.5
SABS,40.88070456365092,477020.0,516695.0,2670.0,2693.0
GCT,40.864691753402724,585880.0,610025.0,2447.0,2520.0
AMT,40.848678943154525,4065000.0,3170500.0,616.0,786.0
VHI,40.832666132906326,3980.0,8640.0,5870.5,5685.0
RSI,40.81665332265813,3103860.0,2535390.0,783.0,971.0
VZLA,40.80064051240993,4008160.0,5420725.0,626.0,455.0
GGN-PB,40.78462770216173,2106.0,4303.55,6019.0,5919.0
GUG,40.76861489191353,85520.0,98490.0,4220.0,4222.0
NMRK,40.75260208166534,1635980.0,1275805.0,1369.0,1676.0
GGT,40.73658927141713,337040.0,364310.0,3026.0,3052.0
BKH,40.72057646116893,624100.0,717475.0,2389.0,2345.0
PEG,40.70456365092074,2940620.0,2888385.0,840.0,866.0
FMY,40.68855084067254,3860.0,2830.0,5883.5,6017.0
MIN,40.672538030424334,141300.0,161230.0,3808.0,3820.0
CMI,40.65652522017614,1074440.0,891535.0,1802.0,2075.0
XEL,40.64051240992794,4939720.0,4849450.0,507.0,510.0
BFAM,40.624499599679744,854720.0,862185.0,2071.0,2121.0
EAI,40.608486789431545,25300.0,25075.0,5038.5,5156.0
ATKR,40.592473979183346,504880.0,334270.0,2608.0,3130.0
GAIN,40.57646116893515,165140.0,193895.0,3666.0,3662.0
OCG,40.560448358686955,456000.0,213595.0,2705.0,3570.0
DTK,40.54443554843875,45960.0,37595.0,4653.0,4920.0
ET-PI,40.52842273819055,49691.6,67266.75,4609.0,4508.0
MAYS,40.51240992794236,680.0,255.0,6155.5,6247.0
FURY,40.49639711769416,170540.0,143705.0,3635.0,3935.0
BKT,40.48038430744595,98100.0,87000.0,4125.0,4318.0
MOMO,40.46437149719776,516360.0,531730.0,2583.0,2657.0
HYI,40.44835868694956,71900.0,64825.0,4343.5,4538.0
MS-PO,40.43234587670136,101522.0,94299.4,4091.0,4259.0
WFC-PC,40.41633306645316,69445.6,82119.7,4379.0,4374.0
VGI,40.400320256204964,27300.0,38105.0,4993.0,4909.0
CPHC,40.384307445956765,1380.0,1955.0,6077.5,6085.0
PIM,40.368294635708565,53100.0,47400.0,4572.0,4762.0
CKX,40.352281825460366,5000.0,5790.0,5791.0,5837.0
PNFP-PC,40.33626901521217,10736.0,19950.2,5504.0,5294.0
STM,40.320256204963975,14607860.0,12959655.0,165.0,173.0
NNI,40.30424339471577,93760.0,93780.0,4157.0,4264.0
JPC,40.28823058446757,770980.0,796945.0,2180.0,2208.0
VITL,40.27221777421938,1210400.0,1505975.0,1676.0,1488.0
FPF,40.25620496397118,96080.0,91255.0,4136.0,4284.0
CMRE,40.24019215372297,354700.0,379660.0,2978.0,3003.0
LNT,40.22417934347478,2556100.0,2377900.0,939.0,1027.0
DGXX,40.20816653322658,4039160.0,4217720.0,620.0,598.0
SOMN,40.19215372297838,21760.0,167835.0,5138.0,3782.0
BNH,40.17614091273018,53080.0,31700.0,4573.0,5017.0
HIND,40.160128102481984,6680.0,12650.0,5698.0,5523.0
TRTN-PD,40.14411529223379,3626.8,5836.7,5904.0,5834.0
HIO,40.128102481985586,553880.0,350810.0,2507.0,3093.0
LVS,40.11208967173739,6393360.0,5156385.0,393.0,469.0
TECX,40.096076861489195,151400.0,203775.0,3739.0,3611.0
BOSC,40.080064051240996,21740.0,25355.0,5139.0,5150.0
WBS-PG,40.0640512409928,4956.2,8752.4,5794.0,5677.0
USB-PR,40.0480384307446,74964.0,74423.45,4310.0,4431.0
VG,40.0320256204964,15634200.0,16146320.0,155.0,138.0
NEE-PT,40.0160128102482,452731.8,143734.2,2717.0,3934.0
LCII,40.0,348720.0,454555.0,2992.0,2834.0
PLOW,39.9839871897518,217540.0,268470.0,3425.0,3356.0
FCNCP,39.9679743795036,5280.0,11805.0,5776.0,5552.0
WFC-PA,39.95196156925541,93048.2,80307.55,4163.0,4394.0
AFGB,39.9359487590072,9600.0,9550.0,5553.5,5644.0
HOVNP,39.919935948759004,3180.0,3525.0,5929.0,5974.0
TRTN-PE,39.90392313851081,7982.8,11732.2,5629.0,5554.0
AFGD,39.88791032826261,7180.0,5230.0,5670.5,5871.0
ENJ,39.87189751801441,620.0,900.0,6165.5,6171.0
HPS,39.855884707766215,49420.0,48170.0,4614.5,4750.5
GLU,39.839871897518016,7060.0,6185.0,5680.0,5814.5
AIRTP,39.82385908726982,4760.0,3725.0,5806.5,5958.0
DHCNI,39.80784627702162,15360.0,13825.0,5339.5,5473.0
NRDY,39.79183346677342,158740.0,381985.0,3704.0,2999.0
NX,39.77582065652522,321400.0,329395.0,3065.0,3149.0
SFHG,39.75980784627702,2840.0,3645.0,5952.5,5966.0
NCEW,39.74379503602882,220.0,3055.0,6216.5,6003.0
SCE-PM,39.72778222578062,48351.6,63705.1,4623.0,4555.0
FCNCO,39.71176941553243,15280.0,11100.0,5342.0,5587.0
PRDO,39.695756605284224,718140.0,801345.0,2252.0,2202.0
FER,39.679743795036025,2494620.0,1616895.0,950.0,1412.0
COCH,39.66373098478783,135120.0,354245.0,3853.0,3081.0
GNL,39.647718174539634,1675260.0,2368020.0,1340.0,1034.0
CAAS,39.63170536429143,18180.0,13185.0,5236.5,5498.0
SHOP,39.615692554043235,9450120.0,7824795.0,251.0,309.0
WBS-PF,39.599679743795036,12636.4,8077.85,5436.0,5714.0
TFC-PO,39.58366693354684,42581.4,37686.2,4713.0,4919.0
USB-PQ,39.56765412329864,39257.4,38070.95,4770.0,4910.0
ZVRA,39.55164131305044,2622760.0,1608220.0,921.0,1418.0
STT-PG,39.53562850280224,37865.8,40977.1,4805.0,4852.0
IDE,39.51961569255404,41300.0,30795.0,4733.0,5035.0
PPC,39.50360288230584,1682300.0,1600550.0,1337.0,1425.0
ZIONP,39.48759007205764,5773.4,3856.6,5738.0,5951.0
ODD,39.47157726180945,673480.0,798035.0,2315.0,2206.0
LAZ,39.45556445156125,2187900.0,1874235.0,1082.0,1254.0
WLKP,39.43955164131305,25880.0,30595.0,5022.0,5042.0
FLNG,39.42353883106485,242860.0,309180.0,3312.5,3206.0
GAB-PK,39.407526020816654,4848.6,4131.6,5800.0,5933.0
BIT,39.391513210568455,276800.0,274030.0,3202.0,3336.0
GOTU,39.375500400320256,289740.0,286375.0,3155.0,3284.0
DSGN,39.35948759007206,464760.0,661385.0,2686.0,2431.0
HPK,39.343474779823865,402820.0,444260.0,2845.0,2861.0
COYA,39.32746196957566,147840.0,262585.0,3760.0,3378.0
TXT,39.31144915932746,2906980.0,1715995.0,848.0,1354.0
FSCO,39.29543634907927,897420.0,889920.0,2017.0,2080.0
PTY,39.27942353883107,875740.0,998995.0,2046.0,1949.0
WLDS,39.26341072858286,10020220.0,4037330.0,236.0,634.0
GPMT,39.24739791833467,70140.0,117260.0,4370.0,4094.0
LAB,39.23138510808647,2679740.0,2494100.0,907.0,990.0
HBANP,39.21537229783827,51100.0,73780.0,4592.0,4438.0
BBD,39.19935948759007,25149760.0,30614995.0,85.0,51.0
LSTR,39.18334667734187,719900.0,491540.0,2250.0,2752.0
CCEL,39.167333867093674,10020.0,12410.0,5532.5,5532.0
BHE,39.151321056845475,556980.0,475400.0,2499.0,2789.0
PCM,39.135308246597276,25560.0,43150.0,5030.5,4814.0
MNOV,39.11929543634908,36820.0,39390.0,4823.0,4891.0
TH,39.103282626100885,1135120.0,972780.0,1749.0,1985.0
SOJE,39.08726981585268,55340.0,55315.0,4543.0,4659.0
ORGO,39.07125700560448,569760.0,700625.0,2474.0,2376.0
HCC,39.05524419535629,873640.0,668480.0,2053.0,2426.0
WAFU,39.03923138510809,7080.0,4960.0,5677.5,5884.0
GCL,39.02321857485988,183900.0,109315.0,3564.0,4144.0
LSAK,39.00720576461169,48620.0,114740.0,4620.0,4110.0
PCVX,38.99119295436349,1078440.0,1060795.0,1798.0,1884.0
TNDM,38.97518014411529,1710760.0,1643430.0,1325.0,1395.0
ORC,38.95916733386709,6806020.0,5128290.0,371.0,476.0
DDL,38.943154523618894,337700.0,383170.0,3022.0,2995.0
AVO,38.927141713370695,604200.0,1048900.0,2422.5,1898.0
PSA-PH,38.9111289031225,21624.0,21447.7,5142.0,5254.0
IPSC,38.8951160928743,732440.0,977870.0,2232.0,1979.0
GPRE,38.8791032826261,1175100.0,1303475.0,1708.0,1647.0
PTA,38.863090472377905,104660.0,94195.0,4064.0,4260.0
AFGC,38.847077662129706,7160.0,9045.0,5672.5,5668.0
VLT,38.8310648518815,55620.0,26315.0,4540.0,5126.0
FRPT,38.81505204163331,961220.0,1105230.0,1941.0,1840.0
MET-PF,38.79903923138511,74080.8,96214.45,4321.0,4238.0
COF-PJ,38.78302642113691,67445.2,82311.75,4404.0,4370.0
BWG,38.76701361088871,60200.0,61750.0,4484.0,4573.0
MGRE,38.75100080064051,18560.0,22930.0,5228.0,5211.0
ZTO,38.73498799039231,2400340.0,1583835.0,984.0,1432.0
MTB-PK,38.71897518014411,34057.6,34463.45,4883.0,4971.0
AMX,38.702962369895914,2529060.0,1762780.0,946.0,1327.0
OVBC,38.68694955964772,48140.0,45460.0,4630.0,4784.0
SCHW-PJ,38.67093674939952,90208.2,67943.8,4186.0,4499.0
MRP,38.65492393915132,1067480.0,1187460.0,1814.0,1751.0
PACB,38.638911128903125,6575960.0,5937690.0,383.0,414.0
LECO,38.622898318654926,581320.0,363945.0,2453.0,3053.0
EMP,38.60688550840673,11240.0,12795.0,5485.0,5516.0
CMS,38.59087269815853,4044180.0,3451630.0,618.0,729.0
TCPA,38.57485988791033,27440.0,33360.0,4991.0,4983.0
EAD,38.55884707766213,345880.0,279410.0,3001.0,3314.0
SA,38.54283426741393,457780.0,518875.0,2700.0,2687.0
ACGLN,38.52682145716573,42820.0,45840.0,4707.0,4781.0
OPP-PA,38.51080864691753,4785.2,4901.35,5805.0,5886.0
SF-PD,38.49479583666934,15408.6,22628.65,5336.0,5224.0
PRS,38.47878302642114,34080.0,38600.0,4882.0,4902.0
TDS-PV,38.462770216172935,29584.4,31771.15,4955.0,5016.0
SMC,38.44675740592474,56440.0,42910.0,4519.5,4818.0
FLR,38.43074459567654,2316120.0,1970325.0,1021.0,1203.0
LADR,38.414731785428344,1598860.0,1178555.0,1393.0,1763.0
AQN,38.398718975180145,4335740.0,4454420.0,576.0,563.0
ETY,38.382706164931946,243740.0,239845.0,3309.0,3457.0
TDF,38.36669335468375,46680.0,56885.0,4646.0,4634.0
CMSC,38.35068054443555,14200.0,16760.0,5376.0,5385.0
OSK,38.33466773418735,1359500.0,909550.0,1555.0,2055.0
VREX,38.31865492393915,310120.0,357860.0,3091.0,3069.0
WFC-PD,38.30264211369096,115004.8,89801.45,3988.0,4296.0
RRX,38.28662930344275,1134680.0,1004805.0,1750.0,1945.0
DLNG,38.27061649319455,77660.0,81860.0,4286.0,4379.0
RWTP,38.25460368294636,6160.0,5580.0,5719.0,5851.0
BCX,38.23859087269816,185940.0,159950.0,3552.0,3829.0
XELLL,38.222578062449955,45200.0,53435.0,4668.0,4681.0
NAMS,38.20656525220176,969020.0,945230.0,1928.0,2019.0
AAON,38.190552441953564,1295020.0,1092855.0,1599.0,1850.0
SANA,38.174539631705365,2871080.0,2826465.0,855.0,889.0
COP,38.158526821457166,6369640.0,6312650.0,398.0,393.0
RGR,38.14251401120897,117760.0,97740.0,3966.5,4227.5
JLS,38.12650120096077,30100.0,23695.0,4946.0,5193.0
LEG,38.11048839071257,1871020.0,2147840.0,1238.0,1122.0
MH,38.09447558046437,613220.0,672850.0,2407.0,2421.0
TDS-PU,38.07846277021617,17218.0,14759.25,5263.0,5446.0
CDNS,38.06244995996798,3509220.0,2358720.0,710.0,1036.0
JYNT,38.04643714971977,37520.0,80925.0,4809.0,4386.0
MARPS,38.03042433947157,3980.0,12960.0,5870.5,5509.5
RM,38.01441152922338,99840.0,82275.0,4113.0,4371.0
EDUC,37.99839871897518,136860.0,370750.0,3841.0,3034.0
YHGJ,37.98238590872698,4540.0,7805.0,5827.0,5727.0
BBBY,37.96637309847878,1719280.0,1997980.0,1319.0,1190.0
UBER,37.950360288230584,20173760.0,16264820.0,114.0,135.0
HBIO,37.934347477982385,6960.0,11400.0,5686.5,5569.0
RQI,37.918334667734186,654820.0,896415.0,2345.0,2067.0
INTC,37.90232185748599,151987620.0,117461660.0,2.0,3.0
ARR,37.886309047237795,3171320.0,4354295.0,767.0,579.0
NAZ,37.870296236989596,31080.0,28335.0,4930.0,5093.0
NGVT,37.85428342674139,280640.0,232645.0,3181.0,3482.0
FSM,37.8382706164932,6567200.0,5250860.0,384.0,466.0
AUPH,37.822257806245,1104780.0,1282160.0,1770.0,1666.0
DOMO,37.8062449959968,2206560.0,2929665.0,1074.0,851.0
ELOG,37.7902321857486,12200.0,7435.0,5451.0,5739.0
RWTQ,37.7742193755004,14440.0,12850.0,5369.0,5514.0
GDV-PK,37.7582065652522,11490.4,6822.95,5476.0,5765.0
HLIT,37.742193755004,1400580.0,1519875.0,1531.0,1479.0
GDV-PH,37.726180944755804,4342.0,3166.45,5849.0,5990.0
ENO,37.710168134507605,4600.0,7680.0,5823.5,5731.5
MDGL,37.69415532425941,495860.0,343490.0,2631.0,3108.0
JSM,37.678142514011206,10520.0,10705.0,5513.0,5597.0
ESE,37.66212970376301,166560.0,191720.0,3661.0,3674.0
SCLX,37.646116893514815,114480.0,216475.0,3995.0,3558.0
GOGO,37.630104083266616,1494340.0,1399335.0,1460.0,1564.0
TOON,37.61409127301841,166340.0,1875150.0,3662.0,1253.0
DFH,37.59807846277022,565640.0,578910.0,2479.0,2572.0
XFOR,37.58206565252202,634720.0,623030.0,2375.0,2497.0
UAN,37.56605284227382,30640.0,30965.0,4936.5,5029.0
TY-P,37.55004003202562,1673.4,1577.9,6059.0,6108.0
BNT,37.53402722177742,19400.0,23380.0,5203.0,5198.0
MS-PK,37.51801441152922,66435.4,63970.9,4416.0,4551.0
ETX           ,37.50200160128102,17500.0,13165.0,5255.0,5501.0
VECO,37.485988791032824,1010520.0,1076295.0,1879.0,1864.0
CIK,37.469975980784625,260860.0,441595.0,3251.0,2870.0
SIGIP,37.45396317053643,4800.0,40625.0,5804.0,4860.0
GUT-PC,37.43795036028823,1837.2,2199.8,6048.0,6068.0
ITRN,37.42193755004003,170300.0,165725.0,3638.0,3795.0
DSU,37.405924739791836,300700.0,372710.0,3115.0,3026.0
TNYA,37.389911929543636,1617980.0,2531615.0,1382.0,975.0
RCI,37.37389911929544,1816780.0,1625575.0,1269.0,1406.0
GIGM,37.35788630904724,1260.0,6055.0,6092.0,5823.0
NRUC,37.34187349879904,14980.0,16395.0,5351.0,5396.0
ADSK,37.32586068855084,2898220.0,2259025.0,850.0,1076.0
DIS,37.30984787830264,13261700.0,10800135.0,180.0,203.0
EARN,37.29383506805444,484120.0,379035.0,2657.0,3007.0
SRE,37.27782225780624,2803440.0,2716230.0,873.0,924.0
GUTS,37.26180944755805,1622460.0,2006075.0,1379.0,1184.0
FUL,37.245796637309844,666040.0,760550.0,2322.0,2279.0
CCM,37.229783827061645,55740.0,66390.0,4538.0,4518.0
AEP,37.21377101681345,3932200.0,4225305.0,639.0,595.0
NYAX,37.197758206565254,8520.0,12060.0,5605.5,5539.0
MCI,37.181745396317055,21840.0,25485.0,5133.0,5147.0
ZIM,37.165732586068856,717440.0,1049555.0,2253.0,1896.0
WH,37.14971977582066,1595240.0,1452745.0,1396.0,1524.0
NPFD,37.13370696557246,43400.0,46230.0,4699.0,4775.0
FIVE,37.11769415532426,915520.0,1113245.0,1984.0,1828.0
TPG,37.10168134507606,2232900.0,1744390.0,1060.0,1339.0
CRMD,37.08566853482787,1120780.0,938855.0,1756.0,2027.0
TKLF,37.06965572457966,8860.0,180280.0,5596.0,3722.0
CV,37.05364291433146,78680.0,125625.0,4283.0,4042.0
GLRE,37.03763010408327,154900.0,160410.0,3720.0,3825.0
MMT,37.02161729383507,236240.0,329845.0,3345.0,3146.0
DAR,37.005604483586865,2704040.0,2222650.0,902.0,1096.0
VISN,36.98959167333867,4818260.0,5560850.0,521.0,443.0
RBC,36.973578863090474,235380.0,220155.0,3350.0,3536.0
ALC,36.957566052842274,2608740.0,2310460.0,925.0,1053.0
TCBIO,36.941553242594075,8960.0,14450.0,5585.0,5456.0
CHCI,36.925540432345876,27480.0,28590.0,4988.5,5086.0
PFE,36.90952762209768,38504640.0,39833950.0,41.0,36.0
CMSD,36.893514811849485,34200.0,41450.0,4881.0,4844.0
TELO,36.87750200160128,87460.0,104155.0,4207.0,4176.0
SKIL,36.86148919135308,51880.0,84020.0,4587.0,4351.0
ARCO,36.84547638110489,871020.0,1356450.0,2055.0,1597.0
NPV,36.82946357085669,58360.0,63105.0,4497.0,4561.0
LASR,36.81345076060848,906260.0,1104050.0,2004.0,1843.0
NWN,36.79743795036029,188800.0,206805.0,3538.0,3601.0
BPYPM,36.78142514011209,6960.0,15865.0,5686.5,5415.0
DUKB,36.76541232986389,38600.0,41515.0,4789.5,4841.0
RKT,36.74939951961569,33052780.0,29434745.0,52.0,55.0
CMSA,36.733386709367494,13520.0,14320.0,5405.0,5459.5
NEN,36.717373899119295,120.0,165.0,6236.0,6256.5
VALE,36.701361088871096,19693980.0,21382660.0,119.0,92.0
BGSF,36.6853482786229,16980.0,8195.0,5274.0,5702.0
CVR,36.6693354683747,3920.0,2640.0,5878.0,6038.5
EHI,36.653322658126505,110400.0,83930.0,4022.0,4353.0
UZD,36.6373098478783,2260.0,4465.0,6002.0,5911.0
LNG,36.6212970376301,1898980.0,1836860.0,1216.0,1281.0
TFPM,36.60528422738191,415280.0,530230.0,2808.0,2664.0
UBCP,36.58927141713371,3720.0,7815.0,5896.5,5725.5
KRP,36.5732586068855,612120.0,551310.0,2411.0,2618.0
FVNNR,36.55724579663731,9642.4,21222.15,5550.0,5263.0
SCE-PL,36.54123298638911,29117.6,29651.55,4959.0,5060.0
CRT,36.52522017614091,15400.0,12940.0,5337.0,5512.0
WNEB,36.50920736589271,44760.0,44320.0,4676.0,4799.0
WEC,36.493194555644514,2242580.0,1895180.0,1052.0,1242.0
MCD,36.477181745396315,4306060.0,4483435.0,580.0,561.0
GLPI,36.461168935148116,2157780.0,2561045.0,1098.0,958.0
OTIS,36.44515612489992,3737700.0,3947060.0,667.0,648.0
SYF-PA,36.429143314651725,55980.0,46307.25,4530.0,4772.0
WBD,36.413130504403526,25455400.0,22742415.0,80.0,84.0
VERX,36.39711769415533,2737760.0,1951425.0,888.0,1210.0
CMMB,36.38110488390713,72060.0,304235.0,4342.0,3222.0
BARK,36.36509207365893,45260.0,40555.0,4667.0,4861.0
SANG,36.34907926341073,10880.0,10270.0,5497.0,5619.0
ACP,36.33306645316253,582700.0,497530.0,2452.0,2738.0
MS-PL,36.31705364291433,28267.8,32929.5,4974.0,4990.0
QNCX,36.30104083266613,41960.0,37075.0,4720.5,4928.0
RGCO,36.28502802241794,14820.0,13395.0,5355.0,5490.0
ETOR,36.269015212169734,616160.0,686660.0,2401.0,2398.0
NOC,36.253002401921535,762780.0,984680.0,2188.0,1971.0
FOXA,36.23698959167334,3148100.0,5020635.0,772.0,493.0
RCS,36.22097678142514,142640.0,122235.0,3799.5,4066.0
KYNB,36.20496397117694,5720.0,11240.0,5745.0,5574.0
ALG,36.188951160928745,99880.0,129930.0,4112.0,4020.0
TTE,36.172938350680546,1176040.0,1745075.0,1707.0,1337.0
PMT-PB,36.15692554043235,9251.8,6891.9,5567.0,5760.0
KALU,36.14091273018415,342120.0,279710.0,3005.0,3313.0
VMC,36.12489991993595,1324200.0,1028870.0,1583.0,1920.0
DOLE,36.10888710968775,1375260.0,886955.0,1549.0,2085.0
ELE,36.09287429943955,202200.0,284985.0,3484.0,3287.0
GGN,36.07686148919135,456860.0,544960.0,2704.0,2628.0
EOS,36.06084867894315,182420.0,117190.0,3573.0,4097.0
AMBO,36.04483586869496,7020.0,11865.0,5683.0,5548.0
COST,36.028823058446754,2137300.0,2268565.0,1109.0,1069.0
TR,36.012810248198555,160380.0,183685.0,3696.0,3708.0
HUBS,35.99679743795036,1736140.0,1516860.0,1305.0,1481.0
BP,35.980784627702164,7814320.0,8259390.0,306.0,289.0
SLGB,35.96477181745396,1081840.0,10313910.0,1793.0,224.0
YSXT,35.948759007205766,104060.0,534815.0,4068.5,2650.0
ECOR,35.93274619695757,40480.0,74985.0,4749.0,4425.0
SSRM,35.91673338670937,3323180.0,3021975.0,737.0,827.0
MPV,35.90072057646117,23700.0,15830.0,5080.5,5416.0
GPUS-PD,35.88470776621297,2530.4,3051.55,5972.0,6004.0
HOLO,35.86869495596477,288720.0,318280.0,3160.0,3179.0
SIEB,35.85268214571657,19000.0,18470.0,5212.5,5325.0
NAVI,35.83666933546837,778340.0,784785.0,2175.0,2229.0
WDI,35.82065652522017,215380.0,175535.0,3437.0,3746.0
TYRA,35.80464371497198,576080.0,566415.0,2467.0,2595.0
PPL,35.78863090472378,10087060.0,7395445.0,231.0,340.0
MITT-PA,35.772618094475575,7036.6,6111.85,5682.0,5818.0
WMB,35.75660528422738,6754200.0,6400960.0,372.0,387.0
MSDL,35.740592473979184,621840.0,464795.0,2392.0,2812.0
GATX,35.724579663730985,296920.0,225180.0,3127.0,3513.0
VMI,35.708566853482786,261600.0,227535.0,3246.0,3499.0
PRHIZ,35.69255404323459,1204.4,2158.05,6095.0,6069.0
OSTX,35.676541232986395,241760.0,655670.0,3318.0,2442.0
MMS,35.66052842273819,559680.0,609165.0,2496.0,2522.0
PCYO,35.64451561248999,48000.0,55605.0,4633.5,4655.0
GPJA,35.6285028022418,18260.0,13785.0,5234.0,5474.0
GRAB,35.6124899919936,61207060.0,44193610.0,20.0,25.0
SF-PB,35.59647718174539,8970.2,7120.0,5583.0,5752.0
LOW,35.5804643714972,3110780.0,3066970.0,781.0,815.0
BULLW,35.564451561249,6040.0,6765.0,5723.5,5767.0
ODYS,35.5484387510008,18900.0,22795.0,5216.5,5219.0
HNRG,35.5324259407526,859700.0,710145.0,2067.0,2359.0
KD,35.516413130504404,5297480.0,3960595.0,468.0,645.0
INGR,35.500400320256205,545500.0,657570.0,2521.0,2437.0
GBDC,35.484387510008006,907440.0,924415.0,2003.0,2040.0
PFH,35.468374699759806,32740.0,32470.0,4906.0,5003.0
GECC,35.45236188951161,62340.0,49765.0,4453.0,4723.0
HDSN,35.436349079263415,415480.0,507710.0,2807.0,2714.0
POOL,35.42033626901521,1061680.0,896295.0,1823.0,2068.0
SUPN,35.40432345876701,514420.0,714970.0,2588.0,2350.0
BBCQU,35.38831064851882,120.0,415.0,6236.0,6224.0
TFC-PI,35.37229783827062,26164.2,20269.45,5017.0,5288.0
VOYG,35.35628502802241,1117280.0,1438760.0,1761.0,1533.0
NI,35.34027221777422,4075760.0,4494470.0,613.0,560.0
CNVS,35.32425940752602,60460.0,128290.0,4480.0,4027.0
EPAM,35.30824659727782,1775620.0,1599045.0,1290.0,1427.0
ALCO,35.29223378702962,22980.0,17985.0,5099.0,5340.0
BXSL,35.276220976781424,1902020.0,1657970.0,1215.0,1382.0
JOUT,35.260208166533225,32180.0,44420.0,4915.0,4797.0
ASMB,35.24419535628503,103340.0,153370.0,4077.5,3872.0
APWC,35.22818254603683,16540.0,22025.0,5296.5,5239.0
ICL,35.21216973578863,982140.0,1136975.0,1911.0,1803.0
VICI,35.196156925540436,9954980.0,9032765.0,239.0,265.0
WFC-PY,35.18014411529224,61108.6,51284.7,4472.0,4709.0
PCF,35.16413130504403,42940.0,49230.0,4705.0,4734.0
BBDO,35.14811849479584,141800.0,97740.0,3804.0,4227.5
GPMT-PA,35.13210568454764,4213.8,7867.5,5854.0,5720.0
BEEP,35.11609287429944,45500.0,36565.0,4662.0,4940.0
PAL,35.10008006405124,159620.0,210385.0,3699.0,3584.0
ASPC,35.08406725380304,2300.0,3135.0,5993.0,5995.5
HBANM,35.06805444355484,9520.0,14220.0,5557.5,5462.0
BRCC,35.052041633306644,614200.0,615015.0,2403.0,2513.0
VIST,35.036028823058444,904040.0,1000825.0,2007.0,1948.0
SF-PC,35.020016012810245,20179.4,17003.4,5180.0,5376.0
MTX,35.00400320256205,240000.0,191260.0,3323.0,3679.0
NSYS,34.98799039231385,16140.0,27095.0,5311.5,5114.5
OXM,34.97197758206565,373280.0,413155.0,2923.0,2928.0
PMT-PA,34.955964771817456,9686.0,5885.1,5548.0,5832.0
ATEC,34.93995196156926,1913740.0,2117745.0,1208.0,1133.0
TSCO,34.92393915132106,10554900.0,10007315.0,216.0,234.0
DMO,34.90792634107286,38480.0,38390.0,4792.5,4904.0
FANG,34.89191353082466,2020080.0,1935930.0,1160.0,1220.0
SITM,34.87590072057646,498680.0,463465.0,2622.0,2814.0
BCV-PA,34.85988791032826,1202.0,1191.7,6096.0,6140.0
SOJD,34.84387510008006,85340.0,76135.0,4222.0,4418.0
BNTX,34.82786228983187,874680.0,804465.0,2047.0,2196.0
BN,34.81184947958367,4007160.0,3574100.0,627.0,714.0
GDO,34.795836669335465,30560.0,35875.0,4939.0,4947.5
SSBI,34.77982385908727,12640.0,6010.0,5434.5,5826.0
ASO,34.763811048839074,1412960.0,1315465.0,1521.0,1633.0
AZN,34.747798238590875,3024920.0,2927295.0,812.0,852.0
SBGI,34.731785428342675,410520.0,523700.0,2824.0,2680.0
SOJC,34.715772618094476,25800.0,30800.0,5026.0,5034.0
FOX,34.69975980784628,1108060.0,1291775.0,1766.0,1659.0
BEPC,34.68374699759808,1987960.0,1746910.0,1178.0,1335.0
WKEY,34.66773418734988,56800.0,55275.0,4513.0,4660.0
C-PN,34.65172137710168,320684.8,154583.85,3066.0,3865.0
NTR,34.63570856685349,2257020.0,2266535.0,1046.0,1072.0
PRH,34.61969575660528,36020.0,40865.0,4844.5,4855.0
PR,34.60368294635708,7794420.0,8379915.0,308.0,286.0
OPP-PB,34.58767013610889,11521.0,8656.3,5474.0,5684.0
MED,34.57165732586069,141380.0,168915.0,3807.0,3774.0
MGPI,34.555644515612485,185780.0,174180.0,3554.0,3752.0
AEFC,34.53963170536429,48500.0,39850.0,4621.0,4878.0
BRTX,34.523618895116094,580520.0,346870.0,2457.0,3103.0
PSFE,34.507606084867895,261680.0,229695.0,3244.5,3494.0
CARR,34.491593274619696,11480460.0,7130675.0,203.0,346.0
CTEV,34.4755804643715,74200.0,98815.0,4317.0,4218.0
AB,34.4595676541233,239860.0,237120.0,3325.0,3468.0
AVGO,34.4435548438751,19790540.0,20905005.0,117.0,95.0
KRNT,34.4275420336269,327100.0,218820.0,3051.0,3544.0
NEE-PS,34.4115292233787,48957.0,163595.15,4617.0,3810.0
TPB,34.39551641313051,364240.0,332175.0,2945.0,3136.0
APO,34.3795036028823,3665660.0,4093490.0,678.0,623.0
VERA,34.3634907926341,1733760.0,2403855.0,1306.0,1017.0
ELPC,34.34747798238591,382620.0,401650.0,2892.0,2957.0
DTM,34.33146517213771,930920.0,737185.0,1964.0,2313.0
NHS,34.31545236188951,180480.0,161150.0,3582.0,3821.0
SPH,34.29943955164131,144440.0,140975.0,3782.0,3952.0
KF,34.283426741393114,41640.0,25105.0,4726.0,5155.0
CSIQ,34.267413931144915,2198800.0,2305520.0,1079.0,1057.0
DBD,34.251401120896716,415540.0,279930.0,2806.0,3312.0
DTW,34.23538831064852,18640.0,23970.0,5223.5,5185.5
MCN,34.21937550040032,43080.0,50760.0,4700.0,4713.0
SKE,34.203362690152126,444940.0,598500.0,2739.0,2540.0
LNSR,34.18734987990392,44880.0,34905.0,4673.5,4966.0
XP,34.17133706965573,3090360.0,5316520.0,788.0,462.0
ORLY,34.15532425940753,10651920.0,9185375.0,215.0,256.0
KPLT,34.13931144915933,8240.0,8135.0,5620.0,5707.5
CACI,34.12329863891113,270160.0,274465.0,3220.0,3333.0
CNDT,34.10728582866293,733360.0,786080.0,2230.0,2227.0
TJGC,34.09127301841473,926800.0,299955.0,1967.0,3237.0
KKRT,34.07526020816653,67820.0,71060.0,4395.0,4472.0
CHWY,34.059247397918334,7417160.0,8150395.0,333.0,296.0
MBI,34.043234587670135,588740.0,386590.0,2444.5,2989.0
FMST,34.02722177742194,128120.0,201485.0,3895.0,3621.0
DFIN,34.01120896717374,298300.0,262625.0,3124.0,3377.0
ASC,33.99519615692554,614140.0,577110.0,2404.0,2578.0
CRBD,33.979183346677345,34640.0,32695.0,4871.0,4998.0
CIM,33.963170536429146,556480.0,588990.0,2500.0,2554.0
BWAY,33.94715772618094,173800.0,132760.0,3617.0,4000.0
TRUP,33.93114491593275,345920.0,322780.0,3000.0,3163.0
QSR,33.91513210568455,2174260.0,2745100.0,1089.0,914.0
SILC,33.89911929543635,225140.0,180495.0,3390.0,3720.0
IMPP,33.88310648518815,177080.0,200450.0,3594.0,3626.0
EYPT,33.86709367493995,1634180.0,1500885.0,1370.0,1492.0
NTGR,33.85108086469175,445900.0,366115.0,2736.0,3044.0
OXY,33.83506805444355,8072360.0,9111900.0,295.0,259.0
ETR,33.819055244195354,3245120.0,2762730.0,758.0,907.0
TTEC,33.803042433947155,419960.0,388480.0,2794.0,2986.0
ATO,33.78702962369896,911680.0,1021785.0,1998.0,1927.0
SBR,33.77101681345076,45840.0,34825.0,4656.0,4968.0
MTEN,33.75500400320256,499500.0,1864680.0,2621.0,1262.0
ERNA,33.738991192954366,34480.0,1378485.0,4876.5,1574.0
SWIM,33.72297838270617,459260.0,630925.0,2697.0,2485.0
TEN,33.70696557245797,151380.0,216735.0,3740.0,3555.5
GHG,33.69095276220977,3940.0,5625.0,5876.0,5843.0
LEE,33.67493995196157,58400.0,67065.0,4496.0,4511.0
SCE-PG,33.65892714171337,17846.4,17320.75,5243.0,5369.0
RAND,33.64291433146517,3720.0,1940.0,5896.5,6086.5
REAL,33.62690152121697,2311740.0,2797985.0,1024.0,894.0
SBC,33.61088871096877,80460.0,83495.0,4271.0,4357.0
NVAX,33.59487590072058,2921960.0,3199415.0,843.0,776.0
HCA,33.578863090472375,2140540.0,1840915.0,1106.0,1278.0
CSTM,33.562850280224175,1849860.0,1728955.0,1250.0,1350.0
LULU,33.54683746997598,2600560.0,2529600.0,927.0,976.0
GANX,33.530824659727784,486380.0,649510.0,2651.0,2448.0
CHRD,33.51481184947958,649000.0,773540.0,2353.0,2254.0
SNOA,33.498799039231386,35160.0,58625.0,4861.5,4620.0
ANNX,33.48278622898319,2587780.0,4032160.0,932.0,636.0
OPRX,33.46677341873499,181780.0,262985.0,3574.0,3374.0
MZTI,33.45076060848679,281300.0,282655.0,3180.0,3302.0
NOA,33.43474779823859,45640.0,55245.0,4659.0,4661.0
NPCT,33.4187349879904,100100.0,117225.0,4108.0,4095.0
AEF,33.40272217774219,92380.0,115495.0,4170.0,4109.0
BBUC,33.38670936749399,289280.0,340040.0,3157.0,3120.0
MO,33.3706965572458,10333080.0,7640250.0,223.0,324.0
WHWK,33.3546837469976,531780.0,505605.0,2543.0,2718.0
GLXG,33.338670936749395,71640.0,720890.0,4351.0,2340.0
ASR,33.3226581265012,75140.0,69790.0,4306.0,4485.0
AVNW,33.306645316253004,169260.0,119270.0,3643.0,4084.0
SGMT,33.290632506004805,540480.0,880645.0,2530.0,2093.0
Q,33.274619695756606,2594940.0,1947110.0,930.0,1212.0
CAT,33.25860688550841,3682460.0,3039275.0,675.0,821.0
CTKB,33.24259407526021,591020.0,776475.0,2434.0,2249.0
RHLD,33.226581265012015,170580.0,141245.0,3634.0,3950.0
EP,33.21056845476381,19240.0,52035.0,5206.5,4697.0
BLIV,33.19455564451561,60.0,1335.0,6247.5,6129.0
ISD,33.17854283426742,125460.0,122115.0,3913.5,4068.0
ESRT,33.16253002401922,2404340.0,1809485.0,981.0,1295.0
VST,33.14651721377101,4482900.0,4056655.0,553.0,629.0
DOV,33.13050440352282,1529200.0,1293905.0,1435.0,1656.0
FTI,33.11449159327462,3903260.0,3696060.0,643.0,695.0
ARTV,33.09847878302642,365680.0,415595.0,2942.0,2923.0
UZF,33.08246597277822,3640.0,7600.0,5902.5,5733.0
ADI,33.066453162530024,5232040.0,4067410.0,476.0,627.0
ITT,33.050440352281825,867200.0,925455.0,2059.0,2038.0
FIZZ,33.034427542033626,423240.0,622080.0,2786.5,2500.0
WS,33.01841473178543,226260.0,244110.0,3383.0,3445.0
INVA,33.00240192153723,565080.0,766450.0,2480.0,2266.0
TBB,32.986389111289036,124940.0,145225.0,3919.5,3920.0
TASK,32.97037630104083,1264920.0,829150.0,1623.0,2167.0
IEP,32.95436349079263,525120.0,592270.0,2562.0,2548.0
CIA,32.93835068054444,113160.0,99350.0,4005.0,4210.0
SELF,32.92233787029624,27920.0,18140.0,4977.5,5333.0
TARS,32.90632506004803,612200.0,1297200.0,2410.0,1654.0
EDTK,32.89031224979984,2000.0,1990.0,6030.0,6082.5
CWCO,32.87429943955164,86600.0,85105.0,4215.0,4339.0
SCWO,32.85828662930344,50280.0,54205.0,4599.5,4670.0
ERH,32.842273819055244,15860.0,27950.0,5323.0,5098.0
PLXS,32.826261008807045,490300.0,326025.0,2645.0,3155.0
LPCN,32.810248198558845,38720.0,34005.0,4784.0,4976.0
AVD,32.794235388310646,199400.0,193620.0,3495.0,3666.0
XPEL,32.77822257806245,244220.0,217725.0,3306.0,3550.0
REVB,32.76220976781425,24260.0,51425.0,5070.0,4707.5
TMUSL,32.746196957566056,18900.0,34085.0,5216.5,4975.0
GOF,32.73018414731786,1169320.0,1340950.0,1715.0,1610.0
INGN,32.71417133706965,166680.0,196150.0,3658.5,3652.0
RLX,32.69815852682146,1355520.0,1890465.0,1559.5,1243.0
VS,32.68214571657326,15720.0,67060.0,5325.0,4512.0
BOOT,32.66613290632506,1027720.0,692015.0,1862.0,2395.0
SQFTP,32.65012009607686,840.0,3085.0,6136.0,6000.0
NEE,32.63410728582866,11435740.0,10430245.0,204.0,218.0
CME,32.61809447558047,2245800.0,2843440.0,1051.0,883.0
CNR,32.602081665332264,612300.0,514790.0,2409.0,2702.0
PALI,32.586068855084065,1696580.0,2990195.0,1331.0,833.0
TMUSI,32.57005604483587,60140.0,35155.0,4485.0,4959.0
DKS,32.554043234587674,1186740.0,1068945.0,1696.0,1872.0
PDI,32.53803042433947,2735440.0,2490545.0,889.0,993.0
DXF,32.522017614091276,3065220.0,1949280.0,796.0,1211.0
AWRE,32.506004803843076,60380.0,46270.0,4482.0,4773.0
RDNW,32.48999199359488,79420.0,73590.0,4276.5,4442.0
RRC,32.47397918334668,3457180.0,3295950.0,719.0,759.0
MDCX,32.45796637309848,1825240.0,1287400.0,1261.0,1662.0
FSSL,32.44195356285028,230720.0,404155.0,3363.0,2950.0
IVR,32.42594075260208,3015500.0,2702425.0,817.0,929.0
SSYS,32.40992794235388,378460.0,466295.0,2906.0,2811.0
NGG,32.39391513210568,747060.0,788365.0,2207.0,2222.0
KULR,32.37790232185749,919140.0,1238230.0,1980.0,1707.0
T-PC,32.361889511609284,145540.4,217738.8,3774.0,3549.0
GELS,32.345876701361085,84220.0,119745.0,4231.0,4081.0
NSSC,32.32986389111289,269960.0,300185.0,3222.0,3236.0
HUBB,32.313851080864694,974952.8,591950.7,1923.0,2550.0
PGP,32.29783827061649,72360.0,54500.0,4336.0,4669.0
GME,32.281825460368296,3086580.0,3254800.0,789.0,770.0
TPGXL,32.2658126501201,10060.0,15220.0,5530.0,5429.0
FWDI,32.2497998398719,885800.0,1048285.0,2033.0,1900.0
UZE,32.2337870296237,2060.0,6335.0,6023.5,5798.0
DTIL,32.2177742193755,231920.0,469485.0,3361.0,2800.0
BL,32.2017614091273,997380.0,925505.0,1896.0,2037.0
EXE,32.1857485988791,4496100.0,4158500.0,552.0,606.0
REPX,32.1697357886309,255200.0,199390.0,3272.0,3633.0
BIXIW,32.1537229783827,4260.0,2670.0,5853.0,6037.0
VNT,32.13771016813451,1505360.0,1412530.0,1453.0,1555.0
NPK,32.12169735788631,93900.0,83470.0,4156.0,4358.0
RYET,32.105684547638106,12000.0,29205.0,5462.5,5073.0
YELP,32.089671737389914,873900.0,998115.0,2051.0,1951.0
MWA,32.073658927141715,1128140.0,1116030.0,1754.0,1824.0
ESLT,32.057646116893515,78260.0,77980.0,4284.0,4411.0
LMAT,32.041633306645316,290420.0,282150.0,3152.0,3305.0
KEX,32.02562049639712,677240.0,649235.0,2306.0,2449.0
ETN,32.00960768614892,3015540.0,2260410.0,816.0,1075.0
VINP,31.993594875900722,29080.0,31230.0,4960.0,5023.0
RDWR,31.97758206565252,394400.0,283400.0,2866.0,3297.0
ATAT,31.96156925540432,947680.0,885500.0,1952.0,2086.5
RZLV,31.945556445156125,8100040.0,9910805.0,294.0,238.0
UNMA,31.929543634907926,23080.0,20530.0,5094.5,5281.0
VEL,31.91353082465973,85320.0,95595.0,4223.0,4244.0
DBRG-PJ,31.89751801441153,25520.2,26888.95,5034.0,5119.0
SGI,31.88150520416333,2674380.0,2111965.0,908.0,1137.0
TRMD,31.865492393915133,423240.0,495880.0,2786.5,2746.0
AFCG,31.849479583666934,60600.0,85995.0,4478.0,4331.0
KE,31.833466773418735,207760.0,202605.0,3466.0,3618.0
OBDC,31.81745396317054,3457560.0,3352475.0,718.0,750.0
GEV,31.801441152922337,3359760.0,3025845.0,732.0,825.0
RCMT,31.785428342674138,24580.0,36640.0,5063.0,4936.0
ICON,31.769415532425942,58880.0,632205.0,4491.0,2480.0
KNOP,31.753402722177743,50260.0,52685.0,4601.0,4689.0
WPM,31.737389911929544,1591360.0,1619540.0,1400.0,1410.0
EMN,31.721377101681348,1316620.0,1241315.0,1586.0,1704.0
MBLY,31.705364291433145,9970900.0,8506910.0,238.0,283.0
CHGG,31.689351481184946,1305000.0,1148450.0,1592.0,1794.0
JOB,31.67333867093675,152840.0,168365.0,3731.0,3778.0
INKT,31.65732586068855,10040.0,12455.0,5531.0,5531.0
BTDR,31.64131305044035,12582600.0,9417955.0,187.0,252.0
SEVN,31.625300240192157,197460.0,164345.0,3507.0,3801.0
LSE,31.609287429943954,25200.0,9000.0,5040.5,5669.5
IESC,31.593274619695755,195540.0,217050.0,3515.0,3553.0
TMUSZ,31.57726180944756,17180.0,60520.0,5267.0,4584.0
AUDC,31.56124899919936,95840.0,94340.0,4141.0,4258.0
PSEC-PA,31.545236188951158,4527.8,6484.2,5829.0,5788.0
INSP,31.529223378702966,853920.0,889825.0,2074.0,2081.0
IGACR,31.513210568454763,0.0,4235.0,6301.5,5925.0
FCFS,31.497197758206564,520300.0,475430.0,2572.0,2788.0
ACIC,31.48118494795837,278260.0,244960.0,3191.0,3441.0
PRAX,31.46517213771017,374640.0,351935.0,2919.0,3087.0
ANGH,31.449159327461967,44460.0,41195.0,4679.0,4849.0
AROC,31.43314651721377,1589800.0,1575465.0,1401.0,1437.0
T-PA,31.417133706965572,131874.4,151527.05,3877.0,3881.0
CHRW,31.401120896717373,4197560.0,2219325.0,594.0,1098.0
NAMMW,31.385108086469177,4060.0,17405.0,5860.0,5366.0
JJSF,31.369095276220975,193160.0,207180.0,3520.0,3599.0
ZDGE,31.353082465972776,56980.0,66005.0,4511.0,4523.0
TPL,31.33706965572458,261200.0,282840.0,3249.0,3300.0
TIL,31.32105684547638,9420.0,11810.0,5560.0,5550.5
TS,31.30504403522818,1060560.0,1032435.0,1824.0,1915.0
NXRT,31.289031224979986,248520.0,197645.0,3296.0,3639.0
RNGR,31.273018414731784,280020.0,217505.0,3184.0,3551.0
MITT,31.257005604483584,145980.0,133425.0,3769.0,3994.0
NAII,31.24099279423539,13600.0,13700.0,5402.5,5478.0
SRG,31.22497998398719,175240.0,207080.0,3607.0,3600.0
DAAQU,31.208967173738987,220.0,125.0,6216.5,6265.5
CRDL,31.192954363490795,807840.0,930005.0,2139.0,2035.0
ONL,31.176941553242592,209880.0,196850.0,3458.0,3646.0
MESO,31.160928742994397,230080.0,297590.0,3365.0,3247.0
CMT,31.144915932746198,22320.0,24670.0,5112.0,5170.0
FSK,31.128903122498,2357760.0,2428115.0,1003.0,1010.0
BHFAL,31.112890312249803,23080.0,19530.0,5094.5,5303.0
XNET,31.0968775020016,299980.0,197100.0,3119.0,3644.0
MOGU,31.0808646917534,7100.0,5745.0,5675.5,5839.0
AU,31.064851881505206,2140440.0,2264795.0,1107.0,1074.0
OCSL,31.048839071257007,437500.0,436215.0,2757.0,2880.0
CG,31.032826261008807,3279560.0,2667595.0,749.0,937.0
DRMA,31.016813450760612,62760.0,60710.0,4447.0,4583.0
TBN,31.00080064051241,170520.0,137935.0,3636.0,3966.0
BAFN,30.98478783026421,19380.0,17420.0,5204.0,5365.0
SWKS,30.968775020016015,8782660.0,5931010.0,272.0,415.0
SPE,30.952762209767815,27660.0,36165.0,4985.0,4945.0
STNG,30.936749399519613,797880.0,697110.0,2151.0,2382.0
PEP,30.92073658927142,8499780.0,9051980.0,280.0,262.0
TVGN,30.904723779023218,17580.0,15185.0,5250.5,5431.0
BCE,30.88871096877502,3878460.0,4106775.0,644.0,619.0
CING,30.872698158526823,143520.0,248085.0,3788.0,3430.0
ACN,30.856685348278624,8903560.0,8301820.0,269.0,288.0
MUR,30.84067253803042,1243040.0,1456615.0,1651.0,1520.0
DIBS,30.824659727782226,69520.0,82515.0,4378.0,4368.0
KMT,30.808646917534027,979560.0,865065.0,1913.0,2113.0
LRMR,30.792634107285828,1516000.0,1767995.0,1444.0,1323.0
SJ,30.776621297037632,43680.0,36280.0,4691.0,4941.5
ELVA,30.76060848678943,544260.0,2192150.0,2524.0,1105.0
ASLE,30.74459567654123,276860.0,350940.0,3201.0,3092.0
GLOB,30.728582866293035,2031520.0,1853695.0,1153.0,1268.0
MFA,30.712570056044836,1342720.0,1426965.0,1571.0,1543.0
JBL,30.696557245796637,1178120.0,1125500.0,1704.0,1811.0
PRGO,30.68054443554844,2993960.0,2870660.0,823.0,874.0
GIL,30.66453162530024,1841260.0,1398065.0,1252.0,1565.0
TT,30.64851881505204,1748780.0,1229490.0,1300.0,1714.0
COKE,30.632506004803844,401220.0,544955.0,2848.0,2629.0
VTOL,30.616493194555645,155760.0,180165.0,3717.0,3723.0
ROG,30.600480384307442,322920.0,262720.0,3061.0,3376.0
AIRO,30.58446757405925,278820.0,371360.0,3187.0,3032.0
UTHR,30.568454763811047,444780.0,395170.0,2740.0,2974.0
LUXE,30.552441953562848,100360.0,115725.0,4102.0,4108.0
CRSP,30.536429143314653,1613760.0,1766935.0,1385.0,1325.0
COUR,30.520416333066454,10822620.0,6745665.0,211.0,364.0
OMSE,30.50440352281825,13660.0,16310.0,5398.0,5402.0
GEL,30.48839071257006,185560.0,175690.0,3555.0,3745.0
ECC           ,30.472377902321856,728780.0,873815.0,2239.0,2101.0
CNX,30.456365092073657,1702560.0,1737570.0,1329.0,1344.0
GLE,30.44035228182546,156120.0,268345.0,3716.0,3357.5
FTHM,30.424339471577262,105320.0,175100.0,4054.0,3750.0
CAR,30.408326661329067,733740.0,516115.0,2227.0,2696.0
PBH,30.392313851080864,400880.0,468620.0,2849.0,2803.0
BCIC,30.376301040832665,39120.0,46465.0,4775.0,4771.0
LOPE,30.36028823058447,395960.0,375570.0,2859.0,3020.0
TLX,30.34427542033627,79420.0,135910.0,4276.5,3976.0
IIIV,30.328262610088068,293360.0,257825.0,3144.0,3401.0
ELDN,30.312249799839876,1306600.0,1187330.0,1591.0,1753.0
IMMX,30.296236989591673,1731540.0,1849030.0,1308.0,1270.0
ESAB,30.280224179343474,457480.0,627935.0,2701.0,2491.0
FACTU,30.26421136909528,0.0,25.0,6301.5,6284.0
CHDN,30.24819855884708,1557520.0,966745.0,1417.0,1988.0
TALO,30.232185748598877,2123660.0,1955340.0,1113.0,1207.0
STWD,30.21617293835068,3083760.0,3433405.0,791.0,733.0
RILYL,30.200160128102482,8900.0,5390.0,5592.0,5862.0
ANDE,30.184147317854283,295040.0,309930.0,3139.0,3203.0
SRV,30.168134507606087,93620.0,83730.0,4160.0,4354.0
LRN,30.152121697357888,1161440.0,771835.0,1725.0,2257.0
QCOM,30.136108887109685,16434580.0,13607170.0,145.0,163.0
ACH,30.12009607686149,368080.0,491750.0,2936.0,2751.0
DOUG,30.10408326661329,196360.0,367170.0,3513.0,3041.0
NXL,30.08807045636509,261580.0,280175.0,3247.0,3311.0
AKBA,30.072057646116896,2017920.0,3191890.0,1162.0,780.0
NVCR,30.056044835868693,1999340.0,1907930.0,1171.0,1237.0
BTG,30.040032025620494,16492000.0,19087815.0,143.0,108.0
MAIA,30.0240192153723,415980.0,604270.0,2805.0,2530.0
GPI,30.0080064051241,250960.0,197195.0,3285.0,3643.0
DXPE,29.9919935948759,118300.0,119790.0,3960.0,4080.0
XHG,29.975980784627705,1580.0,28715.0,6067.0,5084.0
CAMP,29.959967974379502,149300.0,180770.0,3751.5,3717.5
HASI,29.943955164131303,849640.0,795400.0,2079.0,2210.0
GURE,29.927942353883108,4300.0,3135.0,5850.0,5995.5
WINA,29.91192954363491,40300.0,46100.0,4752.0,4777.0
RECT,29.895916733386706,13920.0,8075.0,5386.5,5715.0
AIRI,29.879903923138514,14400.0,45160.0,5370.0,4788.0
HKD,29.86389111289031,108740.0,119110.0,4032.0,4085.0
CNM,29.847878302642112,1709980.0,1986545.0,1326.0,1194.0
JBS,29.831865492393916,8006480.0,4825315.0,298.0,514.0
GNSS,29.815852682145717,65240.0,93395.0,4424.0,4267.0
AEHR,29.799839871897515,2572300.0,3428330.0,935.0,734.0
LUCK,29.78382706164932,71860.0,94160.0,4345.0,4261.0
IPI,29.76781425140112,174140.0,158120.0,3613.5,3843.0
TPC,29.75180144115292,859160.0,1060540.0,2068.0,1885.0
UROY,29.735788630904725,4790940.0,3159790.0,522.0,788.0
HLX,29.719775820656523,1719300.0,1338845.0,1318.0,1613.0
ASYS,29.703763010408323,371060.0,390935.0,2927.0,2982.0
FIX,29.687750200160128,701340.0,548540.0,2275.0,2622.0
EDIT,29.67173738991193,1256100.0,1973060.0,1628.0,1201.0
MITT-PB,29.655724579663733,13387.8,11720.75,5411.0,5555.0
DUOT,29.639711769415534,868620.0,801945.0,2058.0,2200.0
DRUG,29.62369895916733,236560.0,249445.0,3344.0,3425.0
AMPH,29.60768614891914,359960.0,401230.0,2961.0,2958.0
RILYP,29.591673338670937,11360.0,10185.0,5481.0,5624.0
PERI,29.575660528422738,259500.0,266890.0,3257.0,3361.0
ELUT,29.559647718174542,42140.0,88275.0,4717.5,4309.0
MNSO,29.543634907926343,656160.0,692580.0,2340.0,2392.0
STRC,29.52762209767814,1201480.0,1266295.0,1682.0,1681.0
POST,29.511609287429945,863100.0,876205.0,2064.0,2099.0
ZKIN,29.495596477181746,21440.0,11720.0,5148.5,5556.0
MLM,29.479583666933546,755460.0,588145.0,2197.0,2555.0
BLDR,29.46357085668535,3017640.0,2304140.0,814.0,1058.0
ITP,29.447558046437152,138580.0,421290.0,3830.0,2909.0
ALSN,29.43154523618895,964160.0,1433015.0,1935.0,1539.0
FPI,29.415532425940754,384920.0,387690.0,2886.0,2987.0
SAM,29.399519615692554,394480.0,345225.0,2863.0,3104.0
EZPW,29.383506805444355,791440.0,919960.0,2155.0,2045.0
RDIB,29.36749399519616,550.2,2133.4,6175.0,6071.0
PDD,29.351481184947957,6564780.0,6776880.0,385.0,361.0
ENTA,29.335468374699758,132680.0,168090.0,3870.0,3781.0
CLRB,29.319455564451562,45660.0,79620.0,4658.0,4395.0
BBDC,29.303442754203363,395600.0,547890.0,2860.0,2624.0
MITQ,29.28742994395516,13400.0,59905.0,5409.5,4595.0
HGLB,29.27141713370697,69100.0,78955.0,4384.5,4399.0
AXIL,29.255404323458766,13240.0,13880.0,5412.0,5468.0
IAUX,29.239391513210567,6224240.0,9137470.0,410.0,258.0
MX,29.22337870296237,1194660.0,1164820.0,1691.0,1781.0
MATH,29.207365892714172,47620.0,33045.0,4637.0,4989.0
SLQT,29.19135308246597,885580.0,979700.0,2034.0,1976.0
CSBR,29.175340272217774,15680.0,9895.0,5326.0,5633.5
AR,29.159327461969575,4963360.0,4620565.0,504.0,545.0
IAG,29.143314651721376,5295340.0,4952115.0,470.0,502.0
VOC,29.12730184147318,369400.0,157900.0,2932.0,3844.0
WING,29.11128903122498,1756100.0,1239775.0,1297.0,1705.0
HTFL,29.09527622097678,1187080.0,1213370.0,1694.0,1728.0
EQT,29.079263410728583,7021160.0,7746805.0,361.0,315.0
MOLN,29.063250600480384,480.0,5105.0,6186.0,5873.5
PAC,29.047237790232185,186040.0,152800.0,3550.0,3877.0
TMUS,29.03122497998399,6029600.0,5078075.0,422.0,485.0
SR,29.015212169735786,403360.0,445390.0,2840.0,2858.0
PLRX,28.999199359487587,255180.0,700060.0,3273.0,2377.0
SLVM,28.98318654923939,268820.0,289330.0,3228.0,3269.0
RNA,28.967173738991193,101360.0,164010.0,4092.0,3804.0
XPL,28.951160928742993,47560.0,58225.0,4638.0,4624.0
OWLS,28.935148118494798,21240.0,20585.0,5154.5,5279.0
CTXR,28.919135308246595,714760.0,443065.0,2260.0,2866.0
CISO,28.903122497998403,103320.0,178470.0,4079.5,3729.0
NVT,28.8871096877502,2981880.0,2109080.0,828.0,1139.0
KEYS,28.871096877502,1262220.0,1312050.0,1625.0,1637.0
JMIA,28.855084067253806,1345440.0,1452935.0,1569.0,1523.0
LBTYK,28.839071257005607,2504040.0,1242220.0,949.0,1703.0
T,28.823058446757404,67878860.0,84522060.0,15.0,9.0
RCKT,28.80704563650921,1236620.0,1806505.0,1659.0,1296.0
NCEL,28.79103282626101,8400.0,27745.0,5611.5,5105.0
UONEK,28.77502001601281,6380.0,129610.0,5712.5,4023.0
BHFAN,28.759007205764615,50280.0,47090.0,4599.5,4766.0
RGLD,28.742994395516412,716860.0,673765.0,2254.0,2419.0
KBR,28.726981585268213,2332800.0,1733230.0,1012.0,1347.0
CPRT,28.710968775020017,15666200.0,12463695.0,153.0,183.0
BLRX,28.694955964771818,7320.0,20640.0,5660.5,5278.0
DSX,28.678943154523616,600760.0,408180.0,2425.0,2940.0
WAVE,28.662930344275424,25800.0,27590.0,5026.0,5108.0
PHIO,28.64691753402722,93320.0,1551215.0,4161.0,1455.0
BCTX,28.63090472377902,55820.0,151515.0,4535.5,3882.0
STAA,28.614891913530826,810580.0,947265.0,2136.0,2012.0
KBDC,28.598879103282627,339700.0,304395.0,3013.0,3220.0
BENF,28.582866293034424,10960.0,14365.0,5494.0,5458.0
UTG,28.566853482786232,365980.0,273380.0,2941.0,3339.0
DLB,28.55084067253803,1005100.0,933940.0,1886.0,2029.0
PDCC,28.53482786228983,3580.0,6860.0,5908.0,5761.0
MDU,28.518815052041635,1102280.0,1289705.0,1778.0,1660.0
CGEN,28.502802241793436,169160.0,243135.0,3644.0,3448.0
RDY,28.486789431545233,3086120.0,2951010.0,790.0,841.0
GMED,28.470776621297038,1285280.0,1654700.0,1611.0,1388.0
TSOL,28.45476381104884,3980.0,8210.0,5870.5,5701.0
CMCL,28.43875100080064,146280.0,250810.0,3767.0,3423.0
MDLN,28.422738190552444,4881320.0,5598010.0,513.0,439.0
SOHU,28.406725380304245,38080.0,36635.0,4801.0,4937.0
POLA,28.390712570056042,10077160.0,2539895.0,232.0,968.0
BON,28.374699759807847,7820.0,9160.0,5639.0,5660.0
TSHA,28.358686949559647,2565440.0,2946225.0,937.0,845.0
COHN,28.34267413931145,5440.0,12740.0,5765.0,5519.0
NIXX,28.326661329063253,1557220.0,1595480.0,1418.0,1428.0
OXLC,28.31064851881505,979120.0,876230.0,1915.0,2098.0
CODA,28.29463570856685,86920.0,93710.0,4211.0,4265.0
INFU,28.278622898318655,133060.0,131485.0,3868.0,4009.0
PLNT,28.262610088070456,2256940.0,1745525.0,1047.0,1336.0
HITI,28.246597277822254,334800.0,321265.0,3031.0,3169.0
CHPT,28.23058446757406,394740.0,497890.0,2862.0,2734.0
LBTYA,28.21457165732586,4460120.0,2385215.0,561.0,1024.0
NEM,28.19855884707766,7088740.0,7371285.0,353.0,341.0
BELFB,28.182546036829464,375360.0,305050.0,2916.0,3218.0
VRME,28.166533226581265,42780.0,40415.0,4709.0,4866.0
BGMS,28.15052041633307,27280.0,48055.0,4994.0,4753.0
FTEK,28.134507606084867,90760.0,133530.0,4182.0,3993.0
AGCO,28.118494795836668,1083280.0,822220.0,1791.0,2177.0
HBNB,28.102481985588472,2960.0,4900.0,5942.0,5887.0
MLYS,28.086469175340273,627840.0,771415.0,2384.0,2260.0
IONR,28.070456365092074,68780.0,72225.0,4388.0,4458.0
KGEI,28.05444355484388,123760.0,137255.0,3934.0,3969.0
META,28.038430744595676,19848060.0,18876625.0,115.0,111.0
EPRX,28.022417934347477,723980.0,364625.0,2245.0,3049.0
BCSF,28.00640512409928,169440.0,263005.0,3642.0,3372.5
OZ,27.990392313851082,4540.0,6595.0,5827.0,5777.5
ACLS,27.97437950360288,421840.0,479150.0,2790.0,2779.0
LPA,27.958366693354687,43940.0,36820.0,4689.0,4932.0
NWTG,27.942353883106485,13040.0,77050.0,5414.0,4415.0
LMND,27.926341072858285,2646660.0,1696665.0,914.0,1362.0
OLLI,27.91032826261009,1537420.0,2217795.0,1432.0,1100.0
TSN,27.89431545236189,3484320.0,2827000.0,713.0,888.0
CIG,27.878302642113688,5889980.0,6033125.0,431.0,410.0
CVV,27.862289831865496,79180.0,80360.0,4280.0,4393.0
CLPS,27.846277021617293,12480.0,53460.0,5439.5,4680.0
AQST,27.830264211369094,2308740.0,1846565.0,1027.0,1274.0
BHFAP,27.8142514011209,28600.0,29245.0,4969.0,5071.0
HTHT,27.7982385908727,1465580.0,1508615.0,1483.0,1487.0
EME,27.782225780624497,580500.0,493840.0,2458.0,2749.0
RMAX,27.7662129703763,292720.0,374615.0,3146.0,3022.0
LHX,27.750200160128102,1865800.0,1346695.0,1242.0,1603.0
LFT-PA,27.734187349879903,548.6,1092.15,6176.0,6152.0
BEAM,27.718174539631708,1791260.0,2419510.0,1282.0,1013.0
SNTG,27.702161729383505,81200.0,462720.0,4261.0,2819.0
HII,27.686148919135306,772760.0,511220.0,2179.0,2709.0
SNDL,27.67013610888711,2756260.0,1875725.0,881.0,1252.0
TCOM,27.65412329863891,4466420.0,3171540.0,558.0,785.0
STZ,27.63811048839071,2187080.0,2157605.0,1083.0,1116.0
SNES,27.622097678142516,34860.0,55595.0,4867.0,4656.0
RANI,27.606084867894314,715660.0,1095400.0,2257.0,1849.0
IBIO,27.590072057646115,899360.0,830020.0,2016.0,2165.0
NGS,27.57405924739792,161720.0,126520.0,3687.0,4037.0
REZI,27.55804643714972,1399480.0,1758310.0,1533.0,1329.0
TSQ,27.542033626901517,110080.0,59975.0,4024.0,4593.0
NLOP,27.526020816653325,145120.0,155810.0,3778.0,3853.0
IMDX,27.510008006405123,95980.0,193955.0,4138.0,3661.0
UPWK,27.493995196156924,3264560.0,3121060.0,753.0,800.0
SLB,27.477982385908728,17347520.0,12850445.0,137.0,176.0
OGS,27.46196957566053,410820.0,526150.0,2822.5,2678.0
KG,27.445956765412326,16560.0,15550.0,5294.5,5421.0
GOOG,27.42994395516413,20305020.0,19403565.0,113.0,101.0
STOK,27.41393114491593,604900.0,634900.0,2420.0,2475.0
NOMA,27.397918334667736,4740.0,8135.0,5810.0,5707.5
HGBL,27.381905524419537,83220.0,63835.0,4242.5,4553.0
XBIT,27.365892714171338,22260.0,42935.0,5115.5,4816.0
BAH,27.349879903923142,3293620.0,2476630.0,745.0,999.0
APG,27.33386709367494,3458400.0,2855725.0,717.0,880.0
BRNS,27.31785428342674,16940.0,43360.0,5278.0,4811.0
GRCE,27.301841473178545,482920.0,237985.0,2661.0,3466.0
CDE,27.285828662930346,30581000.0,27576220.0,60.0,62.0
IVA,27.269815852682143,833860.0,1278855.0,2102.0,1671.0
NDRA,27.25380304243395,12420.0,29530.0,5444.0,5063.0
SDRL,27.23779023218575,836360.0,737325.0,2098.0,2312.0
VUZI,27.22177742193755,995400.0,1006235.0,1899.0,1943.0
AXIA-PC,27.205764611689354,40057.0,48791.0,4756.0,4742.0
HE,27.189751801441155,1225820.0,1502865.0,1670.0,1491.0
GASS,27.173738991192952,70180.0,101285.0,4369.0,4194.0
PZZA,27.157726180944756,1040320.0,854215.0,1849.0,2131.0
BSBR,27.141713370696557,2022020.0,1854450.0,1158.0,1267.0
ABOS,27.125700560448358,428500.0,377305.0,2769.0,3012.0
CBOE,27.109687750200163,1158060.0,1166285.0,1726.0,1779.0
ENS,27.09367493995196,496420.0,455800.0,2627.0,2833.0
FWRD,27.07766212970376,655480.0,747340.0,2342.0,2295.0
PACK,27.061649319455565,837620.0,499895.0,2097.0,2729.0
GEMI,27.045636509207366,891280.0,1049245.0,2027.0,1897.0
CMCSA,27.029623698959167,38742600.0,34903225.0,40.0,44.0
CELH,27.01361088871097,6735180.0,7723640.0,373.0,317.0
MDBH,26.99759807846277,1880.0,1195.0,6043.0,6139.0
VIR,26.98158526821457,1568140.0,1575985.0,1411.0,1435.0
TKC,26.965572457966374,4948480.0,2706335.0,506.0,928.0
ATPC,26.949559647718175,38660.0,2278255.0,4787.0,1066.0
GBR,26.933546837469972,28860.0,99085.0,4963.0,4213.0
EPSN,26.91753402722178,126620.0,143080.0,3900.0,3941.0
GIFT,26.901521216973578,31480.0,30870.0,4925.0,5032.5
BABA,26.88550840672538,7884360.0,11906850.0,301.0,191.0
KROS,26.869495596477183,152360.0,214195.0,3734.0,3568.0
LVO,26.853482786228984,56200.0,49475.0,4525.5,4728.0
FLL,26.83746997598078,109660.0,103100.0,4026.0,4179.0
TSLX,26.82145716573259,473680.0,501435.0,2673.0,2725.0
MNTN,26.805444355484386,874520.0,959895.0,2049.0,1997.0
PETS,26.789431545236187,70720.0,149475.0,4357.5,3892.0
ASM,26.77341873498799,2726700.0,3062155.0,891.0,817.0
KT,26.757405924739793,1167480.0,1350130.0,1718.0,1600.0
KOSS,26.74139311449159,16080.0,18895.0,5313.0,5317.0
ALLO,26.725380304243394,8951260.0,7766250.0,268.0,312.0
SKM,26.709367493995195,3807220.0,2814130.0,661.0,891.0
GOOGL,26.693354683746996,29468360.0,28983585.0,67.0,57.0
PRME,26.6773418734988,2492760.0,3896710.0,951.0,658.0
CBLL,26.661329063250598,355620.0,358640.0,2977.0,3066.0
MGRX,26.645316253002406,14306120.0,4053480.0,170.0,631.0
PVL,26.629303442754203,28360.0,52140.0,4973.0,4695.0
OKUR,26.613290632506004,102020.0,147105.0,4086.0,3908.0
CLPR,26.59727782225781,31720.0,45770.0,4921.0,4782.0
CHNR,26.58126501200961,7460.0,39130.0,5653.0,4893.0
HY,26.565252201761407,100960.0,85870.0,4095.0,4332.0
TW,26.54923939151321,2441800.0,1628315.0,969.0,1404.0
PWR,26.533226581265012,1647820.0,1124835.0,1361.0,1814.0
PBR,26.517213771016813,15334240.0,15570075.0,159.0,144.0
WPRT,26.501200960768617,67940.0,70990.0,4393.0,4473.0
CGNT,26.48518815052042,358400.0,514465.0,2971.0,2704.0
LITS,26.469175340272216,141940.0,155580.0,3803.0,3855.0
ANL,26.45316253002402,140660.0,247740.0,3814.5,3432.0
BHFAO,26.43714971977582,28840.0,36885.0,4964.0,4930.0
BKR,26.421136909527622,13367140.0,10477005.0,178.0,215.0
MXC,26.405124099279426,3760.0,7525.0,5892.0,5737.0
FERG,26.389111289031224,1404280.0,1237890.0,1527.0,1708.0
KMPR,26.373098478783024,811500.0,856765.0,2132.0,2127.0
CNTY,26.35708566853483,16620.0,49625.0,5291.0,4726.0
MUX,26.34107285828663,727660.0,833830.0,2240.0,2159.0
OCUL,26.32506004803843,1909900.0,2035810.0,1210.0,1173.0
VSNT,26.309047237790235,1454440.0,1659630.0,1491.0,1380.0
SPAI,26.293034427542032,92860.0,81985.0,4164.0,4377.0
TRAK,26.277021617293833,61780.0,58825.0,4460.0,4617.0
YB,26.261008807045638,32020.0,40180.0,4917.5,4871.0
CRH,26.24499599679744,4362060.0,3800375.0,571.0,677.0
GWAV,26.228983186549236,1033160.0,264140.0,1855.0,3368.0
PCOR,26.212970376301044,3817400.0,3022900.0,658.0,826.0
ZM,26.19695756605284,3300400.0,3117615.0,743.0,801.0
ZUMZ,26.180944755804642,277080.0,218595.0,3199.5,3545.0
DLHC,26.164931945556447,22040.0,22675.0,5124.5,5220.0
AMZN,26.148919135308248,52075380.0,41463155.0,28.0,30.0
CSPI,26.132906325060045,9100.0,14245.0,5573.0,5461.0
SAIA,26.11689351481185,649040.0,457370.0,2352.0,2829.0
NRG,26.10088070456365,2578100.0,2257940.0,934.0,1077.0
MGX,26.08486789431545,82260.0,195715.0,4251.5,3653.0
PAX,26.068855084067255,1285860.0,854295.0,1609.0,2130.0
TLK,26.052842273819053,761100.0,776605.0,2190.0,2248.0
KRUS,26.036829463570854,218560.0,342970.0,3419.0,3110.0
APA,26.020816653322658,5230720.0,5139060.0,477.0,472.0
TLN,26.00480384307446,838640.0,670845.0,2094.0,2424.0
VNET,25.98879103282626,5317240.0,3969115.0,465.0,643.0
LBRDA,25.972778222578064,272140.0,235595.0,3213.0,3471.0
BNC,25.95676541232986,135900.0,193025.0,3845.0,3671.0
PCT,25.940752602081663,3720160.0,4082320.0,668.0,625.0
FET,25.924739791833467,143120.0,146690.0,3793.0,3910.0
ISSC,25.908726981585268,344060.0,291500.0,3004.0,3262.0
LODE,25.892714171337072,2733840.0,1325640.0,890.0,1627.0
RXRX,25.876701361088873,18183140.0,22755540.0,127.0,83.0
LBRDK,25.86068855084067,1865120.0,1718975.0,1244.0,1352.0
AZO,25.844675740592475,145520.0,185250.0,3775.5,3703.0
LAND,25.828662930344276,519600.0,558875.0,2574.0,2607.0
FVN,25.812650120096077,54220.0,42720.0,4559.0,4821.5
PSN,25.79663730984788,3958720.0,1685445.0,635.0,1365.0
ARX,25.780624499599682,4218980.0,2229735.0,591.0,1093.0
GSBD,25.76461168935148,908500.0,918535.0,2001.0,2047.0
APEI,25.748598879103284,293060.0,342760.0,3145.0,3112.0
BAND,25.732586068855085,2112520.0,1370735.0,1118.0,1583.0
OEC,25.716573258606886,417240.0,733455.0,2800.0,2321.0
BILI,25.70056044835869,1883580.0,2150125.0,1228.0,1120.0
DVN,25.684547638110487,10533760.0,11192965.0,218.5,197.0
XBIO,25.66853482786229,18180.0,17575.0,5236.5,5359.0
PAAS,25.652522017614093,3219980.0,3902490.0,762.0,656.0
BHFAM,25.636509207365894,36100.0,34720.0,4843.0,4969.0
OTF,25.62049639711769,1578200.0,2074830.0,1404.0,1157.0
GAP,25.6044835868695,5269080.0,7091065.0,472.0,347.0
CAI,25.588470776621296,4434600.0,3526645.0,563.0,719.0
FISV,25.572457966373097,6211820.0,6543380.0,411.0,377.0
DNUT,25.5564451561249,1908180.0,2553755.0,1211.0,960.0
HXHX,25.540432345876702,34520.0,62490.0,4874.0,4569.0
CRBP,25.5244195356285,218680.0,288550.0,3418.0,3273.0
PSBD,25.508406725380304,86740.0,154145.0,4213.0,3869.0
NCTY,25.492393915132105,394440.0,161760.0,2864.0,3817.0
QBTS,25.476381104883906,25309700.0,18773945.0,82.0,113.0
BRR,25.46036829463571,345460.0,892635.0,3002.0,2073.0
ATNI,25.44435548438751,52980.0,66510.0,4574.5,4515.0
CTW,25.42834267413931,33520.0,19140.0,4889.0,5312.0
TWN,25.412329863891113,48320.0,43565.0,4625.0,4808.0
NEXM,25.396317053642914,27080.0,33380.0,4998.0,4982.0
CHTR,25.380304243394715,4871420.0,3103070.0,516.0,805.0
CHMI,25.36429143314652,180620.0,158465.0,3581.0,3840.0
RFIL,25.348278622898317,260260.0,279190.0,3256.0,3315.0
ZOOZ,25.332265812650117,6620.0,6765.0,5699.5,5767.0
PNR,25.316253002401922,3600580.0,3602730.0,696.0,709.0
ZLAB,25.300240192153723,646680.0,743755.0,2360.0,2302.0
BMGL,25.284227381905524,6480.0,39445.0,5709.0,4889.0
CRNT,25.268214571657328,681440.0,723960.0,2300.5,2335.0
TRC,25.252201761409125,101980.0,90460.0,4087.5,4292.0
BRSP,25.236188951160926,1992720.0,1656280.0,1172.0,1384.0
GPUS,25.22017614091273,20431020.0,37493340.0,111.0,40.0
GMHS,25.20416333066453,19180.0,28515.0,5208.0,5088.0
MXL,25.18815052041633,5877940.0,4222590.0,434.0,596.0
KR,25.172137710168137,6391720.0,7652840.0,394.0,322.0
KMDA,25.156124899919934,36660.0,32850.0,4826.5,4994.0
ECVT,25.14011208967174,1047640.0,1337130.0,1838.0,1614.0
DBI,25.12409927942354,408740.0,519600.0,2826.0,2686.0
NKLR,25.10808646917534,385580.0,320350.0,2885.0,3171.5
HERZ,25.092073658927145,3880.0,30670.0,5881.0,5040.0
CHOW,25.076060848678942,198440.0,1084740.0,3502.0,1855.0
KGS,25.060048038430743,2426280.0,1757835.0,974.0,1331.0
TU,25.044035228182548,8494980.0,6882765.0,281.0,355.0
JL,25.02802241793435,16040.0,16870.0,5315.0,5382.0
GLNG,25.012009607686146,1784040.0,1277335.0,1285.0,1672.0
KNDI,24.99599679743795,79380.0,771570.0,4278.0,2258.0
FLO,24.97998398718975,5432640.0,4902135.0,454.0,506.0
VRAX,24.963971176941556,57520.0,4478125.0,4507.0,562.0
BNGO,24.947958366693353,107640.0,99500.0,4040.0,4209.0
EXK,24.931945556445157,8224260.0,6233890.0,288.0,397.0
REX,24.915932746196958,156640.0,154480.0,3712.0,3867.0
BGSI,24.89991993594876,37640.0,32555.0,4808.0,5001.0
ACTG,24.88390712570056,196720.0,239305.0,3509.0,3460.0
NXDT,24.867894315452364,196440.0,156905.0,3512.0,3848.0
MHNC,24.85188150520416,4900.0,3150.0,5796.5,5992.0
FBRT,24.835868694955966,1556040.0,1172850.0,1421.0,1770.0
OMCL,24.819855884707767,1102840.0,778030.0,1775.5,2244.0
LEU,24.803843074459568,723960.0,851985.0,2246.0,2134.0
GSRFR,24.78783026421137,3920.0,3655.0,5878.0,5962.0
ASTS,24.77181745396317,11641460.0,15442485.0,199.0,147.0
SD,24.75580464371497,250880.0,272050.0,3287.0,3342.0
ACM,24.739791833466775,1875660.0,1568160.0,1235.0,1444.0
CODI,24.723779023218576,444400.0,645575.0,2741.0,2456.0
CPRI,24.707766212970377,3053980.0,3276530.0,801.0,765.0
RPT,24.691753402722178,87720.0,170990.0,4205.0,3766.0
MRT,24.67574059247398,52400.0,68970.0,4580.5,4491.0
GERN,24.65972778222578,8473440.0,8414465.0,282.0,285.0
HAFN,24.64371497197758,1086100.0,1196465.0,1789.0,1741.0
BKTI,24.627702161729385,30520.0,44550.0,4940.0,4796.0
DC,24.611689351481186,1073560.0,1276955.0,1804.0,1674.0
AGRZ,24.595676541232987,25101320.0,6375805.0,86.0,388.0
DOCS,24.579663730984787,3611000.0,2932270.0,695.0,850.0
HLI,24.563650920736592,1406480.0,1045400.0,1524.5,1902.0
VNOM,24.54763811048839,1493560.0,1536785.0,1462.0,1467.0
SPWH,24.531625300240194,379880.0,409775.0,2903.0,2936.0
TYG,24.515612489991994,133760.0,158410.0,3863.0,3841.0
MTSI,24.499599679743795,1727520.0,1570940.0,1310.0,1441.0
WMT,24.483586869495596,22896120.0,21450195.0,94.0,90.0
VET,24.467574059247397,2050600.0,1563985.0,1144.0,1447.0
AURA,24.451561248999198,358260.0,511675.0,2972.0,2707.0
TURB,24.435548438751002,2369640.0,743265.0,995.0,2303.0
VRA,24.419535628502803,82520.0,106785.0,4250.0,4158.0
SUPX,24.403522818254604,258160.0,165095.0,3263.0,3798.5
MEOH,24.387510008006405,1314260.0,1143870.0,1588.0,1797.0
CFND,24.371497197758206,10500.0,25690.0,5516.0,5141.0
BRID,24.355484387510007,3600.0,4255.0,5906.0,5923.0
BYRN,24.339471577261808,1655380.0,1282945.0,1356.0,1665.0
FENG,24.323458767013612,1600.0,6325.0,6065.0,5801.5
OR,24.30744595676541,962360.0,1103550.0,1938.0,1845.0
APP,24.291433146517214,5743340.0,5706910.0,439.0,428.0
EBS,24.275420336269015,561840.0,681675.0,2492.0,2404.0
BGM,24.259407526020816,27520.0,402100.0,4986.0,2956.0
MSIF,24.243394715772617,337160.0,287900.0,3025.0,3278.0
LFCR,24.22738190552442,160820.0,148770.0,3693.0,3898.0
CHRS,24.211369095276222,473980.0,718620.0,2672.0,2343.0
CITR,24.195356285028023,14500.0,26460.0,5367.5,5124.0
HL,24.179343474779824,35420180.0,40232470.0,46.0,34.0
ESP,24.163330664531628,41080.0,70965.0,4737.0,4475.5
THCH,24.147317854283425,7540.0,5610.0,5647.5,5846.0
IPWR,24.13130504403523,128460.0,160390.0,3893.0,3826.0
CSV,24.11529223378703,119380.0,114430.0,3954.5,4111.0
HUN,24.09927942353883,3664000.0,3854010.0,679.0,667.0
MTRX,24.083266613290633,197860.0,191565.0,3505.0,3677.0
NEXA,24.067253803042433,494340.0,615555.0,2635.0,2511.0
CCI,24.051240992794234,5012040.0,4269175.0,495.0,590.0
BLDP,24.035228182546035,7837840.0,6616265.0,304.0,373.0
ZYME,24.01921537229784,326620.0,459350.0,3052.0,2826.0
CWH,24.003202562049637,2972700.0,2517380.0,831.0,979.0
EGAN,23.98718975180144,138140.0,152865.0,3834.0,3876.0
USAU,23.971176941553242,255840.0,236080.0,3271.0,3470.0
VGZ,23.955164131305043,1186320.0,1600580.0,1697.0,1424.0
RPID,23.939151321056844,108980.0,226865.0,4030.0,3501.0
SANM,23.92313851080865,1350780.0,863645.0,1566.0,2117.0
SBET,23.907125700560446,8994900.0,9157065.0,267.0,257.0
DOX,23.89111289031225,1162300.0,1312895.0,1724.0,1635.0
PSNYW,23.87510008006405,19500.0,189085.0,5199.0,3692.0
TRT,23.859087269815856,437660.0,470255.0,2755.5,2798.0
GLW,23.843074459567653,22748100.0,14040240.0,95.0,159.0
BTBT,23.827061649319457,25171400.0,25467725.0,84.0,72.0
TGE,23.81104883907126,45560.0,49255.0,4661.0,4733.0
PEW,23.79503602882306,358800.0,1142330.0,2968.0,1800.0
AXIA,23.77902321857486,2265880.0,2004660.0,1043.0,1185.0
TITN,23.76301040832666,196520.0,163675.0,3510.0,3808.0
ALTO,23.746997598078462,1885260.0,2309130.0,1227.0,1054.0
TK,23.730984787830263,490080.0,517460.0,2647.0,2690.0
WILC,23.714971977582067,5740.0,9480.0,5743.0,5648.0
SSL,23.698959167333868,1135500.0,1251945.0,1748.0,1697.0
QUBT,23.68294635708567,8669760.0,9078485.0,274.0,261.0
PFSI,23.66693354683747,874160.0,553080.0,2050.0,2614.0
TDW,23.65092073658927,551000.0,641195.0,2511.0,2463.0
AMTM,23.63490792634107,1877600.0,1820895.0,1231.0,1287.0
DTSS,23.618895116092876,8940.0,18670.0,5588.0,5320.0
XPRO,23.602882305844673,1082340.0,1079275.0,1792.0,1859.0
WHF,23.586869495596478,36420.0,60270.0,4834.0,4587.0
DSS,23.57085668534828,61340.0,65835.0,4466.5,4525.0
NXPI,23.55484387510008,6016100.0,4220395.0,423.0,597.0
ORA,23.53883106485188,1067000.0,828875.0,1816.0,2169.0
AYTU,23.522818254603685,26600.0,22670.0,5009.0,5221.0
BIDU,23.506805444355482,1927540.0,2130905.0,1200.0,1126.0
NTHI,23.490792634107287,35680.0,64315.0,4850.0,4547.0
UPST,23.474779823859087,3961940.0,3605925.0,634.0,708.0
ENTG,23.45876701361089,3856080.0,3156120.0,649.0,789.0
CNTB,23.44275420336269,197660.0,499345.0,3506.0,2731.0
BRN,23.42674139311449,70280.0,72590.0,4364.5,4453.0
AGMH,23.410728582866295,143320.0,55795.0,3791.0,4652.5
TORO,23.394715772618095,19920.0,30130.0,5188.5,5051.0
FBGL,23.378702962369896,199600.0,987890.0,3493.0,1965.0
DXLG,23.362690152121697,39820.0,43540.0,4758.0,4809.0
ARTW,23.346677341873498,103400.0,38890.0,4076.0,4895.0
GSUN,23.3306645316253,64308220.0,20519455.0,18.0,98.0
ADMA,23.314651721377103,2077920.0,2606255.0,1127.0,950.0
MSN,23.2986389111289,29960.0,173660.0,4947.0,3756.0
ARQ,23.282626100880705,194620.0,225405.0,3516.0,3511.0
PZG,23.266613290632506,319260.0,448555.0,3070.0,2846.0
EFOI,23.250600480384307,13400.0,11615.0,5409.5,5562.0
ELBM,23.234587670136108,347240.0,311585.0,2999.0,3199.0
PROK,23.218574859887912,998620.0,1115530.0,1895.0,1826.0
ERIC,23.20256204963971,17876980.0,17197280.0,132.0,127.0
KRO,23.186549239391514,317520.0,379075.0,3074.0,3006.0
RGTI,23.170536429143315,21710460.0,21938675.0,103.0,88.0
WORX,23.154523618895116,5960.0,6595.0,5726.0,5777.5
CGBD,23.138510808646917,408520.0,617245.0,2827.0,2508.0
IVDA,23.12249799839872,339040.0,310650.0,3017.5,3202.0
AXR,23.106485188150522,17700.0,9000.0,5246.0,5669.5
CECO,23.090472377902323,1481220.0,898840.0,1470.0,2065.0
CBIO,23.074459567654124,317540.0,411315.0,3073.0,2932.0
CLS,23.058446757405925,4619760.0,2514050.0,540.0,981.0
AEM,23.042433947157726,2236180.0,2586685.0,1057.0,953.0
LPTH,23.026421136909526,3043600.0,2852625.0,804.0,881.0
RSSS,23.01040832666133,43660.0,30780.0,4692.5,5036.0
ALGM,22.994395516413128,3148040.0,2794575.0,773.0,896.0
WU,22.978382706164933,10102580.0,8540890.0,229.0,282.0
TE,22.962369895916733,46328900.0,40660055.0,32.0,32.0
PLTR,22.946357085668534,31274300.0,35635015.0,57.0,42.0
SMID,22.930344275420335,14560.0,14705.0,5364.5,5449.5
MOVE,22.91433146517214,37000.0,45105.0,4821.0,4790.0
ILAG,22.898318654923937,4440.0,21390.0,5840.0,5257.0
MPWR,22.88230584467574,1112600.0,922415.0,1763.0,2043.0
ISOU,22.866293034427542,53820.0,104210.0,4563.0,4175.0
ONTO,22.850280224179343,1355940.0,1203670.0,1558.0,1734.0
POWI,22.834267413931144,754840.0,755215.0,2199.0,2285.0
GVA,22.81825460368295,1285620.0,961035.0,1610.0,1995.0
AXG,22.802241793434746,146820.0,111540.0,3765.0,4133.0
ASTE,22.78622898318655,209980.0,176200.0,3457.0,3740.0
HTOO,22.77021617293835,5780.0,4570.0,5737.0,5908.0
SBAC,22.754203362690152,1172440.0,978520.0,1712.0,1977.0
NPKI,22.738190552441953,1201120.0,898845.0,1684.0,2064.0
CGC,22.722177742193754,2412620.0,3049935.0,979.0,819.0
ATS,22.70616493194556,140320.0,145220.0,3820.0,3921.0
HLLY,22.690152121697356,637380.0,765825.0,2372.0,2269.0
CXDO,22.67413931144916,385760.0,476215.0,2884.0,2784.0
AREB,22.65812650120096,121120.0,806065.0,3945.0,2192.0
DLX,22.642113690952762,364780.0,347565.0,2944.0,3101.0
TRMB,22.626100880704563,2871300.0,2597040.0,854.0,951.0
CSGP,22.610088070456367,11237280.0,7853015.0,205.0,306.0
MSB,22.594075260208164,55440.0,41465.0,4542.0,4843.0
SBS,22.57806244995997,7508020.0,5566785.0,326.0,442.0
ESI,22.56204963971177,7024180.0,7495530.0,359.0,335.0
OLED,22.54603682946357,849840.0,726565.0,2078.0,2331.0
KYTX,22.53002401921537,963320.0,1163520.0,1937.0,1782.0
RWT,22.514011208967176,3023320.0,4401705.0,813.0,571.0
BFRG,22.497998398718973,161620.0,135980.0,3690.0,3975.0
BTE,22.481985588470778,15412860.0,17893265.0,158.0,120.0
NRP,22.46597277822258,40800.0,40860.0,4742.0,4856.0
AGX,22.44995996797438,370080.0,341950.0,2930.0,3113.0
AVIR,22.43394715772618,678760.0,378315.0,2305.0,3009.0
BIVI,22.41793434747798,120180.0,208460.0,3949.0,3590.0
RUM,22.401921537229782,1820440.0,2149955.0,1267.0,1121.0
HP,22.385908726981583,1009060.0,1050550.0,1881.0,1895.0
BKKT,22.369895916733388,836080.0,930685.0,2099.0,2034.0
WLTH,22.35388310648519,933380.0,1063910.0,1962.0,1878.0
GOOS,22.33787029623699,934840.0,642645.0,1961.0,2461.0
ULH,22.32185748598879,44620.0,39685.0,4678.0,4885.0
INDO,22.305844675740595,285040.0,334665.0,3168.0,3129.0
AACG,22.289831865492392,3240.0,6315.0,5927.0,5804.0
NXT,22.273819055244196,3287720.0,2909460.0,747.0,861.0
VOXR,22.257806244995997,312180.0,404525.0,3084.0,2947.0
IBG,22.241793434747798,20140.0,65515.0,5183.0,4529.0
ZDAI,22.2257806244996,10520.0,46030.0,5513.0,4778.0
CCLD,22.209767814251403,185220.0,197275.0,3557.0,3642.0
ESOA,22.1937550040032,234380.0,134670.0,3352.0,3985.0
STLA,22.177742193755005,29533920.0,20587410.0,66.0,97.0
DNMXW,22.161729383506806,560.0,5525.0,6174.0,5854.0
ACB,22.145716573258607,1250140.0,1194990.0,1636.0,1744.0
BKE,22.129703763010408,429940.0,488615.0,2767.0,2762.0
VRCA,22.113690952762212,41060.0,30220.0,4738.0,5050.0
OFS,22.09767814251401,54360.0,46110.0,4555.5,4776.0
AGCC,22.081665332265814,112980.0,58990.0,4006.0,4615.0
LUCD,22.065652522017615,1133580.0,1578160.0,1751.0,1434.0
NEWP,22.049639711769416,381400.0,539880.0,2897.0,2643.0
IMMP,22.033626901521217,154580.0,292200.0,3721.0,3259.0
IMTX,22.017614091273018,664100.0,426055.0,2327.0,2901.0
NRDS,22.00160128102482,523860.0,560315.0,2567.5,2602.0
NEOV,21.98558847077662,1027420.0,1219360.0,1863.0,1720.0
MBOT,21.969575660528424,510460.0,567265.0,2595.0,2591.0
BMEA,21.953562850280225,462680.0,706270.0,2692.0,2366.0
NCDL,21.937550040032026,269820.0,174685.0,3223.5,3751.0
RXST,21.921537229783826,920580.0,1198145.0,1976.0,1738.0
YTRA,21.90552441953563,14160.0,21985.0,5378.0,5242.0
GIBO,21.88951160928743,4540.0,5440.0,5827.0,5861.0
CCIF,21.873498799039233,91100.0,97910.0,4178.0,4225.0
CRVS,21.857485988791034,849580.0,1078855.0,2080.0,1862.0
VICR,21.841473178542834,1032260.0,927040.0,1858.0,2036.0
BG,21.825460368294635,1809440.0,1372260.0,1272.0,1581.0
THM,21.80944755804644,715640.0,841100.0,2258.0,2152.0
MNRO,21.793434747798237,1377300.0,881815.0,1547.0,2091.0
FTAI,21.77742193755004,2437140.0,1656065.0,970.0,1385.0
CWEN,21.761409127301842,1379780.0,1136255.0,1544.0,1804.0
ACRE,21.745396317053643,297120.0,355240.0,3126.0,3077.0
SOS,21.729383506805444,15060.0,21570.0,5348.0,5250.0
NKTR,21.713370696557245,805380.0,831375.0,2143.0,2162.0
CENN,21.697357886309046,4700.0,6225.0,5813.0,5812.0
IMXI,21.681345076060847,300380.0,286535.0,3116.0,3283.0
ACHR,21.66533226581265,29185100.0,32478930.0,68.0,48.0
BRSL,21.64931945556445,1870580.0,1471240.0,1239.0,1511.0
FLYE,21.633306645316253,25300.0,13135.0,5038.5,5503.0
REFI,21.617293835068054,133160.0,148855.0,3867.0,3897.0
CEG,21.60128102481986,2967000.0,2876015.0,832.0,871.0
ON,21.585268214571656,9875400.0,9758085.0,243.0,243.0
AAPG,21.56925540432346,3640.0,6385.0,5902.5,5794.0
HFFG,21.55324259407526,188260.0,132985.0,3541.0,3997.0
XWEL,21.537229783827062,21820.0,206640.0,5135.0,3604.0
ATHR,21.521216973578863,20500.0,21255.0,5176.0,5261.0
AHCO,21.505204163330667,883760.0,1033815.0,2037.0,1913.0
BKYI,21.489191353082465,588860.0,160790.0,2442.0,3823.0
TTI,21.47317854283427,2529560.0,1648255.0,945.0,1394.0
IZEA,21.45716573258607,49660.0,38440.0,4610.5,4903.0
AURE,21.44115292233787,4040.0,98290.0,5863.0,4223.0
DTCX,21.42514011208967,54360.0,132255.0,4555.5,4005.0
KGC,21.409127301841473,7369260.0,7664020.0,337.0,320.0
EVEX,21.393114491593273,811260.0,987575.0,2134.0,1966.0
VIV,21.377101681345074,1891160.0,1303575.0,1222.0,1646.0
TLYS,21.36108887109688,95040.0,168760.0,4147.0,3776.0
JOBY,21.345076060848676,37924320.0,49833995.0,42.0,19.0
MDWD,21.32906325060048,57620.0,74755.0,4506.0,4426.0
DAAQ,21.31305044035228,32940.0,47555.0,4902.5,4759.0
SII,21.297037630104082,118080.0,161460.0,3961.0,3819.0
KVYO,21.281024819855883,4136260.0,4107235.0,607.0,618.0
DNA,21.265012009607688,716420.0,885110.0,2255.0,2088.0
PEGA,21.248999199359485,4243060.0,3873550.0,587.0,664.0
CVNA,21.23298638911129,15649320.0,10458720.0,154.0,216.0
JBIO,21.21697357886309,788460.0,922125.0,2159.0,2044.0
TREE,21.200960768614895,454260.0,265050.0,2709.5,3366.0
LAW,21.184947958366692,269140.0,231390.0,3226.0,3487.0
CRGY,21.168935148118496,5429040.0,5786270.0,455.0,424.0
BELFA,21.152922337870297,199100.0,157665.0,3498.0,3847.0
HCM,21.136909527622098,44320.0,50240.0,4681.5,4716.0
ECG,21.1208967173739,494100.0,566865.0,2636.0,2593.0
NIU,21.1048839071257,164760.0,257600.0,3669.0,3403.0
CSR,21.0888710968775,132500.0,132260.0,3872.0,4004.0
LKQ,21.072858286629305,3925520.0,2934445.0,640.0,849.0
RILY,21.056845476381106,590860.0,537815.0,2435.0,2646.0
DPRO,21.040832666132907,779740.0,783910.0,2174.0,2230.0
MRNO,21.024819855884708,189520.0,287660.0,3535.0,3279.0
NVNI,21.00880704563651,44740.0,128390.0,4677.0,4026.0
UFG,20.99279423538831,18620.0,237550.0,5225.5,3467.0
NE,20.97678142514011,2707540.0,1742945.0,900.0,1340.0
HHS,20.960768614891915,3980.0,3290.0,5870.5,5986.0
NPCE,20.944755804643712,232340.0,178280.0,3360.0,3730.0
BHM,20.928742994395517,2580.0,9345.0,5965.5,5651.0
VFC,20.912730184147318,13459280.0,7752360.0,177.0,314.0
AVAV,20.89671737389912,1073540.0,1683490.0,1805.0,1367.0
SEED,20.88070456365092,5580.0,6705.0,5753.5,5773.5
IBP,20.864691753402724,377680.0,390870.0,2909.0,2983.0
IRWD,20.848678943154525,1482440.0,2105650.0,1468.0,1140.0
ASTL,20.832666132906326,1149820.0,942010.0,1737.0,2025.0
FMC,20.816653322658127,4954400.0,4046615.0,505.0,632.0
PFAI,20.800640512409927,900.0,1095.0,6127.5,6151.0
XPEV,20.78462770216173,5088160.0,6537455.0,488.0,379.0
ROAD,20.768614891913533,672460.0,1321080.0,2316.0,1629.0
BCYC,20.752602081665334,393740.0,347515.0,2870.0,3102.0
CPSH,20.736589271417134,465760.0,360670.0,2682.0,3060.0
MG,20.720576461168935,141120.0,162850.0,3811.5,3813.0
OI,20.704563650920736,4854980.0,3821600.0,519.0,672.0
PRAA,20.688550840672537,392680.0,334185.0,2872.0,3131.0
TPVG,20.672538030424338,184580.0,233840.0,3562.0,3476.0
EBON,20.656525220176142,5200.0,3480.0,5780.0,5976.0
LII,20.64051240992794,913140.0,515160.0,1995.0,2700.0
UNIT,20.624499599679744,2859780.0,2306715.0,857.0,1056.0
NNDM,20.608486789431545,1693080.0,2664870.0,1333.0,938.0
RMCO,20.592473979183346,8660.0,11025.0,5600.5,5590.0
ASA,20.576461168935147,43560.0,60155.0,4695.5,4590.0
ASIX,20.56044835868695,170000.0,228565.0,3639.0,3497.5
ACR,20.54443554843875,29620.0,18185.0,4954.0,5332.0
STRK,20.528422738190553,58580.0,67915.0,4495.0,4500.0
FSI,20.512409927942354,23640.0,23365.0,5082.0,5199.5
CALX,20.496397117694155,1139700.0,1448860.0,1743.0,1527.0
VNTG,20.480384307445956,22900.0,54095.0,5100.0,4672.0
AG,20.46437149719776,12585620.0,10720570.0,186.0,208.0
BSX,20.44835868694956,28962120.0,19361765.0,70.0,104.0
KNF,20.432345876701362,447280.0,402875.0,2733.0,2954.0
OBTC,20.416333066453163,2520.0,11415.0,5975.5,5568.0
OVID,20.400320256204964,1063100.0,1649690.0,1822.0,1392.0
SGRP,20.384307445956765,227860.0,474795.0,3379.0,2790.0
CCOI,20.368294635708565,1074140.0,1167505.0,1803.0,1777.0
ARBK,20.35228182546037,12840.0,12585.0,5422.0,5525.0
AEC,20.336269015212167,36200.0,36625.0,4840.0,4938.0
STEP,20.32025620496397,976980.0,1311295.0,1919.0,1640.0
OLMA,20.304243394715773,889260.0,1055985.0,2031.0,1893.0
LANV,20.288230584467573,2340.0,16580.0,5989.0,5391.0
PTLO,20.272217774219374,1290780.0,1061235.0,1604.0,1883.0
IFRX,20.25620496397118,994740.0,986870.0,1900.0,1967.0
ACCS,20.240192153722976,16500.0,14705.0,5299.0,5449.5
ADXN,20.22417934347478,600.0,1175.0,6169.5,6143.0
NMFC,20.20816653322658,512220.0,558575.0,2591.0,2608.0
PMVP,20.192153722978382,337360.0,312270.0,3024.0,3195.0
LU,20.176140912730183,720200.0,530100.0,2249.0,2665.0
BTU,20.160128102481988,3656840.0,2541975.0,682.0,966.0
SEB,20.144115292233785,5740.0,4755.0,5743.0,5896.5
VYGR,20.12810248198559,524600.0,755315.0,2564.0,2283.0
BOOM,20.11208967173739,393780.0,224685.0,2869.0,3514.0
MHLA,20.09607686148919,2740.0,2110.0,5959.0,6073.0
ONCY,20.080064051240992,907840.0,1609200.0,2002.0,1417.0
AREC,20.064051240992793,1606160.0,2491425.0,1389.0,991.0
CDLR,20.048038430744597,81820.0,100415.0,4255.0,4202.0
COIN,20.0320256204964,6378960.0,6685595.0,396.0,368.0
GPOR,20.0160128102482,214020.0,337530.0,3442.5,3125.0
RKLB,20.0,18109860.0,19391595.0,129.0,102.0
XTIA,19.9839871897518,454260.0,645465.0,2709.5,2457.0
CINT,19.9679743795036,57300.0,133605.0,4508.0,3992.0
EFXT,19.951961569255406,781760.0,475720.0,2171.0,2787.0
MGY,19.935948759007204,5297040.0,6499495.0,469.0,381.0
GTBP,19.919935948759008,467400.0,791005.0,2681.0,2219.0
AIRG,19.90392313851081,83900.0,84370.0,4236.0,4345.0
NFLX,19.88791032826261,44340160.0,50043910.0,36.0,18.0
IH,19.87189751801441,5280.0,6090.0,5776.0,5819.0
RMBS,19.855884707766215,3999800.0,3069475.0,628.0,814.0
SGA,19.839871897518012,9760.0,13715.0,5543.0,5476.0
CRUS,19.823859087269817,682900.0,646810.0,2297.0,2454.0
KEP,19.807846277021618,986180.0,1198010.0,1907.0,1739.0
GFI,19.79183346677342,3314420.0,3578440.0,739.0,713.0
KRRO,19.77582065652522,138840.0,197835.0,3828.0,3638.0
YALA,19.75980784627702,219520.0,240735.0,3415.0,3454.0
MCHPP,19.74379503602882,57240.0,234640.0,4509.0,3473.0
SID,19.727782225780626,3844660.0,2549565.0,651.0,963.0
PTEN,19.711769415532427,10044320.0,9263425.0,235.0,255.0
FORTY,19.695756605284227,360.0,490.0,6201.0,6215.0
RWAY,19.67974379503603,388280.0,617670.0,2877.0,2506.0
SMPL,19.66373098478783,2723600.0,2858170.0,894.0,877.0
KOPN,19.647718174539634,4160220.0,4225515.0,603.0,594.0
AZ,19.63170536429143,187060.0,187390.0,3547.0,3698.0
SLRC,19.615692554043235,594600.0,489610.0,2431.0,2758.0
NVMI,19.599679743795036,787740.0,598655.0,2161.0,2539.0
BUR,19.583666933546837,1720220.0,1947005.0,1315.0,1213.0
CRNC,19.567654123298638,613540.0,699395.0,2406.0,2378.0
OMER,19.551641313050443,1878180.0,1459470.0,1230.0,1517.0
NTLA,19.53562850280224,3574220.0,4299460.0,701.0,585.0
WULF,19.519615692554044,35298120.0,38663385.0,47.0,39.0
VTS,19.503602882305845,417720.0,438895.0,2798.0,2878.0
FLX,19.487590072057646,103720.0,130630.0,4074.0,4016.0
PDS,19.471577261809447,172500.0,102515.0,3624.0,4182.0
RMTI,19.45556445156125,26480.0,37465.0,5010.0,4922.0
CLNE,19.43955164131305,929540.0,1655170.0,1965.0,1387.0
NIO,19.423538831064853,24610480.0,23522105.0,88.0,80.0
MFIC,19.407526020816654,362560.0,418375.0,2950.0,2918.0
EVH,19.391513210568455,5441200.0,3380810.0,453.0,746.0
CDIO,19.375500400320256,279300.0,88810.0,3186.0,4303.0
SYNX,19.359487590072057,26400.0,29155.0,5012.0,5074.0
SVRE,19.34347477982386,38700.0,112650.0,4785.5,4124.0
NICE,19.32746196957566,733600.0,556245.0,2228.5,2610.0
AP,19.311449159327463,107800.0,189645.0,4038.0,3688.0
BWMN,19.295436349079264,158400.0,144735.0,3706.0,3923.5
IMTE,19.279423538831065,16760.0,104680.0,5284.5,4174.0
SLSR,19.263410728582866,170660.0,200925.0,3633.0,3624.0
XHLD,19.24739791833467,176380.0,636965.0,3598.0,2468.0
AIMD,19.231385108086467,29740.0,44725.0,4951.5,4792.5
DMRC,19.21537229783827,110740.0,154570.0,4017.0,3866.0
LYB,19.199359487590073,4651000.0,4992350.0,537.0,497.0
KRKR,19.183346677341873,10980.0,9590.0,5493.0,5643.0
LAES,19.167333867093674,20428420.0,15047465.0,112.0,151.0
EGY,19.15132105684548,1120600.0,1147535.0,1758.0,1795.0
PDYN,19.135308246597276,820640.0,1209050.0,2119.0,1732.0
GTEC,19.11929543634908,73700.0,64715.0,4326.0,4541.0
NOAH,19.10328262610088,88780.0,95415.0,4195.0,4246.0
CPNG,19.087269815852682,17895140.0,19110005.0,131.0,107.0
ITRG,19.071257005604483,2550700.0,2948455.0,941.0,843.0
RBBN,19.055244195356284,1002720.0,847260.0,1889.0,2142.0
LTRX,19.039231385108085,584240.0,833085.0,2450.0,2161.0
TEM,19.023218574859886,5888780.0,5049305.0,432.0,490.0
AMS,19.00720576461169,25180.0,32780.0,5042.0,4996.0
FVRR,18.99119295436349,1500480.0,787680.0,1458.0,2224.0
BMNR,18.975180144115292,39192380.0,36284555.0,39.0,41.0
FSP,18.959167333867093,464480.0,342965.0,2689.0,3111.0
NBR,18.943154523618897,324560.0,259290.0,3056.0,3391.0
REAX,18.927141713370695,4174980.0,4275895.0,602.0,589.0
MIRA,18.9111289031225,54280.0,59385.0,4558.0,4602.0
SVM,18.8951160928743,1822900.0,2514800.0,1265.0,980.0
AVXL,18.8791032826261,970520.0,953755.0,1925.0,2004.0
SMMT,18.863090472377902,4999200.0,3809070.0,501.0,674.0
BXMT,18.847077662129706,2077100.0,1658325.0,1128.0,1381.0
ONIT,18.831064851881504,49420.0,51685.0,4614.5,4703.0
OPTX,18.815052041633308,620100.0,520925.0,2395.0,2682.0
TOUR,18.79903923138511,3780.0,7920.0,5889.5,5717.0
TG,18.78302642113691,153320.0,123440.0,3727.0,4058.0
CRBU,18.76701361088871,1170780.0,1788935.0,1714.0,1312.0
PSEC,18.75100080064051,4177060.0,4711760.0,601.0,529.0
OGEN,18.734987990392312,16020.0,23005.0,5316.5,5210.0
PNRG,18.718975180144113,67020.0,70635.0,4407.0,4479.0
SITC,18.702962369895918,490222.4,848673.95,2646.0,2141.0
WTI,18.68694955964772,4264880.0,4165955.0,584.0,603.0
AGIG,18.67093674939952,55240.0,75075.0,4545.0,4424.0
NEXT,18.65492393915132,4481460.0,2728895.0,554.0,922.0
MBIO,18.63891112890312,39300.0,35370.0,4768.0,4957.0
NABL,18.622898318654922,1598220.0,1805025.0,1394.0,1299.0
PMCB,18.606885508406727,201580.0,119980.0,3487.0,4077.0
SAR,18.590872698158527,126280.0,232755.0,3904.0,3479.0
ANAB,18.57485988791033,578540.0,825320.0,2461.0,2173.0
CREX,18.55884707766213,23200.0,36705.0,5090.0,4934.0
SBDS,18.542834267413934,660.0,1860.0,6160.0,6089.5
NVA,18.52682145716573,245060.0,272780.0,3305.0,3340.0
NAMSW,18.510808646917535,320.0,285.0,6206.0,6242.0
MCHP,18.494795836669336,12790980.0,10763360.0,184.0,205.0
HSDT,18.478783026421137,119600.0,166000.0,3953.0,3794.0
TSLA,18.462770216172938,44962860.0,42889835.0,35.0,28.0
FLOC,18.446757405924743,410820.0,529730.0,2822.5,2666.0
NTRB,18.43074459567654,8040.0,11205.0,5627.0,5578.5
HLF,18.414731785428344,1006560.0,1362295.0,1885.0,1593.0
GEOS,18.398718975180145,91720.0,96080.0,4172.0,4242.0
IMRX,18.382706164931946,589620.0,851400.0,2437.0,2135.0
GAU,18.366693354683747,3438520.0,2966885.0,722.0,836.0
APLD,18.350680544435548,28467480.0,20667475.0,72.0,96.0
YQ,18.33466773418735,5500.0,8255.0,5758.5,5697.0
BTOC,18.31865492393915,156480.0,98625.0,3714.0,4219.0
CTMX,18.302642113690954,1829960.0,3285135.0,1259.0,763.0
TEAD,18.28662930344275,110700.0,132570.0,4018.0,4002.0
FORM,18.270616493194556,1876960.0,1574700.0,1232.0,1439.0
TMDX,18.254603682946357,932640.0,821365.0,1963.0,2178.0
FSLY,18.238590872698158,4315180.0,4685175.0,578.0,533.0
HWKN,18.22257806244996,209480.0,175500.0,3460.0,3747.0
KOS,18.206565252201763,13303360.0,17108015.0,179.0,129.0
TIC,18.190552441953564,1378740.0,2003055.0,1545.0,1186.0
INTR,18.174539631705365,3099920.0,4265835.0,787.0,591.0
ALTG,18.158526821457166,128440.0,150635.0,3894.0,3887.0
LGVN,18.14251401120897,212960.0,228565.0,3446.0,3497.5
PLCE,18.126501200960767,153900.0,257635.0,3723.0,3402.0
BRAG,18.11048839071257,25100.0,31345.0,5046.0,5021.0
GROY,18.094475580464373,2173160.0,1872750.0,1090.0,1255.0
IONQ,18.078462770216174,21735920.0,18978475.0,102.0,110.0
MNYWW,18.062449959967974,1880.0,4595.0,6043.0,5905.5
PMAX,18.046437149719775,63020.0,1031350.0,4446.0,1916.0
LCTX,18.030424339471576,1255400.0,1021700.0,1629.0,1928.0
IGC,18.014411529223377,390800.0,391125.0,2874.0,2981.0
DAN,17.99839871897518,1168820.0,1363320.0,1716.0,1591.0
GDHG,17.98238590872698,7900.0,62615.0,5633.5,4567.0
CCAP,17.966373098478783,175500.0,242495.0,3604.0,3449.0
USBC,17.950360288230584,186260.0,212290.0,3549.0,3580.0
DRD,17.934347477982385,284960.0,341890.0,3169.0,3114.0
ISRG,17.918334667734186,3630560.0,4094045.0,689.0,622.0
INLX,17.90232185748599,380.0,1275.0,6198.5,6133.0
BUDA,17.886309047237788,15580.0,24665.0,5330.0,5171.0
ELLO,17.870296236989592,7260.0,5455.0,5664.5,5859.5
ANGI,17.854283426741393,619540.0,530325.0,2397.0,2663.0
RC,17.838270616493197,901680.0,1220250.0,2014.0,1718.0
NATR,17.822257806244995,101580.0,92620.0,4090.0,4270.5
ULBI,17.8062449959968,27880.0,29100.0,4979.0,5075.0
PRTA,17.7902321857486,645420.0,560120.0,2362.0,2603.0
ONDS,17.7742193755004,68788480.0,109056975.0,14.0,4.0
INTS,17.758206565252202,22080.0,35615.0,5122.0,4952.0
HCKT,17.742193755004003,483580.0,397900.0,2660.0,2964.0
AMCI,17.726180944755804,127300.0,220075.0,3898.0,3537.0
AORT,17.710168134507605,557020.0,542450.0,2498.0,2637.0
STRD,17.69415532425941,128720.0,95585.0,3890.0,4245.0
MRM,17.678142514011206,9360.0,9215.0,5563.0,5657.5
AMR,17.66212970376301,349920.0,260165.0,2986.5,3384.0
HAIN,17.64611689351481,696400.0,748265.0,2280.0,2294.0
LUCYW,17.630104083266612,6040.0,6475.0,5723.5,5789.5
NOG,17.614091273018413,2481200.0,3143090.0,956.0,793.0
OSIS,17.598078462770218,138820.0,178145.0,3829.0,3731.0
HUYA,17.582065652522015,290960.0,421180.0,3151.0,2910.0
MIND,17.56605284227382,90380.0,84260.0,4185.0,4348.0
ACIU,17.55004003202562,185280.0,202790.0,3556.0,3616.0
LNAI,17.53402722177742,18000.0,35480.0,5241.0,4954.0
DNN,17.518014411529222,26358180.0,24656910.0,77.0,76.0
GRO,17.502001601281027,135220.0,151445.0,3852.0,3883.0
DEC,17.485988791032824,879120.0,864765.0,2040.0,2115.0
SXTP,17.46997598078463,252100.0,115735.0,3280.0,4106.0
ANVS,17.45396317053643,641320.0,815840.0,2367.0,2182.0
WFRD,17.43795036028823,1130760.0,1560525.0,1752.0,1451.0
QXO-PB,17.42193755004003,106352.2,96968.15,4049.0,4231.0
SOGP,17.405924739791836,14220.0,12580.0,5375.0,5526.0
POWL,17.389911929543636,893400.0,797090.0,2021.0,2207.0
INTU,17.373899119295437,4741700.0,4359185.0,527.0,577.0
TNXP,17.357886309047238,488320.0,516095.0,2648.0,2697.0
SBSW,17.34187349879904,4070400.0,4902755.0,614.0,505.0
IREN,17.32586068855084,52149660.0,47259600.0,27.0,22.0
PRT,17.30984787830264,33240.0,38385.0,4894.0,4905.0
TOMZ,17.293835068054445,18960.0,38615.0,5214.0,4901.0
GDEV,17.277822257806243,960.0,5470.0,6123.0,5857.0
OLN,17.261809447558047,2867340.0,2983735.0,856.0,835.0
CSAN,17.245796637309848,1081180.0,932595.0,1794.0,2030.0
SND,17.22978382706165,324140.0,304380.0,3058.0,3221.0
CNF,17.21377101681345,5500.0,39770.0,5758.5,4882.5
DOMH,17.197758206565254,104160.0,62935.0,4067.0,4564.0
ASPI,17.18174539631705,4239820.0,4142450.0,588.0,611.0
MRAM,17.165732586068856,979360.0,1178475.0,1914.0,1764.0
WVE,17.149719775820657,2427820.0,2392005.0,973.0,1021.0
RDACU,17.133706965572458,0.0,0.0,6301.5,6308.5
CLIR,17.11769415532426,12800.0,11950.0,5425.0,5545.5
PWP,17.101681345076063,1272000.0,1058245.0,1619.0,1887.0
CLLS,17.085668534827864,11280.0,15165.0,5483.0,5432.0
TSAT,17.069655724579665,194460.0,206790.0,3518.0,3602.0
TLSIW,17.053642914331466,500.0,3895.0,6181.5,5945.5
ARVN,17.037630104083267,540660.0,589445.0,2529.0,2552.0
MBAI,17.021617293835067,22720.0,50215.0,5103.5,4718.0
EVGO,17.00560448358687,4065940.0,3287245.0,615.0,762.0
TZOO,16.989591673338673,223160.0,110775.0,3398.0,4136.0
ZG,16.97357886309047,1427100.0,1119885.0,1514.0,1819.0
GRNT,16.957566052842274,669220.0,778050.0,2319.0,2243.0
PMT,16.941553242594075,1669820.0,1678725.0,1345.0,1369.0
BOLT,16.925540432345876,6740.0,13415.0,5697.0,5488.5
WBUY,16.909527622097677,1368540.0,9556165.0,1551.0,248.0
EVI,16.89351481184948,65060.0,66055.0,4426.5,4522.0
LXU,16.87750200160128,982300.0,749885.0,1910.0,2293.0
GAME,16.861489191353083,358720.0,764480.0,2969.0,2272.0
CNEY,16.845476381104884,239900.0,5103590.0,3324.0,482.0
XTNT,16.829463570856685,28460.0,94450.0,4970.0,4257.0
EVLV,16.813450760608486,2249640.0,1831550.0,1049.0,1284.0
PPSI,16.79743795036029,65280.0,65425.0,4423.0,4531.0
CXAI,16.781425140112088,4983500.0,4262375.0,502.0,592.0
SACH,16.765412329863892,124360.0,126170.0,3928.0,4039.0
ERII,16.749399519615693,865660.0,706175.0,2061.0,2367.0
Z,16.733386709367494,3266280.0,3308745.0,751.0,758.0
HSAI,16.717373899119295,1822980.0,1606855.0,1264.0,1420.0
NXXT,16.701361088871096,2061000.0,7807945.0,1137.0,310.0
BWXT,16.6853482786229,869760.0,868760.0,2057.0,2107.0
ZJYL,16.669335468374697,6200.0,14585.0,5718.0,5452.0
PFLT,16.653322658126502,1102840.0,1328855.0,1775.5,1622.0
SCM,16.637309847878303,215560.0,260035.0,3436.0,3386.0
NG,16.621297037630104,4858820.0,5260450.0,518.0,464.0
PONY,16.605284227381905,3744360.0,3422245.0,666.0,736.0
STN,16.58927141713371,511220.0,446330.0,2593.5,2854.0
CURI,16.573258606885506,259420.0,308305.0,3259.0,3211.0
LONA,16.55724579663731,15200.0,39345.0,5346.0,4892.0
MTZ,16.54123298638911,1448500.0,1234890.0,1495.0,1710.0
SQM,16.525220176140913,1089880.0,978305.0,1786.0,1978.0
WRN,16.509207365892713,1227580.0,1606415.0,1669.0,1421.0
IRIX,16.493194555644518,44420.0,47505.0,4680.0,4760.0
PCSA,16.477181745396315,2278240.0,627515.0,1037.0,2492.0
SHMD,16.46116893514812,430140.0,624325.0,2766.0,2494.0
SNAP,16.44515612489992,30486840.0,31928725.0,61.0,49.0
VIOT,16.42914331465172,68040.0,168345.0,4392.0,3779.0
BRBI,16.413130504403522,0.0,310.0,6301.5,6239.5
LIVE,16.397117694155323,5900.0,11655.0,5728.0,5559.0
WRD,16.381104883907124,1824100.0,2044695.0,1263.0,1168.0
JG,16.36509207365893,12300.0,14975.0,5449.0,5440.0
TTD,16.34907926341073,18182380.0,13355625.0,128.0,167.0
TTGT,16.33306645316253,580560.0,369795.0,2456.0,3036.0
TII,16.31705364291433,249280.0,374760.0,3294.0,3021.0
APVO,16.301040832666132,16560.0,93825.0,5294.5,4263.0
GRRR,16.285028022417936,849080.0,1380930.0,2081.5,1572.0
BRBR,16.269015212169734,3823640.0,4161340.0,654.0,605.0
CNL,16.253002401921538,38260.0,59955.0,4795.0,4594.0
SITE,16.23698959167334,1518000.0,856440.0,1442.0,2128.0
MTDR,16.22097678142514,3053660.0,1971840.0,802.0,1202.0
CION,16.20496397117694,359580.0,484135.0,2964.0,2771.0
NRXS,16.188951160928745,113680.0,73490.0,4002.0,4443.0
ROLR,16.172938350680543,67840.0,79055.0,4394.0,4398.0
FOFO,16.156925540432347,24380.0,31875.0,5066.5,5013.5
LDOS,16.140912730184148,1331560.0,1430050.0,1578.0,1542.0
APRE,16.12489991993595,55900.0,55990.0,4534.0,4649.0
GIG,16.10888710968775,134680.0,,3856.5,
COHR,16.09287429943955,6001060.0,4697415.0,426.0,532.0
FIP,16.07686148919135,1154180.0,888755.0,1729.0,2083.0
ADEA,16.060848678943156,1291130.0,1284049.0,1602.0,1663.0
IE,16.044835868694957,1522120.0,2045695.0,1439.0,1167.0
PLRZ,16.028823058446758,81720.0,56745.0,4256.0,4635.0
LI,16.01281024819856,4184580.0,4045355.0,596.0,633.0
DIOD,15.996797437950361,480520.0,467030.0,2666.0,2810.0
VELO,15.98078462770216,1492620.0,1793370.0,1464.0,1308.0
KPTI,15.964771817453963,1237140.0,735885.0,1658.0,2319.0
HAL,15.948759007205766,11854580.0,12175545.0,195.0,186.0
SAMG,15.932746196957567,49740.0,54570.0,4608.0,4667.5
SYM,15.916733386709367,1686920.0,1457565.0,1334.0,1519.0
RNTX,15.900720576461168,381960.0,391210.0,2894.0,2980.0
PLG,15.884707766212971,838720.0,931620.0,2093.0,2032.0
BPRE,15.868694955964772,923600.0,889565.0,1971.0,2082.0
SHEN,15.852682145716573,666400.0,495920.0,2320.0,2745.0
PPIH,15.836669335468375,84480.0,74710.0,4230.0,4427.0
CATX,15.820656525220175,828580.0,1558845.0,2110.0,1452.0
SKIN,15.804643714971977,937080.0,5620570.0,1957.0,438.0
CLB,15.78863090472378,964040.0,859075.0,1936.0,2122.0
CAMT,15.772618094475579,589320.0,514665.0,2439.0,2703.0
FIGS,15.756605284227382,2620820.0,2837060.0,922.0,886.0
OCCI,15.740592473979184,171840.0,238290.0,3627.0,3465.0
ANNA,15.724579663730983,204740.0,345085.0,3476.0,3106.0
CENX,15.708566853482786,1433380.0,1750470.0,1508.0,1334.0
LAFAR,15.692554043234589,1400.0,3000.0,6076.0,6005.0
BRIA,15.676541232986388,12720.0,129670.0,5428.0,4022.0
BRLT,15.66052842273819,53880.0,38320.0,4560.0,4906.0
SMTK,15.644515612489993,422100.0,500415.0,2789.0,2728.0
LXEO,15.628502802241792,740340.0,959910.0,2216.0,1996.0
BKV,15.612489991993595,1137940.0,798560.0,1745.0,2204.0
RUN,15.596477181745398,10126140.0,10059965.0,228.0,232.0
BIOX,15.580464371497198,74100.0,106135.0,4319.5,4164.0
RDAC,15.564451561249,9000.0,20020.0,5579.0,5292.0
WSO,15.5484387510008,858280.0,482075.0,2069.0,2775.0
SNPS,15.532425940752603,2238360.0,1933155.0,1055.0,1223.0
BYSI,15.516413130504404,14500.0,25780.0,5367.5,5138.0
NXE,15.500400320256205,5623260.0,4798565.0,443.0,518.0
GSIT,15.484387510008007,690140.0,786155.0,2287.0,2225.0
BCARU,15.468374699759806,20.0,1410.0,6256.0,6121.0
ASPS,15.452361889511609,33560.0,24335.0,4887.5,5179.0
GSIW,15.436349079263412,22180.0,13725.0,5119.0,5475.0
TDS,15.42033626901521,779980.0,982140.0,2173.0,1973.0
GNRC,15.404323458767013,1815900.0,1118520.0,1270.0,1821.0
MOD,15.388310648518816,2724900.0,1599895.0,893.0,1426.0
DLPN,15.372297838270615,9700.0,15470.0,5546.5,5423.0
XTLB,15.356285028022418,2920.0,17610.0,5945.0,5357.0
CCJ,15.34027221777422,3507560.0,3822680.0,711.0,671.0
RENT,15.32425940752602,74100.0,60305.0,4319.5,4586.0
KTOS,15.308246597277822,3060900.0,3692550.0,798.0,696.0
CAVA,15.292233787029625,3409880.0,3423720.0,726.0,735.0
OPEN,15.276220976781424,36296340.0,79647155.0,45.0,10.0
AEYE,15.260208166533227,74060.0,92180.0,4323.0,4276.0
MSAI,15.24419535628503,18500.0,23045.0,5229.0,5209.0
ELME,15.228182546036829,1616260.0,1471185.0,1384.0,1512.0
TCRT,15.212169735788631,9580.0,12745.0,5555.0,5518.0
AHG,15.196156925540432,6840.0,8445.0,5694.0,5689.0
AMTD,15.180144115292235,16480.0,9120.0,5300.5,5664.0
NPWR,15.164131305044034,669600.0,716500.0,2317.0,2347.0
GDS,15.148118494795836,1722520.0,1784240.0,1313.0,1317.0
ALBT,15.13210568454764,527507.4,,2555.0,
NUS,15.116092874299438,442500.0,572480.0,2745.0,2583.0
DOW,15.100080064051241,11747740.0,10755450.0,198.0,206.0
AENT,15.084067253803044,11780.0,13515.0,5466.5,5486.0
NEUP,15.068054443554843,169520.0,458645.0,3640.0,2828.0
QSI,15.052041633306645,2919100.0,2900620.0,846.0,865.0
NN,15.036028823058448,2124980.0,2222175.0,1112.0,1097.0
PSNY,15.020016012810247,188440.0,160040.0,3540.0,3828.0
FEDU,15.00400320256205,480.0,445.0,6186.0,6218.0
EPM,14.987990392313852,359220.0,317510.0,2966.0,3181.0
TCPC,14.971977582065652,539460.0,606190.0,2531.0,2527.0
FRGT,14.955964771817454,22760.0,110575.0,5101.0,4141.0
OSRH,14.939951961569257,415020.0,777985.0,2809.0,2245.0
OYSER,14.923939151321056,660.0,1510.0,6160.0,6115.0
KEN,14.907926341072859,23440.0,21580.0,5085.0,5249.0
DOGZ,14.89191353082466,27760.0,29515.0,4984.0,5064.0
TARA,14.87590072057646,453160.0,498895.0,2716.0,2732.0
IBTA,14.859887910328261,142080.0,162935.0,3802.0,3812.0
GEVO,14.843875100080064,3113920.0,3533195.0,779.0,718.0
ORBS,14.827862289831867,15711080.0,12968615.0,152.0,172.0
TIMB,14.811849479583666,710920.0,548620.0,2264.0,2621.0
OXSQ,14.795836669335468,827760.0,1424465.0,2111.0,1544.0
RIG,14.779823859087271,52160420.0,40466070.0,26.0,33.0
CRC,14.76381104883907,812580.0,728510.0,2130.0,2328.0
STEX,14.747798238590873,758000.0,1698585.0,2193.0,1361.0
TMQ,14.731785428342675,1102560.0,1575100.0,1777.0,1438.0
LBTYB,14.715772618094475,2260.0,4645.0,6002.0,5903.0
GLXY,14.699759807846277,6498840.0,6129885.0,387.0,407.0
AOSL,14.68374699759808,663460.0,661420.0,2329.0,2430.0
HOVR,14.667734187349879,941560.0,1349285.0,1955.0,1602.0
VAL,14.651721377101682,1086860.0,868300.0,1788.0,2108.0
GFS,14.635708566853484,4464380.0,3671505.0,559.0,698.0
VFS,14.619695756605283,509340.0,420695.0,2601.0,2912.0
TRON,14.603682946357086,511420.0,451340.0,2592.0,2838.0
MIR,14.587670136108887,5528100.0,4119110.0,448.0,616.0
BMRA,14.571657325860688,9180.0,6735.0,5569.0,5770.5
GBFH,14.55564451561249,149540.0,81900.0,3749.0,4378.0
JWEL,14.539631705364291,2140.0,1985.0,6015.5,6084.0
IRD,14.523618895116092,846180.0,878205.0,2087.0,2096.0
SWVL,14.507606084867893,24760.0,17755.0,5059.0,5350.0
GLDG,14.491593274619696,674080.0,645355.0,2314.0,2458.0
SHIM,14.475580464371497,92400.0,65595.0,4169.0,4527.0
ICU,14.459567654123298,58980.0,82830.0,4489.0,4364.0
SMRT,14.4435548438751,1429480.0,1818610.0,1511.0,1288.0
GYRE,14.427542033626903,44100.0,65485.0,4685.5,4530.0
TTMI,14.411529223378702,3939700.0,2671355.0,638.0,936.0
RAIN,14.395516413130505,11020.0,16175.0,5491.5,5405.0
SRL,14.379503602882307,16460.0,30125.0,5303.0,5052.0
PASW,14.363490792634106,223280.0,1215415.0,3397.0,1725.0
GTN,14.347477982385909,1043140.0,1149700.0,1843.0,1792.0
EJH,14.331465172137712,21340.0,12035.0,5152.0,5540.5
AUST,14.31545236188951,104060.0,67560.0,4068.5,4505.0
GYRO,14.299439551641314,2860.0,1515.0,5950.0,6114.0
IQST,14.283426741393116,1616880.0,8256490.0,1383.0,290.0
SPRB,14.267413931144915,68300.0,65015.0,4390.0,4536.0
BODI,14.251401120896718,16840.0,24790.0,5282.0,5168.0
EHTH,14.235388310648519,214720.0,270590.0,3439.0,3348.0
HUIZ,14.21937550040032,5300.0,9875.0,5773.5,5635.0
ASST,14.203362690152122,2788680.0,2862530.0,877.0,875.0
FBYD,14.187349879903923,86240.0,135570.0,4216.0,3979.5
PLBL,14.171337069655724,160880.0,395980.0,3692.0,2968.0
SRTS,14.155324259407525,22260.0,21515.0,5115.5,5251.5
TRX,14.139311449159328,882060.0,1392040.0,2039.0,1566.0
HOUR,14.123298638911127,30720.0,68130.0,4934.0,4496.0
DTST,14.10728582866293,16480.0,12540.0,5300.5,5527.0
JRVR,14.091273018414732,224100.0,254120.0,3393.0,3413.0
WTF,14.075260208166535,5840.0,4840.0,5731.0,5888.0
NXGL,14.059247397918334,19040.0,91640.0,5210.5,4281.0
JVA,14.043234587670137,50840.0,41470.0,4595.0,4842.0
QS,14.02722177742194,34084800.0,29501930.0,49.0,54.0
TIGR,14.011208967173738,1785020.0,1862455.0,1284.0,1265.0
ORLA,13.995196156925541,2956140.0,3080400.0,836.0,810.0
AGI,13.979183346677344,5245080.0,4298030.0,474.0,586.0
WXM,13.963170536429143,15940.0,152975.0,5319.0,3875.0
HUMA,13.947157726180945,3308780.0,6665625.0,742.0,370.0
MYRG,13.931144915932748,486000.0,299095.0,2652.0,3242.0
BCG,13.915132105684547,17400.0,21290.0,5258.0,5259.0
PRCT,13.89911929543635,1403020.0,1521110.0,1528.0,1478.0
INSM,13.88310648518815,2262480.0,2322915.0,1045.0,1045.0
INDI,13.867093674939952,4773120.0,4788665.0,524.0,519.0
HOWL,13.851080864691752,1065800.0,766860.0,1817.0,2264.0
WIMI,13.835068054443555,198640.0,101855.0,3501.0,4189.0
FJET,13.819055244195354,554920.0,727315.0,2505.0,2329.0
RTO,13.803042433947157,2176520.0,1104180.0,1088.0,1842.0
UCL,13.78702962369896,7500.0,4705.0,5651.0,5900.0
NAMM,13.771016813450759,216180.0,279180.0,3433.0,3316.0
KRMN,13.755004003202561,2203540.0,3808830.0,1075.0,675.0
REKR,13.738991192954364,795440.0,1864495.0,2152.0,1263.0
CMTG,13.722978382706163,674940.0,553555.0,2312.0,2613.0
INR,13.706965572457966,340700.0,298615.0,3010.5,3243.0
RLMD,13.690952762209768,1244640.0,1650900.0,1643.0,1390.0
CVM,13.674939951961571,143560.0,370190.0,3787.0,3035.0
WDH,13.65892714171337,100820.0,134020.0,4098.0,3989.0
IMSR,13.642914331465173,1766900.0,1924090.0,1292.0,1229.0
LIXT,13.626901521216976,417300.0,,2799.0,
MFI,13.610888710968775,3660.0,7345.0,5899.5,5744.0
AA,13.594875900720577,4321920.0,5798315.0,577.0,422.0
BCAB,13.578863090472378,24120.0,44410.0,5074.0,4798.0
LEGN,13.562850280224179,4299120.0,2577250.0,581.0,954.0
MRKR,13.54683746997598,46500.0,61125.0,4647.0,4579.0
SKYQ,13.530824659727783,7731340.0,12462685.0,312.0,184.0
CLGN,13.514811849479583,18860.0,24360.0,5219.0,5178.0
BE,13.498799039231384,28093580.0,16900365.0,73.0,130.0
ANEB,13.482786228983187,220.0,420.0,6216.5,6222.5
WHR,13.466773418734986,2063220.0,2316155.0,1135.0,1049.0
FEBO,13.450760608486789,9640.0,4325.0,5551.0,5916.0
FIGR,13.434747798238591,2986000.0,2827010.0,826.0,887.0
ARBE,13.41873498799039,1356180.0,1591385.0,1557.0,1430.0
SGLY,13.402722177742193,88372.8,187625.35,4201.0,3696.0
VFF,13.386709367493996,731780.0,711005.0,2235.0,2357.0
ARBB,13.370696557245795,3300.0,2805.0,5924.5,6020.0
CGTX,13.354683746997598,387340.0,1133270.0,2880.0,1805.0
CTGO,13.3386709367494,388760.0,400690.0,2876.0,2960.0
CLVT,13.322658126501203,6720480.0,7548635.0,374.0,328.0
NNE,13.306645316253002,2202620.0,2174760.0,1077.0,1109.0
LFMD,13.290632506004805,818200.0,769875.0,2122.0,2261.0
QCLS,13.274619695756606,248040.0,193570.0,3297.0,3667.0
CRK,13.258606885508406,2721160.0,2532180.0,896.0,974.0
MOBX,13.24259407526021,5272900.0,1522560.0,471.0,1477.0
LUCY,13.22658126501201,237080.0,13609610.0,3337.0,162.0
BRRWW,13.210568454763811,15240.0,46250.0,5343.5,4774.0
NMRA,13.194555644515612,666060.0,812665.0,2321.0,2186.0
CDZI,13.178542834267414,1648320.0,1373695.0,1360.0,1580.0
PRPO,13.162530024019215,115680.0,113025.0,3983.0,4121.0
ACI,13.146517213771016,13508560.0,10040600.0,175.0,233.0
RENX,13.130504403522819,93280.0,67845.0,4162.0,4501.5
NB,13.114491593274618,2720560.0,2859550.0,897.0,876.0
NKTX,13.09847878302642,708460.0,812765.0,2267.0,2185.0
TLRY,13.082465972778223,7129180.0,4499225.0,349.0,559.0
RADX,13.066453162530022,445200.0,125720.0,2738.0,4041.0
WIX,13.050440352281825,1665220.0,1302635.0,1347.0,1648.0
AD,13.034427542033628,112760.0,210600.0,4008.0,3583.0
CABA,13.018414731785427,1837640.0,4023305.0,1255.0,637.0
LITE,13.00240192153723,5005260.0,4353605.0,496.0,580.0
SVRN,12.986389111289032,10640.0,9215.0,5506.0,5657.5
DBVT,12.970376301040831,403200.0,290985.0,2842.0,3263.0
MNY,12.954363490792634,5400.0,18915.0,5768.0,5316.0
AEIS,12.938350680544437,889740.0,693615.0,2029.0,2391.0
TUYA,12.922337870296237,577460.0,746100.0,2463.0,2299.0
ROL,12.906325060048038,7747520.0,6174870.0,310.0,404.0
SOLS,12.890312249799841,4863240.0,5130800.0,517.0,474.0
MLCI,12.874299439551642,11700.0,16325.0,5469.0,5400.0
ORCL,12.858286629303443,37032860.0,39100210.0,44.0,37.0
AEI,12.842273819055244,6800.0,13175.0,5695.0,5499.5
URG,12.826261008807046,6637440.0,7043175.0,380.0,349.0
IONS,12.810248198558845,2897640.0,4650875.0,851.0,539.0
LX,12.794235388310648,2459500.0,3215470.0,962.0,773.0
SMR,12.77822257806245,31798520.0,29097730.0,55.0,56.0
SRPT,12.76220976781425,3049080.0,3127725.0,803.0,799.0
RGNT,12.746196957566053,76400.0,130380.0,4297.0,4017.0
WSO-B,12.730184147317855,320.0,85.0,6206.0,6271.0
CRE,12.714171337069654,164200.0,673115.0,3674.0,2420.0
UPB,12.698158526821457,508500.0,476410.0,2604.0,2783.0
SQNS,12.68214571657326,70840.0,66270.0,4356.0,4520.0
AISP,12.666132906325059,441920.0,377110.0,2746.0,3015.0
QXO,12.650120096076861,19523520.0,27188185.0,120.0,63.0
GTE,12.634107285828664,270860.0,283945.0,3217.0,3295.0
DIT,12.618094475580463,740.0,3750.0,6148.0,5957.0
EAF,12.602081665332266,441040.0,369040.0,2747.0,3038.0
LUMN,12.586068855084068,11788400.0,11123680.0,196.0,198.0
QUIK,12.57005604483587,347760.0,336880.0,2995.0,3128.0
PPTA,12.55404323458767,1046520.0,1074245.0,1839.0,1867.0
VTSI,12.538030424339471,35500.0,40490.0,4855.0,4863.0
SIGA,12.522017614091274,1492660.0,798255.0,1463.0,2205.0
OBE,12.506004803843073,984140.0,893145.0,1909.0,2072.0
ARKR,12.489991993594876,1460.0,1730.0,6073.5,6100.0
PSKY,12.473979183346676,14117100.0,10313930.0,172.0,223.0
PHAT,12.457966373098479,2127380.0,1400930.0,1111.0,1562.0
ACRV,12.44195356285028,358460.0,471675.0,2970.0,2796.0
BRCB,12.42594075260208,240080.0,275450.0,3322.0,3331.0
STXS,12.409927942353884,1022980.0,1362260.0,1866.0,1594.0
PDSB,12.393915132105684,176580.0,277925.0,3597.0,3326.0
ASTI,12.377902321857485,331440.0,392255.0,3037.0,2979.0
RES,12.361889511609288,1628000.0,1381730.0,1377.5,1571.0
INTG,12.345876701361089,152820.0,103885.0,3732.0,4177.0
TLSA,12.32986389111289,156160.0,258990.0,3715.0,3396.0
ATNM,12.313851080864692,83280.0,86675.0,4240.5,4320.0
TMC,12.297838270616493,4216680.0,4132270.0,592.0,613.0
AUGO,12.281825460368296,595720.0,883885.0,2430.0,2089.0
OGI,12.265812650120097,186020.0,354115.0,3551.0,3082.0
IZM,12.249799839871898,78080.0,288540.0,4285.0,3274.0
DH,12.233787029623699,112920.0,220600.0,4007.0,3533.0
MDAI,12.217774219375501,165000.0,180770.0,3667.5,3717.5
IPGP,12.201761409127302,402520.0,356625.0,2846.0,3072.0
ANPA,12.185748598879103,71160.0,25545.0,4355.0,5143.0
ONMD,12.169735788630904,9167120.0,2380550.0,265.0,1025.0
VLN,12.153722978382705,892680.0,1035190.0,2022.0,1910.0
MOB,12.137710168134507,76960.0,84035.0,4292.0,4350.0
DAVA,12.121697357886308,448100.0,271040.0,2731.0,3345.0
KBSX,12.105684547638111,21180.0,11515.0,5157.0,5563.0
QNRX,12.089671737389912,13860.0,23215.0,5388.0,5202.0
NOK,12.073658927141713,105180380.0,97822085.0,7.0,6.0
NVTS,12.057646116893515,20678600.0,16188335.0,110.0,137.0
GLIBA,12.041633306645316,59400.0,73995.0,4487.0,4437.0
CELU,12.025620496397117,71760.0,98820.0,4349.0,4217.0
CIEN,12.00960768614892,2454780.0,2008640.0,965.0,1182.0
PNNT,11.99359487590072,504700.0,615880.0,2609.0,2510.0
NFGC,11.977582065652522,1262380.0,1364025.0,1624.0,1589.0
ARCT,11.961569255404324,369280.0,560030.0,2933.0,2604.0
ARDX,11.945556445156125,1991340.0,2691275.0,1174.0,932.0
CVRX,11.929543634907928,204380.0,239470.0,3479.0,3459.0
LPL,11.913530824659729,3825320.0,3435005.0,653.0,732.0
ALNY,11.89751801441153,3025180.0,1992740.0,811.0,1192.0
GLIBK,11.88150520416333,447840.0,560880.0,2732.0,2601.0
MLEC,11.865492393915131,5160.0,12710.0,5782.5,5521.0
RTACW,11.849479583666934,21940.0,20120.0,5129.5,5290.0
MSGY,11.833466773418735,97760.0,182205.0,4127.0,3715.0
SEI,11.817453963170536,5370660.0,3853405.0,458.0,668.0
EGHT,11.801441152922337,2359360.0,1881085.0,1002.0,1250.0
VRT,11.78542834267414,10465400.0,5877160.0,220.0,418.0
ALB-PA,11.76941553242594,95320.6,396393.55,4146.0,2965.0
WBTN,11.753402722177741,333700.0,340610.0,3034.0,3117.0
SLE,11.737389911929544,8200.0,15325.0,5621.0,5427.0
UAVS,11.721377101681345,648120.0,630115.0,2356.0,2486.0
VNDA,11.705364291433147,789560.0,849135.0,2157.0,2139.0
MGRT,11.689351481184948,27860.0,17660.0,4980.5,5355.0
GSM,11.673338670936749,1435900.0,1629015.0,1502.0,1402.0
HIT,11.657325860688552,36480.0,53700.0,4830.5,4678.0
GWH,11.641313050440353,453200.0,674310.0,2715.0,2418.0
IDR,11.625300240192153,237180.0,207970.0,3335.5,3593.5
GGR,11.609287429943956,13480.0,9265.0,5407.0,5653.0
LMB,11.593274619695757,186500.0,175210.0,3548.0,3748.0
NBP,11.577261809447558,234320.0,469665.0,3353.0,2799.0
CTRI,11.56124899919936,1532460.0,1478275.0,1433.0,1505.0
LOT,11.545236188951161,59540.0,94980.0,4486.0,4250.0
TWAV,11.529223378702962,96580.0,61525.0,4135.0,4576.0
LUD,11.513210568454763,4520.0,14850.0,5830.0,5441.0
BMBL,11.497197758206564,1885680.0,2068650.0,1226.0,1161.0
BCDA,11.481184947958367,179520.0,371695.0,3584.0,3029.0
OCGN,11.465172137710168,4902200.0,5004305.0,510.0,495.0
CRVO,11.449159327461969,277200.0,507305.0,3198.0,2716.0
LTBR,11.433146517213771,948040.0,782910.0,1951.0,2235.0
AMKR,11.417133706965572,12365840.0,6282720.0,188.0,395.0
SRFM,11.401120896717373,1467260.0,4184945.0,1481.0,601.0
EQX,11.385108086469176,14605600.0,12061280.0,166.0,189.0
BBAI,11.369095276220976,25404580.0,25095485.0,81.0,74.0
BRFH,11.35308246597278,9760.0,6330.0,5543.0,5800.0
RNAZ,11.33706965572458,21320.0,25215.0,5153.0,5153.0
XRTX,11.321056845476381,21820.0,15150.0,5135.0,5434.5
IBO,11.305044035228184,12820.0,30610.0,5423.0,5041.0
BLNK,11.289031224979984,1890960.0,1195645.0,1224.0,1742.0
OIS,11.273018414731785,665780.0,629880.0,2324.0,2487.0
LHAI,11.257005604483588,224540.0,8003540.0,3391.0,302.0
DTI,11.240992794235389,223060.0,224575.0,3400.0,3515.0
TOPP,11.22497998398719,170500.0,102240.0,3637.0,4184.0
METC,11.20896717373899,2170820.0,1542355.0,1092.0,1462.0
ZTS,11.192954363490792,4999920.0,5500960.0,499.0,448.0
EXOD,11.176941553242594,24240.0,42855.0,5072.0,4819.0
LHSW,11.160928742994395,70660.0,5695735.0,4360.0,430.0
BGS,11.144915932746196,2119640.0,2008115.0,1115.0,1183.0
USAS,11.128903122497999,3947940.0,3863700.0,637.0,666.0
NAGE,11.1128903122498,556160.0,692165.0,2502.0,2394.0
MSC,11.0968775020016,1840.0,2500.0,6046.5,6046.5
LPSN,11.080864691753403,83340.0,72055.0,4239.0,4460.0
NAK,11.064851881505204,5950400.0,5088035.0,429.0,484.0
STKE,11.048839071257005,203760.0,212740.0,3481.0,3576.0
RCAT,11.032826261008807,6719360.0,7930905.0,375.0,303.0
ALGS,11.016813450760608,129740.0,311935.0,3886.0,3197.0
INAB,11.00080064051241,56640.0,56330.0,4514.5,4642.0
INDP,10.984787830264212,164280.0,86190.0,3673.0,4326.0
SSM,10.968775020016013,16760.0,7550.0,5284.5,5736.0
AGRO,10.952762209767815,663180.0,678720.0,2330.0,2406.0
TSSI,10.936749399519616,539440.0,690370.0,2532.0,2397.0
FUBO,10.920736589271417,1185260.0,1319840.0,1698.0,1632.0
VIAV,10.90472377902322,5837580.0,4831425.0,436.0,513.0
MMA,10.88871096877502,104760.0,94870.0,4061.0,4253.0
PLUG,10.872698158526822,58431280.0,49296195.0,22.0,20.0
ALMU,10.856685348278623,551280.0,518045.0,2509.5,2689.0
ATXG,10.840672538030423,4900.0,4075.0,5796.5,5936.0
MIMI,10.824659727782224,70280.0,2782550.0,4364.5,901.0
GV,10.808646917534027,851880.0,288990.0,2077.0,3271.0
KC,10.792634107285828,1049380.0,1366800.0,1834.0,1586.0
SKYE,10.77662129703763,134560.0,119295.0,3858.0,4083.0
ACXP,10.760608486789431,75760.0,96660.0,4303.0,4236.0
PAHC,10.744595676541232,220480.0,260160.0,3411.0,3385.0
INTT,10.728582866293035,168780.0,167310.0,3647.0,3784.0
SONM,10.712570056044836,6520.0,37785.0,5706.0,4915.0
DCOY,10.696557245796637,251860.0,82270.0,3283.0,4372.0
UNCY,10.68054443554844,916740.0,1177750.0,1983.0,1767.0
LMFA,10.66453162530024,259346.4,,3261.0,
COCP,10.648518815052041,35480.0,26695.0,4856.0,5120.5
ATGL,10.632506004803844,700.0,6840.0,6152.5,5763.5
PKX,10.616493194555645,406420.0,384135.0,2832.0,2994.0
ARRY,10.600480384307447,6662920.0,6545630.0,377.0,376.0
LGCL,10.584467574059248,1484220.0,5349225.0,1467.0,459.0
FUTU,10.568454763811049,1270160.0,1453320.0,1620.0,1521.0
TWG,10.55244195356285,17200.0,17535.0,5264.5,5360.0
LDI,10.536429143314653,2165920.0,1936160.0,1095.0,1219.0
INBX,10.520416333066454,221260.0,300910.0,3406.0,3232.0
LYEL,10.504403522818254,151040.0,163910.0,3742.0,3805.0
BGI,10.488390712570055,107200.0,201735.0,4045.0,3619.0
WOLF,10.472377902321856,5100860.0,4004455.0,487.0,640.0
SHAK,10.456365092073659,1725540.0,1855530.0,1311.0,1266.0
SOBR,10.44035228182546,360380.0,25060735.0,2959.0,75.0
WETH,10.424339471577262,69900.0,108320.0,4375.0,4146.0
UEC,10.408326661329063,7669100.0,7658345.0,314.0,321.0
PLBY,10.392313851080864,533660.0,691020.0,2540.0,2396.0
METCB,10.376301040832667,55920.0,52250.0,4532.5,4693.0
FEAM,10.360288230584468,122380.0,210250.0,3940.0,3585.0
AMRC,10.344275420336269,605780.0,500825.0,2417.0,2727.0
PHAR,10.328262610088071,13620.0,8085.0,5401.0,5711.5
YJ,10.312249799839872,4140.0,14615.0,5856.5,5451.0
BORR,10.296236989591673,3854440.0,3922220.0,650.0,653.0
SVCO,10.280224179343476,394420.0,418315.0,2865.0,2919.0
ORN,10.264211369095277,1276340.0,617215.0,1617.0,2509.0
LGN,10.248198558847077,2012460.0,1561870.0,1166.0,1449.0
STRS,10.23218574859888,70120.0,109110.0,4371.5,4145.0
SMXT,10.216172938350681,332000.0,210915.0,3035.0,3582.0
CTNT,10.200160128102482,896520.0,427070.0,2018.0,2899.0
EVGN,10.184147317854283,68940.0,1984835.0,4386.0,1196.0
PRSO,10.168134507606084,317440.0,353180.0,3075.5,3084.0
RYM,10.152121697357886,9980.0,13580.0,5534.5,5482.0
CE,10.136108887109687,1978840.0,1760565.0,1181.0,1328.0
TELA,10.120096076861488,37900.0,54020.0,4804.0,4674.0
VFSWW,10.10408326661329,0.0,435.0,6301.5,6220.0
SPIR,10.088070456365092,560880.0,864950.0,2494.0,2114.0
HCWC,10.072057646116892,120200.0,444115.0,3948.0,2864.0
TGEN,10.056044835868695,353380.0,283515.0,2979.0,3296.0
YI,10.040032025620496,820.0,9080.0,6139.0,5666.5
BTBD,10.024019215372299,44240.0,23980.0,4684.0,5184.0
SRZN,10.0080064051241,434600.0,231350.0,2760.5,3488.0
SOUN,9.9919935948759,37907060.0,34497920.0,43.0,45.0
NAKA,9.975980784627703,125020.0,242475.0,3917.0,3450.0
SEV,9.959967974379504,179080.0,274050.0,3586.0,3335.0
PED,9.943955164131305,39180.0,32500.0,4773.0,5002.0
BGLC,9.927942353883108,23540.0,10125.0,5084.0,5627.0
STRO,9.911929543634908,226040.0,322550.0,3386.0,3164.0
SDA,9.89591673338671,54640.0,127630.0,4551.0,4030.0
WSHP,9.87990392313851,67660.0,83710.0,4402.0,4355.0
ALEC,9.863891112890313,331640.0,501485.0,3036.0,2724.0
UPLD,9.847878302642114,21420.0,18025.0,5150.0,5337.0
DFLI,9.831865492393915,241420.0,220285.0,3319.0,3535.0
IPX,9.815852682145715,295320.0,326160.0,3137.0,3154.0
PMEC,9.799839871897518,17180.0,15800.0,5267.0,5418.0
AMBR,9.783827061649319,16780.0,17140.0,5283.0,5372.0
PUMP,9.76781425140112,7633160.0,4890160.0,316.0,507.0
MYSZ,9.751801441152923,103840.0,50295.0,4072.0,4715.0
BBLG,9.735788630904723,36800.0,50230.0,4825.0,4717.0
TCX,9.719775820656524,100020.0,84355.0,4111.0,4346.0
FKWL,9.703763010408327,30600.0,28435.0,4938.0,5091.0
NMG,9.687750200160128,437660.0,589670.0,2755.5,2551.0
HUHU,9.67173738991193,26440.0,37515.0,5011.0,4921.0
CWD,9.655724579663731,296800.0,17754180.0,3128.5,121.0
REI,9.639711769415532,3186360.0,4798810.0,764.0,517.0
GLSI,9.623698959167335,125460.0,182890.0,3913.5,3711.0
SPRY,9.607686148919136,2944440.0,2281090.0,839.0,1065.0
NRGV,9.591673338670937,4057560.0,4445170.0,617.0,565.0
SAFX,9.57566052842274,2033680.0,3155975.0,1151.0,790.0
TGL,9.55964771817454,19440.0,40305.0,5201.0,4869.0
CYPH,9.543634907926341,1041040.0,1672940.0,1848.0,1372.0
JFU,9.527622097678142,1040.0,1860.0,6111.0,6089.5
GXAI,9.511609287429943,438340.0,265010.0,2753.0,3367.0
SLSN,9.495596477181746,36440.0,132185.0,4832.5,4006.0
VATE,9.479583666933546,104740.0,100655.0,4062.0,4199.0
BDTX,9.463570856685347,742660.0,946510.0,2213.0,2015.0
NERV,9.44755804643715,159020.0,183390.0,3702.0,3710.0
IXHL,9.431545236188951,84700.0,182295.0,4227.0,3713.0
LNKS,9.415532425940752,41860.0,63755.0,4723.0,4554.0
DLXY,9.399519615692554,73220.0,85340.0,4329.0,4335.0
ABAT,9.383506805444355,3265220.0,3210305.0,752.0,774.0
LYRA,9.367493995196156,440.8,13156.85,6191.0,5502.0
CBAT,9.351481184947959,125520.0,156490.0,3912.0,3851.0
SNT,9.33546837469976,11620.0,20345.0,5471.0,5285.0
SINT,9.31945556445156,18940.0,24855.0,5215.0,5164.0
MTR,9.303442754203363,4400.0,6980.0,5844.5,5757.0
RDCM,9.287429943955164,280340.0,158940.0,3183.0,3835.0
WWR,9.271417133706967,669560.0,656830.0,2318.0,2439.0
AAUC,9.255404323458768,1217440.0,709825.0,1673.0,2360.0
ARAY,9.239391513210569,2686900.0,1492910.0,905.0,1497.0
INBS,9.223378702962371,38440.0,83705.0,4794.0,4356.0
JSPR,9.207365892714172,482000.0,3192240.0,2662.0,779.0
BTAI,9.191353082465973,406180.0,1458390.0,2833.0,1518.0
MP,9.175340272217774,7099680.0,5456755.0,352.0,452.0
KLRS,9.159327461969575,104700.0,652685.0,4063.0,2445.0
CMCT,9.143314651721376,21000.0,21930.0,5161.5,5244.0
JFB,9.127301841473178,216640.0,259230.0,3428.0,3393.0
CC,9.11128903122498,1881600.0,2267790.0,1229.0,1070.0
TAOX,9.095276220976782,97520.0,84255.0,4132.0,4349.0
BW,9.079263410728583,3822240.0,3580510.0,655.0,712.0
FRSX,9.063250600480384,117900.0,81130.0,3964.0,4384.0
EMPD,9.047237790232186,519460.0,468305.0,2577.0,2806.0
ICG,9.031224979983987,67800.0,97275.0,4397.0,4229.0
MWG,9.015212169735788,1740.0,8080.0,6053.0,5713.0
TROX,8.99919935948759,2316460.0,2250160.0,1020.0,1080.0
BAK,8.983186549239392,1903980.0,1810455.0,1213.0,1294.0
AIV,8.967173738991193,757900.0,1070930.0,2194.0,1871.0
DFDV,8.951160928742995,598580.0,678210.0,2427.0,2409.0
EEIQ,8.935148118494796,8980.0,17145.0,5581.5,5371.0
EONR,8.919135308246599,642720.0,953300.0,2365.0,2005.0
DVLT,8.9031224979984,12240580.0,13514610.0,189.0,165.0
WLK,8.8871096877502,1243120.0,1020215.0,1650.0,1932.0
CTOR,8.871096877502001,32000.0,59055.0,4919.0,4612.5
GRI,8.855084067253802,25200.0,33935.0,5040.5,4977.0
HTCR,8.839071257005603,23940.0,29210.0,5078.0,5072.0
CLNN,8.823058446757406,69360.0,61740.0,4381.0,4574.0
CYN,8.807045636509207,149060.0,155255.0,3754.0,3858.0
INVZ,8.791032826261008,6904380.0,2935505.0,368.0,847.0
PAVM,8.77502001601281,6500.0,13205.0,5707.5,5493.5
MCRB,8.759007205764611,63800.0,98835.0,4436.0,4216.0
LENZ,8.734987990392314,892120.0,1089430.0,2024.0,1852.0
LFT,8.734987990392314,260760.0,193885.0,3252.0,3663.0
TCRX,8.710968775020016,742600.0,828765.0,2214.0,2170.0
ENVX,8.694955964771818,8238720.0,6441295.0,287.0,385.0
EVAX,8.678943154523619,11600.0,14320.0,5472.0,5459.5
CNSP,8.66293034427542,4440.0,9085.0,5840.0,5665.0
EVO,8.646917534027223,61400.0,65100.0,4465.0,4535.0
ORIO,8.630904723779024,34820.0,36875.0,4868.5,4931.0
BKSY,8.614891913530824,1105180.0,1213225.0,1769.0,1729.0
ALB,8.598879103282627,2161780.0,2050630.0,1097.0,1166.0
NTRP,8.582866293034428,30880.0,386040.0,4933.0,2992.0
ENSC,8.566853482786229,241380.0,1280760.0,3320.5,1668.0
BEAT,8.550840672538031,272480.0,1066065.0,3210.0,1875.0
AAME,8.534827862289832,3500.0,10695.0,5913.5,5598.0
SILO,8.518815052041633,19880.0,395200.0,5191.0,2973.0
JKS,8.502802241793434,562040.0,636270.0,2490.0,2471.0
ATCH,8.486789431545235,1825120.0,3198640.0,1262.0,777.0
FN,8.470776621297038,862280.0,783630.0,2065.0,2231.0
COE,8.454763811048839,32500.0,22015.0,4909.0,5240.0
CABO,8.43875100080064,198360.0,221300.0,3504.0,3528.0
ACON,8.422738190552442,58660.0,41280.0,4493.0,4847.0
SY,8.406725380304243,306200.0,251460.0,3102.0,3419.0
BMR,8.390712570056044,57900.0,73125.0,4500.5,4449.0
DXYZ,8.374699759807847,1277280.0,1063790.0,1616.0,1879.0
UONE,8.358686949559647,7160.0,8095.0,5672.5,5710.0
FLY,8.34267413931145,3532280.0,3421495.0,705.0,737.0
ABR,8.326661329063251,3651160.0,3619835.0,684.0,706.0
EU,8.310648518815052,2856860.0,2591230.0,859.0,952.0
DQ,8.294635708566855,1003360.0,783315.0,1887.0,2233.0
MIST,8.278622898318655,1724880.0,1179940.0,1312.0,1760.0
COOT,8.262610088070456,431560.0,262450.0,2763.0,3379.0
RDHL,8.246597277822259,66360.0,70320.0,4417.0,4481.0
FUFU,8.23058446757406,151840.0,142455.0,3736.0,3946.0
LZM,8.21457165732586,350140.0,454205.0,2985.0,2836.0
UCAR,8.198558847077662,249620.0,604380.0,3291.0,2529.0
CELC,8.182546036829464,1542540.0,1843550.0,1427.0,1275.0
SQFT,8.166533226581265,3460.0,4090.0,5916.5,5935.0
CLIK,8.150520416333066,40500.0,370950.0,4748.0,3033.0
PROP,8.134507606084867,1080240.0,1306870.0,1796.0,1644.0
TMDE,8.11849479583667,233960.0,419225.0,3354.0,2916.0
KSCP,8.10248198558847,1969520.0,2168250.0,1187.0,1113.0
GILT,8.086469175340271,644320.0,535110.0,2363.0,2649.0
OKLO,8.070456365092074,9089400.0,8767040.0,266.0,274.0
PLAB,8.054443554843875,964640.0,1042650.0,1934.0,1905.0
RDZN,8.038430744595676,412940.0,376950.0,2819.0,3017.0
ALM,8.022417934347478,6917380.0,6316010.0,367.0,391.0
SLDP,8.00640512409928,4307320.0,3919700.0,579.0,654.0
HKPD,7.99039231385108,317440.0,1495390.0,3075.5,1494.0
SPRU,7.974379503602883,40260.0,28830.0,4753.0,5080.0
DCX,7.958366693354684,3666920.0,2265855.0,677.0,1073.0
UPXI,7.9423538831064855,923000.0,1256110.0,1973.0,1691.0
SIDU,7.926341072858286,4593440.0,6261325.0,544.0,396.0
SORA,7.910328262610087,56240.0,121230.0,4524.0,4070.0
NOTE,7.89431545236189,137740.0,214965.0,3836.0,3565.0
AMPY,7.878302642113691,567420.0,613685.0,2475.0,2515.0
TVRD,7.862289831865492,682060.0,6739590.0,2298.0,365.0
GAIA,7.846277021617294,34500.0,86635.0,4875.0,4321.0
BYND,7.830264211369095,17158440.0,26359045.0,138.0,68.0
ARI,7.814251401120896,3632940.0,6221950.0,688.0,398.0
HUDI,7.798238590872699,14180.0,32205.0,5377.0,5004.0
HYPD,7.7822257806245,236820.0,251175.0,3340.0,3420.0
CDXS,7.766212970376301,3531580.0,1430980.0,706.0,1541.0
KODK,7.750200160128102,660440.0,744250.0,2335.0,2301.0
LEXX,7.734187349879903,194500.0,110585.0,3517.0,4140.0
CRWV,7.718174539631706,30889300.0,25641030.0,58.0,71.0
PRZO,7.702161729383507,561940.0,439105.0,2491.0,2876.0
RR,7.686148919135308,6340120.0,6953855.0,401.0,351.0
DRCT,7.67013610888711,13820.0,25245.0,5391.0,5151.0
AMSC,7.654123298638911,1096780.0,776190.0,1781.0,2250.0
CAPS,7.638110488390712,60880.0,298165.0,4475.5,3245.0
CRGO,7.622097678142515,21960.0,50835.0,5128.0,4712.0
THH,7.606084867894316,95680.0,106565.0,4143.0,4160.0
SSP,7.590072057646117,453900.0,606045.0,2712.0,2528.0
AESI,7.574059247397918,5143360.0,3317975.0,484.0,757.0
PSTV,7.558046437149719,63300.0,122745.0,4442.0,4063.0
INO,7.542033626901522,8361580.0,3115755.0,285.0,802.0
FMFC,7.526020816653323,132480.0,122820.0,3873.0,4062.0
ELVR,7.510008006405124,43660.0,54050.0,4692.5,4673.0
LRHC,7.493995196156926,65840.0,117645.0,4420.0,4092.0
BDMD,7.477982385908727,39620.0,49645.0,4761.0,4725.0
VENU,7.461969575660528,348500.0,458900.0,2993.0,2827.0
GAUZ,7.44595676541233,115580.0,148760.0,3985.0,3899.0
LAR,7.429943955164131,1749800.0,1670555.0,1299.0,1374.0
MYSEW,7.413931144915933,40.0,315.0,6252.5,6238.0
REBN,7.397918334667734,338920.0,101580.0,3019.0,4191.0
VGAS,7.381905524419535,56600.0,32030.0,4517.0,5008.0
USAR,7.365892714171338,11107880.0,10342910.0,208.0,222.0
NSPR,7.349879903923139,40420.0,58060.0,4750.0,4626.0
IMNN,7.3338670936749395,181220.0,257055.0,3578.0,3405.0
ZJK,7.317854283426742,9120.0,12085.0,5572.0,5538.0
FGI,7.301841473178543,11220.0,28930.0,5486.5,5078.0
NCNA,7.285828662930344,16160.0,58545.0,5310.0,4622.0
ATYR,7.269815852682146,732160.0,1422980.0,2234.0,1545.0
IHRT,7.253803042433947,616680.0,603990.0,2400.0,2531.0
AUUD,7.237790232185748,162000.0,248210.0,3686.0,3429.0
WKSP,7.22177742193755,202100.0,387285.0,3485.0,2988.0
EOSE,7.205764611689351,29566640.0,27676025.0,65.0,61.0
SJT,7.189751801441154,116680.0,203555.0,3976.0,3613.0
CTSO,7.1737389911929546,54900.0,60250.0,4549.0,4588.0
LIDR,7.157726180944755,834520.0,593400.0,2101.0,2546.0
WNW,7.141713370696558,75100.0,209075.0,4307.5,3589.0
NXTC,7.125700560448359,562920.0,6348395.0,2488.0,389.0
OMEX,7.10968775020016,250680.0,489330.0,3289.0,2759.0
FGMC,7.093674939951962,528980.0,,2550.0,
GFAI,7.0776621297037625,242140.0,196195.0,3316.0,3651.0
LZMH,7.061649319455563,39460.0,51545.0,4766.0,4706.0
USGO,7.045636509207366,45360.0,58955.0,4664.5,4616.0
COSM,7.029623698959167,3621540.0,10971100.0,690.0,199.0
BTTC,7.01361088871097,31200.0,56530.0,4928.0,4639.5
SMSI,6.9975980784627705,14340.0,23940.0,5373.0,5188.0
YXT,6.981585268214571,7220.0,6019.0,5667.0,5825.0
STKH,6.965572457966374,12073040.0,3330938.3,193.0,754.0
INVE,6.949559647718175,188780.0,217995.0,3539.0,3547.0
LESL,6.933546837469976,1323360.0,1534175.0,1584.0,1470.0
PRTS,6.917534027221778,23300.0,18665.0,5087.5,5321.0
SAGT,6.9015212169735785,196480.0,174140.0,3511.0,3753.0
HYMC,6.885508406725379,1455380.0,1540560.0,1489.0,1464.0
NVX,6.869495596477182,174140.0,193515.0,3613.5,3668.0
BLSH,6.853482786228983,1783800.0,1339515.0,1286.0,1612.0
GOVX,6.8374699759807855,207040.0,243855.0,3472.0,3446.0
TOVX,6.821457165732586,546200.0,2486175.0,2519.0,994.0
MERC,6.805444355484387,221840.0,677955.0,3405.0,2410.0
EVTL,6.789431545236189,2346120.0,2244025.0,1006.0,1084.0
SUIG,6.77341873498799,406900.0,278540.0,2830.0,3321.0
BEEM,6.757405924739792,300080.0,619480.0,3118.0,2504.0
YCBD,6.7413931144915935,223320.0,240840.0,3395.5,3453.0
RAYA,6.725380304243394,6940.0,45115.0,5688.5,4789.0
FOXX,6.709367493995195,8440.0,16600.0,5610.0,5390.0
YRD,6.693354683746998,36020.0,3075370.0,4844.5,813.0
QNTM,6.677341873498799,51400.0,85085.0,4589.0,4341.0
EPOW,6.6613290632506015,28960.0,67235.0,4961.0,4509.0
FUSEW,6.645316253002402,5100.0,2350.0,5787.0,6059.0
ATCX,6.629303442754203,7360.0,10470.0,5657.0,5607.0
VVOS,6.613290632506005,156620.0,162000.0,3713.0,3816.0
CMCM,6.597277822257806,5000.0,6130.0,5791.0,5817.0
ZENA,6.581265012009608,1705380.0,1717410.0,1328.0,1353.0
CCB,6.5652522017614094,527220.0,212490.0,2558.0,3579.0
UUUU,6.54923939151321,6170260.0,6810925.0,415.0,358.0
LCFY,6.533226581265011,20660.0,11685.0,5168.0,5557.0
NHTC,6.517213771016814,37140.0,28315.0,4816.0,5094.0
DEFT,6.501200960768615,1515480.0,1817415.0,1445.0,1291.0
SLI,6.485188150520416,1790460.0,1740480.0,1283.0,1342.0
AQMS,6.469175340272218,22520.0,32195.0,5108.0,5005.0
CRCL,6.453162530024019,8189640.0,12416310.0,290.0,185.0
KLXE,6.437149719775821,124580.0,186210.0,3923.5,3702.0
NRSN,6.421136909527622,386620.0,169735.0,2882.0,3772.0
HERE,6.405124099279423,29440.0,82845.0,4957.0,4363.0
RVSN,6.389111289031225,10520.0,10895.0,5513.0,5591.0
KAPA,6.373098478783026,570380.0,6066685.0,2473.0,408.0
LOOP,6.357085668534827,91120.0,90375.0,4177.0,4294.0
TPET,6.34107285828663,2382500.0,4547775.0,993.0,553.0
BRLS,6.325060048038431,67500.0,51115.0,4403.0,4710.0
MSTR,6.309047237790232,14338900.0,16818505.0,169.0,131.0
UI,6.293034427542034,66160.0,87700.0,4419.0,4311.0
ZEO,6.277021617293835,25140.0,47905.0,5044.0,4755.0
XELB,6.261008807045637,23080.0,56240.0,5094.5,4644.0
FULC,6.244995996797438,920980.0,1511170.0,1975.0,1486.0
MTC,6.2289831865492395,34540.0,26545.0,4873.0,5123.0
LBRT,6.21297037630104,10090060.0,5438870.0,230.0,454.0
DFDVW,6.196957566052842,10440.0,5055.0,5520.0,5877.0
SNYR,6.180944755804644,176860.0,194495.0,3595.0,3657.0
RKDA,6.164931945556445,11980.0,69735.0,5464.0,4486.0
INV,6.148919135308247,1603040.0,1823880.0,1392.0,1286.0
CD,6.132906325060048,121660.0,170555.0,3942.5,3768.0
RDGT,6.116893514811849,338760.0,2535210.0,3020.0,972.0
UK,6.100880704563651,17600.0,40980.0,5248.5,4851.0
GORO,6.084867894315452,1795700.0,1380340.0,1279.0,1573.0
LOCL,6.068855084067254,18240.0,24820.0,5235.0,5166.0
UWMC,6.0528422738190555,15248680.0,16138830.0,160.0,139.0
SES,6.036829463570856,27485120.0,18149415.0,74.0,119.0
FLYX,6.020816653322658,660820.0,573900.0,2333.0,2580.0
PL,6.00480384307446,8520080.0,8190105.0,278.0,293.0
KTTA,5.988791032826261,378700.0,356095.0,2905.0,3074.0
UUU,5.972778222578063,12400.0,13605.0,5446.0,5481.0
STEM,5.956765412329864,140660.0,112880.0,3814.5,4122.0
PRFX,5.940752602081665,273820.0,182705.0,3208.0,3712.0
SLMT,5.924739791833467,58320.0,90595.0,4498.0,4291.0
SYPR,5.908726981585268,41360.0,45885.0,4731.0,4780.0
LAC,5.89271417133707,6606680.0,9919085.0,381.0,237.0
INUV,5.8767013610888705,239120.0,357390.0,3328.5,3070.0
FBLG,5.860688550840672,98400.0,74250.0,4122.0,4432.0
AAOI,5.844675740592474,9526020.0,8978340.0,249.0,267.0
GNS,5.828662930344276,2368660.0,2169695.0,997.0,1111.0
RVPH,5.812650120096077,57179.0,60352.55,4510.0,4585.0
HCTI,5.7966373098478785,310620.0,176640.0,3087.0,3738.0
OLB,5.78062449959968,111920.0,200350.0,4011.0,3627.0
BHST,5.764611689351481,97700.0,57575.0,4129.0,4630.0
VRM,5.748598879103282,2460.0,10550.0,5980.0,5604.0
NNOX,5.732586068855084,1016840.0,1162585.0,1870.0,1784.0
CRDF,5.716573258606886,1153900.0,1777645.0,1730.0,1320.0
BNR,5.7005604483586865,1260.0,16720.0,6092.0,5387.0
SERV,5.684547638110488,3598940.0,2950845.0,697.0,842.0
ATLX,5.66853482786229,271660.0,366640.0,3214.0,3042.0
LGO,5.652522017614092,509440.0,1131490.0,2599.5,1808.0
HYPR,5.636509207365893,551280.0,918770.0,2509.5,2046.0
BETR,5.620496397117694,221160.0,247500.0,3407.0,3433.0
AZTR,5.604483586869495,403820.0,1320620.0,2838.0,1630.0
SOAR,5.588470776621297,726220.0,1996265.0,2242.0,1191.0
EH,5.572457966373098,663880.0,1040390.0,2328.0,1908.0
CURX,5.5564451561249,55960.0,69150.0,4531.0,4489.0
GTM,5.5404323458767015,6655360.0,7847280.0,378.0,307.0
FTCI,5.524419535628502,302060.0,194960.0,3112.0,3655.0
BNAI,5.508406725380304,167220.0,194085.0,3655.0,3660.0
MODD,5.492393915132106,153520.0,143180.0,3725.0,3939.0
GOSS,5.476381104883908,127928580.0,46729050.0,4.0,24.0
SLND,5.460368294635709,859880.0,11623140.0,2066.0,194.0
FUSE,5.44435548438751,42820.0,48140.0,4707.0,4752.0
BGIN,5.428342674139311,25640.0,9305.0,5029.0,5652.0
AUID,5.412329863891112,293380.0,844630.0,3143.0,2144.0
PBM,5.396317053642914,115100.0,96775.0,3987.0,4233.0
XXI,5.380304243394716,1653220.0,1573940.0,1358.0,1440.0
BBLGW,5.3642914331465175,20.0,635.0,6256.0,6201.0
BTCS,5.348278622898318,490880.0,635750.0,2642.0,2472.0
SCKT,5.33226581265012,71760.0,89555.0,4349.0,4299.0
KDK,5.316253002401922,691820.0,833185.0,2286.0,2160.0
IVF,5.300240192153724,103580.0,199380.0,4075.0,3634.0
WATT,5.2842273819055245,162100.0,226605.0,3685.0,3502.0
GETY,5.268214571657326,3529140.0,5110550.0,707.0,479.0
GPRO,5.252201761409127,3253620.0,4451080.0,754.0,564.0
ACDC,5.236188951160928,1804780.0,1471930.0,1275.0,1510.0
EGG,5.22017614091273,5328260.0,1364675.0,463.0,1588.0
SATL,5.204163330664532,4018980.0,4636540.0,623.0,541.0
OPTU,5.188150520416333,4146300.0,7427060.0,605.0,339.0
ALPS,5.172137710168134,39260.0,86040.0,4769.0,4330.0
BJDX,5.156124899919936,268040.0,8230750.0,3231.5,291.0
ATOM,5.140112089671738,625800.0,669975.0,2387.0,2425.0
MPLT,5.124099279423539,4095580.0,1447015.0,610.0,1528.0
NYXH,5.1080864691753405,85420.0,186995.0,4221.0,3700.0
ASNS,5.092073658927141,385800.0,193155.0,2883.0,3670.0
DFSC,5.076060848678943,91960.0,71580.0,4171.0,4466.0
ARMP,5.060048038430744,76020.0,175795.0,4301.0,3744.0
HYFM,5.044035228182546,39240.0,29725.0,4771.5,5058.0
LUNR,5.028022417934348,8215040.0,9096310.0,289.0,260.0
XCUR,5.012009607686149,41820.0,1184790.0,4724.0,1755.0
NEON,4.99599679743795,91260.0,106885.0,4175.0,4156.0
SOHON,4.979983987189752,140.0,105.0,6232.0,6267.5
GRNQ,4.963971176941554,2340.0,5610.0,5989.0,5846.0
EVMN,4.947958366693355,407100.0,763280.0,2829.0,2274.0
SPRO,4.931945556445156,3251680.0,2311625.0,755.0,1052.0
LIMN,4.915932746196957,2434860.0,67895560.0,971.0,12.0
TAOP,4.899919935948759,173500.0,52425.0,3619.0,4692.0
YOUL,4.88390712570056,439900.0,745945.0,2750.0,2300.0
SST,4.867894315452362,74860.0,99220.0,4312.0,4211.0
BCAR,4.8518815052041635,472680.0,729485.0,2676.0,2324.0
AIXC,4.835868694955965,45900.0,39530.0,4655.0,4887.0
BDRX,4.819855884707766,70120.0,216735.0,4371.5,3555.5
SCYX,4.803843074459568,65560.0,79320.0,4421.0,4397.0
OPENL,4.78783026421137,242860.0,250925.0,3312.5,3422.0
MTNB,4.771817453963171,55480780.0,15128235.0,25.0,150.0
VERI,4.7558046437149715,2062760.0,2252810.0,1136.0,1079.0
ESLA,4.739791833466773,32420.0,42530.0,4911.5,4824.0
XAIR,4.723779023218575,10780.0,18409.75,5500.5,5329.0
IDN,4.707766212970376,141280.0,212570.0,3809.5,3578.0
AIFF,4.691753402722178,149520.0,95190.0,3750.0,4248.0
MKZR,4.675740592473979,24860.0,23285.0,5057.0,5201.0
CMTL,4.65972778222578,322020.0,420965.0,3062.0,2911.0
AMPX,4.643714971977582,5749220.0,6143815.0,438.0,406.0
NIPG,4.627702161729384,80680.0,42936.35,4266.0,4815.0
EXOZ,4.611689351481186,8280.0,12000.0,5618.0,5544.0
PRIM,4.5956765412329865,1449540.0,1386590.0,1494.0,1568.0
AIM,4.579663730984787,376900.0,532305.0,2911.0,2656.0
PLUR,4.563650920736589,13660.0,49430.0,5398.0,4729.0
EMAT,4.547638110488391,86020.0,82060.0,4218.0,4375.0
HTCO,4.531625300240192,124520.0,126645.0,3925.5,4034.0
ADTN,4.515612489991994,2989940.0,2016145.0,825.0,1179.0
MCRP,4.499599679743795,173940.0,187410.0,3616.0,3697.0
AMIX,4.483586869495596,18052160.0,4738970.0,130.0,525.0
SEATW,4.467574059247398,0.0,1175.0,6301.5,6143.0
AVX,4.4515612489992,18600.0,24465.0,5227.0,5175.0
GLOO,4.435548438751001,132040.0,536540.0,3875.0,2648.0
CAN,4.419535628502802,7525860.0,8570710.0,323.0,280.0
BLNE,4.403522818254603,361140.0,259375.0,2953.0,3389.0
JFIN,4.387510008006405,28400.0,64980.0,4972.0,4537.0
REFR,4.371497197758206,69200.0,56530.0,4383.0,4639.5
KNRX,4.355484387510008,31620.0,634865.0,4923.0,2476.0
UXIN,4.3394715772618095,349920.0,271600.0,2986.5,3343.0
MB,4.323458767013611,800.0,2800.0,6140.0,6021.0
BOXL,4.307445956765412,22600.0,23520.0,5106.0,5195.0
TOYO,4.291433146517214,606880.0,713255.0,2413.0,2352.0
OPTT,4.275420336269016,8364000.0,5133330.0,284.0,473.0
UAMY,4.259407526020817,4649080.0,5450310.0,538.0,453.0
AXTI,4.2433947157726175,9173640.0,8605105.0,264.0,277.0
RYDE,4.227381905524419,101980.0,73460.0,4087.5,4444.0
SGML,4.211369095276221,1696780.0,1542285.0,1330.0,1463.0
CLDI,4.195356285028022,655377.6,434047.45,2343.0,2888.0
YDES,4.179343474779824,39000.0,323720.0,4779.0,3162.0
FIEE,4.1633306645316255,3009580.0,754800.0,820.0,2287.0
TROO,4.147317854283427,181460.0,354830.0,3577.0,3079.0
NGEN,4.131305044035228,380760.0,725250.0,2901.0,2334.0
RIME,4.11529223378703,138300.0,220360.0,3833.0,3534.0
AMTX,4.099279423538831,1012100.0,1044350.0,1876.0,1903.0
LSH,4.083266613290633,403340.0,134580.0,2841.0,3986.0
TRUG,4.0672538030424334,165820.0,963850.0,3664.0,1992.0
CDLX,4.051240992794235,38100.0,51730.0,4800.0,4701.0
BTCT,4.035228182546037,329140.0,461125.0,3041.0,2823.0
CRML,4.019215372297838,5621480.0,5776425.0,444.0,425.0
ICMB,4.00320256204964,17600.0,59095.0,5248.5,4608.5
KDKRW,3.9871897518014414,6340.0,19145.0,5715.0,5311.0
TRDA,3.9711769415532427,497780.0,448970.0,2626.0,2845.0
RNWWW,3.9551641313050436,36400.0,42590.0,4836.0,4823.0
AIRE,3.9391513210568454,46800.0,71605.0,4643.0,4465.0
SCNI,3.923138510808647,144920.0,555555.0,3780.0,2611.0
MVST,3.907125700560448,4714600.0,4879240.0,530.0,508.0
XCH,3.89111289031225,36180.0,338585.0,4841.5,3123.0
CRIS,3.875100080064051,80140.0,89173.75,4272.0,4301.0
TRNR,3.859087269815853,17660.0,263885.0,5247.0,3369.0
OPENW,3.843074459567654,228580.0,199675.0,3371.5,3631.0
OPENZ,3.8270616493194556,277940.0,249095.0,3194.0,3427.0
AREN,3.8110488390712574,57700.0,64620.0,4503.5,4545.0
XPON,3.7950360288230587,27100.0,22606.65,4997.0,5227.0
NEGG,3.7790232185748596,63220.0,68540.0,4444.0,4494.0
TNMG,3.7630104083266613,5636400.0,3897540.0,442.0,657.0
ENVB,3.746997598078463,125820.0,113455.0,3907.0,4118.0
NTZ,3.730984787830264,1300.0,3690.0,6084.5,5959.0
FLUX,3.7149719775820653,142880.0,90625.0,3797.0,4290.0
MPU,3.698959167333867,55320.0,258930.0,4544.0,3398.0
IPDN,3.682946357085669,34380.0,44810.0,4880.0,4791.0
MBRX,3.6669335468374697,707680.0,292510.0,2269.0,3257.0
PSIX,3.6509207365892715,531500.0,456165.0,2544.0,2832.0
HRTX,3.634907926341073,1501000.0,2448265.0,1457.0,1004.0
TPST,3.618895116092874,147280.0,188530.0,3761.0,3693.0
ELAB,3.6028823058446755,623500.0,4142130.0,2390.0,612.0
IMCC,3.5868694955964773,14999840.0,3981895.0,164.0,641.0
AMOD,3.570856685348279,15380.0,21015.0,5338.0,5271.0
NFE,3.55484387510008,2366220.0,2297345.0,998.0,1062.0
PPCB,3.5388310648518813,73760.0,3055330.0,4325.0,818.0
MGN,3.522818254603683,9639720.0,3182435.0,246.0,783.0
SNWV,3.506805444355485,142640.0,296935.0,3799.5,3248.0
FCUV,3.4907926341072857,15500.0,31100.0,5332.0,5026.0
GCDT,3.4747798238590875,115220.0,160145.0,3986.0,3827.0
WCT,3.458767013610889,74580.0,101120.0,4315.0,4195.0
DARE,3.4427542033626897,151320.0,196595.0,3741.0,3648.0
ADGM,3.4267413931144914,116840.0,83465.0,3975.0,4359.0
OCS,3.410728582866293,372240.0,348180.0,2925.0,3100.0
ACTU,3.3947157726180945,172260.0,444160.0,3625.0,2862.0
FGL,3.378702962369896,105900.0,146540.0,4051.0,3912.0
IVVD,3.362690152121697,3351140.0,3391840.0,735.0,743.0
EMBC,3.346677341873499,959700.0,1307465.0,1943.0,1642.0
RCON,3.3306645316253007,558840.0,2638980.0,2497.0,944.0
BNKK,3.3146517213771016,72180.0,96205.0,4339.0,4239.0
BIRD,3.298638911128903,268960.0,350135.0,3227.0,3095.0
FEMY,3.2826261008807047,54600.0,49855.0,4552.0,4722.0
VSA,3.2666132906325056,14540.0,295875.0,5366.0,3253.0
PTN,3.2506004803843074,10260.0,12950.0,5523.0,5511.0
VTGN,3.234587670136109,1051340.0,1418240.0,1833.0,1549.0
VCIG,3.2185748598879105,1835940.0,3145650.0,1257.0,791.0
DUO,3.2025620496397114,57900.0,319380.0,4500.5,3176.0
LWLG,3.186549239391513,2770860.0,3129155.0,879.0,797.0
SURG,3.170536429143315,841560.0,10395820.0,2089.0,219.0
SNTI,3.154523618895116,253720.0,386110.0,3278.0,2991.0
SKK,3.1385108086469176,4620.0,11680.0,5822.0,5558.0
VSEE,3.122497998398719,29715800.0,10287250.0,64.0,226.0
NMTC,3.10648518815052,32540.0,51800.0,4908.0,4699.0
JEM,3.090472377902322,3464000.0,2541515.8,715.0,967.0
HPAI,3.0744595676541233,55820.0,602680.0,4535.5,2535.0
ATOS,3.0584467574059246,39160.0,107050.0,4774.0,4153.0
SHPH,3.042433947157726,135100.0,4148385.0,3854.0,610.0
KITT,3.0264211369095277,183340.0,239165.0,3568.0,3462.0
BATL,3.010408326661329,10753380.0,22438340.0,214.0,85.0
ANTA,2.9943955164131304,1800.0,4970.0,6049.0,5882.0
TYGO,2.978382706164932,1013300.0,1147035.0,1874.0,1796.0
WLFC,2.9623698959167335,246580.0,177225.0,3301.0,3737.0
CHSN,2.946357085668535,43460.0,2243985.0,4698.0,1085.0
BTOG,2.930344275420336,62360.0,249390.0,4451.5,3426.0
RMCF,2.914331465172138,30340.0,44175.0,4943.0,4801.0
NNNN,2.8983186549239393,47060.0,41690.0,4642.0,4838.0
MVIS,2.8823058446757406,5002360.0,7576660.0,497.0,326.0
NAUT,2.866293034427542,1235100.0,911510.0,1661.0,2052.0
JLHL,2.8502802241793432,209760.0,6517900.0,3459.0,380.0
CELZ,2.834267413931145,158640.0,396030.0,3705.0,2967.0
ORIS,2.8182546036829463,3862.6,4792.9,5882.0,5893.0
SCAG,2.8022417934347477,99700.0,395810.0,4116.0,2970.0
KUST,2.786228983186549,2992120.0,8606045.0,824.0,276.0
VRRM,2.7702161729383508,9882200.0,5340080.0,242.0,461.0
INSG,2.754203362690152,304980.0,268345.0,3105.0,3357.5
BZAI,2.738190552441954,3570000.0,3241570.0,703.0,771.0
YDDL,2.722177742193755,29740.0,17965.0,4951.5,5342.0
SEGG,2.706164931945556,1008460.0,790020.0,1882.0,2220.0
PSQH,2.690152121697358,426220.0,148876.65,2776.0,3896.0
KMRK,2.674139311449159,89480.0,106890.0,4192.0,4155.0
LIQT,2.658126501200961,72260.0,244460.0,4337.5,3444.0
GNLN,2.6421136909527623,20980.0,17805.0,5163.0,5348.0
ISPC,2.6261008807045636,42460.0,107100.0,4714.0,4151.0
VWAV,2.610088070456365,634260.0,544895.0,2376.0,2630.0
FLD,2.5940752602081667,90180.0,200910.0,4187.0,3625.0
ABTC,2.578062449959968,1428080.0,1927954.0,1512.0,1225.0
VNRX,2.5620496397117694,411380.0,267860.0,2821.0,3359.0
SSTK,2.5460368294635707,1286340.0,1411255.0,1607.0,1556.0
SBEV,2.530024019215372,501680.0,6301303.75,2616.0,394.0
CSAI,2.514011208967174,21473.2,26200.0,5146.0,5129.0
NXTT,2.497998398718975,256740.0,179365.0,3267.0,3726.0
FCHL,2.481985588470777,31460.0,87645.0,4926.0,4312.0
ICCM,2.465972778222578,66440.0,180285.0,4415.0,3721.0
LIDRW,2.4499599679743795,4140.0,29650.0,5856.5,5061.0
EDSA,2.433947157726181,86720.0,65540.0,4214.0,4528.0
PMNT,2.4179343474779826,38000.0,104725.0,4802.0,4173.0
IPST,2.401921537229784,7100.0,17910.0,5675.5,5343.0
PPBT,2.3859087269815853,7180.0,22865.0,5670.5,5215.0
ATER,2.3698959167333866,891680.0,418170.0,2025.0,2920.0
INTJ,2.353883106485188,10120.0,31295.0,5527.0,5022.0
JAGX,2.3378702962369897,101200.0,85320.0,4094.0,4336.0
ARAI,2.321857485988791,416580.0,409940.0,2804.0,2935.0
CANG,2.305844675740593,107260.0,102889.5,4044.0,4180.0
CVKD,2.2898318654923937,42980.0,70455.0,4702.0,4480.0
PLAG,2.2738190552441955,1238940.0,3770690.0,1656.5,684.0
SOC,2.257806244995997,5984300.0,10443645.0,427.0,217.0
NCRA,2.241793434747798,26266860.0,7645510.5,78.0,323.0
LSTA,2.2257806244996,182980.0,112805.0,3569.0,4123.0
SPWR,2.209767814251401,12185000.0,5529370.0,191.0,446.0
TOPS,2.1937550040032026,424860.0,220055.0,2780.0,3538.0
CHAI,2.177742193755004,23508700.0,14584175.0,90.0,155.0
BIYA,2.1617293835068057,26792660.0,13000907.0,75.0,170.0
ADCT,2.145716573258607,814180.0,1064740.0,2127.5,1877.0
DDC,2.1297037630104083,113560.0,155350.0,4004.0,3857.0
CIGL,2.1136909527622096,98806.4,267171.15,4120.0,3360.0
CCHH,2.097678142514011,567160.0,1245478.5,2476.0,1702.0
VEEA,2.0816653322658127,507280.0,949385.0,2605.0,2009.0
SOHOO,2.065652522017614,0.0,615.0,6301.5,6202.0
VTAK,2.0496397117694154,9234480.0,18466655.0,261.0,117.0
BIAF,2.0336269015212167,290040.0,399875.0,3154.0,2962.0
GNPX,2.0176140912730185,19620.0,36227.7,5196.0,4943.0
GRABW,2.00160128102482,41000.0,31915.0,4739.5,5012.0
SDST,1.9855884707766214,452260.0,345190.0,2719.0,3105.0
TRAW,1.9695756605284227,122860.0,144735.0,3938.0,3923.5
SLXN,1.953562850280224,236080.0,73705.0,3346.0,4439.0
BYAH,1.9375500400320256,247160.0,5043150.0,3299.0,491.0
HTZ,1.921537229783827,16790640.0,19380130.0,139.0,103.0
NAMI,1.9055244195356287,5140.0,43590.0,5785.5,4806.0
FEED,1.8895116092874298,113600.0,365315.0,4003.0,3045.0
RCT,1.8734987990392316,473620.0,2500720.0,2674.0,985.0
VIVS,1.8574859887910327,1654900.0,10653800.0,1357.0,210.0
AFJK,1.8414731785428344,33400.0,33210.0,4890.0,4986.0
BNZI,1.8254603682946358,131360.0,284350.0,3880.0,3292.0
ELTX,1.809447558046437,260300.0,930970.0,3255.0,2033.0
AEON,1.7934347477982386,347280.0,3514080.0,2998.0,723.0
CNTX,1.77742193755004,1647580.0,2429985.0,1362.0,1008.0
APUS,1.7614091273018415,121600.0,40981.5,3944.0,4850.0
GIPR,1.7453963170536428,291840.0,703874.5,3148.0,2371.0
TNON,1.7293835068054444,376300.0,4384925.0,2914.0,574.0
CRMT,1.7133706965572457,232360.0,683295.0,3359.0,2401.0
LICN,1.6973578863090473,228840.0,1603520.0,3370.0,1423.0
PHGE,1.6813450760608486,3270440.0,5346425.0,750.0,460.0
CGTL,1.6653322658126504,26260.0,94892.0,5016.0,4251.0
MVO,1.6493194555644515,140380.0,487460.0,3819.0,2766.0
PMI,1.6333066453162528,0.0,31169370.0,6301.5,50.0
NWGL,1.6172938350680546,117760.0,474320.0,3966.5,2791.0
ZBAO,1.6012810248198557,3776900.0,48090925.0,663.0,21.0
RMSG,1.5852682145716575,214640.0,278565.0,3440.0,3320.0
ZEPP,1.5692554043234588,48460.0,37175.0,4622.0,4926.5
KWM,1.55324259407526,1355080.0,7529730.0,1562.0,331.0
JUNS,1.5372297838270617,3082820.0,20421080.0,792.0,99.0
FNGR,1.521216973578863,218520.0,353080.0,3420.0,3086.0
CMND,1.5052041633306645,122560.0,835415.0,3939.0,2158.0
BNBX,1.489191353082466,50680.0,364350.0,4597.0,3051.0
ALAR,1.4731785428342674,135600.0,476040.0,3848.0,2786.0
MNDR,1.457165732586069,171480.0,72180.0,3629.0,4459.0
AEMD,1.4411529223378703,58120.0,101015.0,4499.0,4196.0
REED,1.4251401120896716,6900.0,20480.0,5691.0,5283.0
CETX,1.4091273018414732,61800.0,1446885.0,4459.0,1529.0
HCAI,1.3931144915932745,38820.0,39885.0,4782.0,4877.0
LNZA,1.377101681345076,63240.0,83945.0,4443.0,4352.0
ENGN,1.3610888710968776,637300.0,1001560.0,2373.0,1947.0
RBOT,1.345076060848679,66680.0,48805.0,4411.0,4741.0
ARTL,1.3290632506004805,181600.0,203545.0,3575.0,3614.0
TC,1.3130504403522818,2799940.0,1657050.0,875.0,1383.0
BAOS,1.2970376301040833,147180.0,100575.0,3762.0,4200.0
RGC,1.2810248198558847,175260.0,404470.0,3606.0,2948.0
SHFS,1.265012009607686,282980.0,988615.0,3174.0,1964.0
SRXH,1.2489991993594876,1419980.0,10600575.0,1518.0,213.0
AFJKU,1.232986389111289,880.0,1405.0,6129.5,6122.0
ZNB,1.2169735788630904,328450.0,586459.55,3043.0,2559.0
MDXH,1.200960768614892,200280.0,339890.0,3490.0,3121.0
GVH,1.1849479583666933,2412980.0,2091140.0,978.0,1146.0
XXII,1.1689351481184949,8900.0,10290.0,5592.0,5618.0
MSS,1.1529223378702964,9300400.0,2909911.0,257.0,860.0
NVVE,1.1369095276220977,139940.0,4216426.95,3824.0,599.0
PSIG,1.120896717373899,57780.0,177235.0,4502.0,3736.0
BGL,1.1048839071257004,183640.0,412115.0,3566.0,2931.0
JYD,1.088871096877502,121820.0,190675.0,3941.0,3681.0
AMZE,1.0728582866293035,10336080.0,2788920.1,222.0,897.0
BNRG,1.0568454763811048,10548880.0,4592500.0,217.0,547.0
NIVF,1.0408326661329064,153260.0,325468.35,3728.0,3158.0
AKAN,1.0248198558847077,1249060.0,340675.0,1637.0,3116.0
ENLV,1.0088070456365092,978740.0,312419.35,1917.0,3194.0
NTCL,0.9927942353883107,37000.0,71236.7,4821.0,4470.0
FTFT,0.976781425140112,143820.0,135570.0,3785.0,3979.5
CDTG,0.9607686148919135,109420.0,300375.0,4028.0,3235.0
YMT,0.9447558046437149,1778080.0,1255485.0,1288.0,1693.0
OFAL,0.9287429943955163,95021.2,112491.8,4148.0,4125.0
LGHL,0.9127301841473179,16747780.0,6717825.55,140.0,366.0
FAMI,0.8967173738991193,596860.0,635170.0,2429.0,2474.0
KALA,0.8807045636509208,76240.0,167690.0,4299.0,3783.0
BURU,0.8646917534027222,3557100.0,25758145.0,704.0,69.0
DAIC,0.8486789431545236,135740.0,408455.0,3847.0,2939.0
RITR,0.8326661329063252,3873080.0,1872190.0,645.0,1257.0
CPOP,0.8166533226581264,681440.0,4581291.5,2300.5,549.0
CAPR,0.8006405124099278,15573700.0,5052310.0,156.0,489.0
EDBL,0.7846277021617294,7481100.0,2735341.85,329.0,917.0
ONCO,0.7686148919135308,427140.0,708650.0,2772.0,2361.0
OMH,0.7526020816653323,92737180.0,40206540.0,10.0,35.0
ONEG,0.7365892714171337,37440.0,59655.0,4810.5,4600.0
NUWE,0.7205764611689351,25841080.0,6568770.0,79.0,374.0
SUGP,0.7045636509207366,891600.0,4926470.0,2026.0,503.0
SBFM,0.688550840672538,298840.0,112435.0,3122.0,4126.0
STAI,0.6725380304243395,860.0,9535.0,6132.5,5645.0
TMCWW,0.6565252201761409,185120.0,142740.0,3559.0,3942.5
HUBC,0.6405124099279423,305500.0,312630.0,3104.0,3193.0
RBNE,0.6244995996797438,284780.0,230503.3,3170.0,3492.0
TDIC,0.6084867894315452,70720.0,1330845.0,4357.5,1619.0
WHLR,0.5924739791833467,560452.0,2682345.0,2495.0,935.0
JZ,0.5764611689351482,152920.0,179209.85,3730.0,3727.0
POM,0.5604483586869495,80820.0,59825.0,4263.0,4596.0
POAS,0.544435548438751,373440.0,325150.0,2922.0,3159.0
IPW,0.5284227381905524,775080.0,2423395.0,2176.0,1011.0
PFSA,0.5124099279423538,1765480.0,631172.4,1294.0,2484.0
ONFO,0.49639711769415534,50325480.0,24160205.0,29.0,78.0
KIDZ,0.4803843074459567,67640840.0,42059065.0,16.0,29.0
AIXI,0.46437149719775817,1549480.0,815485.0,1424.0,2183.0
VMAR,0.44835868694955966,977840.0,9039915.0,1918.0,263.0
WETO,0.4323458767013611,23126540.0,11504035.0,91.0,195.0
YYGH,0.4163330664531626,662060.0,1575565.0,2331.0,1436.0
HKIT,0.4003202562049639,37760.0,151200.4,4807.0,3885.0
RSVRW,0.3843074459567654,16520.0,6515.0,5298.0,5784.0
GMM,0.36829463570856685,5061700.0,10149695.0,490.0,230.0
MEHA,0.3522818254603683,421521.8,620438.65,2791.0,2503.0
SOPA,0.33626901521216973,12147.6,,5454.0,
PAVS,0.32025620496397117,353340.0,1081355.0,2980.0,1857.0
CISS,0.3042433947157726,117557880.0,29503750.0,6.0,53.0
SSKN,0.2882305844675741,26681.2,7865.2,5007.0,5722.0
SXTC,0.2722177742193755,264425640.0,70658450.0,1.0,11.0
RPGL,0.2562049639711769,105480.0,1679180.0,4052.0,1368.0
ELPW,0.24019215372297836,2962680.0,18843485.0,834.0,112.0
RUBI,0.22417934347477983,451200.0,1612800.0,2723.0,1415.0
LBGJ,0.2081665332265813,103864780.0,61366265.0,9.0,13.0
YHC,0.1921537229783827,754960.0,836045.4,2198.0,2157.0
SOHOB,0.17614091273018415,100.0,210.0,6239.5,6251.0
WOK,0.16012810248198558,143400.0,1107175.0,3790.0,1838.0
CCIXW,0.14411529223378705,347466.6,259667.5,2997.0,3387.0
INLF,0.12810248198558846,8070280.0,5120962.95,296.0,478.0
ZCMD,0.11208967173738991,6354780.0,12875625.0,400.0,174.0
YYAI,0.09607686148919135,16444680.0,4121660.0,144.0,615.0
EZGO,0.08006405124099279,49860.0,131930.0,4605.0,4007.0
VSTD,0.06405124099279423,1042920.0,296460.0,1844.0,3250.0
HAO,0.04803843074459568,1486600.0,13503065.0,1465.0,166.0
GDC,0.032025620496397116,197340.0,622450.0,3508.0,2499.0
ADTX,0.016012810248198558,18765900.0,43563980.0,123.0,27.0
AACBR,,,,,
ABLVW,,,,,
ABPWW,,,,,
ABR-PD,,12215.0,15119.75,5450.0,5436.0
ABR-PE,,7285.0,7778.8,5662.0,5728.0
ABR-PF,,12426.2,12309.45,5443.0,5534.0
ABVE,,,,,
ABVEW,,,,,
ACONW,,,,,
ACP-PA,,2043.0,2966.75,6026.0,6008.0
ACR-PC,,8944.6,7573.05,5586.0,5734.0
ACR-PD,,3974.8,3794.15,5873.0,5954.0
ADC-PA,,8385.6,16202.6,5613.0,5404.0
ADSEW,,,,,
AENTW,,,,,
AERTW,,,,,
AEVAW,,,,,
AFJKR,,,,,
AFRIW,,,,,
AGM-PD,,3920.0,5343.85,5878.0,5866.0
AGM-PE,,2359.0,3976.55,5987.0,5941.0
AGM-PF,,7391.0,10480.05,5656.0,5606.0
AGM-PG,,6116.6,8394.6,5720.0,5692.0
AGM-PH,,7747.0,5290.7,5641.0,5867.0
AHL-PD,,2905.2,726.3,5946.0,6194.0
AHL-PE,,8964.4,13193.4,5584.0,5496.0
AHL-PF,,1036.4,259.1,6113.0,6246.0
AHT-PD,,2923.8,5644.5,5944.0,5841.0
AHT-PF,,5757.8,7267.55,5740.0,5749.0
AHT-PG,,5932.0,5863.3,5727.0,5833.0
AHT-PH,,3885.2,5380.7,5880.0,5863.0
AHT-PI,,9542.2,9255.05,5556.0,5654.0
AIIOW,,,,,
AIMDW,,,,,
AIRJW,,,,,
AISPW,,,,,
ALDFW,,,,,
ALFUW,,,,,
ALISR,,,,,
ALL-PB,,60454.6,39523.45,4481.0,4888.0
ALL-PH,,98281.6,102359.85,4124.0,4183.0
ALL-PI,,27229.0,26011.95,4995.0,5132.0
ALL-PJ,,32865.0,33348.75,4904.0,4984.0
ALUR,,,,,
AMH-PG,,7199.8,3650.7,5668.0,5963.0
AMH-PH,,4486.8,4205.6,5834.0,5928.0
AMODW,,,,,
AMPGW,,,,,
ANG-PD,,9923.8,10462.5,5537.0,5608.0
ANGHW,,,,,
ANNAW,,,,,
ANSCW,,,,,
APACR,,,,,
APLMW,,,,,
APO-PA,,697240.0,636304.0,2279.0,2470.0
APXTW,,,,,
ARBEW,,,,,
AREBW,,,,,
ARQQW,,,,,
ARR-PC,,8095.2,9517.35,5625.0,5646.0
ASB-PE,,4637.2,6337.2,5821.0,5797.0
ASB-PF,,12694.6,13016.25,5431.0,5506.0
ASBPW,,,,,
ASPCR,,,,,
ASPCU,,170.0,274.4,6226.0,6243.0
ASPSW,,,,,
ASPSZ,,,,,
ASTLW,,,,,
ATH-PA,,28884.2,47805.6,4962.0,4756.0
ATH-PB,,20333.6,19575.75,5177.0,5300.0
ATH-PD,,51124.2,37964.9,4591.0,4913.0
ATH-PE,,24700.6,25361.7,5060.0,5149.0
ATIIW,,,,,
ATLN,,,,,
AUB-PA,,7734.8,11312.35,5642.0,5571.0
AUROW,,,,,
AXIA-P,,,,,
AXINR,,,,,
AXS-PE,,40555.6,41624.95,4745.0,4839.0
BAC-PM,,87085.0,92347.4,4208.0,4275.0
BAC-PN,,80587.6,90756.5,4268.0,4287.0
BAC-PO,,80467.8,87825.15,4270.0,4310.0
BAC-PP,,68407.6,60015.05,4389.0,4592.0
BAC-PS,,72170.4,53077.45,4340.0,4684.0
BACCR,,,,,
BAC-PB,,76263.0,80561.0,4298.0,4391.0
BAC-PE,,22737.0,18118.4,5102.0,5334.0
BAERW,,,,,
BANC-PF,,27034.6,23154.7,5000.0,5205.0
BAYA,,,,,
BAYAU,,,,,
BC-PC,,,,,
BCARW,,,,,
BCGWW,,,,,
BCTXL,,,,,
BCTXW,,,,,
BCTXZ,,,,,
BDCIW,,,,,
BDMDW,,,,,
BEAGR,,,,,
BEATW,,,,,
BENFW,,,,,
BEP-PA,,11431.2,9149.35,5478.0,5661.0
BETRW,,,,,
BFH-PA,,9669.2,8254.25,5549.0,5698.0
BFRGW,,,,,
BFS-PD,,1344.0,2303.75,6079.0,6064.0
BFS-PE,,2158.0,3255.65,6013.0,5987.0
BGLWW,,,,,
BHR-PB,,4704.0,11514.6,5811.0,5564.0
BHR-PD,,2118.4,3649.8,6018.0,5964.0
BIAFW,,,,,
BIP-PA,,5174.4,5644.35,5781.0,5842.0
BIP-PB,,17735.4,18439.35,5245.0,5326.0
BIVIW,,,,,
BKHAR,,,,,
BKHAU,,1307.2,438.9,6082.0,6219.0
BLUWW,,,,,
BLZRW,,,,,
BML-PG,,4551.2,4306.35,5825.0,5918.0
BML-PH,,8585.2,13517.95,5602.0,5485.0
BML-PJ,,14025.4,10705.9,5382.0,5596.0
BML-PL,,12199.0,15812.2,5452.0,5417.0
BNAIW,,,,,
BNCWW,,,,,
BNZIW,,,,,
BOH-PA,,7322.4,13829.1,5659.0,5472.0
BOH-PB,,5467.4,10189.85,5762.0,5623.0
BPACR,,,,,
BRLSW,,,,,
BSAAR,,,,,
BTBDW,,,,,
BTMWW,,,,,
BW-PA,,15232.2,14089.3,5345.0,5465.0
BZAIW,,,,,
BZFDW,,,,,
CDIOW,,,,,
CDR-PB,,857.0,1735.4,6134.0,6099.0
CDR-PC,,4513.2,4718.95,5831.0,5899.0
CDROW,,,,,
CDTTW,,,,,
CELUW,,,,,
CEPT,,,,,
CFG-PE,,37986.8,51584.45,4803.0,4705.0
CFG-PH,,17500.8,22844.4,5254.0,5218.0
CFG-PI,,19955.2,18211.45,5186.0,5331.0
CFR-PB,,12714.8,11931.35,5429.0,5547.0
CGCTU,,,,,
CGCTW,,,,,
CHMI-PA,,2936.6,3142.3,5943.0,5993.0
CHMI-PB,,702.4,1821.45,6151.0,6093.0
CHPGR,,,,,
CIM-PA,,6746.2,7096.85,5696.0,5753.0
CIM-PB,,20598.8,24892.1,5172.0,5163.0
CIM-PC,,9011.6,11234.1,5577.0,5575.0
CIM-PD,,7691.8,10877.1,5643.0,5593.0
CINGW,,,,,
CLDT-PA,,24086.0,17503.3,5075.0,5362.0
CLSKW,,,,,
CMRE-PB,,1313.4,1772.45,6081.0,6096.0
CMRE-PC,,1645.8,3335.75,6062.0,5983.0
CMRE-PD,,7538.4,6283.95,5650.0,5806.0
CMS-PB,,476.6,408.85,6188.0,6225.0
CMS-PC,,24466.4,18957.35,5065.0,5314.0
CNCKW,,,,,
CNO-PA,,,,,
COCHW,,,,,
CODI-PA,,4054.4,6283.15,5861.0,5807.0
CODI-PB,,9293.8,8923.55,5565.0,5671.0
CODI-PC,,12931.2,11258.9,5418.0,5573.0
COF-PI,,109442.4,113831.05,4027.0,4116.0
COF-PK,,4743.2,6518.5,5808.0,5783.0
COF-PL,,70657.6,62610.7,4361.0,4568.0
COF-PN,,29222.6,30105.7,4958.0,5053.0
COLAR,,,,,
COOTW,,,,,
CORZW,,,,,
CORZZ,,,,,
CRACR,,,,,
CRANR,,,,,
CRAQR,,,,,
CREG,,39498.8,65263.6,4763.0,4533.0
CRESW,,,,,
CRGOW,,,,,
CRMLW,,,,,
CTA-PA,,317.0,768.2,6208.0,6190.0
CTA-PB,,2545.2,2926.7,5968.0,6009.0
CTBB,,,,,
CTDD,,,,,
CTO-PA,,1153.4,2907.2,6104.0,6011.0
CUBWW,,,,,
CVGW,,,,,
CWAN,,,,,
CXAIW,,,,,
CYCUW,,,,,
DAAQW,,,,,
DAICW,,,,,
DAVEW,,,,,
DBRG-PH,,16937.4,17256.8,5279.0,5370.0
DBRG-PI,,20802.4,31558.45,5167.0,5018.0
DEVS,,,,,
DFLIW,,,,,
DHCNL,,,,,
DJTWW,,,,,
DLNG-PA,,4496.6,5158.25,5833.0,5872.0
DLR-PJ,,9152.4,7902.65,5570.0,5718.0
DLR-PK,,19117.6,15050.55,5209.0,5439.0
DLR-PL,,22053.4,19567.05,5123.0,5301.0
DMAAR,,,,,
DMIIR,,,,,
DRDBW,,,,,
DRMAW,,,,,
DRTSW,,,,,
DSX-PB,,3645.6,2397.3,5901.0,6053.0
DSYWW,,,,,
DTSQR,,,,,
DTSTW,,,,,
DYORW,,,,,
ECC-PD,,8567.4,8895.15,5603.0,5673.0
ECXWW,,,,,
EDAP,,,,,
EDBLW,,,,,
EEX,,,,,
EFC-PB,,5758.8,6676.7,5739.0,5775.0
EGHAR,,,,,
EMISR,,,,,
ENGNW,,,,,
EP-PC,,2189.0,2855.55,6010.0,6015.0
EPR-PC,,4381.4,7832.9,5847.0,5723.0
EPR-PE,,18730.4,10310.35,5221.0,5617.0
EPR-PG,,5375.4,4292.0,5769.0,5921.0
EQH-PA,,38836.2,70028.15,4781.0,4482.0
EQH-PC,,21692.0,21867.25,5141.0,5245.0
ESHAR,,,,,
ESLAW,,,,,
ESPR,,,,,
EUDAW,,,,,
EURKR,,,,,
EVGOW,,,,,
EVLVW,,,,,
EVOXW,,,,,
EXEEL,,,,,
EXEEZ,,,,,
F-PB,,,,,
F-PC,,,,,
F-PD,,,,,
FACTW,,,,,
FBRT-PE,,12401.6,12725.4,5445.0,5520.0
FBYDW,,,,,
FDP,,,,,
FERAR,,,,,
FFAIW,,,,,
FFIC,,,,,
FGIWW,,,,,
FGMCR,,,,,
FGMCU,,,,,
FHN-PE,,5496.6,7866.5,5761.0,5721.0
FHN-PF,,23010.4,13010.5,5097.0,5507.0
FIGXW,,,,,
FLDDW,,,,,
FLG-PA,,21810.8,18363.15,5137.0,5330.0
FLG-PU,,1886.6,3867.9,6040.0,5949.0
FMSTW,,,,,
FONR,,,,,
FOUR-PA,,32952.4,30871.1,4901.0,5031.0
FOXXW,,,,,
FRT-PC,,10511.0,8457.2,5515.0,5687.0
FSHPR,,,,,
FUFUW,,,,,
GECCO,,,,,
GFAIW,,,,,
GGROW,,,,,
GIBOW,,,,,
GIGGU,,,,,
GIGGW,,,,,
GIPRW,,,,,
GIWWR,,,,,
GL-PD,,,,,
GLU-PA,,,,,
GPATW,,,,,
GRRRW,,,,,
GSHRW,,,,,
GTENW,,,,,
GTERR,,,,,
GTERW,,,,,
HAVAR,,,,,
HCMAW,,,,,
HNNAZ,,,,,
HOLOW,,,,,
HOTH,,,,,
HOVRW,,,,,
HPAIW,,,,,
HSCSW,,,,,
HSPTR,,,,,
HTZWW,,,,,
HUBCW,,,,,
HUMAW,,,,,
HVIIR,,,,,
HVMCW,,,,,
IAC,,,,,
IBACR,,,,,
ICUCW,,,,,
IINNW,,,,,
IMSRW,,,,,
INACR,,,,,
INVZW,,,,,
IPCXR,,,,,
IPEXR,,,,,
IPOD,,,,,
IPODW,,,,,
IVDAW,,,,,
JSPRW,,,,,
KCHVR,,,,,
KFIIR,,,,,
KIDZW,,,,,
KITTW,,,,,
KOYNW,,,,,
KPLTW,,,,,
KORE,,,,,
KVACW,,,,,
KW,,,,,
KWMWW,,,,,
KYIVW,,,,,
LCCCR,,,,,
LCFYW,,,,,
LEGT,,,,,
LIMNW,,,,,
LKSPR,,,,,
LNZAW,,,,,
LOKVU,,,,,
LOKVW,,,,,
LPAAW,,,,,
LPBBW,,,,,
LTRYW,,,,,
LWACW,,,,,
MACIW,,,,,
MBAVW,,,,,
MBVIW,,,,,
MCGAW,,,,,
MCW,,,,,
MDAIW,,,,,
MDCXW,,,,,
MER-PK,,182588.6,140708.3,3571.0,3957.0
MFICL,,,,,
MKDWW,,,,,
MKLYR,,,,,
MLACR,,,,,
MLECW,,,,,
MMTXW,,,,,
MNTSW,,,,,
MOBBW,,,,,
MOBXW,,,,,
MRNOW,,,,,
MSAIW,,,,,
MSW,,,,,
MTEKW,,,,,
MVSTW,,,,,
NCPLW,,,,,
NEE-PN,,,,,
NEE-PU,,,,,
NEOVW,,,,,
NIOBW,,,,,
NIVFW,,,,,
NIXXW,,,,,
NMPAR,,,,,
NNAVW,,,,,
NOEMW,,,,,
NPACW,,,,,
NRXPW,,,,,
NSA,,,,,
NUAIW,,,,,
NVAWW,,,,,
NVNIW,,,,,
NVVEW,,,,,
NXGLW,,,,,
NXPLW,,,,,
OABIW,,,,,
OACCW,,,,,
OBAWW,,,,,
OCSAW,,,,,
ODVWZ,,,,,
ONCHW,,,,,
ONFOW,,,,,
ONMDW,,,,,
OPTXW,,,,,
ORGN,,,,,
ORGNW,,,,,
ORIQW,,,,,
OSRHW,,,,,
OTH,,,,,
OUSTZ,,,,,
PACHW,,,,,
PBMWW,,,,,
PCAPW,,,,,
PCG-PC,,643.2,563.55,6163.0,6206.0
PCSC,,,,,
PCTTW,,,,,
PDYNW,,,,,
PGACR,,,,,
PGYWW,,,,,
PIIIW,,,,,
PLMKW,,,,,
PMTRW,,,,,
POLEW,,,,,
PRA,,,,,
PRENW,,,,,
PRTC,,,,,
QETAR,,,,,
QSEAR,,,,,
QSIAW,,,,,
QUMSR,,,,,
RAAQU,,,,,
RAAQW,,,,,
RAINW,,,,,
RANGR,,,,,
RCKTW,,,,,
RDACR,,,,,
RDAGW,,,,,
RDZNW,,,,,
REE,,,,,
REVBW,,,,,
RFAIR,,,,,
RGTIW,,,,,
RMCOW,,,,,
RMSGW,,,,,
RUMBW,,,,,
RVMDW,,,,,
RVSNW,,,,,
RZB,,,,,
RZLVW,,,,,
SABSW,,,,,
SATLW,,,,,
SATS,,,,,
SBCWW,,,,,
SBFMW,,,,,
SCAGW,,,,,
SCLXW,,,,,
SCVL,,,,,
SDHIR,,,,,
SDSTW,,,,,
SELX,,,,,
SEM,,,,,
SHFSW,,,,,
SHMDW,,,,,
SILA,,,,,
SIMAW,,,,,
SKBL,,,,,
SKLZ,,,,,
SLAI,,,,,
SLDPW,,,,,
SLXNW,,,,,
SMXWW,,,,,
SNBR,,,,,
SNSE,,,,,
SOCAW,,,,,
SOUNW,,,,,
SPEGR,,,,,
SPKLW,,,,,
SPWRW,,,,,
SQFTW,,,,,
SRTAW,,,,,
SSEAR,,,,,
SSSS,,,,,
STEL,,,,,
STSS,,,,,
STSSW,,,,,
SUUN,,,,,
SVACU,,,,,
SVACW,,,,,
SVCCW,,,,,
SVREW,,,,,
SWAGW,,,,,
SWVLW,,,,,
SXTPW,,,,,
SZZLR,,,,,
TACOW,,,,,
TACHW,,,,,
TALKW,,,,,
TAVIR,,,,,
TBHC,,,,,
TBLAW,,,,,
TDACW,,,,,
TDWDR,,,,,
TECTP,,,,,
THR,,,,,
TLNCW,,,,,
TNONW,,,,,
TOIIW,,,,,
TPTA,,,,,
TVACW,,,,,
TVAIR,,,,,
TVGNW,,,,,
TWLVR,,,,,
UGRO,,,,,
UHGWW,,,,,
USEG,,,,,
USGOW,,,,,
VEEAW,,,,,
VGASW,,,,,
VSCO,,,,,
VSEEW,,,,,
VSSYW,,,,,
VWAVW,,,,,
WENNW,,,,,
WGSWW,,,,,
WLDSW,,,,,
WRB-PF,,,,,
WRB-PG,,,,,
WRB-PH,,,,,
WSR,,,,,
WSTNR,,,,,
WTGUR,,,,,
WTO,,,,,
XBPEW,,,,,
XOSWW,,,,,
XRPNW,,,,,
YAAS,,453419.2,349359.8,2714.0,3097.0
YDESW,,,,,
YHNAR,,,,,
ZEOWW,,,,,
ZGM,,,,,
ZOOZW,,,,,
