Stock,RS,Volume SMA 5,Volume SMA 20,Volume SMA 5 Rank,Volume SMA 20 Rank
VYNE,100.0,,,,
BANL,99.98421468034728,182900.0,280325.0,3684.0,3400.0
CCG,99.96842936069456,30500.0,22735.0,5033.0,5260.0
JUNS,99.95264404104182,84520.0,22147165.0,4348.0,100.0
CXAI,99.93685872138911,12948700.0,6630805.0,175.0,398.0
BYND,99.92107340173638,31137140.0,31012685.0,51.0,59.0
TRIB,99.90528808208367,58540.0,39258.15,4611.0,4948.0
TNON,99.88950276243094,12180460.0,3999555.0,187.0,691.0
PRPL,99.87371744277822,17560.0,32135.0,5336.5,5071.0
DBGI,99.8579321231255,114280.0,261941.75,4108.0,3458.0
CSAI,99.84214680347277,60520.0,491405.0,4587.0,2837.0
FFAI,99.82636148382005,1417560.0,1608735.25,1485.0,1523.0
SMXT,99.81057616416732,69040.0,172925.0,4488.0,3837.0
THH,99.79479084451461,33000.0,306110.0,4975.5,3313.0
RCON,99.77900552486187,67253620.0,44296145.0,12.0,29.0
NTWOW,99.76322020520915,737447.6,197348.45,2220.0,3725.0
OPAD,99.74743488555643,36400.0,52950.0,4910.0,4753.0
INHD,99.73164956590371,853980.0,831235.0,2059.0,2275.0
MSGY,99.71586424625099,343020.0,3187475.0,3058.0,830.0
XHLD,99.70007892659827,1327700.0,8886395.0,1554.0,286.0
MYSZ,99.68429360694554,2046520.0,571830.0,1122.0,2678.0
NXTT,99.66850828729282,79880.0,9842715.0,4391.0,250.0
ELPW,99.6527229676401,201440.0,29991885.0,3592.5,62.0
MBAI,99.63693764798737,28960.0,39465.0,5074.0,4944.0
XHG,99.62115232833465,17829200.0,4461915.0,120.0,622.0
AREB,99.60536700868192,288700.0,406105.0,3218.0,3051.0
AEHL,99.5895816890292,629740.0,5959270.0,2414.0,451.0
MRNA,99.57379636937648,43295960.0,14946495.0,24.0,150.0
YAAS,99.55801104972376,29980.0,150775.0,5051.0,3963.0
FBRX,99.54222573007104,1890020.0,2524485.0,1208.0,1055.0
ASTC,99.52644041041832,81540.0,323785.0,4371.0,3259.0
ONFO,99.51065509076558,19208400.0,62003585.0,108.0,14.0
CJMB,99.49486977111287,367300.0,2969055.0,3001.0,894.0
REPL,99.47908445146014,3007180.0,8065585.0,787.0,318.0
CDT,99.46329913180742,30420.0,64720.0,5035.0,4607.0
HAO,99.4475138121547,1585460.0,4034880.0,1373.0,685.0
AMLX,99.43172849250197,7187120.0,3427640.0,327.0,781.0
ADIL,99.41594317284925,91240.0,80495.0,4297.5,4447.0
SXTC,99.40015785319652,6116800.0,118084155.0,378.0,4.0
QTTB,99.38437253354381,276620.0,441710.0,3255.0,2955.0
SDOT,99.36858721389108,154300.0,202505.0,3837.0,3700.0
NPT,99.35280189423837,16280.0,34110.0,5367.5,5032.0
HLP,99.33701657458563,39140.0,76570.0,4865.0,4482.0
AGEN,99.32123125493291,1192940.0,1661045.0,1676.0,1479.0
CIIT,99.30544593528019,91320.0,107025.0,4295.5,4249.5
TXG,99.28966061562747,2602800.0,3072135.0,902.0,859.0
STIM,99.27387529597475,2190400.0,3082720.0,1067.0,857.0
TOP,99.25808997632201,82120.0,97459.0,4362.0,4328.0
BGMSP,99.2423046566693,0.0,286.0,6288.0,6203.0
YJ,99.22651933701657,25921760.0,9300130.0,62.0,268.0
HELP,99.21073401736386,1298140.0,1715900.0,1574.0,1437.0
JTAI,99.19494869771113,273380.0,231050.0,3270.0,3577.0
FCUV,99.1791633780584,261140.0,6022145.0,3319.0,444.0
APPS,99.16337805840568,2737520.0,4262695.0,861.0,649.0
ENTX,99.14759273875295,357520.0,4958550.0,3024.0,557.0
XNCR,99.13180741910024,1267140.0,1122430.0,1599.0,1890.0
QMCO,99.1160220994475,2842780.0,2424410.0,832.0,1090.0
TWST,99.1002367797948,1575100.0,1683915.0,1378.0,1468.0
ABCL,99.08445146014206,11860560.0,10034355.0,195.0,244.0
GENVR,99.06866614048934,22020.0,43915.0,5221.0,4876.0
CRNX,99.05288082083662,2263740.0,2614275.0,1030.0,1021.0
RCEL,99.0370955011839,616560.0,716640.0,2437.5,2442.0
NVCT,99.02131018153118,186840.0,218875.0,3665.5,3627.0
OFAL,99.00552486187846,9547300.0,10825190.0,244.0,223.0
OTLK,98.98973954222573,65874600.0,28698215.0,13.0,67.0
BLZE,98.973954222573,3142040.0,3236230.0,745.0,818.0
SLN,98.95816890292028,1421060.0,1936185.0,1481.0,1299.0
FRD,98.94238358326756,76060.0,90890.0,4432.0,4372.5
CDNA,98.92659826361484,981740.0,1162560.0,1889.0,1852.0
MBX,98.91081294396211,484440.0,486710.0,2705.0,2851.0
NIQ,98.89502762430939,1606960.0,2006315.0,1354.0,1266.0
EXFY,98.87924230465667,1161240.0,1215365.0,1705.0,1811.0
TGHL,98.86345698500395,494360.0,1300465.0,2684.5,1744.0
SMJF,98.84767166535123,1310240.0,1105715.0,1566.0,1906.0
ZYBT,98.8318863456985,447820.0,5534550.0,2789.0,486.0
ADVB,98.81610102604577,221460.0,1037515.0,3482.0,1981.0
FWRD,98.80031570639305,433340.0,657015.0,2819.5,2544.0
GNTA,98.78453038674033,35760.0,54725.0,4924.0,4727.0
RRGB,98.76874506708761,887340.0,401960.0,2009.0,3066.0
PAYS,98.75295974743489,601560.0,749200.0,2462.0,2386.0
BFLY,98.73717442778216,4809660.0,6572450.0,490.0,406.0
AGPU,98.72138910812944,899020.0,605525.0,1988.0,2627.0
TEAM,98.70560378847671,4745900.0,5702385.0,495.0,474.0
DFTX,98.689818468824,2081600.0,2215315.0,1111.0,1185.0
ALOT,98.67403314917127,102880.0,95760.0,4197.0,4336.0
CNET,98.65824782951856,342920.0,615075.0,3060.0,2610.0
MAN,98.64246250986582,1104940.0,1141020.0,1755.0,1871.0
SMWB,98.6266771902131,1296360.0,966260.0,1577.0,2071.0
PEPG,98.61089187056038,827560.0,1053930.0,2089.0,1958.0
ACCL,98.59510655090766,13200.0,56255.0,5454.0,4713.0
NAMMW,98.57932123125494,1200.0,3135.0,6067.0,5973.0
QURE,98.5635359116022,941760.0,1397495.0,1936.0,1655.0
ETS,98.5477505919495,33460.0,99390.0,4963.0,4311.0
BOLD,98.53196527229676,129680.0,259955.0,4000.0,3464.0
HWH,98.51617995264405,193980.0,396855.0,3623.0,3079.0
CORT,98.50039463299132,734780.0,1187050.0,2223.0,1832.0
INTA,98.4846093133386,586120.0,814900.0,2495.0,2293.0
MNPR,98.46882399368587,208580.0,289820.0,3553.0,3366.0
ABSI,98.45303867403314,2787480.0,2672115.0,850.0,999.0
TBI,98.43725335438043,253320.0,348620.0,3351.5,3197.0
IOVA,98.4214680347277,16542340.0,17915900.0,127.0,128.0
UFI,98.40568271507499,297280.0,157070.0,3194.0,3910.0
PESI,98.38989739542225,435780.0,494205.0,2814.0,2828.0
SAIH,98.37411207576953,32220.0,17200.0,4990.5,5398.0
FDMT,98.35832675611681,1843820.0,887355.0,1232.0,2181.0
CSTE,98.34254143646409,146760.0,104915.0,3882.0,4270.0
AMPL,98.32675611681137,2297360.0,2393615.0,1016.0,1104.0
TTRX,98.31097079715865,51180.0,59200.0,4693.0,4670.0
TLIH,98.29518547750592,1680.0,3040.0,6023.5,5979.0
RGNX,98.27940015785319,882180.0,1102800.0,2014.0,1909.0
SNOW,98.26361483820048,3317660.0,4957940.0,709.0,558.0
OESX,98.24782951854775,50500.0,97610.0,4703.0,4326.0
ELF,98.23204419889503,1829040.0,2596330.0,1240.0,1023.0
ENGS,98.2162588792423,1266900.0,1236255.0,1600.0,1789.0
DSY,98.20047355958958,37480.0,1803770.0,4888.0,1376.0
PSNL,98.18468823993686,2520440.0,2806540.0,932.0,949.0
SYBX,98.16890292028414,39920.0,204130.0,4851.5,3692.0
CHYM,98.15311760063142,9821840.0,9596390.0,233.0,259.0
UPC,98.1373322809787,23440.0,2091300.0,5191.0,1227.0
TKNO,98.12154696132596,516220.0,253960.0,2634.0,3489.0
EDRY,98.10576164167324,121100.0,125940.0,4056.0,4111.0
U,98.08997632202052,10830500.0,12614160.0,212.0,181.0
RCMT,98.0741910023678,197780.0,74275.0,3611.0,4504.0
PBF,98.05840568271508,2467080.0,3331400.0,948.0,803.0
ADPT,98.04262036306235,1994600.0,2569285.0,1148.0,1037.0
VREX,98.02683504340963,944520.0,1386600.0,1933.0,1667.0
OPHC,98.0110497237569,190600.0,219600.0,3647.0,3624.0
QLYS,97.99526440410419,594600.0,795435.0,2478.0,2316.0
UTZ,97.97947908445146,1160460.0,2890695.0,1706.0,922.0
ACHV,97.96369376479875,2088560.0,1317450.0,1107.0,1733.0
PLSE,97.94790844514601,483520.0,471275.0,2706.0,2882.0
SOWG,97.93212312549329,7280.0,10095.0,5694.5,5630.5
ORKA,97.91633780584057,831880.0,778910.0,2084.0,2341.0
CRL,97.90055248618785,870640.0,960640.0,2037.0,2081.0
MGNI,97.88476716653513,2898760.0,2940535.0,815.0,898.0
NEO,97.86898184688239,1099600.0,2382965.0,1760.0,1110.0
SUNE,97.85319652722968,100060.0,151375.0,4223.5,3958.5
ECOR,97.83741120757695,98840.0,87005.0,4234.0,4404.0
KRT,97.82162588792424,151560.0,145095.0,3850.0,3996.0
AVAH,97.8058405682715,5848580.0,2910360.0,395.0,912.0
BUUU,97.79005524861878,85500.0,85885.0,4339.0,4412.0
GLBS,97.77426992896606,226960.0,184440.0,3463.0,3791.0
MYO,97.75848460931333,936520.0,669460.0,1942.0,2524.0
PRCH,97.74269928966062,1264700.0,1941105.0,1603.0,1295.0
SLS,97.72691397000789,5902260.0,6023630.0,390.0,443.0
PCTTU,97.71112865035518,0.0,0.0,6288.0,6278.5
AZTA,97.69534333070244,576340.0,696025.0,2516.0,2477.0
BXC,97.67955801104972,123800.0,178760.0,4038.0,3819.0
VIA,97.663772691397,650540.0,838475.0,2373.0,2262.0
ORIC,97.64798737174428,1072700.0,1715735.0,1798.0,1439.0
BFRI,97.63220205209156,916780.0,534245.0,1965.0,2748.0
ETON,97.61641673243882,1156240.0,660510.0,1710.5,2539.0
APPN,97.60063141278611,595660.0,876905.0,2476.0,2189.0
XGN,97.58484609313338,384400.0,457380.0,2942.0,2913.0
URGN,97.56906077348066,1165340.0,954370.0,1702.0,2089.0
LBRX,97.55327545382794,338500.0,409875.0,3074.5,3045.0
FORR,97.53749013417521,81280.0,119500.0,4377.5,4162.5
LFST,97.5217048145225,3967060.0,4118360.0,600.0,673.0
CBRL,97.50591949486977,716220.0,806685.0,2252.0,2301.0
CAKE,97.49013417521705,1757020.0,2024110.0,1280.0,1254.0
HBB,97.47434885556433,102000.0,74365.0,4206.0,4503.0
VSTM,97.45856353591161,2139320.0,2064555.0,1088.0,1241.0
PYXS,97.44277821625887,783460.0,1592150.0,2151.0,1531.0
AVTR,97.42699289660615,5433800.0,11505915.0,442.0,206.0
QNST,97.41120757695343,738140.0,1039260.0,2219.0,1977.0
BDSX,97.39542225730071,99060.0,87300.0,4230.5,4402.0
YEXT,97.37963693764799,684380.0,785745.0,2308.0,2329.0
ATAI,97.36385161799527,7486680.0,8759325.0,313.0,292.0
CBZ,97.34806629834254,1010460.0,2194325.0,1863.0,1192.0
EAT,97.33228097868982,998180.0,1163080.0,1878.0,1851.0
FHTX,97.31649565903709,215800.0,206265.0,3512.0,3681.0
SOPH,97.30071033938438,497880.0,454180.0,2680.0,2923.0
BBNX,97.28492501973165,1526040.0,1469420.0,1416.0,1609.0
BULLW,97.26913970007892,44120.0,18310.0,4781.0,5369.0
NWL,97.2533543804262,5430480.0,10162875.0,443.0,238.0
PD,97.23756906077348,1109840.0,1218590.0,1752.0,1810.0
CADL,97.22178374112076,1909160.0,1268640.0,1195.0,1767.0
PGEN,97.20599842146804,6455660.0,5989535.0,358.0,448.0
PAY,97.19021310181532,1083600.0,1312570.0,1781.0,1737.0
UMAC,97.17442778216258,7892820.0,4956440.0,298.0,559.0
TLSI,97.15864246250987,154540.0,213145.0,3835.0,3654.0
SGHT,97.14285714285714,375220.0,316105.0,2969.0,3280.0
WGS,97.12707182320443,520200.0,825695.0,2628.0,2282.0
ATRC,97.1112865035517,733120.0,896865.0,2226.0,2165.0
RPD,97.09550118389897,1713200.0,2392050.0,1307.0,1105.0
MCS,97.07971586424625,253320.0,371730.0,3351.5,3138.0
APLM,97.06393054459352,23140.0,31265.0,5199.0,5086.0
USIO,97.04814522494081,877080.0,523545.0,2024.0,2766.0
AXON,97.03235990528808,666100.0,957935.0,2343.0,2085.0
AMC,97.01657458563537,15777360.0,30684170.0,141.0,61.0
JRSH,97.00078926598263,109640.0,94110.0,4137.0,4344.0
RDI,96.98500394632991,152180.0,71870.0,3846.0,4527.0
JILL,96.96921862667719,54480.0,61765.0,4655.0,4645.0
CTRN,96.95343330702447,92800.0,123000.0,4286.0,4131.0
APGE,96.93764798737175,1419300.0,1231705.0,1483.0,1796.0
LVLU,96.92186266771901,15640.0,18770.0,5382.5,5360.0
MTW,96.9060773480663,453780.0,382365.0,2771.0,3112.0
HAE,96.89029202841357,1115760.0,901310.0,1747.0,2160.0
ZBIO,96.87450670876086,1072820.0,708540.0,1796.5,2461.0
VOR,96.85872138910813,838080.0,804860.0,2078.0,2304.0
ANRO,96.8429360694554,699500.0,441515.0,2279.0,2956.0
MRVI,96.82715074980268,4546780.0,2624650.0,519.0,1014.0
TMCI,96.81136543014996,369580.0,418845.0,2989.0,3017.0
EMBC,96.79558011049724,1620320.0,1601955.0,1346.0,1528.0
CCC,96.77979479084452,13307560.0,10595520.0,169.0,230.0
EPC,96.7640094711918,490800.0,609190.0,2692.0,2621.0
TNET,96.74822415153906,302300.0,438910.0,3180.5,2961.0
ESTC,96.73243883188634,3544360.0,2244305.0,669.0,1162.0
OPRX,96.71665351223362,415180.0,253690.0,2855.0,3490.0
MGTX,96.7008681925809,858940.0,540820.0,2051.5,2731.0
ANGX,96.68508287292818,2683480.0,1634500.0,877.0,1502.0
PUBM,96.66929755327546,821760.0,779230.0,2100.0,2340.0
RIGL,96.65351223362273,354940.0,323525.0,3035.0,3260.0
SN,96.63772691397001,1440040.0,1825530.0,1469.0,1359.0
PMTS,96.62194159431728,112840.0,99980.0,4119.0,4305.0
NSP,96.60615627466457,318280.0,583725.0,3129.0,2659.0
FATN,96.59037095501184,66200.0,118925.0,4515.0,4169.0
KYMR,96.57458563535911,627680.0,667255.0,2419.0,2528.0
PAYC,96.55880031570639,719680.0,1011700.0,2244.0,2015.0
CGEM,96.54301499605367,912940.0,626685.0,1968.0,2597.0
GSHD,96.52722967640095,316800.0,538285.0,3138.0,2737.0
CURV,96.51144435674823,193820.0,259195.0,3625.0,3468.0
W,96.4956590370955,2389000.0,4012765.0,977.0,689.0
ALNT,96.47987371744277,226160.0,278785.0,3467.0,3406.0
SPRC,96.46408839779006,67700.0,512545.0,4500.0,2787.0
OMER,96.44830307813733,4802060.0,2469780.0,491.0,1072.0
PGY,96.43251775848461,1955540.0,3052020.0,1171.0,864.0
MTA,96.41673243883189,789920.0,495520.0,2144.0,2824.0
NUTX,96.40094711917916,140980.0,159995.0,3921.0,3898.0
MYSE,96.38516179952644,108720.0,71140.0,4145.0,4535.0
HNGE,96.36937647987371,1134560.0,1661065.0,1731.0,1478.0
NTRA,96.353591160221,1398300.0,1380250.0,1499.0,1671.0
IPST,96.33780584056827,27816200.0,6973450.0,60.0,375.0
CERT,96.32202052091556,3093500.0,4106530.0,760.0,676.0
QH,96.30623520126282,41440.0,36435.0,4817.0,4989.0
RHI,96.2904498816101,1877080.0,2289910.0,1212.0,1143.0
GTLB,96.27466456195738,4719380.0,4294415.0,498.0,645.0
SI,96.25887924230466,155220.0,123725.0,3833.0,4125.0
CLYM,96.24309392265194,1677940.0,1161000.0,1320.0,1855.0
MAX,96.2273086029992,439160.0,781445.0,2804.5,2336.0
NRIX,96.2115232833465,1236200.0,1076185.0,1635.0,1932.0
PTLE,96.19573796369376,11660.0,9650.0,5507.0,5651.0
BWIN,96.17995264404104,1090000.0,1226075.0,1776.0,1799.0
ZIP,96.16416732438832,798040.0,815665.0,2136.0,2292.0
BVS,96.1483820047356,584500.0,840605.0,2500.0,2260.0
OABI,96.13259668508287,5188100.0,1805220.0,462.0,1375.0
ENVA,96.11681136543015,246000.0,343285.0,3382.5,3210.0
FLNT,96.10102604577743,32980.0,29145.0,4977.0,5121.0
HNI,96.0852407261247,330420.0,586715.0,3099.0,2655.0
HALO,96.06945540647199,2067140.0,2458715.0,1114.0,1077.0
BETA,96.05367008681925,2508520.0,1827785.0,936.0,1358.0
CSTL,96.03788476716653,380140.0,525930.0,2953.0,2763.0
QNCX,96.02209944751381,30280.0,35535.0,5037.5,5005.0
GTEC,96.00631412786109,667040.0,1065745.0,2342.0,1946.0
TNDM,95.99052880820837,1755540.0,2249235.0,1281.0,1157.0
REAX,95.97474348855565,6505080.0,5431635.0,354.0,494.0
VEEV,95.95895816890292,1669540.0,1743030.0,1323.0,1424.0
FGI,95.9431728492502,21291700.0,5390875.0,93.0,503.0
WNC,95.92738752959747,808440.0,1092105.0,2124.0,1919.0
PTGX,95.91160220994475,527120.0,492460.0,2618.0,2833.0
BLKB,95.89581689029202,452140.0,709480.0,2774.0,2459.0
CCXIU,95.8800315706393,7220.0,15790.0,5699.0,5438.0
HTFL,95.86424625098658,4612960.0,1870855.0,512.0,1342.0
AMWL,95.84846093133386,100720.0,122320.0,4220.0,4136.0
ERAS,95.83267561168114,2505860.0,3164390.0,937.0,839.0
DCTH,95.81689029202842,577900.0,732475.0,2510.0,2412.0
ARHS,95.8011049723757,1528160.0,1696425.0,1413.0,1455.0
RNAC,95.78531965272296,174600.0,133380.0,3726.0,4072.0
KELYA,95.76953433307025,310980.0,349270.0,3161.0,3196.0
STI,95.75374901341752,85240.0,125980.0,4340.0,4110.0
SEPN,95.7379636937648,531620.0,425315.0,2607.0,3004.5
WDAY,95.72217837411208,7543620.0,5324650.0,309.0,511.0
LIND,95.70639305445935,776900.0,822970.0,2162.0,2284.0
LILA,95.69060773480663,455440.0,597350.0,2767.5,2641.0
THC,95.6748224151539,658760.0,1209005.0,2357.0,1817.0
VAC,95.65903709550119,327340.0,511565.0,3107.0,2792.0
DYN,95.64325177584846,1751280.0,2717930.0,1283.0,983.0
NCT,95.62746645619575,2216840.0,1398790.0,1048.0,1653.0
NUVB,95.61168113654301,8430480.0,6127320.0,282.0,436.0
INMB,95.59589581689029,319140.0,327720.0,3126.0,3245.0
RMAX,95.58011049723757,831440.0,573060.0,2085.0,2675.0
HPE-PC,95.56432517758483,218475.6,214212.5,3498.0,3648.0
RLAY,95.54853985793213,1898140.0,2083610.0,1204.0,1233.0
RGEN,95.53275453827939,876140.0,1209555.0,2026.0,1816.0
ZETA,95.51696921862668,5783180.0,9511635.0,405.0,261.0
OKTA,95.50118389897395,2766680.0,2517780.0,855.5,1058.0
COTY,95.48539857932124,8471420.0,8746225.0,280.0,293.0
MNTN,95.4696132596685,1241320.0,1211260.0,1629.0,1814.0
BLFS,95.45382794001578,512040.0,1021675.0,2651.0,2002.0
IMMX,95.43804262036306,1402600.0,1542105.0,1497.0,1563.0
EXPE,95.42225730071034,1329140.0,1646045.0,1552.0,1492.0
CLRO,95.40647198105762,68220.0,4423915.0,4497.0,627.0
ACOG,95.39068666140489,218560.0,123855.0,3496.0,4122.0
DK,95.37490134175218,1402620.0,1316285.0,1496.0,1734.0
TOST,95.35911602209944,8199660.0,10236930.0,288.0,236.0
LILAK,95.34333070244672,1353520.0,1335245.0,1531.0,1718.0
RNG,95.327545382794,1353980.0,2578660.0,1530.0,1031.0
NNBR,95.31176006314128,3223540.0,3083035.0,730.0,856.0
CIB,95.29597474348856,240200.0,332755.0,3407.0,3235.0
COMP,95.28018942383584,9428880.0,11449710.0,248.0,208.0
HURN,95.26440410418311,179860.0,363990.0,3700.0,3153.0
NSIT,95.2486187845304,292220.0,454640.0,3209.0,2920.0
KNSA,95.23283346487766,484620.0,705340.0,2704.0,2465.0
WK,95.21704814522494,818940.0,802395.0,2104.0,2307.0
TTAN,95.20126282557221,1045120.0,1272645.0,1826.0,1761.0
MLKN,95.1854775059195,469680.0,599275.0,2732.0,2638.0
TECH,95.16969218626677,2398580.0,3503490.0,972.0,763.0
SPSC,95.15390686661405,586080.0,634120.0,2496.0,2582.0
CTEV,95.13812154696133,149700.0,115930.0,3863.0,4191.0
CLW,95.12233622730861,160220.0,230255.0,3811.0,3581.0
ABTS,95.10655090765589,57080.0,298695.0,4626.0,3332.0
RBRK,95.09076558800315,3388960.0,3009590.0,689.0,874.0
BHVN,95.07498026835043,1734720.0,1795695.0,1293.0,1384.0
MYE,95.05919494869771,316720.0,444640.0,3139.5,2948.0
HZO,95.04340962904499,841020.0,938855.0,2075.0,2108.0
AUTL,95.02762430939227,3774100.0,3226600.0,626.0,820.0
SDGR,95.01183898973954,1051240.0,1139440.0,1818.0,1872.0
SGMT,94.99605367008682,1593780.0,1284745.0,1367.0,1752.0
RNXT,94.98026835043409,860920.0,484470.0,2046.0,2860.0
LUNG,94.96448303078138,494360.0,892635.0,2684.5,2171.0
TRVG,94.94869771112864,144160.0,97335.0,3900.0,4329.0
LICN,94.93291239147594,20000.0,321490.0,5267.0,3267.0
CXW,94.9171270718232,1525280.0,1439545.0,1419.0,1631.0
AARD,94.90134175217048,123320.0,122670.0,4043.0,4133.0
ARTV,94.88555643251776,305120.0,347505.0,3171.0,3200.0
GP,94.86977111286504,513140.0,269835.0,2648.0,3433.0
MANH,94.85398579321232,962200.0,1038350.0,1914.0,1979.0
SCLX,94.83820047355958,54020.0,67135.0,4662.0,4574.0
CRDL,94.82241515390687,1910380.0,1165575.0,1194.0,1848.0
JACK,94.80662983425414,1274240.0,952995.0,1592.0,2092.0
IQV,94.79084451460142,1096400.0,1527105.0,1769.0,1572.0
TVTX,94.7750591949487,1289620.0,1738785.0,1581.0,1426.0
INNV,94.75927387529597,172760.0,218760.0,3737.0,3628.0
PKOH,94.74348855564325,117460.0,109885.0,4090.0,4230.0
LSH,94.72770323599052,20506055.4,,101.0,
DELL,94.71191791633781,5984600.0,5909325.0,384.0,458.0
OMDA,94.69613259668508,1139320.0,1685215.0,1727.0,1466.0
LMRI,94.68034727703237,669760.0,482710.0,2335.0,2862.0
LASE,94.66456195737963,1987480.0,1968695.0,1154.0,1282.0
TWIN,94.64877663772691,102560.0,84830.0,4199.0,4422.0
SMTI,94.63299131807419,376660.0,449820.0,2966.0,2931.0
TPCS,94.61720599842147,189880.0,65365.0,3650.0,4598.0
ICLR,94.60142067876875,500080.0,853035.0,2673.0,2234.0
CRSR,94.58563535911603,1846600.0,2285365.0,1227.0,1144.0
HNST,94.5698500394633,2025240.0,2978365.0,1133.0,890.0
PRGS,94.55406471981057,385400.0,497780.0,2940.0,2820.0
SLDB,94.53827940015785,812420.0,918265.0,2119.0,2139.0
SYRE,94.52249408050513,818360.0,841210.0,2107.0,2259.0
SPT,94.5067087608524,1219160.0,1262785.0,1650.0,1773.0
GALT,94.49092344119968,388300.0,375490.0,2933.0,3131.0
NAVN,94.47513812154696,2068600.0,2366700.0,1113.0,1118.0
NDLS,94.45935280189424,42680.0,85665.0,4803.0,4414.0
WIX,94.44356748224152,2525080.0,1924715.0,928.0,1306.0
CAI,94.4277821625888,3953260.0,5057980.0,602.0,541.0
FRPT,94.41199684293608,1012820.0,1394590.0,1860.0,1660.0
ARCT,94.39621152328334,1596100.0,782140.0,1366.0,2335.0
AII,94.38042620363062,216440.0,157765.0,3507.0,3907.0
AGYS,94.3646408839779,342060.0,314555.0,3063.0,3282.0
KMX,94.34885556432518,1843200.0,2216330.0,1233.0,1184.0
NWTG,94.33307024467246,236480.0,75550.0,3425.0,4489.5
ASBP,94.31728492501973,24500.0,33375.0,5170.0,5047.0
ZENA,94.30149960536701,5790240.0,6523840.0,403.0,412.0
PW,94.28571428571428,2520.0,13320.0,5962.0,5509.0
AMRX,94.26992896606157,1874240.0,1894695.0,1214.0,1326.0
TWFG,94.25414364640883,145960.0,156235.0,3889.0,3919.0
JHX,94.23835832675613,5322900.0,7546265.0,449.0,343.0
DSGN,94.22257300710339,567060.0,472810.0,2532.0,2880.0
BJRI,94.20678768745067,413380.0,528030.0,2865.0,2757.0
GENI,94.19100236779795,4481300.0,7421295.0,527.0,347.0
RZLT,94.17521704814521,825160.0,1154550.0,2093.0,1860.0
TLPH,94.1594317284925,647860.0,321285.0,2381.0,3268.0
FSLY,94.14364640883977,5486160.0,6654735.0,435.0,396.0
ACU,94.12786108918706,38820.0,40215.0,4870.0,4935.0
BBY,94.11207576953433,3130400.0,3226045.0,750.0,821.0
VNCE,94.09629044988162,61880.0,68965.0,4565.5,4557.0
ASAN,94.08050513022889,4712160.0,5221395.0,499.0,522.0
PATH,94.06471981057616,79162660.0,64885605.0,9.0,12.0
PFSA,94.04893449092344,11756700.0,3511545.0,198.0,761.0
SKK,94.03314917127071,1558800.0,393385.0,1391.0,3092.0
NMAX,94.017363851618,2710140.0,1225275.0,868.0,1800.0
DAO,94.00157853196527,87560.0,57585.0,4326.0,4692.0
HHS,93.98579321231256,1140540.0,292455.0,1725.0,3354.0
KSS,93.97000789265982,3268340.0,3273515.0,719.0,813.0
DRTS,93.9542225730071,533320.0,519210.0,2601.0,2777.0
FRSH,93.93843725335438,9008840.0,9788070.0,262.0,252.0
VRDN,93.92265193370166,1715880.0,1882275.0,1305.0,1332.0
FIVN,93.90686661404894,1965580.0,3720565.0,1164.0,728.0
KIDS,93.89108129439622,220000.0,231210.0,3489.0,3575.0
CLMT,93.8752959747435,1083540.0,1294840.0,1782.0,1747.0
PAYO,93.85951065509076,4711460.0,5600405.0,500.0,481.0
SENS,93.84372533543804,815000.0,747185.0,2117.0,2389.0
ZLAB,93.82794001578532,1399100.0,1158880.0,1498.0,1858.0
MMSI,93.8121546961326,823960.0,1174935.0,2095.0,1838.0
MMYT,93.79636937647987,355360.0,691195.0,3034.0,2483.0
DAVE,93.78058405682715,484880.0,464640.0,2703.0,2902.0
BDL,93.76479873717443,47280.0,40655.0,4742.5,4927.0
NEWP,93.74901341752171,602680.0,558855.0,2460.0,2703.0
LNSR,93.73322809786899,611540.0,189885.0,2445.0,3767.0
ACAD,93.71744277821625,1606440.0,1796525.0,1356.0,1383.0
ANIK,93.70165745856353,103080.0,119660.0,4193.0,4158.0
WHLRL,93.68587213891081,11027.4,3624.7,5526.0,5950.0
OSCR,93.67008681925809,5221160.0,5814685.0,459.0,465.0
MYND,93.65430149960537,32100.0,16235.0,4994.0,5423.5
OCUL,93.63851617995265,4594200.0,2748490.0,514.0,972.0
ACRS,93.62273086029992,1379240.0,1941330.0,1515.0,1294.0
SAFT,93.6069455406472,181740.0,403460.0,3687.0,3058.0
SHOP,93.59116022099447,6855380.0,11639285.0,341.0,200.0
PRQR,93.57537490134176,848560.0,747715.0,2067.0,2388.0
NGNE,93.55958958168902,163760.0,174760.0,3790.0,3836.0
WPP,93.5438042620363,419360.0,583875.0,2844.0,2658.0
HRTG,93.52801894238358,262640.0,351505.0,3310.0,3187.0
CPHI,93.51223362273086,2960840.0,1891850.0,798.0,1329.0
MTEX,93.49644830307814,18680.0,10795.0,5300.5,5606.5
EWTX,93.48066298342542,1235920.0,1304160.0,1636.0,1742.0
ILMN,93.4648776637727,1266500.0,1957925.0,1601.0,1286.5
XERS,93.44909234411996,1788660.0,1718680.0,1267.0,1436.0
VEEE,93.43330702446725,47240.0,360610.0,4744.0,3166.5
MPC,93.41752170481452,2379260.0,2377110.0,979.0,1114.0
RVMD,93.4017363851618,1434200.0,1696565.0,1475.0,1454.0
TRUP,93.38595106550908,452900.0,590225.0,2773.0,2652.0
HPE,93.37016574585635,17157480.0,16712510.0,121.0,136.0
KFRC,93.35438042620363,272720.0,277480.0,3274.0,3409.0
EOLS,93.3385951065509,743140.0,1015905.0,2212.0,2010.0
CNK,93.32280978689819,1767960.0,2619380.0,1277.0,1019.0
GO,93.30702446724545,3768960.0,2876560.0,628.0,929.0
UHAL,93.29123914759275,125000.0,161720.0,4030.0,3893.0
BH,93.27545382794001,250980.0,226335.0,3360.0,3594.0
ABNB,93.25966850828729,4392720.0,5209435.0,538.0,524.0
IKT,93.24388318863457,413420.0,654180.0,2864.0,2552.0
MASS,93.22809786898185,527940.0,471385.0,2612.5,2881.0
ELVN,93.21231254932913,606620.0,995235.0,2449.5,2035.0
MEDP,93.19652722967639,167200.0,326910.0,3762.0,3248.0
ICUI,93.18074191002368,229360.0,348530.0,3454.0,3198.0
CHEF,93.16495659037095,1068160.0,730370.0,1802.0,2417.0
QUAD,93.14917127071823,513160.0,464780.0,2647.0,2901.0
ITGR,93.1333859510655,696600.0,1674200.0,2283.0,1473.0
VLO,93.11760063141278,2067020.0,2588285.0,1115.0,1028.0
RDACU,93.10181531176006,1180.0,295.0,6068.0,6202.0
JCTC,93.08602999210734,68760.0,28730.0,4490.5,5132.0
NXPL,93.07024467245462,61800.0,47475.0,4568.5,4817.0
BULL,93.0544593528019,16064000.0,9847590.0,135.0,249.0
DXST,93.03867403314918,58100.0,883820.0,4616.0,2187.0
DV,93.02288871349644,4065680.0,5001245.0,583.0,550.0
NTAP,93.00710339384372,2604340.0,2462355.0,901.0,1074.0
GPCR,92.991318074191,540540.0,566160.0,2584.5,2690.0
CLPT,92.97553275453828,360380.0,637065.0,3018.0,2576.0
ATEX,92.95974743488556,335920.0,350405.0,3086.0,3191.0
RMNI,92.94396211523284,412020.0,428255.0,2868.0,2995.0
LTH,92.92817679558011,2699480.0,3201585.0,873.0,827.0
ULH,92.9123914759274,35360.0,48050.0,4927.5,4810.0
FET,92.89660615627466,164920.0,217795.0,3781.5,3632.5
FLXS,92.88082083662195,128940.0,70610.0,4004.5,4544.0
MATV,92.86503551696921,528600.0,618425.0,2610.0,2607.0
QTWO,92.8492501973165,718220.0,968810.0,2248.0,2066.0
BAX,92.83346487766377,5852300.0,8026360.0,394.0,321.0
RDNT,92.81767955801105,562600.0,776425.0,2541.0,2344.0
NTNX,92.80189423835833,2322180.0,2441825.0,1004.0,1084.0
DLTR,92.7861089187056,1828540.0,2006830.0,1242.0,1265.0
ZBRA,92.77032359905289,680360.0,887295.0,2318.0,2182.0
HQI,92.75453827940015,32220.0,25350.0,4990.5,5198.0
DCO,92.73875295974744,152680.0,245110.0,3841.0,3521.0
TENB,92.72296764009471,2099700.0,3117915.0,1103.0,851.0
FF,92.707182320442,377540.0,568910.0,2965.0,2684.0
OPRT,92.69139700078927,298620.0,517790.0,3192.0,2780.0
PYPL,92.67561168113654,10781620.0,11390735.0,214.0,210.0
GH,92.65982636148382,2762080.0,2194710.0,858.0,1191.0
VHI,92.64404104183109,12200.0,13340.0,5483.0,5506.0
SENEA,92.62825572217838,87300.0,101285.0,4327.0,4292.0
DUOL,92.61247040252564,1605960.0,1450850.0,1357.0,1625.0
SDA,92.59668508287294,40060.0,48860.0,4847.0,4802.0
XOS,92.5808997632202,29353840.0,7566930.0,56.0,341.0
PANW,92.56511444356748,4853040.0,5712435.0,486.0,473.0
FTRE,92.54932912391476,1351760.0,1748770.0,1533.0,1418.0
SABR,92.53354380426204,3356160.0,4085020.0,696.0,679.0
INSP,92.51775848460932,527440.0,809565.0,2617.0,2298.0
DNLI,92.50197316495658,1097960.0,1392920.0,1766.0,1662.0
SVV,92.48618784530387,3016780.0,2118150.0,781.0,1220.0
RDVT,92.47040252565114,248140.0,297615.0,3372.0,3337.0
SWIM,92.45461720599842,684440.0,945700.0,2307.0,2102.0
OTLY,92.4388318863457,73660.0,176415.0,4447.5,3827.0
IMNM,92.42304656669297,1368900.0,1130340.0,1521.0,1882.0
GLBE,92.40726124704025,1268780.0,1569785.0,1597.0,1546.0
CNMD,92.39147592738753,354280.0,526485.0,3036.0,2761.0
PK,92.37569060773481,4190760.0,4223925.0,570.0,656.0
GPC,92.35990528808208,903640.0,1174465.0,1977.0,1839.0
DASH,92.34411996842937,4254680.0,4455525.0,555.0,623.0
SER,92.32833464877663,94860.0,59305.0,4259.0,4666.0
IMAX,92.31254932912391,1360560.0,1745110.0,1528.0,1420.0
CGAU,92.29676400947119,1424960.0,1708270.0,1478.0,1447.0
NEPH,92.28097868981847,35520.0,23590.0,4926.0,5241.0
CETY,92.26519337016575,18940.0,25010.0,5295.5,5207.5
GCBC,92.24940805051303,23860.0,33050.0,5184.5,5055.0
FA,92.2336227308603,3169680.0,2623510.0,741.0,1015.0
GHRS,92.21783741120758,272820.0,319035.0,3273.0,3275.0
TMO,92.20205209155485,1524400.0,2117405.0,1420.0,1221.0
FOSL,92.18626677190213,1109300.0,1124165.0,1753.0,1888.0
OBIO,92.1704814522494,623680.0,290915.0,2426.0,3363.0
BIXIW,92.15469613259668,32120.0,9725.0,4993.0,5650.0
UFPT,92.13891081294396,122440.0,193595.0,4048.0,3741.0
ACRV,92.12312549329124,748820.0,409855.0,2203.0,3046.0
NEOG,92.10734017363852,1662940.0,2388450.0,1326.0,1106.0
ANF,92.0915548539858,999060.0,997505.0,1877.0,2033.0
TILE,92.07576953433308,472600.0,444770.0,2726.0,2947.0
SLNG,92.05998421468034,50600.0,39375.0,4701.0,4946.0
SE,92.04419889502763,4255980.0,5137600.0,554.0,531.0
CCS,92.0284135753749,174160.0,262695.0,3727.0,3455.0
VRNS,92.01262825572218,987240.0,1774540.0,1886.0,1397.0
ALKS,91.99684293606946,1218660.0,1654000.0,1651.0,1485.0
PSX,91.98105761641673,2994480.0,2749155.0,790.0,971.0
GKOS,91.96527229676401,674220.0,935400.0,2327.0,2115.0
AHT-PG,91.94948697711128,28574.6,10597.5,5084.0,5614.0
TMDX,91.93370165745857,627640.0,992145.0,2420.0,2039.0
BEEP,91.91791633780583,31940.0,57125.0,4999.5,4702.0
WHLRP,91.90213101815313,220.0,850.0,6191.0,6145.5
BZH,91.88634569850039,603160.0,876590.0,2458.0,2190.0
GEF,91.87056037884767,184100.0,280765.0,3677.0,3395.5
YIBO,91.85477505919495,16140.0,111980.0,5371.0,4217.0
BVC,91.83898973954221,32500.0,61685.0,4984.5,4647.0
OII,91.8232044198895,1017700.0,1178770.0,1852.0,1835.0
CON,91.80741910023677,1017960.0,979390.0,1850.0,2054.0
MKDW,91.79163378058406,980.0,1970.0,6096.0,6062.0
CLDX,91.77584846093133,908280.0,949215.0,1973.0,2098.0
BLMN,91.76006314127861,1547760.0,2212500.0,1400.0,1186.0
SMHI,91.74427782162589,84720.0,129200.0,4346.0,4096.0
SIBN,91.72849250197316,374080.0,492865.0,2972.0,2832.0
ATHM,91.71270718232044,560780.0,741885.0,2546.0,2399.0
NIXX,91.69692186266772,1217720.0,1055265.0,1653.0,1954.0
CRCT,91.681136543015,771700.0,856975.0,2167.0,2221.0
PRLD,91.66535122336226,458980.0,427035.0,2758.0,3000.0
DINO,91.64956590370956,2529500.0,2980690.0,926.0,888.0
CLMB,91.63378058405682,104320.0,149770.0,4186.0,3971.0
CCSI,91.6179952644041,186540.0,144155.0,3669.0,4000.0
TISI,91.60220994475138,24000.0,26545.0,5182.0,5171.0
A,91.58642462509866,1554860.0,1678235.0,1395.0,1471.0
GENC,91.57063930544594,113480.0,57190.0,4113.0,4699.0
MDB,91.55485398579322,1531020.0,1461495.0,1410.0,1614.0
RFL,91.5390686661405,111980.0,95855.0,4123.0,4335.0
GCT,91.52328334648777,508960.0,729250.0,2656.0,2418.0
CXM,91.50749802683504,2200080.0,2759695.0,1059.0,965.0
EMBJ,91.49171270718232,1309580.0,1401615.0,1568.0,1650.0
AQB,91.4759273875296,140820.0,1462060.0,3923.0,1612.0
NET,91.46014206787687,3398100.0,4024330.0,687.0,686.0
IDAI,91.44435674822415,36960.0,36180.0,4897.0,4991.0
DCBO,91.42857142857143,66920.0,95280.0,4508.5,4338.0
ANGO,91.41278610891871,337040.0,468680.0,3081.0,2892.0
VCTR,91.39700078926597,493340.0,574885.0,2687.0,2672.0
TBBB,91.38121546961327,1414440.0,692340.0,1488.0,2482.0
AHMA,91.36543014996053,32260.0,48090.0,4989.0,4809.0
AHT-PF,91.34964483030782,102256.0,28846.4,4204.0,5130.0
PRHI,91.33385951065509,27540.0,11015.0,5104.0,5596.0
JCAP,91.31807419100237,676280.0,416260.0,2321.0,3023.0
EDHL,91.30228887134965,5040.0,38570.0,5822.5,4960.0
SENEB,91.28650355169692,340.0,165.0,6173.5,6220.0
AHT-PD,91.2707182320442,22004.2,8337.5,5222.0,5707.0
ALZN,91.25493291239147,70300.0,46985.0,4473.0,4826.0
MAAS,91.23914759273876,254980.0,143835.0,3343.0,4002.0
HRB,91.22336227308602,2880960.0,2772245.0,822.0,962.0
EVER,91.20757695343332,482820.0,697060.0,2708.0,2474.0
LAD,91.19179163378058,201480.0,365480.0,3591.0,3152.0
PCOR,91.17600631412786,3059720.0,3731185.0,768.0,727.0
BWMN,91.16022099447514,634600.0,503075.0,2403.0,2806.0
PHR,91.1444356748224,1017400.0,829825.0,1853.0,2278.0
VSEC,91.1286503551697,327380.0,407470.0,3106.0,3048.0
FNWD,91.11286503551696,10100.0,18450.0,5565.0,5365.5
PBYI,91.09707971586425,239080.0,300195.0,3415.0,3328.0
ZURA,91.08129439621152,808640.0,724690.0,2123.0,2429.0
BMHL,91.0655090765588,460.0,1280.0,6152.5,6105.0
PCVX,91.04972375690608,871880.0,966235.0,2032.0,2072.0
FTDR,91.03393843725335,434540.0,535240.0,2816.0,2743.0
STGW,91.01815311760063,1176120.0,1642750.0,1692.0,1495.0
JLL,91.00236779794791,351460.0,357410.0,3042.0,3177.0
IMUX,90.98658247829519,163140.0,167725.0,3794.0,3861.0
GRAN,90.97079715864245,1480.0,2210.0,6044.5,6044.0
JOYY,90.95501183898975,240820.0,275080.0,3404.0,3417.0
MXCT,90.93922651933701,1380000.0,928585.0,1513.0,2122.0
USFD,90.92344119968429,1868040.0,2322080.0,1217.0,1129.0
GDRX,90.90765588003157,1844860.0,1731000.0,1231.0,1430.0
SANA,90.89187056037885,3070160.0,2626945.0,766.0,1013.0
PMN,90.87608524072613,21840.0,137130.0,5228.0,4040.0
KELYB,90.8602999210734,1060.0,825.0,6082.5,6148.0
EGO,90.84451460142068,2240540.0,2682520.0,1042.0,993.0
SLG,90.82872928176795,893100.0,1047365.0,2001.0,1964.0
TRVI,90.81294396211523,1612420.0,1639205.0,1350.0,1497.0
BBGI,90.7971586424625,42220.0,58100.0,4808.5,4685.0
ATI,90.78137332280978,1198600.0,1575545.0,1669.0,1542.0
CIX,90.76558800315706,6920.0,7390.0,5716.0,5754.0
TGTX,90.74980268350434,1478020.0,2239185.0,1443.0,1166.0
ANIX,90.73401736385162,246980.0,222075.0,3381.0,3612.0
HURC,90.7182320441989,24060.0,19300.0,5181.0,5344.0
AHT-PH,90.70244672454618,19832.4,6568.8,5272.0,5792.0
DXPE,90.68666140489346,148980.0,154025.0,3869.0,3940.0
PRAA,90.67087608524072,378980.0,441010.0,2958.0,2958.0
FOXF,90.655090765588,491280.0,614340.0,2691.0,2611.0
SBH,90.63930544593528,1198780.0,1532155.0,1667.0,1567.0
TEM,90.62352012628256,6817320.0,5593680.0,342.0,482.0
CBLL,90.60773480662984,499640.0,469645.0,2675.0,2888.0
ETSY,90.59194948697711,2409600.0,2985830.0,970.0,884.0
HRMY,90.5761641673244,586960.0,764800.0,2490.0,2360.0
NSRX,90.56037884767166,19100.0,16715.0,5293.5,5411.0
STAK,90.54459352801895,958240.0,6586785.0,1918.0,403.0
AEMD,90.52880820836621,40280.0,120340.0,4841.0,4153.0
TTEK,90.51302288871351,3083720.0,3120705.0,762.0,849.0
GHI,90.49723756906077,110480.0,86505.0,4131.0,4406.0
PAG,90.48145224940805,303140.0,446200.0,3176.0,2943.0
BKNG,90.46566692975533,4685080.0,6065230.0,504.0,439.0
INCY,90.4498816101026,1287240.0,1866365.0,1582.0,1347.0
CACI,90.43409629044989,233120.0,312560.0,3440.0,3292.0
IDCC,90.41831097079715,191380.0,243875.0,3639.0,3528.0
LPSN,90.40252565114444,248540.0,253280.0,3369.0,3494.0
PCTY,90.38674033149171,701400.0,865560.0,2277.0,2204.0
MHK,90.37095501183899,902640.0,1067390.0,1979.0,1943.0
BILL,90.35516969218627,3247560.0,2461275.0,724.0,1076.0
KARO,90.33938437253354,64440.0,116685.0,4530.0,4185.0
WEYS,90.32359905288082,24720.0,25765.0,5164.5,5189.0
MRX,90.30781373322809,705880.0,686715.0,2270.0,2492.0
HQL,90.29202841357538,169540.0,178905.0,3744.0,3818.0
RYTM,90.27624309392264,524720.0,714940.0,2621.0,2446.0
AZI,90.26045777426994,12415920.0,7449360.0,182.0,345.0
IMVT,90.2446724546172,1223560.0,1070990.0,1645.0,1939.0
REGN,90.22888713496448,641200.0,838880.0,2391.0,2261.0
RCKY,90.21310181531176,40400.0,73645.0,4839.5,4511.0
IDYA,90.19731649565904,578120.0,711230.0,2509.0,2456.0
PVLA,90.18153117600632,181040.0,168430.0,3691.0,3858.0
BQ,90.1657458563536,582980.0,6212690.0,2502.0,432.0
IP,90.14996053670087,3229080.0,4977975.0,729.0,553.0
TASK,90.13417521704814,707660.0,1029505.0,2268.0,1992.0
AMCX,90.11838989739542,463980.0,836075.0,2744.0,2267.0
CARG,90.1026045777427,800260.0,963700.0,2133.0,2075.0
CLWT,90.08681925808997,23060.0,24680.0,5200.0,5216.0
PARR,90.07103393843725,855020.0,1118310.0,2056.0,1897.0
PHOE,90.05524861878453,13740.0,27240.0,5442.0,5158.5
LGPS,90.03946329913181,33660.0,49915.0,4959.0,4787.0
HCAT,90.02367797947909,816880.0,872830.0,2112.0,2196.0
ALRM,90.00789265982635,366340.0,400925.0,3005.0,3068.0
AIRO,89.99210734017365,1303800.0,563580.0,1572.0,2692.0
ABT,89.97632202052091,7949140.0,8726140.0,294.0,295.0
HIMS,89.96053670086819,11995960.0,15909705.0,192.0,139.0
YDKG,89.94475138121547,15520.0,24890.0,5386.0,5210.0
CUE,89.92896606156275,231760.0,199420.0,3446.0,3714.0
GIC,89.91318074191003,109880.0,137065.0,4135.0,4042.0
CYCN,89.8973954222573,30020.0,24545.0,5046.5,5220.0
ICFI,89.88161010260458,176860.0,240600.0,3715.5,3542.0
SWK,89.86582478295185,1396360.0,2225450.0,1500.0,1180.0
APPF,89.85003946329914,349600.0,477670.0,3047.0,2871.0
GEO,89.8342541436464,2151120.0,1750805.0,1084.0,1415.0
ELE,89.8184688239937,324000.0,272110.0,3115.0,3424.0
NCI,89.80268350434096,718480.0,655190.0,2246.0,2548.0
SKY,89.78689818468824,742740.0,722430.0,2214.0,2432.0
CUPR,89.77111286503552,20340.0,60750.0,5256.0,4656.0
AMGN,89.75532754538278,2566000.0,2791800.0,915.0,955.0
WTW,89.73954222573008,599960.0,599505.0,2465.0,2636.0
CPIX,89.72375690607734,81900.0,121915.0,4365.5,4142.0
HRI,89.70797158642463,277860.0,506105.0,3252.0,2799.0
OPTU,89.6921862667719,2175720.0,2875080.0,1076.0,930.0
KIDZ,89.67640094711918,615060.0,20495605.0,2440.0,111.0
NESR,89.66061562746646,1958880.0,2185970.0,1167.0,1194.0
MNKD,89.64483030781373,4290160.0,4962245.0,546.0,554.0
OXBR,89.62904498816101,267100.0,80175.0,3289.0,4451.0
RAPP,89.61325966850828,210560.0,279200.0,3545.0,3404.0
HOOD,89.59747434885557,16161760.0,17910170.0,133.0,129.0
AVAL,89.58168902920283,184460.0,172255.0,3676.0,3841.0
IOT,89.56590370955013,4453880.0,5174460.0,530.0,529.0
NAT,89.55011838989739,2333760.0,2939820.0,998.0,899.0
PAR,89.53433307024467,1024800.0,958800.0,1842.0,2083.0
WEX,89.51854775059195,486820.0,834715.0,2699.0,2269.0
ZJYL,89.50276243093923,110160.0,2147200.0,4134.0,1209.0
ADUS,89.4869771112865,165380.0,213995.0,3773.0,3649.0
RCUS,89.47119179163377,1404640.0,1219410.0,1495.0,1809.0
JYD,89.45540647198106,250440.0,153405.0,3364.0,3945.0
AMBP,89.43962115232833,2183560.0,3051155.0,1073.0,865.0
KMTS,89.4238358326756,241620.0,311165.0,3399.5,3297.0
GCMG,89.40805051302289,476300.0,465170.0,2719.0,2899.0
HPP,89.39226519337016,597140.0,824060.0,2471.0,2283.0
BRCB,89.37647987371744,342960.0,342715.0,3059.0,3211.0
MTD,89.36069455406472,124280.0,165435.0,4034.5,3875.0
GWRE,89.344909234412,961200.0,1075355.0,1915.0,1933.0
EC,89.32912391475928,1506320.0,2045130.0,1431.0,1246.0
RYAN,89.31333859510656,1297100.0,2209700.0,1575.0,1187.0
DOCS,89.29755327545382,4140460.0,8096845.0,579.0,315.0
LGIH,89.2817679558011,277240.0,349670.0,3253.0,3194.0
WLYB,89.26598263614838,186.2,3418.95,6198.0,5957.0
AVPT,89.25019731649566,1585080.0,2067740.0,1374.0,1239.0
AVNT,89.23441199684294,797120.0,903740.0,2137.0,2158.0
RICK,89.21862667719022,72720.0,51610.0,4454.0,4769.0
TGB,89.2028413575375,4669280.0,6503845.0,509.0,413.0
CARS,89.18705603788477,551600.0,683145.0,2561.0,2497.0
IOTR,89.17127071823204,21640.0,20360.0,5233.0,5316.0
BSET,89.15548539857933,20920.0,34030.0,5244.0,5034.0
OC,89.1397000789266,626980.0,833260.0,2421.0,2270.0
AHT-PI,89.12391475927387,24670.2,9924.0,5166.0,5642.0
NCNO,89.10812943962115,2550840.0,2150835.0,920.0,1207.0
ROCK,89.09234411996843,178420.0,350730.0,3705.0,3190.0
SAIC,89.07655880031571,324360.0,400360.0,3113.0,3070.0
HLLY,89.06077348066297,920100.0,861390.0,1958.0,2215.0
DSGR,89.04498816101027,211240.0,239780.0,3540.0,3546.0
HSCS,89.02920284135753,80820.0,71720.0,4384.0,4530.0
J,89.01341752170482,871600.0,905680.0,2035.0,2156.0
FDS,88.99763220205209,736800.0,856305.0,2222.0,2224.0
JCSE,88.98184688239937,9720.0,7330.0,5588.5,5755.0
AIR,88.96606156274665,658540.0,432225.0,2360.0,2982.0
BRKR,88.95027624309392,1650900.0,2433885.0,1332.0,1086.0
AORT,88.9344909234412,726920.0,729050.0,2235.0,2419.0
BMRN,88.91870560378847,1977440.0,2386845.0,1160.0,1108.0
CARL,88.90292028413576,178620.0,145470.0,3704.0,3989.0
ARGX,88.88713496448302,371780.0,325065.0,2982.0,3255.0
CVV,88.87134964483032,220080.0,172090.0,3488.0,3842.0
BRR,88.85556432517758,656880.0,475755.0,2364.0,2875.0
REAL,88.83977900552486,2929920.0,3385830.0,805.0,789.0
CVLT,88.82399368587214,441300.0,697135.0,2800.0,2473.0
WEAV,88.80820836621942,12406920.0,4054785.0,183.0,680.0
SW,88.7924230465667,4242180.0,5182405.0,557.0,526.0
PLTR,88.77663772691396,29858640.0,46778925.0,55.0,27.0
TLX,88.76085240726125,79180.0,92640.0,4396.0,4360.0
BOX,88.74506708760852,2369580.0,2752620.0,984.0,969.0
USPH,88.7292817679558,205200.0,254615.0,3572.0,3486.0
TPG,88.71349644830308,4196560.0,3347715.0,567.0,800.0
AGM,88.69771112865035,74740.0,104990.0,4439.0,4269.0
AMN,88.68192580899763,513200.0,757720.0,2646.0,2374.0
FROG,88.66614048934491,2124940.0,2381680.0,1093.0,1111.0
DWTX,88.65035516969219,61060.0,51545.0,4579.5,4772.0
CHCI,88.63456985003947,51180.0,30285.0,4693.0,5102.5
BBVA,88.61878453038673,1917420.0,1813735.0,1190.0,1369.0
GELS,88.60299921073401,22300.0,81130.0,5214.0,4444.0
JELD,88.58721389108129,1467660.0,1660035.0,1450.0,1481.0
GWRS,88.57142857142857,188800.0,111405.0,3656.0,4221.0
CBNA,88.55564325177585,14740.0,23040.0,5412.0,5251.0
TECX,88.53985793212313,231840.0,199170.0,3445.0,3716.0
AAMI,88.5240726124704,313080.0,402000.0,3155.0,3065.0
CLBK,88.50828729281768,4671740.0,6271540.0,507.0,431.0
LH,88.49250197316496,536480.0,742190.0,2592.0,2398.0
FOFO,88.47671665351223,6640.0,18280.0,5732.0,5371.5
RENX,88.46093133385952,138960.0,77860.0,3937.0,4473.0
THRM,88.44514601420678,385140.0,554750.0,2941.0,2712.0
BDX,88.42936069455406,1651140.0,1877970.0,1331.0,1334.0
WWW,88.41357537490134,1107700.0,907825.0,1754.0,2152.0
VRTX,88.39779005524862,1207900.0,1365490.0,1661.0,1682.0
ZD,88.3820047355959,498040.0,647070.0,2678.0,2559.0
AMTB,88.36621941594316,371240.0,473655.0,2983.0,2878.0
GMAB,88.35043409629046,3378000.0,2475645.0,692.0,1071.0
WAY,88.33464877663772,1596260.0,2951655.0,1365.0,896.0
AVTX,88.31886345698501,698900.0,762810.0,2280.0,2365.0
DNTH,88.30307813733228,630700.0,778055.0,2413.0,2342.0
ARQT,88.28729281767956,1480520.0,1565510.0,1441.0,1550.0
BRKRP,88.27150749802684,4620.0,10460.0,5846.0,5619.0
LGND,88.25572217837411,215380.0,285980.0,3516.0,3380.0
HRZN,88.23993685872139,901840.0,694905.0,1982.0,2479.0
ASH,88.22415153906866,462180.0,846875.0,2749.0,2251.0
HQH,88.20836621941595,237000.0,240450.0,3422.0,3543.0
HBIO,88.19258089976321,28400.0,18060.0,5090.0,5377.0
HFBL,88.17679558011051,2100.0,3755.0,5988.0,5947.0
BIO,88.16101026045777,212700.0,291525.0,3530.0,3359.0
TGT,88.14522494080505,5727860.0,4138890.0,409.0,671.0
LQDT,88.12943962115233,219540.0,227150.0,3491.0,3591.0
CVU,88.1136543014996,91780.0,65230.0,4291.0,4599.0
ATRO,88.09786898184689,815940.0,672880.0,2114.0,2517.0
QGEN,88.08208366219415,3521420.0,2867270.0,672.0,932.0
HVT,88.06629834254144,95460.0,142215.0,4252.5,4009.0
AVIR,88.05051302288871,325080.0,383630.0,3112.0,3109.0
RSKD,88.03472770323599,3164180.0,1541080.0,742.0,1564.0
MEI,88.01894238358327,561160.0,550560.0,2544.0,2718.0
CZFS,88.00315706393054,22400.0,36490.0,5210.5,4988.0
DJCO,87.98737174427782,81660.0,66325.0,4370.0,4586.0
FTK,87.9715864246251,1335120.0,739225.0,1546.0,2404.0
IPAR,87.95580110497238,235600.0,264295.0,3430.0,3452.0
ERO,87.94001578531964,1249520.0,1251060.0,1623.0,1784.0
PAYX,87.92423046566694,2379720.0,2903250.0,978.0,916.0
ECPG,87.9084451460142,385860.0,421780.0,2939.0,3010.0
HVT-A,87.89265982636148,100.0,370.0,6215.0,6192.0
FATE,87.87687450670876,1941020.0,2051650.0,1175.0,1244.0
INFU,87.86108918705604,94900.0,176035.0,4258.0,3832.0
HROW,87.84530386740332,585000.0,571435.0,2499.0,2680.0
NEU,87.8295185477506,121960.0,137110.0,4051.0,4041.0
SBC,87.81373322809787,306620.0,139955.0,3166.0,4024.0
BIO-B,87.79794790844515,0.0,5.0,6288.0,6263.0
BWFG,87.78216258879242,65120.0,70855.0,4526.0,4538.0
AUNA,87.7663772691397,421540.0,213640.0,2840.0,3652.0
BHC,87.75059194948697,2752160.0,5486620.0,859.0,490.0
ASRV,87.73480662983425,28240.0,30045.0,5091.0,5107.0
WSM,87.71902131018153,784780.0,866260.0,2149.0,2203.0
BRZE,87.70323599052881,2349400.0,2129865.0,992.0,1216.0
HMY,87.68745067087609,2660360.0,2751725.0,884.0,970.0
AVXL,87.67166535122335,609680.0,938365.0,2447.0,2111.0
HIPO,87.65588003157065,165060.0,183135.0,3778.5,3797.0
AJG,87.64009471191791,1120320.0,1343195.0,1738.0,1715.0
LPLA,87.6243093922652,471680.0,689335.0,2727.0,2487.5
TRNS,87.60852407261247,124180.0,147960.0,4036.0,3976.0
STTK,87.59273875295975,634500.0,908940.0,2404.0,2148.0
AIRT,87.57695343330703,4580.0,12165.0,5852.5,5546.0
ENR,87.5611681136543,966360.0,1136445.0,1908.0,1874.0
ACVA,87.54538279400158,4687360.0,4882475.0,503.0,568.0
SPAI,87.52959747434885,1797320.0,519645.0,1264.0,2776.0
BNED,87.51381215469614,170560.0,196530.0,3741.0,3728.0
ABOS,87.4980268350434,463060.0,359355.0,2746.5,3171.0
VCEL,87.4822415153907,452040.0,475820.0,2775.0,2874.0
EXLS,87.46645619573796,2148380.0,2679060.0,1085.0,994.0
MOV,87.45067087608524,136760.0,165985.0,3959.0,3872.0
DOCU,87.43488555643252,3347520.0,3042425.0,697.0,866.0
LYFT,87.41910023677978,8895620.0,12604950.0,263.0,182.0
BFH,87.40331491712708,353120.0,518560.0,3038.0,2779.0
GPN,87.38752959747434,2555960.0,3180785.0,916.0,833.0
IDT,87.37174427782163,156820.0,184840.0,3826.5,3786.0
NTSK,87.3559589581689,3984460.0,4258000.0,594.0,650.0
CSW,87.34017363851618,108440.0,164170.0,4150.0,3882.0
CGON,87.32438831886346,742340.0,795750.0,2215.0,2315.0
ROKU,87.30860299921073,1946980.0,2676760.0,1173.0,996.0
ROIV,87.29281767955801,6102200.0,5687065.0,379.0,475.0
AGIO,87.27703235990529,1182200.0,1239855.0,1685.0,1786.0
ALLE,87.26124704025257,1180380.0,1353825.0,1689.0,1698.0
MU,87.24546172059983,32396840.0,40914720.0,48.0,34.0
DBX,87.22967640094711,3677580.0,4511455.0,643.0,614.0
DXCM,87.21389108129439,4925000.0,5639190.0,479.0,478.0
RH,87.19810576164167,454000.0,668465.0,2770.0,2526.0
CRD-A,87.18232044198895,71920.0,66380.0,4459.0,4583.0
ROP,87.16653512233623,754460.0,847140.0,2193.0,2249.0
KRRO,87.1507498026835,90220.0,116615.0,4309.0,4186.0
NOW,87.13496448303079,19630400.0,23977690.0,105.0,85.0
MNTK,87.11917916337806,148000.0,188780.0,3874.5,3772.0
TNGX,87.10339384372534,1987780.0,2268130.0,1153.0,1149.0
RTX,87.0876085240726,4698080.0,5389690.0,502.0,504.0
DOO,87.07182320441989,281400.0,234395.0,3239.0,3565.0
KINS,87.05603788476716,91400.0,106680.0,4293.0,4255.0
PEB,87.04025256511444,1812340.0,2235220.0,1256.0,1169.0
PRGO,87.02446724546172,2296480.0,2984935.0,1017.0,885.0
FSM,87.008681925809,5945580.0,6018255.0,386.0,445.0
HBT,86.99289660615628,162980.0,144665.0,3795.0,3998.0
SB,86.97711128650354,691820.0,734280.0,2290.0,2408.0
MRK,86.96132596685084,13449000.0,9643940.0,166.0,257.0
CLAR,86.9455406471981,125420.0,120165.0,4028.0,4155.0
UROY,86.9297553275454,2195360.0,3402265.0,1062.0,785.0
VS,86.91397000789266,6240.0,12180.0,5752.0,5544.0
CASS,86.89818468823994,67400.0,73770.0,4503.0,4508.0
JBDI,86.88239936858722,10960.0,50960.0,5530.0,4773.0
CFBK,86.8666140489345,43940.0,66225.0,4782.5,4587.5
NXDT,86.85082872928177,221960.0,207160.0,3480.0,3679.0
GERN,86.83504340962904,7492220.0,11323160.0,311.0,212.0
TPC,86.81925808997633,342900.0,1005720.0,3061.0,2024.0
AXTA,86.8034727703236,1616100.0,1768590.0,1348.0,1401.0
RVLV,86.78768745067089,847640.0,969445.0,2068.0,2064.0
KFY,86.77190213101815,291460.0,338820.0,3211.0,3217.0
LEGH,86.75611681136543,108280.0,146405.0,4151.0,3985.0
TAL,86.74033149171271,3414660.0,5411060.0,686.0,498.0
CLDT,86.72454617205997,274160.0,326190.0,3268.0,3251.0
XZO,86.70876085240727,197640.0,166255.0,3612.0,3869.5
WTS,86.69297553275453,140520.0,199200.0,3926.5,3715.0
DGX,86.67719021310182,664520.0,1009325.0,2347.0,2017.0
CDW,86.66140489344909,1483560.0,1862360.0,1440.0,1348.0
BCC,86.64561957379637,239180.0,337350.0,3414.0,3223.0
AMP,86.62983425414365,355380.0,465255.0,3033.0,2897.0
WKC,86.61404893449092,824960.0,1389595.0,2094.0,1664.0
MLSS,86.5982636148382,356020.0,192820.0,3030.0,3751.0
WYHG,86.58247829518547,261940.0,4211350.0,3314.0,661.0
BRO,86.56669297553276,1848360.0,2412445.0,1225.0,1093.0
SNOA,86.55090765588002,130080.0,230960.0,3998.0,3578.0
AMCR,86.53512233622732,3735600.0,4014025.0,632.0,688.0
ODC,86.51933701657458,107620.0,138005.0,4158.0,4035.0
CDIO,86.50355169692186,73660.0,112050.0,4447.5,4216.0
PRG,86.48776637726914,435920.0,571810.0,2813.0,2679.0
LQDA,86.47198105761642,2194520.0,1620555.0,1063.0,1513.0
SPHR,86.4561957379637,846500.0,838065.0,2070.0,2265.0
FBIN,86.44041041831098,2571080.0,2638360.0,911.0,1010.0
TACT,86.42462509865825,20680.0,18795.0,5249.0,5359.0
DFIN,86.40883977900552,179940.0,247820.0,3698.0,3513.0
MD,86.3930544593528,847400.0,819440.0,2069.0,2287.0
RCKT,86.37726913970008,1261180.0,1507585.0,1606.0,1583.0
ABBV,86.36148382004735,4751600.0,5344830.0,494.0,509.0
TREX,86.34569850039463,1440560.0,2176090.0,1468.0,1196.0
RVTY,86.32991318074191,1090440.0,1506850.0,1775.0,1584.0
CBUS,86.31412786108919,203560.0,162170.0,3580.0,3891.0
LRMR,86.29834254143647,1134000.0,1219430.0,1733.0,1808.0
PRKS,86.28255722178373,467000.0,713175.0,2737.0,2447.0
BOF,86.26677190213103,45540.0,24050.0,4759.0,5232.0
ARQQ,86.25098658247829,260060.0,291620.0,3327.0,3357.0
LW,86.23520126282557,1093480.0,1818705.0,1772.0,1364.0
ADP,86.21941594317285,2271560.0,2450605.0,1027.0,1081.0
AKTS,86.20363062352013,189940.0,244225.0,3649.0,3525.0
SCHW,86.1878453038674,6196160.0,6876975.0,372.0,382.0
INSM,86.17205998421468,1820280.0,3133450.0,1246.0,846.0
DHR,86.15627466456196,2937980.0,4716345.0,802.0,585.0
DGICB,86.14048934490923,2380.0,10300.0,5974.5,5622.0
HCC,86.12470402525652,514840.0,685685.0,2640.0,2494.0
MDXG,86.10891870560378,1064160.0,1527180.0,1806.0,1571.0
CART,86.09313338595108,4601980.0,4441780.0,513.0,625.0
ANTX,86.07734806629834,250480.0,208390.0,3363.0,3674.0
IMCR,86.06156274664562,416720.0,453060.0,2849.0,2928.0
GTN,86.0457774269929,1063800.0,1324190.0,1807.0,1727.0
GRMN,86.02999210734016,812520.0,1045115.0,2118.0,1968.0
BNTX,86.01420678768746,2353180.0,1345050.0,990.0,1709.0
BLTE,85.99842146803472,224780.0,178170.0,3473.0,3822.0
TBBK,85.98263614838201,311420.0,422610.0,3157.5,3009.0
HUM,85.96685082872928,830860.0,1399220.0,2086.0,1652.0
WLY,85.95106550907656,409282.2,420483.55,2875.0,3012.0
SSNC,85.93528018942384,1280340.0,1915030.0,1586.0,1310.0
LOAR,85.91949486977111,578380.0,586495.0,2508.0,2656.0
SCL,85.90370955011839,91320.0,150455.0,4295.5,3964.0
COO,85.88792423046566,1494760.0,1871265.0,1437.0,1340.0
GREE,85.87213891081295,426959.6,,2831.0,
SAP,85.85635359116021,2693220.0,3369420.0,875.0,794.0
EDU,85.8405682715075,685420.0,939125.0,2302.0,2107.0
BX,85.82478295185477,3662780.0,5130175.0,647.0,532.0
PURR,85.80899763220205,17998260.0,9807125.0,119.0,251.0
KVYO,85.79321231254933,5613060.0,6800530.0,422.0,390.0
RLI,85.77742699289661,580060.0,849980.0,2507.0,2243.0
TRI,85.76164167324389,2213720.0,2407720.0,1052.0,1099.0
SXI,85.74585635359117,106860.0,140580.0,4165.0,4021.0
AREC,85.73007103393844,2414520.0,2407375.0,969.0,1100.0
PHVS,85.71428571428571,761880.0,556770.0,2182.0,2709.0
CRVS,85.69850039463299,754180.0,831650.0,2194.0,2273.0
WASH,85.68271507498027,147880.0,131740.0,3878.0,4080.0
RACE,85.66692975532754,336600.0,526330.0,3083.0,2762.0
NMIH,85.65114443567482,372980.0,449625.0,2976.0,2932.0
WHG,85.6353591160221,18000.0,18995.0,5320.0,5353.0
ADMA,85.61957379636938,1994260.0,2453465.0,1149.0,1079.0
NVEC,85.60378847671666,169160.0,236590.0,3746.0,3558.0
BAC,85.58800315706392,25866860.0,27331520.0,63.0,73.0
CHE,85.57221783741122,160220.0,168370.0,3811.0,3859.0
STRZ,85.55643251775848,282780.0,197385.0,3230.0,3723.0
FUTU,85.54064719810576,995060.0,1121810.0,1879.0,1891.0
NUAI,85.52486187845304,7418440.0,5783195.0,317.0,467.0
HIW,85.50907655880032,896680.0,1343390.0,1994.0,1714.0
UBXG,85.4932912391476,300216.2,,3188.0,
NIC,85.47750591949487,145500.0,169100.0,3891.0,3855.0
SAIL,85.46172059984215,3013660.0,3086820.0,782.0,855.0
PTLO,85.44593528018942,1420260.0,1371775.0,1482.0,1678.0
HUBS,85.43014996053671,2025680.0,2294080.0,1132.0,1140.0
SBFG,85.41436464088397,13960.0,16970.0,5436.0,5404.0
JJSF,85.39857932123125,218700.0,261540.0,3495.0,3460.0
EDIT,85.38279400157853,3346420.0,1957925.0,699.0,1286.5
FDSB,85.36700868192581,8080.0,6610.0,5649.0,5790.0
MBC,85.35122336227309,1572400.0,1912710.0,1382.0,1313.0
ACIW,85.33543804262035,952100.0,1093190.0,1923.0,1918.0
BMEZ,85.31965272296765,150820.0,123220.0,3857.5,4127.0
FMAO,85.30386740331491,56920.0,90260.0,4632.0,4380.0
SMBK,85.2880820836622,106240.0,127970.0,4170.0,4101.0
ENSC,85.27229676400947,5701860.0,43336145.0,414.0,31.0
CURR,85.25651144435675,217220.0,164645.0,3504.0,3877.0
LSPD,85.24072612470403,659580.0,862425.0,2356.0,2212.0
KNSL,85.22494080505129,188480.0,302605.0,3657.0,3321.0
JANX,85.20915548539858,665400.0,696825.0,2346.0,2475.0
CRWD,85.19337016574585,7322800.0,7412805.0,321.0,350.0
GRND,85.17758484609314,1567420.0,1839780.0,1385.0,1353.0
PLPC,85.1617995264404,95040.0,118120.0,4255.5,4176.0
BCRX,85.1460142067877,3110800.0,3361055.0,753.0,796.0
ONC,85.13022888713496,439440.0,411365.0,2803.0,3040.0
WAT,85.11444356748224,703300.0,900985.0,2274.0,2161.0
BBIO,85.09865824782952,2634560.0,2293045.0,891.0,1141.0
IMRN,85.0828729281768,27720.0,22910.0,5099.5,5254.0
CZNC,85.06708760852408,83920.0,70630.0,4351.5,4542.0
NEXN,85.05130228887134,492620.0,503240.0,2688.0,2805.0
AIHS,85.03551696921863,108580.0,1880745.0,4148.0,1333.0
SHC,85.0197316495659,3295080.0,3278160.0,714.0,812.0
HOV,85.00394632991318,123700.0,150370.0,4040.0,3967.0
AYI,84.98816101026046,225860.0,273710.0,3469.0,3420.0
NXDR,84.97237569060773,1279280.0,2315915.0,1588.0,1131.0
OPY,84.95659037095501,157440.0,136150.0,3823.0,4051.0
PINS,84.94080505130229,7873960.0,11581700.0,300.0,203.0
GFF,84.92501973164957,305940.0,362710.0,3168.0,3157.0
ALTI,84.90923441199685,115960.0,220680.0,4101.0,3620.0
MFIN,84.89344909234411,73800.0,72005.0,4445.0,4525.0
NRDS,84.87766377269139,688480.0,743650.0,2298.0,2394.0
ITIC,84.86187845303867,78320.0,63390.0,4410.0,4621.0
GROW,84.84609313338595,16800.0,18730.0,5356.5,5362.0
LCNB,84.83030781373323,31960.0,49145.0,4998.0,4797.0
ALTG,84.8145224940805,146520.0,165935.0,3884.0,3873.0
BDC,84.79873717442779,318360.0,479185.0,3128.0,2868.0
JXN,84.78295185477506,515720.0,591675.0,2637.0,2649.0
DNOW,84.76716653512234,2553340.0,2674290.0,919.0,997.0
IMMR,84.7513812154696,408620.0,707430.0,2881.0,2464.0
RVPH,84.7355958958169,32839.8,40777.2,4983.0,4923.0
ANET,84.71981057616416,6583220.0,7993535.0,352.0,324.0
EXPO,84.70402525651144,368160.0,485770.0,2996.0,2853.0
ULCC,84.68823993685872,2183840.0,3674860.0,1072.0,737.0
INBK,84.672454617206,38360.0,45765.0,4874.5,4848.0
HL,84.65666929755328,48304100.0,39958765.0,19.0,37.0
ZVRA,84.64088397790054,873900.0,1460450.0,2028.5,1615.0
MICC,84.62509865824784,796620.0,777350.0,2138.0,2343.0
CCK,84.6093133385951,899420.0,949865.0,1986.0,2097.0
API,84.5935280189424,332700.0,297750.0,3090.0,3336.0
CABR,84.57774269928966,41020.0,85210.0,4825.0,4419.0
MLR,84.56195737963694,121040.0,100845.0,4058.0,4296.0
CFFI,84.54617205998422,8040.0,24375.0,5652.5,5224.5
MRVL,84.5303867403315,24901540.0,23187020.0,68.0,92.0
FNLC,84.51460142067877,26240.0,30505.0,5123.0,5099.0
KRO,84.49881610102604,371020.0,481370.0,2985.0,2866.0
KTCC,84.48303078137333,15640.0,13740.0,5382.5,5484.0
SKYW,84.4672454617206,248800.0,396325.0,3367.0,3082.0
HEI,84.45146014206787,417600.0,417250.0,2846.5,3020.0
JZXN,84.43567482241515,100620.0,1052195.0,4221.0,1959.0
STT,84.41988950276243,1350900.0,1573695.0,1534.0,1544.0
CBL,84.40410418310971,198880.0,255870.0,3605.5,3477.0
SKE,84.38831886345699,513780.0,521530.0,2645.0,2771.0
LNC,84.37253354380427,1792420.0,2221260.0,1266.0,1182.0
SLDE,84.35674822415153,749680.0,941825.0,2201.0,2104.0
EVTC,84.34096290449882,421680.0,409880.0,2839.0,3044.0
HMC,84.32517758484609,776120.0,1188740.0,2164.0,1831.0
STVN,84.30939226519337,503560.0,470175.0,2668.0,2884.0
IT,84.29360694554065,1623460.0,1633905.0,1343.0,1503.0
FLR,84.27782162588792,2210560.0,2919615.0,1054.0,908.0
DC,84.2620363062352,1301980.0,1312350.0,1573.0,1738.0
BRBR,84.24625098658248,3051480.0,4215620.0,771.0,658.0
CHWY,84.23046566692976,5503140.0,6776065.0,433.0,392.0
AIRJ,84.21468034727704,1936880.0,1977180.0,1177.0,1279.0
DT,84.1988950276243,9375420.0,6855950.0,252.0,383.0
HSIC,84.18310970797158,1119160.0,1362505.0,1741.0,1685.0
ACA,84.16732438831886,577680.0,620385.0,2511.0,2605.0
HQY,84.15153906866614,715340.0,690295.0,2254.0,2486.0
FBIZ,84.13575374901342,39500.0,59065.0,4857.5,4673.0
LLY,84.1199684293607,2611200.0,2793255.0,898.0,954.0
ANL,84.10418310970798,149340.0,161730.0,3868.0,3892.0
IRON,84.08839779005525,356380.0,338220.0,3029.0,3219.0
OSPN,84.07261247040253,389640.0,431425.0,2930.0,2983.0
AIXC,84.0568271507498,14202120.0,3579455.0,155.0,751.0
APM,84.04104183109709,625696.2,,2423.0,
USCB,84.02525651144435,87620.0,68130.0,4325.0,4565.0
BRBS,84.00947119179163,2570300.0,835570.0,912.0,2268.0
AOUT,83.99368587213891,42040.0,53755.0,4812.0,4743.0
CRON,83.97790055248619,1258600.0,1484550.0,1610.0,1599.0
BARK,83.96211523283347,38040.0,57305.0,4879.0,4696.0
OMF,83.94632991318073,825540.0,991735.0,2091.0,2041.0
ORMP,83.93054459352803,239360.0,181960.0,3412.5,3804.0
SLM,83.91475927387529,1919160.0,2648680.0,1187.0,1009.0
MATX,83.89897395422258,204080.0,288070.0,3578.0,3372.0
VNO,83.88318863456985,1007960.0,1667870.0,1867.0,1475.0
QRHC,83.86740331491713,49700.0,31675.0,4715.0,5078.0
KFFB,83.8516179952644,1520.0,3155.0,6040.0,5970.0
MTN,83.83583267561167,565700.0,599915.0,2535.0,2635.0
ALL,83.82004735595896,1388120.0,1698000.0,1507.0,1453.0
XYF,83.80426203630623,43000.0,45475.0,4797.0,4853.0
HSTM,83.78847671665352,177200.0,200945.0,3714.0,3708.0
CWK,83.77269139700078,1898200.0,1965085.0,1203.0,1284.0
RUSHB,83.75690607734808,79340.0,101630.0,4395.0,4289.0
CMPX,83.74112075769534,2567620.0,3439240.0,914.0,779.0
BWEN,83.72533543804262,453300.0,850730.0,2772.0,2238.0
MDT,83.7095501183899,6995440.0,6958370.0,334.0,377.0
AU,83.69376479873716,1918500.0,2620545.0,1188.0,1017.0
FRO,83.67797947908446,2042220.0,1873690.0,1123.0,1338.0
BRRWW,83.66219415943172,15980.0,10095.0,5375.0,5630.5
BYFC,83.64640883977901,1160.0,6185.0,6070.5,5814.0
REYN,83.63062352012628,1234200.0,1267440.0,1639.0,1769.0
CHMI,83.61483820047356,372180.0,604905.0,2981.0,2628.0
MANU,83.59905288082084,433400.0,298930.0,2818.0,3331.0
AXGN,83.58326756116811,800980.0,1005095.0,2132.0,2025.0
ALGS,83.56748224151539,80020.0,160330.0,4389.0,3895.0
CAG,83.55169692186267,10561120.0,11989010.0,220.0,194.0
SLP,83.53591160220995,205500.0,238375.0,3570.0,3551.0
ALVO,83.52012628255721,596080.0,856495.0,2475.0,2223.0
NHC,83.5043409629045,115180.0,113120.0,4104.0,4207.0
ASMB,83.48855564325177,492420.0,216050.0,2689.0,3639.0
BPRN,83.47277032359905,28820.0,28925.0,5078.0,5125.0
IAG,83.45698500394633,5829440.0,6112575.0,398.0,437.0
TDW,83.44119968429361,512280.0,662655.0,2650.0,2534.0
BOTJ,83.42541436464089,51360.0,41795.0,4688.5,4902.0
LSF,83.40962904498816,49340.0,45055.0,4720.0,4862.0
ARWR,83.39384372533544,1037600.0,1424135.0,1834.0,1634.0
BCAX,83.37805840568272,556500.0,670995.0,2551.0,2522.0
ERIE,83.36227308602999,218160.0,267235.0,3500.0,3442.0
ATLC,83.34648776637727,137080.0,167325.0,3957.0,3864.0
FDBC,83.33070244672454,8460.0,15575.0,5639.0,5443.0
PRME,83.31491712707182,2602000.0,2594290.0,903.0,1024.0
MWYN,83.2991318074191,98640.0,355860.0,4235.0,3180.0
ALKT,83.28334648776638,1254980.0,1360160.0,1614.0,1689.0
BNTC,83.26756116811366,152820.0,159990.0,3840.0,3899.0
CR,83.25177584846092,410680.0,491535.0,2871.0,2836.0
WSBC,83.23599052880822,766380.0,849370.0,2178.0,2246.0
MHO,83.22020520915548,178220.0,221675.0,3706.0,3613.0
ITRI,83.20441988950277,758100.0,1205805.0,2190.0,1822.0
IVZ,83.18863456985004,3911420.0,4961420.0,606.0,556.0
EXK,83.17284925019732,9143680.0,8133075.0,260.0,312.0
VOYA,83.1570639305446,817140.0,993315.0,2111.0,2037.0
UEIC,83.14127861089187,108540.0,89800.0,4149.0,4384.0
FENC,83.12549329123915,156680.0,151275.0,3828.0,3961.0
SSRM,83.10970797158642,2306760.0,3067755.0,1011.0,860.0
XPRO,83.09392265193371,825440.0,925675.0,2092.0,2126.0
URI,83.07813733228097,416260.0,485800.0,2850.0,2852.0
MSI,83.06235201262825,1010960.0,966460.0,1861.0,2070.0
LARK,83.04656669297553,11060.0,10045.0,5525.0,5635.0
RMCO,83.03078137332281,11580.0,16095.0,5511.5,5427.0
WT,83.01499605367009,1527500.0,2408180.0,1414.0,1098.0
PRK,82.99921073401735,77420.0,104250.0,4415.0,4276.0
MORN,82.98342541436465,336480.0,413460.0,3084.5,3034.0
BOW,82.96764009471191,337960.0,434805.0,3077.0,2974.0
WTBA,82.9518547750592,102320.0,75075.0,4203.0,4496.0
DTIL,82.93606945540647,260900.0,256695.0,3321.0,3474.0
XYZ,82.92028413575375,3931540.0,4916440.0,605.0,564.0
CLOV,82.90449881610103,3724060.0,4484160.0,635.0,620.0
SKWD,82.8887134964483,582120.0,489900.0,2503.0,2842.0
SJM,82.87292817679558,1014120.0,1200425.0,1857.0,1825.0
AERT,82.85714285714286,12780.0,14255.0,5470.0,5468.0
AMAL,82.84135753749014,156560.0,155900.0,3829.0,3924.0
OSBC,82.8255722178374,404040.0,447615.0,2895.0,2938.0
MTG,82.80978689818468,1447720.0,1660550.0,1463.0,1480.0
DRH,82.79400157853196,1860700.0,2573330.0,1220.0,1035.0
CRSP,82.77821625887924,1564440.0,1455700.0,1386.0,1621.0
XTLB,82.76243093922652,28540.0,10900.0,5086.0,5604.0
CDE,82.7466456195738,40287660.0,38886380.0,27.0,41.0
GIS,82.73086029992108,7745380.0,8819695.0,303.0,288.0
CTKB,82.71507498026835,840080.0,792620.0,2076.0,2322.0
BBCP,82.69928966061563,81280.0,121525.0,4377.5,4144.0
CMPS,82.68350434096291,2329160.0,2859765.0,1003.0,936.0
OVID,82.66771902131018,2008440.0,1636480.0,1141.0,1501.0
HPQ,82.65193370165746,12478500.0,14489865.0,181.0,155.0
COHU,82.63614838200473,1049780.0,1149885.0,1822.0,1863.0
TRDA,82.62036306235201,207820.0,404755.0,3558.0,3056.0
ASIC,82.60457774269929,120060.0,73900.0,4068.0,4507.0
SEIC,82.58879242304657,494000.0,644965.0,2686.0,2564.0
FND,82.57300710339385,1861860.0,2566720.0,1219.0,1038.0
IBTA,82.55722178374111,236760.0,325360.0,3424.0,3253.0
DLO,82.5414364640884,4453480.0,2360755.0,531.0,1121.0
AFRM,82.52565114443567,2913740.0,2980135.0,810.0,889.0
MMM,82.50986582478295,2891020.0,3214635.0,817.0,823.0
KTB,82.49408050513023,852740.0,718560.0,2060.0,2438.0
WHD,82.4782951854775,546900.0,829960.0,2571.0,2277.0
CHMG,82.46250986582479,36720.0,62920.0,4900.0,4630.0
HIHO,82.44672454617205,54700.0,249095.0,4652.0,3508.0
THM,82.43093922651934,957720.0,1394515.0,1919.0,1661.0
CMCO,82.4151539068666,378300.0,768365.0,2960.0,2353.0
RLJ,82.3993685872139,1498560.0,1837780.0,1434.0,1355.0
MSGE,82.38358326756116,396500.0,361385.0,2914.0,3163.0
HLNE,82.36779794790846,528120.0,732410.0,2611.0,2413.0
CBRE,82.35201262825572,1235100.0,1705135.0,1637.0,1451.0
CCCC,82.336227308603,2987600.0,2546145.0,791.0,1046.0
TRU,82.32044198895028,1755120.0,2207085.0,1282.0,1188.0
TRV,82.30465666929754,1721140.0,1955785.0,1302.0,1290.0
AZ,82.28887134964484,1443040.0,530180.0,1465.0,2755.0
CFR,82.2730860299921,473280.0,610985.0,2723.0,2617.0
MKC,82.2573007103394,2453020.0,2901925.0,954.0,917.0
APH,82.24151539068666,5710780.0,6802405.0,411.0,389.0
CXT,82.22573007103394,428460.0,586135.0,2826.0,2657.0
TWLO,82.20994475138122,2577500.0,2620785.0,910.0,1016.0
AMPH,82.1941594317285,437580.0,482020.0,2810.0,2865.0
AEM,82.17837411207577,3324160.0,3063585.0,705.0,862.0
LEXX,82.16258879242304,61400.0,33961.35,4575.0,5036.0
PZG,82.14680347277033,511900.0,502060.0,2652.0,2807.0
FBP,82.1310181531176,1070360.0,1420830.0,1799.0,1635.0
ACHC,82.11523283346487,1979040.0,2590700.0,1157.0,1026.0
PH,82.09944751381215,576060.0,672535.0,2517.0,2518.0
DMAC,82.08366219415943,127840.0,153595.0,4014.0,3943.0
MCHB,82.06787687450671,423420.0,661580.0,2836.0,2536.0
HEI-A,82.05209155485399,223760.0,229430.0,3476.0,3586.0
GYRE,82.03630623520127,57340.0,53055.0,4623.0,4750.0
FIG,82.02052091554854,14866240.0,22414405.0,150.0,98.0
TARS,82.00473559589582,601520.0,743015.0,2463.0,2395.0
MKTX,81.98895027624309,1243740.0,1615350.0,1627.0,1520.0
SOFI,81.97316495659037,48259880.0,65222955.0,20.0,11.0
SCNX,81.95737963693765,6600520.0,3484625.0,351.0,771.0
ATEC,81.94159431728492,1465360.0,2279275.0,1453.0,1145.0
CBK,81.9258089976322,33380.0,57165.0,4965.0,4701.0
ZBH,81.91002367797948,1846320.0,2558100.0,1228.0,1045.0
IOSP,81.89423835832676,146020.0,179215.0,3888.0,3817.0
HGTY,81.87845303867404,139720.0,146745.0,3931.0,3981.0
CRBG,81.8626677190213,3714620.0,4431850.0,636.0,626.0
MITK,81.8468823993686,655700.0,768130.0,2365.0,2354.0
TCBX,81.83109707971586,71740.0,121705.0,4461.0,4143.0
KWR,81.81531176006314,158120.0,162830.0,3818.0,3889.0
NVST,81.79952644041042,2809700.0,3319775.0,842.0,806.0
AMG,81.7837411207577,298200.0,254980.0,3193.0,3482.0
SAN,81.76795580110497,34430140.0,17751010.0,39.0,130.0
HLMN,81.75217048145225,1454720.0,1526840.0,1460.0,1573.0
EXPD,81.73638516179953,714120.0,1076830.0,2256.0,1931.0
CCEL,81.7205998421468,11120.0,44195.0,5523.0,4873.0
GE,81.70481452249409,4213540.0,3486600.0,564.0,770.0
TNK,81.68902920284135,431260.0,372770.0,2823.0,3136.0
AVNW,81.67324388318863,125760.0,136180.0,4026.0,4050.0
RBCAA,81.65745856353591,84840.0,105490.0,4345.0,4262.0
CVCO,81.64167324388319,78880.0,124445.0,4403.0,4118.0
NWG,81.62588792423047,2767600.0,3850540.0,854.0,713.0
PFIS,81.61010260457773,50000.0,59800.0,4710.0,4660.0
COF,81.59431728492503,3008200.0,3472680.0,785.0,775.0
FWONK,81.57853196527229,1453380.0,1905065.0,1461.0,1316.0
MVBF,81.56274664561958,54280.0,45635.0,4657.0,4850.0
EQH,81.54696132596685,1613500.0,2883275.0,1349.0,924.0
ABM,81.53117600631413,272360.0,377575.0,3275.0,3124.0
PBHC,81.5153906866614,3960.0,4110.0,5879.0,5939.0
RJF,81.49960536700868,887600.0,1029705.0,2008.0,1991.0
CRS,81.48382004735596,477020.0,690565.0,2717.0,2485.0
KKR,81.46803472770323,5782740.0,5239580.0,406.0,520.0
SRPT,81.45224940805052,2470000.0,2992290.0,945.0,882.0
KRNY,81.43646408839778,1016800.0,652430.0,1854.0,2555.0
CTAS,81.42067876874506,1723160.0,2130975.0,1300.0,1215.0
ITRG,81.40489344909234,2520160.0,2943680.0,933.0,897.0
IIIN,81.38910812943962,134080.0,223410.0,3976.0,3607.0
SRRK,81.3733228097869,952300.0,1033915.0,1922.0,1986.0
PRU,81.35753749013418,1244620.0,1897675.0,1625.0,1321.0
BSVN,81.34175217048146,36660.0,38445.0,4902.0,4965.0
RCL,81.32596685082873,1484320.0,2126235.0,1439.0,1218.0
FUNC,81.31018153117601,14780.0,22080.0,5410.0,5278.0
CNXN,81.29439621152328,138920.0,164355.0,3938.0,3881.0
SON,81.27861089187056,702140.0,1054635.0,2276.0,1957.0
CRE,81.26282557221784,63560.0,68760.0,4544.0,4561.0
DB,81.24704025256511,1732260.0,1829210.0,1295.0,1357.0
CCTG,81.23125493291239,122220.0,414365.0,4050.0,3032.0
NMR,81.21546961325967,649860.0,812560.0,2374.0,2295.0
PACS,81.19968429360695,633460.0,888870.0,2407.0,2177.0
MAIN,81.18389897395423,465120.0,603430.0,2742.0,2631.0
LITB,81.1681136543015,7000.0,4465.0,5710.5,5911.0
GTIM,81.15232833464877,152280.0,94025.0,3845.0,4345.0
KREF,81.13654301499605,710220.0,1169940.0,2266.0,1842.0
INSW,81.12075769534333,451000.0,505675.0,2779.0,2800.0
PKG,81.10497237569061,406580.0,653730.0,2886.0,2553.0
TSHA,81.08918705603789,2655840.0,2692925.0,885.0,990.0
AUGO,81.07340173638516,806460.0,846870.0,2126.0,2252.0
EFX,81.05761641673243,1100100.0,1350735.0,1759.0,1702.0
FAST,81.04183109707972,6414660.0,7921440.0,361.0,326.0
ROMA,81.02604577742699,6660.0,6810.0,5731.0,5780.0
EML,81.01026045777428,12220.0,14040.0,5482.0,5476.0
CAH,80.99447513812154,1900380.0,2021175.0,1202.0,1255.0
WFF,80.97868981846882,23011880.0,7600730.0,77.0,339.0
PRPO,80.9629044988161,192200.0,115295.0,3633.0,4195.0
CPAY,80.94711917916338,422400.0,576790.0,2838.0,2670.0
OWL,80.93133385951066,18005580.0,21770305.0,118.0,103.0
FRBA,80.91554853985792,142680.0,118705.0,3908.0,4172.0
BR,80.89976322020522,1348540.0,1328140.0,1536.0,1722.0
BZ,80.88397790055248,5254420.0,3692355.0,456.0,733.0
NX,80.86819258089977,252100.0,314240.0,3356.0,3284.0
MSBI,80.85240726124704,180340.0,198355.0,3697.0,3720.0
CRAI,80.83662194159432,95840.0,145730.0,4251.0,3988.0
ANDG,80.8208366219416,473260.0,411970.0,2724.0,3039.0
PDM,80.80505130228886,965660.0,908105.0,1911.0,2150.0
SHAK,80.78926598263615,1172080.0,1976680.0,1699.0,1280.0
LAKE,80.77348066298342,62060.0,58825.0,4561.5,4677.0
KRNT,80.75769534333071,361580.0,322410.0,3015.0,3263.0
HNVR,80.74191002367797,29400.0,61360.0,5066.0,4652.0
FHI,80.72612470402525,553540.0,562850.0,2556.0,2695.0
OMC,80.71033938437253,1936840.0,3010860.0,1178.0,873.0
JNJ,80.69455406471981,6186000.0,7079185.0,373.0,372.0
DRMA,80.67876874506709,445180.0,2151650.0,2792.0,1206.0
FWONA,80.66298342541437,123520.0,147400.0,4041.0,3979.0
SCSC,80.64719810576165,247640.0,239350.0,3375.0,3548.0
ARMK,80.63141278610891,2707460.0,2803350.0,870.0,950.0
JPM,80.6156274664562,5532080.0,6391425.0,429.0,420.0
OSK,80.59984214680347,441480.0,891325.0,2798.0,2174.0
PCAR,80.58405682715075,2641400.0,3734135.0,890.0,726.0
HOG,80.56827150749803,2301940.0,2342380.0,1013.0,1123.0
MDV,80.5524861878453,63823.8,72296.25,4540.0,4523.0
FLYW,80.53670086819258,1598220.0,2255395.0,1363.0,1155.0
WPM,80.52091554853986,2662480.0,2131065.0,881.0,1214.0
ALRS,80.50513022888714,155720.0,210940.0,3832.0,3666.0
CYRX,80.48934490923442,515660.0,563165.0,2638.0,2693.0
FIGS,80.47355958958168,1715080.0,3382065.0,1306.0,791.0
VKTX,80.45777426992896,2057260.0,1996290.0,1118.0,1272.0
ARTW,80.44198895027624,131820.0,1708345.0,3987.0,1446.0
LXP,80.42620363062352,649220.0,758175.0,2376.0,2373.0
SXT,80.4104183109708,308340.0,489030.0,3163.0,2844.0
ATNI,80.39463299131808,82580.0,89175.0,4358.0,4389.0
AWR,80.37884767166535,201760.0,264565.0,3590.0,3449.0
QDEL,80.36306235201263,1258860.0,1543860.0,1609.0,1560.0
ACT,80.34727703235991,234440.0,349295.0,3434.5,3195.0
MBIN,80.33149171270718,137880.0,171175.0,3949.0,3846.0
NP,80.31570639305447,399960.0,683170.0,2905.0,2496.0
FVCB,80.29992107340173,61080.0,98780.0,4577.5,4315.0
JKHY,80.28413575374901,1169700.0,938810.0,1700.0,2109.0
GANX,80.26835043409629,564640.0,507320.0,2537.0,2798.0
RXRX,80.25256511444357,15682760.0,15842455.0,143.0,141.0
NOMD,80.23677979479085,3361480.0,1896420.0,694.0,1323.0
NEM,80.22099447513811,7007960.0,7299405.0,332.0,362.0
GEHC,80.2052091554854,2482340.0,4715865.0,944.0,587.0
RELY,80.18942383583267,2766680.0,3102335.0,855.5,853.0
ACNB,80.17363851617996,49120.0,68520.0,4724.0,4563.0
LDOS,80.15785319652723,1310540.0,1610125.0,1565.0,1522.0
APOG,80.1420678768745,145080.0,151335.0,3893.0,3960.0
GREEL,80.12628255722178,6240.0,4460.0,5752.0,5912.0
KBH,80.11049723756905,774800.0,931855.0,2166.0,2121.0
VRTS,80.09471191791634,90640.0,145330.0,4305.5,3995.0
HCI,80.0789265982636,143100.0,169230.0,3905.0,3853.0
EHC,80.0631412786109,794720.0,932335.0,2140.0,2119.0
EVH,80.04735595895816,3131240.0,4622970.0,748.0,603.0
ATHE,80.03157063930544,22120.0,10505.0,5218.0,5616.0
VYX,80.01578531965272,2216140.0,2138725.0,1049.0,1210.0
NTWOU,80.0,4181.4,1045.35,5871.0,6124.0
ASM,79.98421468034728,4484840.0,4044885.0,526.0,681.0
EBC,79.96842936069456,1876720.0,2724110.0,1213.0,982.0
SKYH,79.95264404104184,298960.0,197355.0,3191.0,3724.0
SRCE,79.9368587213891,113180.0,141790.0,4117.0,4013.0
LAUR,79.9210734017364,768220.0,953960.0,2173.0,2090.0
LFVN,79.90528808208366,42160.0,57675.0,4811.0,4690.0
IPHA,79.88950276243094,118980.0,416950.0,4077.0,3021.0
PBFS,79.87371744277822,6880.0,8830.0,5718.5,5682.0
VANI,79.8579321231255,315020.0,179360.0,3149.0,3816.0
UAL,79.84214680347277,2788320.0,3349690.0,849.0,798.0
HDSN,79.82636148382005,1077960.0,656660.0,1788.0,2545.0
HCHL,79.81057616416733,0.0,0.0,6288.0,6278.5
PLBC,79.7947908445146,63180.0,50665.0,4547.0,4776.5
DG,79.77900552486187,1903980.0,1968685.0,1200.0,1283.0
CRD-B,79.76322020520915,22160.0,10780.0,5216.0,5609.0
SEZL,79.74743488555643,690940.0,861500.0,2291.0,2214.0
NKSH,79.73164956590371,40420.0,43025.0,4838.0,4891.0
MSFT,79.71586424625099,22573120.0,37423390.0,83.0,44.0
FISI,79.70007892659827,138060.0,159485.0,3947.0,3902.0
CPB,79.68429360694554,5744440.0,5398225.0,408.0,500.0
TOI,79.66850828729281,2823736.2,,838.0,
WGRX,79.6527229676401,47167.8,,4748.0,
IVDA,79.63693764798737,39599660.0,14698595.0,28.0,153.0
EMR,79.62115232833465,2113780.0,3181650.0,1095.0,832.0
CTSH,79.60536700868192,6945720.0,9682480.0,336.0,255.0
MTH,79.5895816890292,541340.0,789750.0,2583.0,2324.0
CVM,79.57379636937648,163680.0,212550.0,3792.0,3657.0
GFL,79.55801104972376,2086400.0,2252590.0,1109.0,1156.0
XHR,79.54222573007104,523520.0,715465.0,2625.0,2445.0
CNSP,79.5264404104183,12640.0,7635.0,5477.0,5744.0
BWB,79.5106550907656,201020.0,195940.0,3596.0,3731.0
FNWB,79.49486977111286,32320.0,24005.0,4988.0,5234.0
VZLA,79.47908445146015,4780380.0,5088065.0,493.0,537.0
GTE,79.46329913180742,816840.0,1819140.0,2113.0,1363.0
WRLD,79.4475138121547,69200.0,125200.0,4487.0,4114.0
MAZE,79.43172849250197,388840.0,361520.0,2932.0,3162.0
PNTG,79.41594317284924,217580.0,266435.0,3502.0,3444.0
FCAP,79.40015785319653,18400.0,15895.0,5307.0,5435.0
COR,79.3843725335438,1253380.0,1493285.0,1615.0,1592.0
VALN,79.36858721389109,642320.0,181560.0,2389.0,3806.0
VLTO,79.35280189423835,1176020.0,1585310.0,1693.0,1536.0
CBNK,79.33701657458563,45200.0,56775.0,4766.0,4709.0
PEBO,79.32123125493291,217440.0,303775.0,3503.0,3318.0
LSE,79.30544593528019,9220.0,11010.0,5613.0,5597.5
MRSH,79.28966061562747,1539680.0,2265855.0,1404.0,1152.0
NRC,79.27387529597473,117500.0,122905.0,4087.0,4132.0
BME,79.25808997632203,33420.0,45995.0,4964.0,4845.0
SBCF,79.24230465666929,899980.0,995940.0,1985.0,2034.0
IBP,79.22651933701658,241620.0,350905.0,3399.5,3188.0
STG,79.21073401736385,3520.0,4320.0,5903.5,5925.5
AVBC,79.19494869771113,191940.0,163280.0,3635.0,3886.0
MNDY,79.1791633780584,1334520.0,1797935.0,1549.0,1382.0
UGP,79.16337805840568,4049360.0,3192850.0,586.0,828.0
KKR-PD,79.14759273875296,1103773.4,443890.95,1756.0,2952.0
MA,79.13180741910024,2887040.0,3067045.0,820.0,861.0
BTG,79.11602209944752,18322740.0,24314515.0,114.0,84.0
ARDT,79.10023677979478,271900.0,482655.0,3277.0,2863.0
SYBT,79.08445146014206,124380.0,178210.0,4033.0,3821.0
XENE,79.06866614048934,716360.0,624675.0,2250.0,2598.0
NREF,79.05288082083662,41300.0,47675.0,4818.5,4816.0
ARES,79.0370955011839,2134480.0,2477140.0,1089.0,1069.0
PRLB,79.02131018153118,183480.0,200110.0,3682.0,3710.0
DHT,79.00552486187846,3313020.0,2993250.0,710.0,881.0
MAGN,78.98973954222573,417600.0,496000.0,2846.5,2823.0
DGII,78.97395422257301,373720.0,360635.0,2974.0,3165.0
CENT,78.95816890292029,129740.0,107670.0,3999.0,4244.0
OPK,78.94238358326756,2582580.0,4755865.0,907.0,581.0
BY,78.92659826361484,229480.0,248810.0,3453.0,3509.0
THFF,78.91081294396211,94640.0,93210.0,4261.5,4353.0
FMBH,78.89502762430939,121060.0,131555.0,4057.0,4084.0
HRL,78.87924230465667,3933240.0,3530530.0,604.0,759.0
TX,78.86345698500395,437500.0,716490.0,2811.0,2443.0
ELAN,78.84767166535123,5655100.0,8495515.0,419.0,302.0
CHCO,78.83188634569849,83280.0,112785.0,4354.0,4210.0
MGRT,78.81610102604579,25960.0,24705.0,5131.0,5215.0
RNW,78.80031570639305,2974380.0,3020305.0,794.0,870.0
CAC,78.78453038674034,77740.0,95935.0,4412.0,4334.0
CMMB,78.76874506708761,43200.0,64630.0,4792.0,4608.0
HFRO,78.75295974743489,102920.0,131880.0,4196.0,4079.0
USEA,78.73717442778216,63840.0,54505.0,4539.0,4728.0
AMAT,78.72138910812943,10176600.0,8001205.0,229.0,323.0
BNY,78.70560378847672,2108480.0,2545045.0,1099.0,1049.0
NU,78.68981846882399,97574820.0,72167710.0,4.0,7.0
ECO,78.67403314917128,632160.0,541145.0,2408.0,2730.0
AVY,78.65824782951854,750780.0,887045.0,2199.0,2183.0
MTB,78.64246250986582,826480.0,961355.0,2090.0,2078.5
MELI,78.6266771902131,441960.0,479150.0,2797.0,2869.0
ETD,78.61089187056038,370800.0,469570.0,2986.0,2889.0
RHP,78.59510655090766,921700.0,983110.0,1956.0,2049.0
DLB,78.57932123125492,657880.0,921085.0,2361.0,2132.0
CDP,78.56353591160222,690260.0,806080.0,2296.0,2302.0
FNKO,78.54775059194948,818840.0,1358510.0,2105.0,1692.0
FCBC,78.53196527229677,85740.0,91330.0,4337.0,4368.0
USB,78.51617995264404,5624080.0,6543875.0,420.0,410.0
TSBK,78.50039463299132,34720.0,38550.0,4939.0,4962.0
OFG,78.4846093133386,232380.0,246590.0,3442.0,3516.0
DGNX,78.46882399368587,1342100.0,1659505.0,1542.0,1482.0
SEER,78.45303867403315,280980.0,938700.0,3244.0,2110.0
ABUS,78.43725335438042,1818200.0,1332425.0,1248.0,1721.0
JAKK,78.42146803472771,94000.0,141335.0,4270.0,4018.0
WFG,78.40568271507497,229740.0,237225.0,3452.0,3556.0
DSP,78.38989739542225,271100.0,298300.0,3282.5,3335.0
CRM,78.37411207576953,14018900.0,12924775.0,159.0,173.0
GABC,78.35832675611681,143740.0,158620.0,3902.0,3903.0
MPB,78.34254143646409,105220.0,167345.0,4176.0,3863.0
IR,78.32675611681137,2892020.0,4175425.0,816.0,666.0
GD,78.31097079715865,667680.0,1055195.0,2341.0,1955.0
NCSM,78.29518547750592,3220.0,6935.0,5923.0,5776.0
SHW,78.27940015785319,1558900.0,2031735.0,1390.0,1252.0
SHG,78.26361483820047,146220.0,214755.0,3885.0,3643.0
ADAM,78.24782951854775,764660.0,917475.0,2180.0,2142.0
ATR,78.23204419889503,427480.0,494995.0,2828.0,2825.0
GSL,78.2162588792423,368040.0,371020.0,2998.0,3140.0
WSBF,78.20047355958958,71240.0,61045.0,4467.0,4654.0
BIIB,78.18468823993686,722480.0,968780.0,2238.0,2068.0
WEN,78.16890292028414,8618000.0,10129205.0,276.0,239.0
ACET,78.15311760063142,77660.0,90065.0,4414.0,4381.5
CATO,78.13733228097868,89040.0,81350.0,4316.0,4442.0
ESEA,78.12154696132598,54840.0,46645.0,4648.5,4831.0
VIRT,78.10576164167324,1796760.0,1206520.0,1265.0,1821.0
SOLV,78.08997632202052,1256980.0,1310690.0,1612.0,1739.0
YSG,78.0741910023678,78100.0,88595.0,4411.0,4392.0
SFBC,78.05840568271508,5520.0,17270.0,5794.5,5396.0
TXRH,78.04262036306235,660720.0,857705.0,2353.0,2219.0
HOMB,78.02683504340962,1316780.0,1458480.0,1562.0,1620.0
SBLK,78.01104972375691,1653900.0,1472780.0,1329.0,1605.0
DAR,77.99526440410418,2014720.0,2238435.0,1137.0,1167.0
XPEL,77.97947908445147,163700.0,254605.0,3791.0,3487.0
CIGI,77.96369376479873,206140.0,226145.0,3567.0,3597.0
NKTR,77.94790844514601,687060.0,657960.0,2300.0,2543.0
DXC,77.93212312549329,2901500.0,3977620.0,814.0,694.0
ONTO,77.91633780584057,1153760.0,1271625.0,1713.0,1763.0
MHH,77.90055248618785,13540.0,13985.0,5445.5,5479.5
IART,77.88476716653511,596260.0,873320.0,2474.0,2195.0
NHPBP,77.8689818468824,9780.0,33330.0,5582.5,5049.0
PCYO,77.85319652722967,68900.0,76510.0,4489.0,4483.0
FTNT,77.83741120757696,3764920.0,5350935.0,629.0,507.0
MBWM,77.82162588792423,88960.0,123820.0,4317.0,4123.0
SDHC,77.8058405682715,39920.0,39040.0,4851.5,4953.0
CTBI,77.79005524861878,109120.0,110540.0,4139.0,4226.0
PARK,77.77426992896606,36180.0,21940.0,4913.0,5280.0
G,77.75848460931334,2428700.0,2339990.0,963.0,1124.0
ORRF,77.7426992896606,81380.0,106225.0,4376.0,4259.0
XLO,77.7269139700079,17580.0,19340.0,5335.0,5341.0
SIEB,77.71112865035516,207000.0,65730.0,3561.0,4592.0
MTRN,77.69534333070244,316940.0,427880.0,3137.0,2996.0
RBKB,77.67955801104972,77240.0,176340.0,4416.5,3828.0
WAB,77.663772691397,1073360.0,1051125.0,1795.0,1960.0
SF,77.64798737174428,888020.0,1048820.0,2006.0,1962.0
S,77.63220205209156,8156440.0,6782995.0,289.0,391.0
SHBI,77.61641673243884,170340.0,225890.0,3742.0,3598.0
VALU,77.60063141278611,3860.0,3290.0,5886.0,5962.0
LNG,77.5848460931334,1258940.0,1618225.0,1608.0,1516.0
BHB,77.56906077348066,96540.0,93505.0,4244.0,4349.0
MSGS,77.55327545382794,332000.0,212610.0,3093.0,3656.0
CROX,77.53749013417521,887720.0,1073690.0,2007.0,1935.0
IAUX,77.5217048145225,9733000.0,10464200.0,238.0,233.0
LAW,77.50591949486977,280880.0,259790.0,3245.0,3466.0
NWSA,77.49013417521705,3183340.0,3946610.0,738.0,701.0
ING,77.47434885556433,1711200.0,2332015.0,1308.0,1126.0
PTRN,77.45856353591161,1724140.0,1814090.0,1298.0,1368.0
BMY,77.44277821625887,9728120.0,12539400.0,239.0,183.0
OCC,77.42699289660617,290260.0,237770.0,3215.0,3554.0
CTRM,77.41120757695343,63200.0,38085.0,4546.0,4969.0
SBET,77.39542225730071,9233920.0,7571680.0,256.0,340.0
EP,77.37963693764799,31440.0,25840.0,5013.0,5186.5
AEHR,77.36385161799527,3009560.0,2584760.0,784.0,1029.0
SANG,77.34806629834254,500.0,7435.0,6150.5,5753.0
ALSN,77.33228097868981,631620.0,855600.0,2411.0,2228.0
MMI,77.3164956590371,119140.0,129695.0,4076.0,4093.0
WRBY,77.30071033938437,2301280.0,2695100.0,1014.0,988.0
DORM,77.28492501973166,152060.0,337670.0,3848.0,3221.0
FLGT,77.26913970007892,191220.0,313590.0,3642.0,3288.0
CWT,77.2533543804262,458880.0,499565.0,2759.0,2812.0
TII,77.23756906077348,451260.0,405640.0,2777.5,3055.0
UNP,77.22178374112076,2336740.0,2924655.0,997.0,905.0
JWEL,77.20599842146804,62720.0,4357260.0,4550.0,636.0
KBR,77.1902131018153,1223220.0,1695750.0,1646.0,1456.0
BCTX,77.1744277821626,114260.0,101470.0,4109.0,4291.0
FOR,77.15864246250986,79620.0,111630.0,4392.0,4220.0
HXL,77.14285714285715,645080.0,961230.0,2385.0,2080.0
AWI,77.12707182320442,254300.0,528810.0,3344.0,2756.0
CLX,77.1112865035517,2601900.0,2708325.0,904.0,986.0
DHX,77.09550118389897,263440.0,221555.0,3306.0,3615.0
ABG,77.07971586424624,258200.0,275980.0,3335.0,3415.0
PULM,77.06393054459353,13040.0,10685.0,5459.0,5611.0
EHLD,77.0481452249408,9060.0,4890.0,5616.5,5880.0
CLH,77.03235990528809,586620.0,530455.0,2492.0,2754.0
CCEP,77.01657458563535,1781860.0,2094545.0,1270.0,1224.0
BPOP,77.00078926598263,411580.0,438480.0,2869.0,2963.0
FBLG,76.98500394632991,276000.0,198175.0,3257.0,3721.0
AMS,76.96921862667719,30200.0,20375.0,5041.0,5315.0
ARX,76.95343330702447,21701640.0,7417745.0,89.0,349.0
SPB,76.93764798737175,393900.0,390780.0,2918.0,3097.0
IBN,76.92186266771903,3904240.0,5177150.0,608.0,528.0
INTU,76.90607734806629,3855940.0,3692575.0,617.0,732.0
YORW,76.89029202841357,107420.0,123080.0,4160.0,4130.0
RPRX,76.87450670876085,2360240.0,2774600.0,989.0,959.0
M,76.85872138910813,5106980.0,4786000.0,469.0,577.0
FCF,76.8429360694554,544400.0,888305.0,2575.0,2178.0
SSB,76.82715074980268,684620.0,925825.0,2304.0,2124.0
GDYN,76.81136543014996,1472460.0,2131870.0,1447.0,1212.0
CURI,76.79558011049724,6159680.0,1913855.0,374.0,1312.0
HYFM,76.77979479084452,232600.0,8140015.0,3441.0,311.0
MET,76.7640094711918,2432500.0,3869840.0,962.0,710.0
CNA,76.74822415153906,337800.0,439160.0,3078.0,2960.0
UBS,76.73243883188634,1606640.0,1778795.0,1355.0,1392.0
TMP,76.71665351223362,94560.0,102955.0,4263.0,4281.0
COGT,76.7008681925809,1327660.0,1800280.0,1555.0,1380.0
CVI,76.68508287292818,580400.0,983395.0,2506.0,2047.0
CPBI,76.66929755327546,2300.0,2585.0,5978.0,6005.0
APLE,76.65351223362273,2109900.0,3171255.0,1098.0,837.0
ACB,76.63772691397,1855860.0,1895095.0,1222.0,1324.0
CNS,76.62194159431729,229080.0,239220.0,3456.0,3549.0
MSM,76.60615627466456,623880.0,623195.0,2425.0,2599.0
NWS,76.59037095501185,1116520.0,1127750.0,1745.0,1884.0
BHRB,76.57458563535911,124560.0,125315.0,4032.0,4113.0
SHOO,76.55880031570639,919960.0,1108200.0,1959.0,1905.0
FTHM,76.54301499605367,90880.0,136285.0,4302.0,4048.0
MT,76.52722967640095,1494900.0,1471715.0,1436.0,1607.0
TAK,76.51144435674823,2934940.0,3751495.0,803.0,723.0
KRYS,76.49565903709549,173980.0,558380.0,3728.0,2705.0
HOPE,76.47987371744279,923020.0,1067870.0,1953.0,1942.0
MSEX,76.46408839779005,147920.0,139085.0,3877.0,4026.0
HSHP,76.44830307813734,346840.0,323270.0,3052.0,3261.0
CRVL,76.43251775848461,172840.0,183095.0,3735.0,3798.0
DAC,76.41673243883189,124840.0,128400.0,4031.0,4099.0
HWC,76.40094711917916,646260.0,742270.0,2384.0,2397.0
BCS,76.38516179952643,2679620.0,4215260.0,878.0,659.0
PCB,76.36937647987372,30520.0,43260.0,5032.0,4886.0
ECL,76.35359116022099,1533740.0,1356025.0,1409.0,1697.0
AIT,76.33780584056828,368100.0,268375.0,2997.0,3439.0
CNO,76.32202052091554,588580.0,667685.0,2489.0,2527.0
ITW,76.30623520126282,1004440.0,1324610.0,1871.0,1726.0
MESO,76.2904498816101,215320.0,192860.0,3517.0,3750.0
MFC,76.27466456195738,2796700.0,2449050.0,846.5,1082.0
ABEO,76.25887924230466,3008060.0,1631270.0,786.0,1504.0
FBK,76.24309392265194,253940.0,327835.0,3348.0,3244.0
NBTB,76.22730860299922,244100.0,356555.0,3391.0,3178.0
RGLD,76.21152328334648,681100.0,746920.0,2316.0,2390.0
USLM,76.19573796369377,138140.0,170500.0,3945.0,3849.0
CDRE,76.17995264404104,296960.0,426680.0,3196.0,3001.0
FRST,76.16416732438832,168540.0,185705.0,3752.0,3782.0
HBM,76.1483820047356,4244420.0,5106290.0,556.0,535.0
PR,76.13259668508287,8600400.0,8917500.0,277.0,284.0
SXC,76.11681136543015,1198560.0,1926790.0,1670.0,1304.0
IBRX,76.10102604577743,7234540.0,8765265.0,325.0,291.0
BZUN,76.08524072612471,138400.0,214515.0,3942.0,3646.5
RVSN,76.06945540647199,40820.0,19275.0,4830.0,5345.0
BSAC,76.05367008681925,257820.0,268710.0,3337.0,3438.0
STOK,76.03788476716653,693520.0,862635.0,2288.0,2211.0
ACCO,76.02209944751381,684460.0,673845.0,2306.0,2511.0
MG,76.00631412786109,264340.0,204910.0,3303.5,3689.0
MGM,75.99052880820837,1809740.0,2483625.0,1257.0,1066.0
CFG,75.97474348855565,2967560.0,3367810.0,797.0,795.0
NHPAP,75.95895816890292,38280.0,39125.0,4877.0,4950.0
MWG,75.94317284925019,138260.0,38560.0,3943.0,4961.0
APAM,75.92738752959748,862620.0,917725.0,2045.0,2141.0
WFC,75.91160220994475,10547740.0,12346740.0,222.0,187.0
NMRK,75.89581689029204,1388360.0,1446720.0,1506.0,1627.0
LUXE,75.8800315706393,110600.0,138200.0,4130.0,4034.0
CARE,75.86424625098658,366440.0,433085.0,3004.0,2981.0
WF,75.84846093133386,71460.0,113845.0,4465.0,4204.0
RGA,75.83267561168114,401540.0,376195.0,2903.0,3127.0
NPK,75.81689029202842,89920.0,93580.0,4310.0,4348.0
PNC,75.80110497237568,1035660.0,1348090.0,1835.0,1705.0
TRST,75.78531965272298,133660.0,121405.0,3979.0,4147.0
CBSH,75.76953433307024,872340.0,1009110.0,2031.0,2018.0
PRAX,75.75374901341753,359100.0,434190.0,3020.0,2977.0
THW,75.7379636937648,151500.0,123435.0,3851.0,4126.0
PFX,75.72217837411208,3720.0,22755.0,5896.0,5258.0
VERU,75.70639305445935,145280.0,280060.0,3892.0,3401.0
MAC,75.69060773480662,2105160.0,3901090.0,1101.0,706.0
AVBP,75.67482241515391,460920.0,434205.0,2752.0,2976.0
IEX,75.65903709550118,500340.0,698590.0,2672.0,2471.0
BBOT,75.64325177584847,328480.0,266855.0,3103.0,3443.0
WW,75.62746645619573,136580.0,222385.0,3960.0,3611.0
UFPI,75.61168113654301,291280.0,459845.0,3212.0,2910.0
PHM,75.59589581689029,1263700.0,1578630.0,1605.0,1540.0
HCSG,75.58011049723757,798680.0,812640.0,2135.0,2294.0
MREO,75.56432517758485,1556860.0,9718730.0,1393.0,253.0
THG,75.54853985793211,304960.0,311115.0,3172.0,3298.0
RARE,75.5327545382794,1610980.0,2013205.0,1351.0,1260.0
CAE,75.51696921862667,803580.0,645090.0,2131.0,2563.0
SEG,75.50118389897395,84880.0,79615.0,4343.0,4455.0
NMM,75.48539857932123,135400.0,121415.0,3967.0,4146.0
ESP,75.4696132596685,26140.0,36070.0,5126.5,4994.0
RITM,75.45382794001578,3432520.0,5831665.0,683.0,463.0
SA,75.43804262036306,777020.0,644320.0,2161.0,2566.0
GPK,75.42225730071034,3833760.0,5018865.0,620.0,547.0
SMC,75.40647198105762,43560.0,58885.0,4787.0,4674.0
TNL,75.3906866614049,639880.0,782415.0,2393.0,2334.0
TSCO,75.37490134175216,9634580.0,12755625.0,242.0,175.0
AHT,75.35911602209944,92860.0,41395.0,4281.5,4912.0
NWFL,75.34333070244672,47280.0,41670.0,4742.5,4904.0
TORO,75.327545382794,23720.0,25445.0,5187.0,5193.0
GRX,75.31176006314128,31520.0,20725.0,5010.0,5308.0
APA,75.29597474348856,5540280.0,5959335.0,427.0,450.0
RUSHA,75.28018942383584,482120.0,498665.0,2709.0,2818.0
ECBK,75.26440410418311,8660.0,9910.0,5628.0,5643.0
UFCS,75.24861878453038,120880.0,138265.0,4061.0,4032.0
PLX,75.23283346487767,966040.0,757665.0,1910.0,2375.0
FLS,75.21704814522494,1394680.0,1787735.0,1501.0,1387.0
GIB,75.20126282557221,326320.0,504945.0,3111.0,2802.0
MAS,75.1854775059195,1852740.0,2930615.0,1223.0,901.0
PRE,75.16969218626677,199540.0,134190.0,3601.0,4064.0
CCLD,75.15390686661405,323140.0,395125.0,3119.0,3085.0
NBP,75.13812154696133,273000.0,240820.0,3271.0,3541.0
IOR,75.12233622730861,880.0,275.0,6110.0,6205.0
TEX,75.10655090765587,958780.0,1353230.0,1917.0,1699.0
SCCO,75.09076558800317,1041100.0,1108590.0,1828.0,1904.0
RYET,75.07498026835043,9780.0,13580.0,5582.5,5494.0
UTMD,75.05919494869772,34620.0,34905.0,4942.0,5017.0
HPK,75.04340962904499,414660.0,469780.0,2859.5,2886.0
AI,75.02762430939227,4286220.0,4659120.0,547.0,595.0
CNI,75.01183898973954,1005660.0,1553345.0,1868.0,1558.0
IHT,74.99605367008681,10080.0,15540.0,5567.5,5446.0
AX,74.9802683504341,291680.0,337455.0,3210.0,3222.0
SHIP,74.96448303078137,247420.0,308720.0,3378.0,3304.0
STBA,74.94869771112866,213220.0,265375.0,3528.0,3447.0
FBIOP,74.93291239147592,17680.0,13085.0,5329.0,5516.0
CNNE,74.9171270718232,538860.0,468395.0,2587.0,2893.0
BUSE,74.90134175217048,711540.0,819535.0,2260.0,2286.0
OVV,74.88555643251776,3995160.0,3752050.0,593.0,722.0
IBEX,74.86977111286504,114360.0,105430.0,4107.0,4264.0
HIT,74.8539857932123,175580.0,74505.0,3720.0,4502.0
TAYD,74.8382004735596,62280.0,35550.0,4557.0,5004.0
LXRX,74.82241515390686,2457860.0,2811595.0,952.0,948.0
OPCH,74.80662983425415,1890820.0,2677190.0,1207.0,995.0
VVX,74.79084451460142,374280.0,886650.0,2970.0,2184.0
ZKH,74.7750591949487,80520.0,114540.0,4386.0,4200.0
ESNT,74.75927387529597,572840.0,539025.0,2523.0,2734.0
BFST,74.74348855564325,184020.0,242225.0,3679.0,3534.0
KSPI,74.72770323599053,519840.0,541395.0,2629.0,2729.0
ALLO,74.71191791633781,5282800.0,6060025.0,452.0,440.0
BXP,74.69613259668509,1117680.0,1479635.0,1744.0,1602.0
WST,74.68034727703235,448500.0,727660.0,2787.0,2422.0
MRBK,74.66456195737963,81780.0,97220.0,4368.0,4330.0
III,74.64877663772691,243780.0,252185.0,3392.0,3500.0
CTNM,74.63299131807419,864580.0,469430.0,2043.0,2890.0
FCX,74.61720599842147,10897880.0,12753520.0,211.0,176.0
MCK,74.60142067876875,860240.0,1021825.0,2049.0,2000.0
PLMR,74.58563535911603,204160.0,253580.0,3577.0,3491.0
AQST,74.5698500394633,5060900.0,3674615.0,472.0,738.0
BCPC,74.55406471981057,132680.0,185720.0,3984.0,3781.0
TEO,74.53827940015786,211160.0,238225.0,3541.5,3552.0
AOS,74.52249408050513,1069880.0,1627260.0,1800.0,1509.0
KURA,74.5067087608524,3326400.0,1714765.0,703.0,1441.0
HWBK,74.49092344119968,14800.0,16070.0,5409.0,5428.0
CENTA,74.47513812154696,280500.0,307240.0,3246.0,3309.0
MTLS,74.45935280189424,69860.0,60030.0,4480.0,4658.0
UMBF,74.44356748224152,472760.0,620815.0,2725.0,2604.0
CSX,74.4277821625888,8485300.0,12440315.0,279.0,185.0
KLTR,74.41199684293606,304340.0,1152820.0,3174.0,1861.0
WSFS,74.39621152328336,301560.0,387020.0,3184.0,3104.0
ADBE,74.38042620363062,4452360.0,5124005.0,532.0,533.0
WOOF,74.36464088397791,1558400.0,1500120.0,1392.0,1588.0
ARL,74.34885556432518,9960.0,11865.0,5571.0,5558.0
IBKR,74.33307024467246,3050360.0,4597645.0,772.0,608.0
QCRH,74.31728492501973,130420.0,124800.0,3997.0,4116.0
MGYR,74.301499605367,3100.0,3180.0,5930.5,5968.0
MAMA,74.28571428571429,531080.0,499450.0,2608.0,2813.0
VNT,74.26992896606156,1296200.0,1689445.0,1578.0,1462.0
DIN,74.25414364640885,228860.0,256175.0,3459.0,3476.0
LYV,74.23835832675611,1776760.0,2131265.0,1272.0,1213.0
KOP,74.22257300710339,193420.0,199710.0,3627.0,3712.0
SMA,74.20678768745067,621000.0,644570.0,2428.0,2565.0
IRWD,74.19100236779795,1736960.0,2229595.0,1290.0,1174.0
BCH,74.17521704814523,287020.0,296570.0,3225.0,3341.0
STRT,74.15943172849249,98560.0,87235.0,4236.0,4403.0
BHV,74.14364640883979,940.0,3035.0,6102.0,5980.0
FBLA,74.12786108918705,73680.0,77890.0,4446.0,4472.0
CING,74.11207576953433,162460.0,141725.0,3799.5,4014.0
HSBC,74.09629044988161,909160.0,1254235.0,1971.0,1782.0
MDRR,74.08050513022889,720.0,6300.0,6123.0,5807.0
VSTS,74.06471981057616,1296560.0,1406285.0,1576.0,1648.0
SVRA,74.04893449092344,1507600.0,1534650.0,1430.0,1565.0
V,74.03314917127072,8895500.0,7167625.0,264.0,369.0
MUFG,74.01736385161799,3320480.0,3237070.0,708.0,817.0
OCSL,74.00157853196528,598820.0,582300.0,2467.0,2663.0
RBB,73.98579321231254,104300.0,144335.0,4187.0,3999.0
FCCO,73.97000789265982,40220.0,50375.0,4843.0,4782.0
FITB,73.9542225730071,5889100.0,5416340.0,391.0,496.0
CNR,73.93843725335438,573640.0,611955.0,2521.0,2614.0
MBBC,73.92265193370166,4800.0,1875.0,5837.0,6070.5
TFIN,73.90686661404894,151380.0,194010.0,3853.0,3738.0
ALX,73.89108129439622,28880.0,34260.0,5076.5,5031.0
TIGR,73.8752959747435,2457640.0,1956825.0,953.0,1289.0
FNV,73.85951065509076,720400.0,775720.0,2241.0,2345.0
ONEG,73.84372533543804,45240.0,45175.0,4765.0,4859.0
FSUN,73.82794001578532,301740.0,302975.0,3183.0,3320.0
BBT,73.8121546961326,948820.0,850210.0,1929.0,2242.0
EL,73.79636937647987,4793040.0,2961975.0,492.0,895.0
OBK,73.78058405682715,193380.0,195020.0,3629.0,3735.0
ESCA,73.76479873717443,39500.0,53710.0,4857.5,4744.0
GEN,73.74901341752171,4182340.0,4845960.0,572.0,569.0
B,73.73322809786899,10747680.0,10753820.0,215.0,226.0
OXSQ,73.71744277821625,2263520.0,1800505.0,1031.0,1379.0
GFI,73.70165745856355,3156920.0,3613025.0,743.0,748.0
XBIO,73.68587213891081,9760.0,66635.0,5585.0,4579.0
DCI,73.67008681925809,536700.0,621495.0,2590.0,2602.0
CMT,73.65430149960537,25940.0,25255.0,5132.0,5202.0
GRVY,73.63851617995265,44460.0,50215.0,4774.0,4783.0
CION,73.62273086029992,442080.0,600190.0,2796.0,2634.0
AMR,73.60694554064719,386200.0,344775.0,2938.0,3206.0
AVO,73.59116022099448,384360.0,720725.0,2943.0,2436.0
MTCH,73.57537490134175,3065660.0,3189545.0,767.0,829.0
ECX,73.55958958168904,640980.0,660095.0,2392.0,2540.0
KO,73.5438042620363,11974920.0,15895355.0,194.0,140.0
RMD,73.52801894238358,1264060.0,1452890.0,1604.0,1623.0
SYF,73.51223362273086,2889040.0,3130460.0,818.0,847.0
OBT,73.49644830307813,38300.0,57200.0,4876.0,4698.0
KMB,73.48066298342542,2524740.0,3490495.0,929.0,768.0
FVR,73.46487766377268,438360.0,238625.0,2807.0,3550.0
LYG,73.44909234411998,9478920.0,14328395.0,246.0,157.0
BALL,73.43330702446724,1584420.0,1939810.0,1375.0,1297.0
MSA,73.41752170481453,241600.0,307560.0,3401.0,3307.0
AWK,73.4017363851618,2433000.0,2532355.0,961.0,1054.0
PALI,73.38595106550908,2010140.0,1877455.0,1140.0,1335.0
GSBD,73.37016574585635,901160.0,951155.0,1983.0,2095.0
HELE,73.35438042620363,288760.0,359770.0,3217.0,3169.0
CUZ,73.33859510655091,1225440.0,1730050.0,1642.0,1431.0
BBWI,73.32280978689818,6407360.0,5302170.0,363.0,514.0
TYL,73.30702446724547,766200.0,866850.0,2179.0,2202.0
BCAL,73.29123914759273,155980.0,189870.0,3831.0,3768.0
IBG,73.27545382794001,31840.0,73410.0,5003.5,4513.5
NBBK,73.25966850828729,357800.0,404750.0,3023.0,3057.0
GSBC,73.24388318863457,76100.0,87380.0,4431.0,4399.0
OGI,73.22809786898185,769960.0,1676065.0,2171.0,1472.0
CVBF,73.21231254932913,970780.0,1332535.0,1902.0,1720.0
IFF,73.1965272296764,1087520.0,1751805.0,1780.0,1413.0
BBDC,73.18074191002368,918180.0,766970.0,1963.0,2356.0
NBTX,73.16495659037095,229840.0,154760.0,3451.0,3935.0
POWW,73.14917127071823,543300.0,655155.0,2580.0,2549.0
FMNB,73.1333859510655,408680.0,428800.0,2879.0,2993.0
NLY,73.11760063141278,5112200.0,7417895.0,468.0,348.0
MCO,73.10181531176006,652620.0,783070.0,2371.0,2331.0
RPM,73.08602999210734,878800.0,982085.0,2020.0,2051.0
GIII,73.07024467245462,433340.0,402665.0,2819.5,3063.5
KB,73.0544593528019,214500.0,236785.0,3522.0,3557.0
CIF,73.03867403314918,,,,
RIVN,73.02288871349644,23895500.0,23573515.0,71.0,89.0
CNVS,73.00710339384374,199740.0,119310.0,3600.0,4164.0
TOL,72.991318074191,1250900.0,894705.0,1621.0,2167.0
RRR,72.97553275453828,552680.0,752245.0,2557.0,2382.0
ARCB,72.95974743488556,274460.0,379575.0,3266.0,3118.0
NTRS,72.94396211523284,820920.0,1064900.0,2102.0,1948.0
HWM,72.92817679558011,2132280.0,2225845.0,1090.0,1178.0
PJT,72.91239147592738,498400.0,430385.0,2677.0,2988.0
LMT,72.89660615627467,914220.0,1224555.0,1967.0,1803.0
VSME,72.87292817679558,173840.0,99970.0,3729.0,4306.0
DOGZ,72.87292817679558,231960.0,2082340.0,3443.0,1234.0
HAYW,72.8492501973165,1751020.0,2778735.0,1284.0,958.0
FXNC,72.83346487766377,40000.0,33955.0,4849.0,5037.0
MRP,72.81767955801105,970320.0,1080065.0,1905.0,1928.0
EPSM,72.80189423835833,9920.0,15805.0,5573.5,5437.0
EYE,72.78610891870561,2102000.0,2123965.0,1102.0,1219.0
OCGN,72.77032359905287,3754140.0,4334665.0,630.0,638.0
CCNE,72.75453827940017,144940.0,163245.0,3894.0,3887.0
BAP,72.73875295974743,368700.0,273670.0,2993.0,3421.0
GHM,72.72296764009471,168140.0,192040.0,3755.5,3756.0
PFGC,72.70718232044199,2046640.0,1775060.0,1121.0,1396.0
NRT,72.69139700078927,60800.0,50145.0,4582.0,4785.0
WGO,72.67561168113654,469020.0,467935.0,2733.0,2894.0
FSK,72.65982636148381,1787920.0,2601870.0,1268.0,1022.0
WHF,72.6440410418311,56640.0,52665.0,4635.5,4756.0
GGZ,72.62825572217837,6560.0,7050.0,5736.0,5767.0
FULT,72.61247040252566,1386340.0,1679965.0,1510.0,1470.0
WRAP,72.59668508287292,907140.0,742595.0,1974.0,2396.0
VGZ,72.5808997632202,1129800.0,1257525.0,1735.0,1777.0
ATKR,72.56511444356748,788320.0,1460340.0,2146.0,1616.0
UBSI,72.54932912391476,690320.0,859110.0,2294.0,2217.0
SGC,72.53354380426204,44380.0,65145.0,4775.0,4601.5
EBF,72.51775848460932,175420.0,137380.0,3721.0,4038.0
MLAB,72.5019731649566,197120.0,155490.0,3616.0,3927.0
MYFW,72.48618784530386,58180.0,60185.0,4615.0,4657.0
HTGC,72.47040252565114,1641100.0,1653730.0,1334.0,1487.0
FMS,72.45461720599842,545640.0,799415.0,2573.0,2311.0
UL,72.4388318863457,3505460.0,4777365.0,675.0,579.0
PI,72.42304656669297,339980.0,527375.0,3066.0,2758.0
RRBI,72.40726124704025,42640.0,67550.0,4804.0,4568.0
MYPS,72.39147592738753,414660.0,280605.0,2859.5,3398.0
FIVE,72.37569060773481,805440.0,889190.0,2127.0,2175.0
FWRG,72.35990528808209,1051620.0,1231945.0,1817.0,1795.0
HTT,72.34411996842937,41940.0,112265.0,4813.0,4213.0
ARES-PB,72.32833464877663,247349.8,171469.35,3379.0,3844.0
JOUT,72.31254932912391,49240.0,47465.0,4722.0,4818.0
BSBK,72.29676400947119,15140.0,11080.0,5397.0,5593.0
AUB,72.28097868981847,777400.0,850965.0,2160.0,2237.0
NHICU,72.26519337016575,240.0,105.0,6187.0,6233.0
TCBK,72.24940805051303,243080.0,277425.0,3394.0,3410.0
WMS,72.2336227308603,796340.0,722405.0,2139.0,2433.0
HL-PB,72.21783741120757,1261.4,488.55,6063.0,6178.0
FSV,72.20205209155486,225000.0,246090.0,3472.0,3518.0
BANR,72.18626677190213,379480.0,359855.0,2955.0,3168.0
QTRX,72.17048145224942,1031460.0,855485.0,1839.0,2229.0
INN,72.15469613259668,1038260.0,1002950.0,1832.0,2027.0
CBC,72.13891081294396,733560.0,717610.0,2225.0,2440.0
OSW,72.12312549329124,727400.0,935675.0,2232.0,2114.0
FURY,72.1073401736385,262980.0,224795.0,3309.0,3603.0
PXS,72.0915548539858,29020.0,32745.0,5071.5,5060.0
TRSG,72.07576953433306,4460.0,2920.0,5856.0,5987.0
ASB,72.05998421468036,1387680.0,1652350.0,1508.0,1488.0
AHR,72.04419889502762,2868840.0,2923110.0,826.0,906.0
TEVA,72.02841357537491,5539760.0,6035785.0,428.0,442.0
HD,72.01262825572218,4533000.0,4021490.0,520.0,687.0
COUR,71.99684293606946,4014660.0,6830610.0,591.0,385.0
MGA,71.98105761641673,850120.0,1300905.0,2064.0,1743.0
ALEC,71.965272296764,2277440.0,1472335.0,1024.0,1606.0
PENN,71.94948697711129,2305820.0,2665425.0,1012.0,1005.0
TRIN,71.93370165745856,830420.0,1095965.0,2087.0,1915.0
ZION,71.91791633780585,1415660.0,1396180.0,1487.0,1658.0
FBNC,71.90213101815311,175200.0,204875.0,3722.0,3690.0
RF,71.88634569850039,7296620.0,7784295.0,322.0,332.0
BNS,71.87056037884767,1372020.0,2039495.0,1517.0,1251.0
NSC,71.85477505919495,1309660.0,1349705.0,1567.0,1703.0
PPC,71.83898973954223,2261300.0,1715810.0,1032.0,1438.0
CCBG,71.8232044198895,65240.0,73940.0,4521.0,4506.0
ADAG,71.80741910023679,387860.0,303680.0,2934.0,3319.0
GILD,71.79163378058405,4948420.0,6696805.0,476.0,395.0
ACFN,71.77584846093133,30760.0,42955.0,5026.0,4893.0
BAM,71.76006314127861,3054040.0,2782415.0,770.0,957.0
NECB,71.74427782162589,33760.0,40380.0,4957.0,4933.0
LSBK,71.72849250197316,7600.0,10920.0,5672.5,5603.0
INCR,71.71270718232044,19160.0,17305.0,5292.0,5393.0
DLTH,71.69692186266772,38380.0,46165.0,4873.0,4841.0
MCR,71.681136543015,,,,
SKIL,71.66535122336228,34420.0,49400.0,4945.0,4794.0
CTW,71.64956590370956,24720.0,28075.0,5164.5,5144.0
BOC,71.63378058405682,134620.0,107010.0,3973.0,4251.0
HP,71.6179952644041,982640.0,1307745.0,1888.0,1740.0
DE,71.60220994475138,1075860.0,1063065.0,1794.0,1951.0
NOG,71.58642462509866,2165960.0,2427865.0,1081.0,1089.0
MH,71.57063930544594,1163020.0,703235.0,1704.0,2466.0
GL,71.55485398579322,533240.0,688285.0,2602.0,2491.0
SNDA,71.5390686661405,389760.0,464810.0,2929.0,2900.0
VFL,71.52328334648776,,,,
AIIO,71.50749802683505,464880.0,631340.0,2743.0,2590.0
LOB,71.49171270718232,253580.0,240010.0,3350.0,3545.0
DERM,71.4759273875296,326800.0,224845.0,3109.0,3602.0
TCPC,71.46014206787687,761320.0,847105.0,2185.0,2250.0
WTRG,71.44435674822415,1639300.0,1980860.0,1335.0,1277.0
ORLA,71.42857142857143,2448103.2,,957.0,
JOE,71.41278610891871,180540.0,205240.0,3695.0,3684.0
DDS,71.39700078926599,167820.0,154950.0,3758.0,3931.0
BLCO,71.38121546961325,404520.0,431395.0,2892.0,2984.0
NAVI,71.36543014996055,1193760.0,1255530.0,1675.0,1779.0
ALC,71.34964483030781,1476720.0,2170200.0,1444.0,1197.0
CPAC,71.33385951065509,50520.0,57170.0,4702.0,4700.0
ENOV,71.31807419100237,906260.0,1224735.0,1975.0,1802.0
CFFN,71.30228887134965,775640.0,884500.0,2165.0,2186.0
BEN,71.28650355169692,2644500.0,4361390.0,888.0,635.0
CSL,71.27071823204419,462340.0,470045.0,2748.0,2885.0
CDZIP,71.25493291239148,4440.0,4875.0,5858.0,5881.0
EVT,71.23914759273875,79980.0,99695.0,4390.0,4310.0
ITT,71.22336227308604,648560.0,938000.0,2378.0,2112.0
LIVN,71.2075769534333,559560.0,710710.0,2549.0,2458.0
SRG-PA,71.19179163378058,6116.4,5903.9,5764.0,5830.0
CP,71.17600631412786,2250000.0,2877085.0,1038.0,928.0
NG,71.16022099447514,3893420.0,4945240.0,610.0,561.0
RY,71.14443567482242,1455100.0,1360450.0,1459.0,1686.0
VBNK,71.12865035516968,108820.0,101540.0,4143.0,4290.0
PRSU,71.11286503551698,209560.0,217795.0,3549.0,3632.5
VABK,71.09707971586424,4660.0,6320.0,5843.0,5805.0
BTBD,71.08129439621152,25620.0,46220.0,5140.5,4838.0
CNC,71.0655090765588,3130440.0,5013610.0,749.0,548.0
STE,71.04972375690608,649060.0,758800.0,2377.0,2370.0
DAL,71.03393843725335,4408460.0,5024285.0,536.0,545.0
BOOT,71.01815311760063,616560.0,769335.0,2437.5,2350.0
LMNR,71.00236779794791,55400.0,66610.0,4643.0,4580.0
GNW,70.98658247829519,2131860.0,2725120.0,1091.0,980.0
BTU,70.97079715864247,2347720.0,2584390.0,993.0,1030.0
SUN,70.95501183898973,469920.0,507495.0,2730.0,2797.0
ISSC,70.93922651933701,243267.2,383453.3,3393.0,3110.0
ATAT,70.92344119968429,1102420.0,842675.0,1758.0,2257.0
CBFV,70.90765588003157,4400.0,4665.0,5862.0,5899.0
GGG,70.89187056037885,1276960.0,1459790.0,1589.0,1617.0
FOUR-PA,70.87608524072613,98134.8,74811.65,4240.0,4499.0
TLF,70.8602999210734,31180.0,26625.0,5018.0,5169.0
VTOL,70.84451460142068,204460.0,211020.0,3575.0,3663.0
NWBI,70.82872928176795,669220.0,1019695.0,2337.0,2005.0
UPBD,70.81294396211524,698680.0,1099190.0,2281.0,1911.0
HTO,70.7971586424625,307060.0,393795.0,3165.0,3090.0
MOH,70.78137332280978,575980.0,857995.0,2518.0,2218.0
AIZ,70.76558800315706,339240.0,399160.0,3069.5,3073.0
UHS,70.74980268350434,718280.0,970620.0,2247.0,2063.0
BVFL,70.73401736385162,10900.0,14075.0,5535.0,5473.0
BMO,70.71823204419888,854840.0,793240.0,2057.0,2320.0
PBT,70.70244672454618,118060.0,163145.0,4084.0,3888.0
SPG,70.68666140489344,985700.0,1334775.0,1887.0,1719.0
NTES,70.67087608524074,1041040.0,761485.0,1829.0,2368.0
RMBI,70.655090765588,28720.0,41115.0,5080.0,4917.0
CATY,70.63930544593529,338600.0,438700.0,3073.0,2962.0
KVUE,70.62352012628256,23416200.0,22013915.0,76.0,101.0
TEI,70.60773480662984,156820.0,125640.0,3826.5,4112.0
KNTK,70.59194948697711,951120.0,1032110.0,1924.0,1988.0
CLST,70.57616416732438,2560.0,2245.0,5956.5,6037.0
SPFI,70.56037884767167,94100.0,120170.0,4268.0,4154.0
BHP,70.54459352801894,3301160.0,2669680.0,713.0,1001.0
EIG,70.52880820836623,132960.0,185815.0,3983.0,3780.0
STHO,70.5130228887135,18620.0,15560.0,5302.0,5445.0
SFST,70.49723756906077,93220.0,107490.0,4276.0,4245.0
WELL,70.48145224940805,2625040.0,3183100.0,895.0,831.0
PFE,70.46566692975533,36425300.0,40733525.0,34.0,36.0
DRI,70.44988161010261,1021000.0,1177280.0,1846.0,1836.0
AXP,70.43409629044987,2236240.0,2820340.0,1043.0,945.0
IBCP,70.41831097079717,188320.0,203560.0,3660.0,3694.0
FCNCA,70.40252565114443,49460.0,62965.0,4718.5,4627.0
FOUR,70.38674033149171,1608240.0,1732430.0,1353.0,1429.0
UNF,70.37095501183899,124280.0,140455.0,4034.5,4022.0
GRAL,70.35516969218627,673920.0,722215.0,2329.0,2434.0
SRBK,70.33938437253354,20200.0,24945.0,5259.5,5209.0
GOLD,70.32359905288082,435080.0,392445.0,2815.0,3094.0
TSLX,70.3078137332281,467780.0,497745.0,2735.0,2821.0
GTES,70.29202841357538,1279380.0,2084510.0,1587.0,1231.0
VRSK,70.27624309392266,1098340.0,1650630.0,1763.0,1489.0
LOCO,70.26045777426992,212100.0,248530.0,3534.5,3511.0
ALMS,70.2446724546172,898580.0,915795.0,1991.0,2144.0
EQBK,70.22888713496448,90780.0,101210.0,4304.0,4293.0
EDD,70.21310181531176,293440.0,326265.0,3204.0,3250.0
FERG,70.19731649565904,1602120.0,4455355.0,1360.0,624.0
PGR,70.18153117600632,3380040.0,2501615.0,691.0,1063.0
FSS,70.1657458563536,365460.0,422720.0,3006.0,3008.0
ARTNA,70.14996053670087,30400.0,31350.0,5036.0,5085.0
LINK,70.13417521704814,19740.0,16405.0,5276.0,5418.0
FOA,70.11838989739542,37280.0,50495.0,4889.0,4779.0
DSGX,70.1026045777427,476720.0,478645.0,2718.0,2870.0
PFBC,70.08681925808997,62060.0,86440.0,4561.5,4407.0
YB,70.07103393843725,37000.0,22695.0,4896.0,5263.0
RS,70.05524861878453,317480.0,332300.0,3134.0,3237.0
MFG,70.03946329913181,3217640.0,3472835.0,732.0,774.0
NEOV,70.02367797947909,1574060.0,1574325.0,1380.0,1543.0
SUNC,70.00789265982637,618060.0,523100.0,2436.0,2767.0
SLNHP,69.99210734017363,8540.0,7075.0,5634.5,5764.0
ATYR,69.97632202052093,766400.0,693095.0,2177.0,2481.0
SLF,69.96053670086819,978640.0,766135.0,1891.0,2358.0
TBN,69.94475138121547,103780.0,120030.0,4189.0,4156.0
BL,69.92896606156275,1114620.0,1168805.0,1748.0,1844.0
INMD,69.91318074191003,422960.0,486985.0,2837.0,2849.0
LLYVK,69.8973954222573,264240.0,288770.0,3305.0,3368.0
CG,69.88161010260457,3735320.0,4245490.0,633.0,654.0
AOMR,69.86582478295186,152560.0,106115.0,3843.0,4260.0
RGT,69.85003946329913,25400.0,21550.0,5149.0,5288.0
ULBI,69.83425414364642,33240.0,46040.0,4970.0,4843.0
MNDO,69.81846882399368,51460.0,54390.0,4686.0,4733.0
JOB,69.80268350434096,944860.0,341925.0,1931.5,3213.0
SKT,69.78689818468824,674020.0,963670.0,2328.0,2076.0
UBER,69.7711128650355,15290300.0,21293360.0,145.0,106.0
SLGN,69.7553275453828,926480.0,1516070.0,1949.0,1576.0
ATLO,69.73954222573006,35780.0,32185.0,4923.0,5070.0
ZIM,69.72375690607736,4032840.0,1982850.0,589.0,1276.0
MAIA,69.70797158642462,317500.0,349775.0,3133.0,3193.0
BTO,69.6921862667719,35880.0,43120.0,4918.0,4890.0
TROW,69.67640094711918,1319960.0,1894080.0,1560.0,1327.0
FIGR,69.66061562746646,6881500.0,4277895.0,340.0,646.0
GNK,69.64483030781373,421080.0,371630.0,2842.0,3139.0
AGNC,69.62904498816101,13303180.0,18795240.0,170.0,122.0
ETN,69.61325966850829,1688140.0,2355620.0,1315.0,1122.0
BF-B,69.59747434885556,1896000.0,2157540.0,1206.0,1201.0
FTI,69.58168902920285,3256020.0,3461645.0,722.0,777.0
THQ,69.56590370955011,140900.0,150430.0,3922.0,3965.0
HTHT,69.55011838989739,2367440.0,1591280.0,987.0,1533.0
WHWK,69.53433307024467,281480.0,456215.0,3238.0,2916.0
EXEL,69.51854775059195,2091540.0,2733860.0,1106.0,976.0
MGIH,69.50276243093923,63860.0,846355.0,4538.0,2255.0
WBX,69.4869771112865,30240.0,23610.0,5040.0,5240.0
COP,69.47119179163379,6604540.0,6753250.0,350.0,393.0
CWBC,69.45540647198106,288180.0,261860.0,3221.0,3459.0
AGL,69.43962115232833,246000.0,403330.0,3382.5,3059.0
TFSL,69.4238358326756,752140.0,1019305.0,2197.0,2006.0
WCN,69.40805051302289,1020560.0,1318265.0,1847.0,1732.0
PDLB,69.39226519337016,72880.0,69110.0,4452.0,4555.0
UVE,69.37647987371744,175600.0,210840.0,3719.0,3667.0
ZSPC,69.36069455406472,42540.0,44655.0,4806.0,4866.0
AME,69.344909234412,1466720.0,1313940.0,1451.0,1736.0
BSY,69.32912391475926,2351940.0,2893925.0,991.0,920.0
MCBS,69.31333859510656,70080.0,82670.0,4476.0,4433.0
UNTY,69.29755327545382,48100.0,56870.0,4735.0,4707.0
EQNR,69.28176795580112,2368520.0,3263920.0,985.0,815.0
MNSB,69.26598263614838,37240.0,33260.0,4891.0,5051.0
JMSB,69.25019731649566,25260.0,34085.0,5153.5,5033.0
CBAN,69.23441199684294,128300.0,193135.0,4012.0,3748.0
NTWO,69.21862667719022,2469360.0,618060.0,947.0,2608.0
DDD,69.2028413575375,2180820.0,3675445.0,1074.0,736.0
PERI,69.18705603788476,262600.0,334850.0,3311.0,3230.0
SMFG,69.17127071823205,1147840.0,1610745.0,1720.0,1521.0
SHEL,69.15548539857932,4475312.0,6351322.05,529.0,424.0
UMH,69.13970007892661,649240.0,637225.0,2375.0,2575.0
VOD,69.12391475927387,2838840.0,4339205.0,833.0,637.0
ALG,69.10812943962115,168140.0,143920.0,3755.5,4001.0
ONB,69.09234411996843,2874760.0,3848610.0,823.0,714.0
FRHC,69.0765588003157,142440.0,94350.0,3911.0,4343.0
KRC,69.06077348066299,1174220.0,1318810.0,1696.0,1731.0
BATRK,69.04498816101025,611180.0,582500.0,2446.0,2662.0
BF-A,69.02920284135755,88380.0,128050.0,4322.0,4100.0
DCOM,69.01341752170481,268360.0,346000.0,3286.0,3203.0
OUST,68.99763220205209,3324780.0,3150505.0,704.0,843.0
CPK,68.98184688239937,149380.0,180895.0,3867.0,3811.0
PERF,68.96606156274665,111600.0,329905.0,4124.0,3240.0
UGI,68.95027624309392,4372140.0,2230905.0,541.0,1173.0
NODK,68.9344909234412,21220.0,24560.0,5239.0,5219.0
IFBD,68.91870560378848,10640.0,7545.0,5549.5,5748.0
AFRI,68.90292028413575,9860.0,13480.0,5578.0,5501.0
CTO,68.88713496448304,332100.0,354820.0,3092.0,3182.0
SYY,68.8713496448303,2321800.0,3583945.0,1005.0,750.0
CVE,68.85556432517758,5956100.0,7557040.0,385.0,342.0
EE,68.83977900552486,317840.0,324875.0,3130.0,3256.0
GRC,68.82399368587214,134800.0,192930.0,3971.0,3749.0
RAL,68.80820836621942,888980.0,1724350.0,2004.0,1432.0
MXC,68.7924230465667,20460.0,13865.0,5254.0,5481.5
WBS,68.77663772691398,28433500.0,10670435.0,59.0,228.0
XRAY,68.76085240726125,3523800.0,4903265.0,671.0,565.0
RNGR,68.74506708760852,136240.0,237745.0,3961.0,3555.0
SFNC,68.7292817679558,1268420.0,1265505.0,1598.0,1770.0
BLK,68.71349644830308,456860.0,609325.0,2764.0,2619.0
SPGI,68.69771112865035,1801120.0,2126740.0,1262.0,1217.0
VOC,68.68192580899763,198880.0,182920.0,3605.5,3800.0
TIC,68.66614048934491,1844980.0,2451190.0,1230.0,1080.0
CIVB,68.65035516969219,152840.0,131630.0,3839.0,4083.0
HG,68.63456985003947,311300.0,415080.0,3159.5,3029.0
KHC,68.61878453038675,10955420.0,15148500.0,210.0,148.0
OPBK,68.60299921073401,59960.0,59880.0,4592.0,4659.0
BFAM,68.58721389108129,727180.0,755780.0,2233.0,2377.0
EFSI,68.57142857142857,48840.0,62420.0,4728.0,4637.0
CSWC,68.55564325177585,551240.0,640855.0,2562.0,2572.0
FWDI,68.53985793212313,1319180.0,921325.0,1561.0,2131.0
DEO,68.5240726124704,898700.0,1377930.0,1990.0,1673.0
HBAN,68.50828729281768,18251180.0,26438525.0,116.0,74.0
LLYVA,68.49250197316495,181020.0,147545.0,3692.0,3977.0
GNT,68.47671665351224,83920.0,98515.0,4351.5,4319.0
GM,68.4609313338595,4045140.0,5950735.0,587.0,453.0
BAC-PL,68.4451460142068,15387.0,10612.9,5390.0,5613.0
SMRT,68.42936069455406,1364780.0,1658175.0,1526.0,1484.0
BATRA,68.41357537490134,75600.0,72785.0,4435.0,4516.0
KTOS,68.39779005524862,3420540.0,3975470.0,685.0,696.0
CHDN,68.38200473559588,849100.0,1152155.0,2066.0,1862.0
AEG,68.36621941594318,3852840.0,4777625.0,618.0,578.0
LPX,68.35043409629044,1088120.0,1232405.0,1779.0,1794.0
VIK,68.33464877663774,3907160.0,2564250.0,607.0,1040.0
AYTU,68.318863456985,40740.0,32995.0,4831.0,5056.0
MPAA,68.30307813733228,133100.0,120605.0,3982.0,4151.0
NFJ,68.28729281767956,126900.0,182515.0,4021.0,3802.0
WDFC,68.27150749802684,86760.0,108960.0,4330.0,4236.0
GNE,68.25572217837411,67540.0,73730.0,4502.0,4509.0
MCFT,68.23993685872138,177320.0,180150.0,3712.0,3812.0
MAPS,68.22415153906867,117280.0,320650.0,4094.0,3270.0
PBH,68.20836621941594,515880.0,562885.0,2636.0,2694.0
CNOB,68.19258089976323,319840.0,429655.0,3124.0,2989.0
TOWN,68.1767955801105,469800.0,614015.0,2731.0,2612.0
JOF,68.16101026045777,69820.0,82625.0,4481.5,4434.0
REZI,68.14522494080505,4578420.0,2724938.45,516.0,981.0
UCB,68.12943962115233,897660.0,888060.0,1992.0,2179.0
ALT,68.11365430149961,4903380.0,5314000.0,482.0,512.0
PRI,68.09786898184689,159220.0,181930.0,3817.0,3805.0
HMN,68.08208366219417,288640.0,256325.0,3219.5,3475.0
EW,68.06629834254143,2816240.0,4212015.0,840.0,660.0
AKA,68.05051302288871,5860.0,4190.0,5776.0,5934.0
FSBC,68.03472770323599,179580.0,241355.0,3702.0,3539.0
GRBK,68.01894238358327,290440.0,234470.0,3214.0,3563.0
CULP,68.00315706393054,21200.0,13565.0,5242.5,5495.5
FVN,67.98737174427782,48940.0,79765.0,4726.0,4453.0
PKBK,67.9715864246251,53480.0,44045.0,4670.0,4875.0
MBUU,67.95580110497238,135580.0,176260.0,3965.0,3829.0
SCI,67.94001578531964,702740.0,1134885.0,2275.0,1876.0
CRDO,67.92423046566694,5215300.0,5224525.0,460.0,521.0
GRPN,67.9084451460142,1097100.0,1484515.0,1768.0,1600.0
PFG,67.89265982636148,770860.0,1415235.0,2170.0,1641.0
MGRC,67.87687450670876,122340.0,176865.0,4049.0,3826.0
CVX,67.86108918705604,7712860.0,8075990.0,305.0,316.0
PFS,67.84530386740332,716300.0,985960.0,2251.0,2045.0
AVB,67.8295185477506,716590.4,963070.65,2249.0,2077.0
SNA,67.81373322809787,271100.0,359220.0,3282.5,3173.0
SYK,67.79794790844514,2494500.0,2410105.0,940.0,1095.0
DIBS,67.78216258879243,89380.0,104735.0,4313.0,4271.0
TDTH,67.7663772691397,302600.0,97535.0,3179.0,4327.0
LIF,67.75059194948699,1216420.0,1043340.0,1654.0,1972.0
TRGP,67.73480662983425,1310840.0,1233395.0,1564.0,1791.0
BOKF,67.71902131018153,191680.0,223415.0,3638.0,3606.0
RNR,67.70323599052881,235240.0,294160.0,3431.0,3349.0
ONEW,67.68745067087607,89160.0,116710.0,4315.0,4184.0
VITL,67.67166535122337,1172560.0,1492160.0,1697.0,1593.0
TTC,67.65588003157063,586140.0,522930.0,2494.0,2769.0
HOFT,67.64009471191792,20280.0,42840.0,5257.0,4894.0
AON,67.62430939226519,752260.0,1211045.0,2196.0,1815.0
ASML,67.60852407261247,1284660.0,1589465.0,1584.0,1534.0
SMBC,67.59273875295975,113840.0,98560.0,4110.0,4317.0
CRWS,67.57695343330703,197600.0,107480.0,3613.0,4246.0
DRD,67.5611681136543,316500.0,288495.0,3142.0,3370.0
NUE,67.54538279400157,1735500.0,1563865.0,1292.0,1552.0
BMNR,67.52959747434886,35427020.0,32786505.0,36.0,53.0
AG,67.51381215469613,9817400.0,10899500.0,234.0,220.0
AVBH,67.49802683504342,65140.0,89285.0,4524.0,4388.0
SY,67.48224151539068,108860.0,177130.0,4142.0,3825.0
UPST,67.46645619573796,4265320.0,4709685.0,551.0,589.0
LGL,67.45067087608524,9160.0,8720.0,5614.0,5689.0
ANGH,67.43488555643252,27200.0,34320.0,5107.0,5027.0
KOD,67.4191002367798,681980.0,571015.0,2313.0,2681.0
CELH,67.40331491712708,12248140.0,13079430.0,185.0,171.0
FFBC,67.38752959747436,603720.0,808325.0,2454.0,2300.0
HBNC,67.37174427782162,458400.0,623010.0,2760.0,2600.0
RDDT,67.3559589581689,15916900.0,8912020.0,138.0,285.0
HHH,67.34017363851618,392060.0,412015.0,2922.0,3038.0
PTCT,67.32438831886346,898720.0,1232900.0,1989.0,1792.0
BBW,67.30860299921073,387380.0,303925.0,2935.0,3317.0
RLYB,67.29281767955801,26480.0,24020.0,5120.0,5233.0
GDDY,67.27703235990529,1939920.0,2245225.0,1176.0,1160.0
TALO,67.26124704025257,1516400.0,1991645.0,1428.0,1275.0
PCG,67.24546172059985,22882780.0,26178675.0,80.0,75.0
DNUT,67.22967640094711,3487320.0,3203380.0,679.0,826.0
CACC,67.21389108129439,88220.0,119735.0,4324.0,4157.0
SM,67.19810576164167,3662260.0,3768855.0,648.0,718.0
BCX,67.18232044198895,137240.0,154105.0,3954.0,3939.0
YELP,67.16653512233623,1046160.0,1113290.0,1825.0,1901.0
BACCU,67.1507498026835,0.0,125.0,6288.0,6227.5
ENGN,67.13496448303079,793360.0,689335.0,2142.0,2487.5
ELMD,67.11917916337806,61620.0,61545.0,4571.0,4649.5
HBCP,67.10339384372533,78620.0,96120.0,4405.0,4333.0
AER,67.08760852407262,885300.0,1078365.0,2012.0,1929.0
NDSN,67.07182320441989,447240.0,332940.0,2791.0,3234.0
PEO,67.05603788476716,51740.0,62515.0,4682.0,4634.0
BAFN,67.04025256511444,17880.0,25175.0,5322.5,5203.0
ANY,67.02446724546172,173820.0,983370.0,3730.5,2048.0
NICE,67.008681925809,543360.0,675505.0,2579.0,2508.0
MCRI,66.99289660615626,100800.0,115990.0,4217.5,4189.0
CQP,66.97711128650356,113140.0,135490.0,4118.0,4055.0
CPF,66.96132596685082,168200.0,156985.0,3754.0,3912.0
LPG,66.94554064719811,518420.0,609255.0,2630.0,2620.0
MGEE,66.92975532754538,129520.0,182160.0,4002.0,3803.0
CMCL,66.91397000789266,231880.0,193350.0,3444.0,3743.0
YSXT,66.89818468823994,31040.0,56855.0,5021.0,4708.0
TURB,66.88239936858722,72240.0,797935.0,4458.0,2312.0
YUMC,66.8666140489345,1236700.0,1553690.0,1633.0,1557.0
CRMD,66.85082872928176,2888740.0,1416445.0,819.0,1639.0
DGICA,66.83504340962905,99540.0,119075.0,4227.0,4166.5
NGVT,66.81925808997632,189760.0,244795.0,3651.0,3522.0
FAF,66.80347277032361,563500.0,713030.0,2540.0,2449.0
PAL,66.78768745067087,809220.0,720390.0,2122.0,2437.0
ADAMN,66.77190213101815,11760.0,8020.0,5501.5,5727.5
MSIF,66.75611681136543,231280.0,318290.0,3447.0,3277.0
BLLN,66.74033149171271,571960.0,822020.0,2524.0,2285.0
GROY,66.72454617205999,2395320.0,2436445.0,974.0,1085.0
AKO-A,66.70876085240725,1300.0,870.0,6060.0,6141.5
RCG,66.69297553275455,5700.0,4515.0,5787.0,5906.0
KDP,66.67719021310181,11250620.0,13152350.0,204.0,169.0
PSMT,66.66140489344909,193920.0,248620.0,3624.0,3510.0
AUBN,66.64561957379637,740.0,1295.0,6120.5,6102.0
ENTG,66.62983425414365,2298660.0,2835695.0,1015.0,943.0
IFS,66.61404893449092,356820.0,284945.0,3026.5,3385.0
FIBK,66.5982636148382,851540.0,1199040.0,2062.0,1826.0
IGA,66.58247829518548,106660.0,72695.0,4167.0,4520.0
SVM,66.56669297553276,2661420.0,2650980.0,882.0,1008.0
ICR-PA,66.55090765588002,6445.4,5503.55,5740.0,5845.0
LCUT,66.5351223362273,206340.0,201790.0,3564.0,3704.0
VLY,66.51933701657458,5480920.0,6617160.0,438.0,399.0
MS,66.50355169692186,3620300.0,4742535.0,656.0,583.0
PAHC,66.48776637726914,128940.0,179515.0,4004.5,3815.0
BDJ,66.47198105761642,383620.0,438085.0,2945.0,2964.0
DOUG,66.4561957379637,477560.0,340775.0,2713.0,3215.0
WES,66.44041041831098,979920.0,936050.0,1890.0,2113.0
PSA,66.42462509865825,633860.0,1026460.0,2405.0,1996.0
ARCC,66.40883977900552,3699620.0,4406445.0,639.0,629.0
ARVN,66.39305445935281,606620.0,900865.0,2449.5,2162.0
BSTZ,66.37726913970008,166320.0,184000.0,3766.0,3794.0
TFPM,66.36148382004735,524380.0,536065.0,2622.0,2741.0
BFC,66.34569850039463,62200.0,76585.0,4558.0,4481.0
COKE,66.32991318074191,354080.0,487440.0,3037.0,2848.0
EPAC,66.31412786108919,238300.0,363170.0,3419.0,3156.0
ORI,66.29834254143645,962580.0,1198020.0,1913.0,1829.0
DMA,66.28255722178375,21200.0,19550.0,5242.5,5331.0
GGN,66.26677190213101,521340.0,512435.0,2626.0,2788.0
AMH,66.2509865824783,1958660.0,2225805.0,1168.0,1179.0
NCLH,66.23520126282557,13557300.0,15734515.0,164.0,142.0
IIF,66.21941594317285,35800.0,32970.0,4921.5,5057.0
XOM,66.20363062352013,13243340.0,14270925.0,171.0,158.0
LE,66.1878453038674,137560.0,183730.0,3951.0,3795.0
TCI,66.17205998421468,16800.0,54160.0,5356.5,4736.5
RELX,66.15627466456195,1997340.0,2710915.0,1146.0,985.0
ODD,66.14048934490924,799740.0,763995.0,2134.0,2362.0
NVR,66.1247040252565,28500.0,33575.0,5088.0,5043.0
DPZ,66.1089187056038,615800.0,774080.0,2439.0,2346.0
VIR,66.09313338595106,1457760.0,1505680.0,1455.0,1585.0
MNSBP,66.07734806629834,2340.0,940.0,5977.0,6133.0
LBRDA,66.06156274664562,526600.0,293845.0,2620.0,3350.0
GHC,66.0457774269929,29940.0,25520.0,5053.5,5192.0
PETZ,66.02999210734018,52420.0,89700.0,4678.0,4385.0
MOB,66.01420678768744,236360.0,124120.0,3427.0,4120.0
ZYME,65.99842146803473,586800.0,485145.0,2491.0,2857.0
AUPH,65.982636148382,1155840.0,1173030.0,1712.0,1841.0
C,65.96685082872928,8549420.0,9434710.0,278.0,264.0
ACNT,65.95106550907656,52780.0,58715.0,4672.0,4679.0
CWST,65.93528018942384,371160.0,565925.0,2984.0,2691.0
FOXA,65.91949486977111,5913920.0,4961550.0,389.0,555.0
SPXX,65.90370955011839,216380.0,219175.0,3508.0,3626.0
GPUS-PD,65.88792423046567,5179.0,3512.45,5811.0,5954.0
HFWA,65.87213891081294,259900.0,426120.0,3330.0,3002.0
HIFS,65.85635359116023,59540.0,51580.0,4598.0,4770.0
POOL,65.8405682715075,590520.0,816390.0,2486.0,2290.0
AUDC,65.82478295185477,141160.0,126250.0,3920.0,4109.0
IAF,65.80899763220205,15420.0,15030.0,5388.0,5454.0
DSS,65.79321231254933,15600.0,39005.0,5384.5,4954.0
ENSG,65.77742699289661,261500.0,387520.0,3316.0,3101.0
NIPG,65.76164167324389,91020.0,62350.0,4301.0,4639.0
LECO,65.74585635359117,548400.0,487620.0,2568.0,2846.0
FRAF,65.73007103393844,29560.0,33270.0,5061.0,5050.0
PRT,65.71428571428571,34440.0,28125.0,4944.0,5142.0
SNDK,65.69850039463299,19177580.0,17598165.0,109.0,133.0
SONY,65.68271507498027,4381140.0,5641755.0,539.0,477.0
LBRDK,65.66692975532754,5793380.0,2982090.0,402.0,887.0
ATHR,65.65114443567482,3040.0,9985.0,5932.5,5640.0
RKT,65.6353591160221,21982920.0,28350210.0,87.0,69.0
CGBD,65.61957379636938,620140.0,631595.0,2431.0,2589.0
SNX,65.60378847671664,779740.0,702665.0,2157.0,2468.0
WTTR,65.58800315706394,1024440.0,1810885.0,1844.0,1373.0
CZR,65.5722178374112,3279020.0,3930930.0,717.0,704.0
GOODN,65.5564325177585,1340.0,2290.0,6054.0,6033.0
UVSP,65.54064719810576,168980.0,270680.0,3748.0,3427.0
ADT,65.52486187845304,6897340.0,8143810.0,338.0,310.0
FDUS,65.50907655880032,372620.0,345755.0,2980.0,3204.0
VMC,65.4932912391476,711320.0,1042185.0,2261.0,1975.0
ROLR,65.47750591949487,102540.0,75245.0,4200.0,4495.0
JBSS,65.46172059984214,139460.0,135825.0,3933.0,4053.0
BEKE,65.44593528018943,2797040.0,2853460.0,845.0,939.0
FUBO,65.4301499605367,1731780.0,1684250.0,1296.0,1467.0
BJ,65.41436464088399,1523320.0,1459105.0,1422.0,1618.0
HAS,65.39857932123125,1211200.0,1821590.0,1659.0,1362.0
FNB,65.38279400157853,3334040.0,4249680.0,701.0,652.0
NAAS,65.36700868192581,18540.0,20045.0,5304.0,5321.0
TER,65.35122336227307,2777300.0,3635305.0,852.0,743.0
EWBC,65.33543804262037,642300.0,621775.0,2390.0,2601.0
HLN,65.31965272296763,6742740.0,10541720.0,345.0,231.0
OFS,65.30386740331492,33900.0,55075.0,4954.0,4725.0
FELE,65.28808208366219,235720.0,298515.0,3429.0,3333.0
COSO,65.27229676400947,78580.0,75715.0,4407.0,4486.0
NDAQ,65.25651144435675,2152580.0,3122585.0,1083.0,848.0
MTUS,65.24072612470403,282680.0,417880.0,3232.0,3019.0
EOG,65.2249408050513,2268160.0,2851850.0,1028.0,940.0
CTOS,65.20915548539858,876180.0,1189755.0,2025.0,1830.0
IRTC,65.19337016574586,590460.0,698465.0,2487.0,2472.0
LXP-PC,65.17758484609313,1607.0,2506.05,6028.0,6014.0
FFIN,65.1617995264404,612140.0,669800.0,2443.0,2523.0
VEL,65.14601420678768,95040.0,106675.0,4255.5,4256.0
GTM,65.13022888713496,6793800.0,7840405.0,343.0,331.0
MCI,65.11444356748224,65020.0,35410.0,4527.0,5009.0
ESTA,65.09865824782952,409300.0,534330.0,2874.0,2747.0
RSG,65.0828729281768,1324640.0,1416850.0,1557.0,1638.0
TD,65.06708760852408,1846020.0,2155135.0,1229.0,1203.0
AWX,65.05130228887136,22900.0,127395.0,5201.0,4106.0
ACMR,65.03551696921863,1135700.0,1058300.0,1729.0,1953.0
EXG,65.0197316495659,449400.0,444885.0,2784.5,2946.0
BOXL,65.00394632991318,1439200.0,3959825.0,1470.0,699.0
WDS,64.98816101026046,402180.0,628495.0,2901.0,2593.0
RPAY,64.97237569060773,566980.0,517205.0,2533.0,2781.0
PSO,64.95659037095501,670960.0,765960.0,2333.0,2359.0
INDB,64.94080505130229,264340.0,314225.0,3303.5,3285.0
IESC,64.92501973164957,148000.0,187575.0,3874.5,3776.0
OTTR,64.90923441199683,192260.0,232175.0,3632.0,3572.0
PPG,64.89344909234413,1180420.0,1909330.0,1688.0,1315.0
DKL,64.87766377269139,549000.0,211135.0,2566.0,3661.5
COFS,64.86187845303868,79560.0,82095.0,4394.0,4436.0
KGC,64.84609313338595,6999900.0,7880620.0,333.0,329.0
DHI,64.83030781373323,1856040.0,2331195.0,1221.0,1127.0
OOMA,64.8145224940805,302680.0,379850.0,3178.0,3117.0
KOF,64.79873717442779,119720.0,140370.0,4072.0,4023.0
FVNNR,64.78295185477506,1564.0,14114.35,6034.0,5471.0
XBP,64.76716653512233,22320.0,23975.0,5213.0,5236.0
BSM,64.75138121546962,372760.0,446885.0,2977.5,2940.0
WBD,64.73559589581689,19719080.0,22307570.0,104.0,99.0
AN,64.71981057616418,292260.0,444540.0,3208.0,2950.0
ETG,64.70402525651144,134780.0,110630.0,3972.0,4225.0
LXEH,64.68823993685872,8980.0,99155.0,5619.0,4312.0
RAVE,64.672454617206,28920.0,25965.0,5075.0,5182.5
IHG,64.65666929755326,227380.0,271325.0,3460.5,3425.0
ET,64.64088397790056,8838740.0,9976485.0,266.0,247.0
IAE,64.62509865824782,27720.0,34695.0,5099.5,5020.0
BWLP,64.60931333859511,281060.0,289240.0,3241.0,3367.0
PB,64.59352801894238,756180.0,953670.0,2191.0,2091.0
PBI,64.57774269928966,1220060.0,1711035.0,1649.0,1442.0
PHIO,64.56195737963694,185360.0,134005.0,3671.0,4068.0
TRX,64.54617205998422,3093420.0,2561390.0,761.0,1042.0
FOX,64.5303867403315,881500.0,1097340.0,2015.5,1913.0
LPA,64.51460142067876,19200.0,34310.0,5291.0,5029.0
ADUR,64.49881610102605,442680.0,431115.0,2795.0,2985.0
RMT,64.48303078137332,86060.0,115200.0,4333.0,4196.0
CMCSA,64.46724546172061,21864500.0,29617250.0,88.0,64.0
NVS,64.45146014206787,1625400.0,1603550.0,1342.0,1526.0
EGBN,64.43567482241515,206180.0,279315.0,3566.0,3403.0
GAM,64.41988950276243,9280.0,17130.0,5612.0,5399.0
RYN,64.40410418310971,2924620.0,2878130.0,807.0,927.0
LOVE,64.38831886345699,127220.0,198735.0,4016.0,3717.0
NTB,64.37253354380427,260120.0,205220.0,3325.5,3685.0
STRA,64.35674822415154,247240.0,314185.0,3380.0,3286.0
BB,64.34096290449881,9149300.0,12262150.0,259.0,191.0
BGR,64.32517758484609,78640.0,80980.0,4404.0,4446.0
EQ,64.30939226519337,460280.0,487515.0,2755.0,2847.0
UBCP,64.29360694554065,3180.0,3055.0,5925.0,5977.5
LXFR,64.27782162588792,149420.0,446095.0,3866.0,2944.0
CHMI-PB,64.2620363062352,3291.6,2393.05,5917.0,6025.0
GDOT,64.24625098658248,404400.0,408550.0,2893.0,3047.0
NTLA,64.23046566692976,3281280.0,3500660.0,716.0,764.0
PDEX,64.21468034727702,59520.0,82015.0,4599.0,4437.0
CMG,64.19889502762432,16614180.0,19389520.0,126.0,118.0
XYL,64.18310970797158,1563400.0,1848910.0,1389.0,1352.0
SHO-PH,64.16732438831886,14925.0,8490.15,5405.0,5700.0
MCHX,64.15153906866614,24660.0,19985.0,5167.0,5322.0
TFC,64.13575374901342,5708340.0,6425430.0,412.0,419.0
HYNE,64.1199684293607,6740.0,10010.0,5727.0,5637.5
TKO,64.10418310970798,973660.0,1119220.0,1898.0,1895.0
FUL,64.08839779005525,714760.0,671665.0,2255.0,2521.0
RLGT,64.07261247040252,95460.0,105460.0,4252.5,4263.0
JBHT,64.05682715074981,837980.0,883305.0,2079.0,2188.0
BXSL,64.04104183109708,1570000.0,1686935.0,1384.0,1465.0
YTRA,64.02525651144437,45020.0,33355.0,4768.0,5048.0
TECK,64.00947119179163,2337080.0,2998230.0,996.0,879.0
SOHU,63.993685872138904,93160.0,50390.0,4278.0,4781.0
AKO-B,63.97790055248619,4940.0,5060.0,5828.5,5865.0
RWAY,63.96211523283346,682500.0,643645.0,2312.0,2567.0
DOC,63.94632991318075,3697920.0,5719270.0,640.0,471.0
PGC,63.93054459352802,140560.0,191140.0,3925.0,3761.0
SBGI,63.9147592738753,409280.0,532585.0,2876.0,2749.0
SHO,63.89897395422257,2229560.0,2545400.0,1045.0,1048.0
CERS,63.883188634569855,2483380.0,3102645.0,943.0,852.0
TRMB,63.86740331491713,3321800.0,2854615.0,706.0,938.0
BST,63.85161799526441,92840.0,94015.0,4283.0,4346.0
IFN,63.835832675611684,101160.0,130770.0,4215.0,4090.0
JAZZ,63.820047355958955,504320.0,792315.0,2666.0,2323.0
IRS,63.804262036306234,130740.0,137810.0,3993.0,4036.0
BRC,63.788476716653506,181620.0,167040.0,3688.0,3866.0
LRE,63.77269139700079,14940.0,8960.0,5403.5,5673.0
RCAT,63.75690607734806,10222240.0,9626775.0,228.0,258.0
LXEO,63.74112075769535,858320.0,918770.0,2054.0,2137.0
ASND,63.72533543804262,662500.0,535060.0,2349.0,2744.0
H,63.7095501183899,674580.0,919590.0,2324.0,2136.0
IGD,63.69376479873717,252360.0,268920.0,3355.0,3437.0
CHTR,63.677979479084456,3622320.0,3443660.0,655.0,778.0
DDOG,63.66219415943173,3977880.0,5351725.0,598.0,506.0
DJT,63.646408839779,3902960.0,4652815.0,609.0,596.0
FUND,63.630623520126285,22120.0,25805.0,5218.0,5188.0
SIF,63.61483820047356,186840.0,186975.0,3665.5,3777.0
ESQ,63.599052880820835,176860.0,153910.0,3715.5,3942.0
INGM,63.583267561168114,648300.0,913155.0,2379.0,2145.0
OTF,63.56748224151539,2720060.0,2799525.0,864.0,952.0
BBSI,63.551696921862664,251740.0,295220.0,3359.0,3347.0
SONO,63.53591160220995,1548200.0,1919630.0,1398.0,1308.0
EEA,63.52012628255722,1020.0,13330.0,6090.0,5507.5
DTSQU,63.50434096290451,0.0,5.0,6288.0,6263.0
WABC,63.48855564325178,117360.0,133120.0,4092.5,4073.0
BRLT,63.47277032359905,150200.0,162780.0,3860.5,3890.0
MIY,63.45698500394633,58240.0,65515.0,4614.0,4594.0
NOC,63.4411996842936,620800.0,682750.0,2430.0,2498.0
CINT,63.425414364640886,69820.0,71735.0,4481.5,4529.0
CMDB,63.40962904498816,71720.0,70410.0,4462.0,4546.0
AFG,63.393843725335444,333940.0,374600.0,3089.0,3133.0
KCHVU,63.378058405682715,0.0,55.0,6288.0,6241.0
DX,63.362273086029994,4869740.0,5246355.0,483.0,519.0
ARLP,63.346487766377265,441400.0,416405.0,2799.0,3022.0
TKR,63.33070244672455,993200.0,1044055.0,1881.0,1971.0
SNDR,63.31491712707182,514600.0,755625.0,2642.0,2378.0
LTC,63.299131807419094,652960.0,553535.0,2369.0,2716.0
JCI,63.28334648776638,3040680.0,3670875.0,776.0,740.0
TIPT,63.26756116811365,218820.0,222860.0,3492.0,3610.0
TRMK,63.25177584846094,254280.0,412690.0,3345.0,3036.0
APD,63.23599052880821,728260.0,992605.0,2230.0,2038.0
GWW,63.22020520915549,198140.0,284230.0,3609.0,3386.0
RNA,63.20441988950276,196680.0,134100.0,3618.5,4065.0
LNN,63.188634569850045,92100.0,109260.0,4290.0,4232.0
BGSF,63.17284925019732,6860.0,9550.0,5721.0,5656.5
WKHS,63.15706393054459,160580.0,109150.0,3809.0,4234.0
MUSA,63.141278610891874,208880.0,297445.0,3551.0,3338.0
NBN,63.125493291239145,93720.0,117335.0,4274.0,4180.0
NVRI,63.109707971586424,413240.0,396700.0,2866.0,3080.0
COHN,63.093922651933696,16140.0,19395.0,5371.0,5338.0
FRME,63.07813733228098,296620.0,430435.0,3198.0,2986.0
CNTB,63.06235201262825,468200.0,350840.0,2734.0,3189.0
GDV,63.04656669297554,74000.0,80120.0,4444.0,4452.0
PNFP,63.03078137332281,841240.0,1198350.0,2074.0,1827.0
CHMI-PA,63.01499605367009,2016.4,2464.1,5996.0,6018.0
ETO,62.99921073401736,13540.0,29775.0,5445.5,5111.0
IIM,62.98342541436463,130540.0,93395.0,3996.0,4350.0
BOOM,62.96764009471192,92860.0,230245.0,4281.5,3582.0
INGR,62.95185477505919,517460.0,681690.0,2633.0,2500.0
CEV,62.936069455406475,19620.0,27420.0,5280.5,5155.0
ETV,62.92028413575375,172300.0,155185.0,3738.0,3929.0
CALM,62.904498816101025,657200.0,826255.0,2363.0,2281.0
CHI,62.888713496448304,135700.0,152930.0,3963.5,3948.0
EMO,62.87292817679558,35080.0,34635.0,4932.0,5021.0
EGAN,62.857142857142854,83680.0,110385.0,4353.0,4228.0
HCM,62.84135753749014,102980.0,58255.0,4194.0,4682.0
MKTW,62.82557221783741,12860.0,13050.0,5467.0,5518.0
EPAM,62.80978689818468,1422400.0,1789975.0,1479.0,1386.0
ASA,62.79400157853197,40620.0,47715.0,4834.0,4815.0
TDY,62.77821625887924,210540.0,333310.0,3546.0,3233.0
LB,62.76243093922652,276320.0,323815.0,3256.0,3258.0
CAPL,62.74664561957379,69760.0,56180.0,4484.0,4716.0
EFSC,62.730860299921076,188440.0,227960.0,3658.0,3590.0
RHLD,62.71507498026835,207300.0,166255.0,3559.0,3869.5
COLB,62.699289660615634,3507420.0,3154750.0,674.0,842.0
ARE,62.683504340962905,2139580.0,2007630.0,1087.0,1264.0
IIPR-PA,62.667719021310184,18130.8,31167.65,5318.0,5087.0
ETW,62.651933701657455,318680.0,301670.0,3127.0,3325.0
NRIM,62.636148382004734,112640.0,154270.0,4120.0,3938.0
CURB,62.62036306235201,2023780.0,1455405.0,1136.0,1622.0
SIG,62.604577742699284,564160.0,642970.0,2539.0,2568.0
ISTR,62.58879242304657,89560.0,132900.0,4311.0,4076.0
SSD,62.57300710339384,253140.0,277880.0,3354.0,3407.0
COLD,62.55722178374113,3211940.0,3937150.0,733.0,702.0
OTEX,62.5414364640884,1457480.0,1927135.0,1457.0,1303.0
NSA-PB,62.52565114443568,,,,
MDGL,62.50986582478295,279460.0,385835.0,3249.0,3106.0
GMED,62.494080505130235,1113700.0,1415920.0,1749.0,1640.0
STEW,62.478295185477506,56820.0,79500.0,4633.0,4456.0
MEGL,62.46250986582478,7900.0,12465.0,5658.0,5539.0
EQX,62.446724546172064,11533660.0,16344270.0,199.0,137.0
OLP,62.430939226519335,74780.0,92855.0,4438.0,4357.0
PW-PA,62.415153906866614,60.0,98.5,6227.5,6236.0
EURK,62.399368587213885,100.0,5085.0,6215.0,5864.0
PCRX,62.38358326756117,577120.0,725500.0,2513.5,2428.0
YPF,62.36779794790844,1217900.0,1111875.0,1652.0,1902.0
VSA,62.35201262825573,22100.0,226620.0,5220.0,3593.0
DDI,62.336227308603,132260.0,96615.0,3985.5,4331.0
CYH,62.32044198895028,973720.0,1867445.0,1897.0,1345.0
ADSK,62.30465666929755,1680440.0,2020700.0,1318.0,1256.0
MC,62.28887134964482,727860.0,980170.0,2231.0,2053.0
HLT,62.27308602999211,2292780.0,2190150.0,1019.0,1193.0
NBIS,62.25730071033938,31607880.0,28491625.0,50.0,68.0
BYD,62.241515390686665,619520.0,920610.0,2433.0,2134.0
FPH,62.22573007103394,148260.0,193565.0,3873.0,3742.0
IQI,62.209944751381215,210160.0,157610.0,3548.0,3908.0
FSCO,62.194159431728494,902200.0,868150.0,1980.0,2201.0
CCD,62.17837411207577,59100.0,61385.0,4604.0,4651.0
BCO,62.162588792423044,368600.0,542975.0,2994.0,2724.0
UTL,62.14680347277033,107160.0,102400.0,4163.0,4283.0
INDV,62.1310181531176,2031880.0,2433565.0,1127.0,1087.0
WAFD,62.11523283346487,439020.0,541725.0,2806.0,2727.0
BMRC,62.09944751381216,142340.0,151375.0,3912.0,3958.5
NREF-PA,62.08366219415943,6769.8,2937.95,5726.0,5985.0
ADM,62.06787687450671,3049000.0,4035355.0,773.0,684.0
TTWO,62.05209155485398,1802940.0,2220545.0,1260.0,1183.0
GUT,62.036306235201266,150200.0,184710.0,3860.5,3789.0
BANX,62.02052091554854,40020.0,36100.0,4848.0,4992.5
SNDX,62.00473559589582,1148820.0,1370205.0,1718.0,1679.0
VTR,61.988950276243095,3380920.0,3618380.0,690.0,747.0
ADAMZ,61.973164956590374,8700.0,6835.0,5627.0,5779.0
AEI,61.957379636937645,164720.0,47300.0,3784.0,4821.0
DBRG-PJ,61.941594317284924,81533.8,35708.7,4372.0,5000.0
CNCK,61.9258089976322,13240.0,155770.0,5452.5,3926.0
PACB,61.910023677979474,6419080.0,7286505.0,360.0,363.0
ASTH,61.89423835832676,425560.0,556380.0,2834.0,2711.0
JBS,61.87845303867403,5757920.0,6458710.0,407.0,415.0
VLRS,61.86266771902132,594820.0,544265.0,2477.0,2723.0
CMBT,61.84688239936859,783580.0,802045.0,2150.0,2309.0
AZZ,61.83109707971587,215020.0,240890.0,3518.0,3540.0
YMM,61.81531176006314,7097900.0,6425895.0,330.0,418.0
IVR-PC,61.79952644041041,9746.4,13429.15,5586.0,5503.0
WY,61.783741120757696,4720160.0,5555830.0,497.0,484.0
BMI,61.76795580110497,367140.0,446530.0,3002.0,2942.0
BOE,61.752170481452254,93940.0,99930.0,4271.0,4307.0
CUBI,61.736385161799525,253680.0,280415.0,3349.0,3399.0
ALXO,61.720599842146804,871860.0,1115875.0,2033.0,1900.0
HIND,61.704814522494075,11560.0,9870.0,5513.0,5645.0
FBIO,61.68902920284136,877840.0,745200.0,2021.0,2393.0
CHA,61.67324388318863,548460.0,500640.0,2567.0,2809.0
BSRR,61.65745856353592,57320.0,67225.0,4624.0,4573.0
BURL,61.64167324388319,897240.0,732045.0,1993.0,2415.0
GRF,61.62588792423046,760.0,2460.0,6119.0,6019.0
PAX,61.61010260457774,1190560.0,1292765.0,1680.0,1749.0
CCZ,61.59431728492501,120.0,130.0,6208.5,6225.5
APO,61.5785319652723,3321020.0,3852425.0,707.0,711.0
CB,61.56274664561957,1819480.0,1687340.0,1247.0,1463.0
THO,61.546961325966855,576540.0,567955.0,2515.0,2686.0
WOR,61.531176006314126,234680.0,205180.0,3432.0,3686.0
CRTO,61.515390686661405,646380.0,604020.0,2383.0,2630.0
OPRA,61.499605367008684,560080.0,374965.0,2548.0,3132.0
MPLX,61.48382004735596,1208200.0,1600685.0,1660.0,1530.0
FSBW,61.468034727703234,13800.0,21425.0,5438.5,5291.0
FANG,61.452249408050506,1427940.0,1838985.0,1477.0,1354.0
ERC,61.43646408839779,30700.0,54060.0,5027.5,4738.0
MDLZ,61.42067876874506,5847140.0,8848680.0,396.0,287.0
MDIA,61.40489344909235,10180.0,15335.0,5564.0,5448.0
GFR,61.38910812943962,603640.0,359270.0,2455.0,3172.0
ASGI,61.3733228097869,185120.0,156665.0,3672.0,3916.0
EOD,61.35753749013417,51560.0,91500.0,4684.0,4365.0
TATT,61.341752170481456,131300.0,200555.0,3991.0,3709.0
ESS,61.32596685082873,369480.0,433720.0,2990.0,2979.0
TRNO,61.31018153117601,601680.0,673840.0,2461.0,2512.0
GATX,61.294396211523285,168900.0,218555.0,3749.0,3629.0
DIS,61.27861089187056,7420180.0,11218460.0,316.0,214.0
REXR,61.262825572217835,2316980.0,2855710.0,1008.0,937.0
GOODO,61.247040252565114,9780.0,6360.0,5582.5,5802.0
ONIT,61.23125493291239,63820.0,63905.0,4541.0,4618.0
TBPH,61.215469613259664,317100.0,558520.0,3136.0,2704.0
ADX,61.19968429360695,242400.0,313450.0,3395.0,3289.0
GLAD,61.18389897395422,168820.0,178485.0,3750.0,3820.0
KYN,61.16811365430151,294000.0,311330.0,3200.0,3296.0
REVB,61.15232833464878,69740.0,34445.0,4485.0,5025.0
PROV,61.13654301499606,17160.0,10795.0,5345.0,5606.5
KT,61.12075769534333,1745680.0,1741650.0,1286.0,1425.0
SHO-PI,61.1049723756906,4038.2,4121.6,5876.0,5938.0
AROW,61.089187056037886,96180.0,90065.0,4248.0,4381.5
UNM,61.07340173638516,1150000.0,1577035.0,1717.0,1541.0
SPRB,61.057616416732444,57500.0,49700.0,4621.0,4790.0
HXHX,61.041831097079715,874320.0,2669630.0,2027.0,1002.0
SAFE,61.026045777426994,265980.0,283590.0,3295.0,3390.0
NPO,61.010260457774265,142500.0,202790.0,3909.5,3697.0
PMTRU,60.99447513812155,0.0,50.0,6288.0,6243.5
BNL,60.97868981846882,2465820.0,2512280.0,949.0,1060.0
EGY,60.96290449881611,1142080.0,1220010.0,1723.0,1807.0
MIRM,60.94711917916338,544140.0,761920.0,2576.0,2367.0
ALTG-PA,60.93133385951065,2781.8,2355.0,5944.0,6030.0
PROF,60.91554853985793,144720.0,146740.0,3896.0,3982.0
EEFT,60.8997632202052,604540.0,751955.0,2452.0,2384.0
PLNT,60.88397790055249,2170020.0,2310100.0,1079.0,1132.0
REI,60.86819258089976,3508700.0,3486850.0,673.0,769.0
GPRE,60.852407261247045,1050340.0,1305930.0,1821.0,1741.0
USA,60.836621941594316,1098460.0,1388005.0,1762.0,1665.0
ZH,60.820836621941595,133260.0,170395.0,3981.0,3850.0
EPR-PG,60.805051302288874,4791.8,5014.9,5838.0,5869.0
MOLN,60.78926598263615,940.0,720.0,6102.0,6155.5
ANNX,60.773480662983424,3096880.0,2618670.0,758.0,1020.0
JRS,60.757695343330695,43580.0,66390.0,4786.0,4582.0
ZGN,60.74191002367798,1051780.0,1019980.0,1816.0,2004.0
CAPN,60.72612470402525,20.0,1785.0,6239.5,6080.0
SKYT,60.71033938437254,0.0,,6288.0,
FLG-PA,60.69455406471981,26494.6,27205.3,5119.0,5160.0
EXP,60.67876874506709,316640.0,482360.0,3141.0,2864.0
SOR,60.66298342541436,7700.0,9370.0,5670.0,5661.0
SNY,60.647198105761646,2554660.0,3180395.0,918.0,834.0
HLX,60.63141278610892,1182060.0,1494520.0,1686.0,1591.0
AEAQU,60.6156274664562,0.0,0.0,6288.0,6278.5
PEBK,60.599842146803475,21780.0,42290.0,5229.5,4896.0
CUBE,60.58405682715075,1733340.0,2243875.0,1294.0,1164.0
EOT,60.568271507498025,35820.0,26550.0,4920.0,5170.0
CPZ,60.552486187845304,46080.0,67470.0,4758.0,4570.0
HST,60.53670086819258,8043820.0,10293100.0,292.0,235.0
LYTS,60.520915548539854,240420.0,243360.0,3406.0,3529.0
ENIC,60.50513022888714,430200.0,527015.0,2825.0,2760.0
ELS,60.48934490923441,1242180.0,1555585.0,1628.0,1556.0
BEPI,60.4735595895817,13800.0,31545.0,5438.5,5082.0
NRXP,60.45777426992897,1049360.0,1283815.0,1823.0,1753.0
HTH,60.44198895027625,206880.0,246305.0,3562.0,3517.0
EPR,60.42620363062352,654340.0,769810.0,2367.0,2349.0
TIGO,60.41041831097079,1370240.0,1464525.0,1519.0,1611.0
GRFS,60.394632991318076,437460.0,689140.0,2812.0,2489.0
NVO,60.37884767166535,13447660.0,14152225.0,167.0,160.0
FDX,60.36306235201263,1529760.0,1508810.0,1411.0,1581.0
CALX,60.347277032359905,695280.0,969025.0,2286.0,2065.0
CPNG,60.331491712707184,14952380.0,18552275.0,148.0,124.0
BSBR,60.315706393054455,5808520.0,4687895.0,401.0,592.0
NGL-PB,60.29992107340174,23609.6,75596.2,5189.0,4488.0
GAMB,60.28413575374901,357165.8,,3025.0,
IGACR,60.268350434096284,0.0,2095.0,6288.0,6052.0
SMG,60.25256511444357,949220.0,1065425.0,1928.0,1947.0
WAL-PA,60.23677979479084,12747.4,21577.65,5472.0,5287.0
ZWS,60.22099447513812,668600.0,951505.0,2339.0,2093.0
WM,60.20520915548539,1930240.0,1998825.0,1179.0,1271.0
HCA,60.18942383583268,1181620.0,1417870.0,1687.0,1637.0
NFG,60.17363851617995,456320.0,664770.0,2766.0,2530.0
JCE,60.157853196527235,36480.0,39490.0,4908.0,4942.0
TCBS,60.142067876874506,680.0,970.0,6128.5,6130.0
FUSB,60.126282557221785,7760.0,6090.0,5665.5,5822.0
EJH,60.110497237569064,4306640.0,1086985.0,545.0,1924.0
AGM-PD,60.094711917916335,5906.2,4972.4,5772.0,5874.0
HAFC,60.078926598263614,180620.0,244300.0,3694.0,3524.0
MCY,60.063141278610885,225380.0,285310.0,3471.0,3382.0
CAAS,60.04735595895817,64160.0,31640.0,4532.0,5079.0
EXR,60.03157063930544,736920.0,1204305.0,2221.0,1823.0
BLIN,60.01578531965273,96400.0,66370.0,4245.0,4584.0
PCG-PX,60.0,344216.0,202225.9,3056.0,3701.0
EG,59.98421468034728,258120.0,333525.0,3336.0,3232.0
EIX,59.96842936069455,3241100.0,3465110.0,726.0,776.0
TRIP,59.952644041041836,3115060.0,3715505.0,752.0,729.0
CVNA,59.93685872138911,10025120.0,10962135.0,231.0,218.0
MRT,59.92107340173638,63940.0,44275.0,4536.0,4870.0
GTENU,59.905288082083665,40.0,100.0,6233.5,6234.5
HAVAU,59.889502762430936,0.0,470.0,6288.0,6180.0
EVTV,59.873717442778215,,,,
DEI,59.857932123125494,1307640.0,1813085.0,1569.0,1370.0
BCDA,59.84214680347277,230500.0,257385.0,3450.0,3473.0
LFWD,59.826361483820044,9680.0,5865.0,5593.0,5835.0
ARLO,59.81057616416733,1175540.0,1409355.0,1694.0,1645.0
INVH,59.7947908445146,2910660.0,3988670.0,812.0,693.0
CAMP,59.77900552486189,280100.0,220390.0,3248.0,3621.0
BANFP,59.76322020520916,1260.0,1035.0,6064.0,6126.0
NFBK,59.74743488555643,0.0,,6288.0,
PMM,59.73164956590371,120940.0,112160.0,4059.0,4215.0
IMA,59.71586424625098,5780.0,9835.0,5780.5,5646.0
PFN,59.700078926598266,337300.0,344080.0,3079.0,3208.0
NATL,59.68429360694554,754500.0,708815.0,2192.0,2460.0
WRB,59.66850828729282,1371580.0,1647515.0,1518.0,1491.0
TWN,59.652722967640095,23500.0,32680.0,5190.0,5061.0
SELF,59.636937647987374,30640.0,29730.0,5030.0,5113.0
GTEN,59.621152328334645,2440.0,75395.0,5970.5,4492.0
PSHG,59.60536700868193,28980.0,36920.0,5073.0,4980.5
DOMO,59.5895816890292,710460.0,2672045.0,2264.0,1000.0
XFLT,59.573796369376474,65540.0,84100.0,4518.0,4428.0
JEF,59.55801104972376,2184780.0,2020240.0,1071.0,1257.0
SFL,59.54222573007103,1150880.0,1325655.0,1715.5,1723.0
LTM,59.52644041041831,697660.0,731975.0,2282.0,2416.0
KZIA,59.51065509076558,162340.0,218335.0,3802.0,3631.0
HASI,59.49486977111287,804440.0,920015.0,2129.0,2135.0
SCD,59.47908445146014,75380.0,79235.0,4437.0,4461.0
LANDO,59.463299131807425,6220.0,14555.0,5754.5,5462.0
OACCU,59.447513812154696,0.0,50.0,6288.0,6243.5
NRP,59.431728492501975,43520.0,52775.0,4789.0,4754.0
TR,59.41594317284925,169080.0,151470.0,3747.0,3957.0
XFOR,59.400157853196525,766420.0,708320.0,2176.0,2463.0
MAMO,59.384372533543804,34460.0,55695.0,4943.0,4720.0
DFP,59.368587213891075,31500.0,43165.0,5011.5,4888.0
BRK-A,59.35280189423836,120.0,155.0,6208.5,6221.5
PGACU,59.33701657458563,1107.8,276.95,6077.0,6204.0
WYNN,59.32123125493292,1328160.0,1642875.0,1553.0,1494.0
EVN,59.30544593528019,81460.0,92945.0,4374.0,4356.0
GSK,59.28966061562747,3192320.0,4144830.0,737.0,669.0
ACEL,59.27387529597474,276840.0,281740.0,3254.0,3393.0
CET,59.258089976322026,30480.0,30765.0,5034.0,5096.0
E,59.2423046566693,405860.0,417905.0,2889.0,3018.0
RC-PE,59.22651933701657,5576.4,8184.1,5791.0,5718.0
KGEI,59.210734017363855,213420.0,152500.0,3527.0,3949.0
CMCT,59.194948697711126,41080.0,28895.0,4821.5,5126.5
GAB,59.179163378058405,619280.0,671945.0,2434.0,2520.0
CHD,59.163378058405684,1573200.0,1901820.0,1381.0,1318.0
SORNU,59.14759273875296,0.0,720.0,6288.0,6155.5
NCEL,59.131807419100234,16360.0,11750.0,5366.0,5561.5
ES,59.11602209944752,1777500.0,2317775.0,1271.0,1130.0
HTLM,59.10023677979479,5060.0,5025.0,5820.0,5867.0
PTC,59.08445146014208,1094040.0,1501700.0,1770.5,1587.0
GOOD,59.06866614048935,414700.0,441220.0,2858.0,2957.0
VSAT,59.05288082083662,1786100.0,2083665.0,1269.0,1232.0
AVT,59.0370955011839,1186020.0,1287255.0,1682.0,1751.0
KMPB,59.02131018153117,7280.0,11655.0,5694.5,5571.0
SMCI,59.005524861878456,65562300.0,57186690.0,14.0,16.0
STRW,58.98973954222573,37060.0,52380.0,4894.0,4759.0
RELL,58.97395422257301,191980.0,387340.0,3634.0,3103.0
ICE,58.958168902920285,2802880.0,4125215.0,844.0,672.0
CUBWU,58.94238358326756,0.0,5.0,6288.0,6263.0
RVT,58.926598263614835,182240.0,209535.0,3685.0,3672.0
OZK,58.91081294396211,1148140.0,1042745.0,1719.0,1974.0
IMOS,58.89502762430939,106700.0,116470.0,4166.0,4187.0
BHR-PD,58.879242304656664,6323.6,7524.2,5745.0,5749.0
NNN,58.86345698500395,1366140.0,1366895.0,1525.0,1680.0
SLGB,58.84767166535122,2440280.0,6701315.0,959.0,394.0
MRCY,58.8318863456985,1136120.0,674025.0,1728.0,2510.0
SVAQU,58.81610102604577,60.0,15.0,6227.5,6255.0
CCL,58.80031570639306,13926280.0,17986530.0,161.0,126.0
IQ,58.78453038674033,8623860.0,6572580.0,275.0,405.0
BRK-B,58.768745067087615,4081780.0,4315095.0,582.0,641.0
OBDC,58.752959747434886,4232200.0,4496275.0,560.0,618.0
EBMT,58.73717442778216,31660.0,37350.0,5005.5,4977.0
TWO-PB,58.72138910812944,11855.2,35669.0,5497.0,5003.0
BPYPP,58.705603788476715,9620.0,11230.0,5598.0,5587.0
PINE,58.689818468823994,88600.0,139030.0,4319.0,4027.0
DMLP,58.674033149171265,165820.0,253125.0,3768.5,3495.0
DSACU,58.65824782951855,0.0,1110.0,6288.0,6116.0
CCU,58.64246250986582,102780.0,106700.0,4198.0,4253.0
PKE,58.62667719021311,212380.0,253075.0,3531.0,3496.0
COYA,58.61089187056038,100760.0,141505.0,4219.0,4017.0
VGM,58.59510655090766,159300.0,135320.0,3816.0,4057.0
MKLYU,58.57932123125493,240.0,8160.0,6187.0,5719.0
R,58.5635359116022,275660.0,336005.0,3259.0,3226.0
CHRD,58.54775059194949,652380.0,766530.0,2372.0,2357.0
OCFC,58.53196527229676,1134260.0,974575.0,1732.0,2059.0
CZWI,58.516179952644045,39940.0,49295.0,4850.0,4796.0
AEBI,58.500394632991316,744660.0,400960.0,2209.0,3067.0
FHN,58.484609313338595,3601960.0,5042455.0,661.0,542.0
PSTV,58.468823993685874,92437.8,,4288.0,
WNEB,58.45303867403315,44180.0,52980.0,4778.5,4752.0
PGNY,58.437253354380424,917640.0,1146480.0,1964.0,1864.0
SPOT,58.42146803472771,1836420.0,2092635.0,1237.0,1226.0
SKM,58.40568271507498,2171560.0,2540940.0,1078.0,1051.0
AAPL,58.38989739542225,42120100.0,53040380.0,26.0,19.0
NOEM,58.37411207576954,0.0,9000.0,6288.0,5671.0
BTZ,58.35832675611681,313640.0,288460.0,3152.0,3371.0
FGBI,58.34254143646409,23380.0,20075.0,5193.0,5320.0
VPV,58.32675611681136,39180.0,30085.0,4862.5,5106.0
SPG-PJ,58.310970797158646,774.4,1068.4,6117.0,6120.0
USBC,58.29518547750592,220400.0,168270.0,3487.0,3860.0
BEPH,58.2794001578532,19680.0,23755.0,5278.0,5239.0
PGZ,58.263614838200475,21480.0,17740.0,5237.0,5386.0
BRTX,58.24782951854775,211620.0,378245.0,3536.0,3122.0
IGIC,58.232044198895025,78920.0,105705.0,4402.0,4261.0
HDL,58.2162588792423,200.0,630.0,6195.5,6163.0
RNST,58.20047355958958,644660.0,579945.0,2386.0,2667.0
ADAML,58.184688239936854,17700.0,13510.0,5327.5,5500.0
FFC,58.16890292028414,119220.0,87345.0,4075.0,4401.0
FGNX,58.15311760063141,92820.0,115495.0,4284.5,4194.0
CRGY,58.13733228097869,5243760.0,5720565.0,457.0,470.0
VHC,58.12154696132596,17440.0,17320.0,5340.5,5392.0
KIM-PN,58.10576164167325,167.0,247.2,6202.0,6206.0
KEY,58.08997632202052,9447960.0,9173160.0,247.0,274.0
LKSPU,58.074191002367805,0.0,130.0,6288.0,6225.5
BGH,58.058405682715076,79080.0,78155.0,4399.0,4466.0
GS,58.04262036306235,1823440.0,1934820.0,1245.0,1300.0
AURA,58.02683504340963,1476660.0,711960.0,1445.0,2453.0
OSUR,58.011049723756905,505500.0,436935.0,2660.0,2967.0
BLW,57.995264404104184,184940.0,131460.0,3673.0,4085.0
ULTA,57.979479084451455,674680.0,574940.0,2323.0,2671.0
PHG,57.96369376479874,740740.0,1351985.0,2217.0,1701.0
PHUN,57.94790844514601,69900.0,93980.0,4479.0,4347.0
ONCY,57.9321231254933,728680.0,758530.0,2229.0,2372.0
SCWO,57.91633780584057,92560.0,58085.0,4287.0,4686.0
BCAT,57.90055248618785,681580.0,649600.0,2314.0,2557.0
WWD,57.88476716653512,461660.0,672010.0,2750.0,2519.0
LGI,57.86898184688239,19440.0,35270.0,5287.0,5013.0
ASX,57.85319652722968,7915560.0,8785875.0,295.0,289.0
OPXS,57.83741120757695,17520.0,27765.0,5338.0,5150.0
STX,57.821625887924235,4945500.0,5449585.0,477.0,492.0
PMO,57.805840568271506,61060.0,62445.0,4579.5,4636.0
ROAD,57.790055248618785,597120.0,802520.0,2472.0,2306.0
NMAI,57.77426992896606,67180.0,85845.0,4506.0,4413.0
ABCB,57.75848460931334,281620.0,425315.0,3237.0,3004.5
SLGL,57.742699289660614,67240.0,58775.0,4505.0,4678.0
ADEA,57.7269139700079,994099.8,1164618.95,1880.0,1849.0
CSQ,57.71112865035517,140220.0,179550.0,3928.0,3814.0
LEU,57.69534333070244,535960.0,613275.0,2595.0,2613.0
MTDR,57.67955801104973,2215640.0,2477795.0,1050.0,1068.0
HKD,57.663772691397,101940.0,110480.0,4207.0,4227.0
WEST,57.64798737174428,339240.0,414745.0,3069.5,3031.0
SDHY,57.63220205209155,74260.0,51810.0,4442.0,4764.0
TME,57.616416732438836,12524540.0,9992885.0,180.0,245.0
WSBK,57.60063141278611,14320.0,8585.0,5428.0,5695.0
BHK,57.58484609313339,187240.0,286590.0,3664.0,3377.0
GNL-PB,57.569060773480665,3955.2,7029.25,5880.0,5769.0
CANF,57.553275453827936,43940.0,36020.0,4782.5,4996.0
TY,57.537490134175215,37880.0,28265.0,4883.0,5140.0
WTFC,57.52170481452249,504420.0,598605.0,2665.0,2639.0
TFX,57.50591949486977,713920.0,641680.0,2258.0,2569.0
BDN,57.490134175217044,1442000.0,2234155.0,1466.0,1170.0
GAIN,57.47434885556433,225820.0,216215.0,3470.0,3638.0
ACGL,57.4585635359116,1406260.0,1769340.0,1494.0,1400.0
OPAL,57.44277821625888,123720.0,191855.0,4039.0,3758.0
LOW,57.42699289660615,3106440.0,2878455.0,754.0,926.0
WALD,57.41120757695344,201440.0,328255.0,3592.5,3242.0
KYTX,57.39542225730071,822700.0,762440.0,2097.0,2366.0
INBKZ,57.37963693764798,3120.0,2240.0,5928.0,6039.0
FSEA,57.363851617995266,1120.0,6635.0,6074.5,5787.0
WAL,57.34806629834254,870080.0,932330.0,2038.0,2120.0
BIPI,57.33228097868982,15220.0,18765.0,5395.5,5361.0
KYNB,57.316495659037095,15960.0,8290.0,5376.5,5709.0
GLIBA,57.30071033938437,39180.0,48030.0,4862.5,4811.0
QSR,57.284925019731645,2110760.0,2245790.0,1097.0,1159.0
CLPR,57.26913970007893,156180.0,72745.0,3830.0,4519.0
RMI,57.2533543804262,4340.0,25850.0,5864.5,5185.0
MFM,57.23756906077349,284780.0,298410.0,3228.0,3334.0
CCEC,57.22178374112076,7300.0,10750.0,5691.0,5610.0
OGN,57.20599842146803,2397060.0,2754495.0,973.0,967.0
CRAQU,57.19021310181531,0.0,15.0,6288.0,6255.0
RFMZ,57.17442778216258,55700.0,49340.0,4642.0,4795.0
BEAGU,57.15864246250987,0.0,0.0,6288.0,6278.5
DEA,57.14285714285714,356820.0,368335.0,3026.5,3147.0
RFI,57.127071823204425,76880.0,107970.0,4422.0,4242.0
SKYX,57.111286503551696,933640.0,853330.0,1946.0,2232.0
IMO,57.095501183898975,451380.0,499380.0,2776.0,2815.0
RCD,57.07971586424625,5020.0,11420.0,5825.5,5577.0
ACN,57.06393054459353,6464680.0,6845460.0,355.0,384.0
RENT,57.048145224940804,40880.0,47205.0,4827.5,4824.0
AVR,57.032359905288075,720120.0,906270.0,2243.0,2155.0
FFA,57.01657458563536,38840.0,31530.0,4869.0,5083.0
LINE,57.00078926598263,749900.0,1054745.0,2200.0,1956.0
OXY,56.98500394632992,7567340.0,8448405.0,307.0,303.0
GBDC,56.96921862667719,1150880.0,1125495.0,1715.5,1887.0
VKI,56.95343330702447,51580.0,68790.0,4683.0,4559.0
SIMA,56.93764798737174,1160.0,705.0,6070.5,6158.0
L,56.921862667719026,626580.0,694455.0,2422.0,2480.0
CBT,56.9060773480663,363180.0,476275.0,3013.0,2873.0
APG,56.89029202841358,2321460.0,2906440.0,1006.0,914.0
VET,56.874506708760855,1284700.0,1636515.0,1583.0,1500.0
EMD,56.858721389108126,190620.0,159825.0,3646.0,3901.0
IMRX,56.842936069455405,671180.0,636005.0,2332.0,2579.0
OKE,56.827150749802676,3666720.0,3931380.0,646.0,703.0
UNB,56.81136543014996,4940.0,8055.0,5828.5,5725.0
VMO,56.795580110497234,190840.0,182640.0,3645.0,3801.0
BLRKU,56.77979479084452,0.0,490.0,6288.0,6177.0
VZ,56.76400947119179,15927120.0,23560425.0,137.0,90.0
ALISU,56.74822415153907,0.0,0.0,6288.0,6278.5
GLP,56.73243883188634,78600.0,88670.0,4406.0,4391.0
DVN,56.71665351223363,13130960.0,11169405.0,173.0,215.0
SWX,56.7008681925809,372680.0,459195.0,2979.0,2912.0
BLND,56.68508287292817,3326720.0,2744235.0,702.0,973.0
ORIO,56.669297553275456,43080.0,44325.0,4795.0,4868.0
CM,56.65351223362273,1207800.0,932455.0,1662.0,2118.0
BANC-PF,56.63772691397001,55735.4,34562.05,4641.0,5024.0
FE,56.621941594317285,3372020.0,4552975.0,693.0,611.0
BNJ,56.60615627466456,8620.0,19700.0,5630.0,5328.0
AOD,56.590370955011835,355460.0,436105.0,3032.0,2969.0
LANDP,56.57458563535912,21980.0,24665.0,5224.5,5217.0
FSHP,56.55880031570639,17020.0,4255.0,5348.5,5932.5
MMU,56.54301499605368,123360.0,116285.0,4042.0,4188.0
SPHL,56.52722967640095,12160.0,26325.0,5485.0,5173.0
SMP,56.51144435674822,120740.0,138675.0,4063.0,4030.0
PPTA,56.4956590370955,1008780.0,1232505.0,1866.0,1793.0
EBON,56.47987371744277,6300.0,6485.0,5746.0,5796.0
TWO-PA,56.46408839779006,10880.4,16069.65,5536.0,5429.0
CTGO,56.44830307813733,364160.0,376725.0,3011.0,3125.0
ALDX,56.432517758484614,932560.0,891890.0,1947.0,2173.0
TDAC,56.416732438831886,33000.0,70645.0,4975.5,4541.0
BUSEP,56.400947119179165,5120.0,12765.0,5815.5,5531.0
DSX,56.38516179952644,926180.0,802125.0,1950.0,2308.0
DFH,56.36937647987372,581940.0,710925.0,2504.0,2457.0
EPR-PC,56.353591160220994,7309.0,4629.5,5688.0,5902.0
URBN,56.337805840568265,1013220.0,907910.0,1859.0,2151.0
TSM,56.32202052091555,9286180.0,12327135.0,254.0,188.0
RFAI,56.30623520126282,8580.0,38985.0,5632.0,4955.0
RFM,56.29044988161011,10640.0,8850.0,5549.5,5680.0
WBI,56.27466456195738,517560.0,587015.0,2632.0,2654.0
MLCO,56.25887924230466,1652040.0,1513660.0,1330.0,1578.0
MSDL,56.24309392265193,489380.0,500445.0,2694.0,2810.0
CHPGU,56.227308602999216,0.0,0.0,6288.0,6278.5
CVR,56.21152328334649,2060.0,2570.0,5990.0,6007.0
KREF-PA,56.19573796369376,7163.2,21042.9,5702.0,5302.0
UMH-PD,56.179952644041045,17645.4,18442.35,5332.0,5367.0
CNQ,56.164167324388316,6135480.0,6557445.0,377.0,407.0
FLUT,56.148382004735595,2209280.0,3702140.0,1055.0,730.0
UPS,56.132596685082866,4190780.0,5521460.0,569.0,489.0
ETB,56.11681136543015,46540.0,49785.0,4755.0,4788.0
SBUX,56.101026045777424,5357860.0,7680430.0,448.0,334.0
KFIIU,56.08524072612471,0.0,35.0,6288.0,6247.5
DRUG,56.06945540647198,157120.0,184265.0,3824.0,3792.0
ALLY,56.05367008681926,2416540.0,2851735.0,968.0,941.0
ADACU,56.03788476716653,0.0,0.0,6288.0,6278.5
STC,56.02209944751381,149740.0,242025.0,3862.0,3537.0
CHY,56.00631412786109,138200.0,177805.0,3944.0,3824.0
CAL,55.99052880820836,382600.0,482960.0,2947.0,2861.0
VKQ,55.974743488555646,183560.0,171060.0,3680.0,3847.0
KTH,55.95895816890292,280.0,620.0,6182.5,6164.0
COCP,55.9431728492502,45000.0,73410.0,4769.0,4513.5
NGL-PC,55.927387529597475,2399.0,1995.6,5973.0,6059.0
ODV,55.91160220994475,2273443.6,,1025.0,
DTF,55.895816890292025,1520.0,5035.0,6040.0,5866.0
INKT,55.88003157063931,9660.0,9280.0,5595.0,5665.0
ZM,55.86424625098658,2738480.0,3023815.0,860.0,869.0
CCIIU,55.848460931333854,20.0,5.0,6239.5,6263.0
MUJ,55.83267561168114,76320.0,82985.0,4428.0,4432.0
BCIC,55.81689029202841,51060.0,56955.0,4696.0,4706.0
CHNR,55.80110497237569,31320.0,14185.0,5016.0,5470.0
FLYE,55.78531965272296,7720.0,15855.0,5668.5,5436.0
ASG,55.76953433307025,141240.0,275740.0,3918.0,3416.0
BW-PA,55.75374901341752,13034.4,13098.5,5460.0,5515.0
GT,55.737963693764804,9599300.0,9107990.0,243.0,278.0
TWO-PC,55.722178374112076,52201.2,40720.1,4679.0,4925.0
FTLF,55.706393054459355,14600.0,12615.0,5418.0,5534.0
RILYZ,55.69060773480663,21780.0,33205.0,5229.5,5052.0
MTB-PJ,55.674822415153905,29976.2,39603.35,5052.0,4939.0
CIM-PD,55.65903709550118,14827.2,11302.75,5407.0,5585.0
MZTI,55.643251775848455,259500.0,280760.0,3331.5,3397.0
PAMT,55.62746645619574,24380.0,21200.0,5174.0,5297.0
RITM-PC,55.61168113654301,30050.0,30637.8,5044.0,5097.0
PEB-PF,55.5958958168903,2484.0,2481.9,5966.0,6015.0
ANSCU,55.58011049723757,0.0,0.0,6288.0,6278.5
VRME,55.56432517758485,57040.0,42145.0,4627.0,4898.0
AGNCP,55.54853985793212,41300.0,43470.0,4818.5,4878.0
EFC,55.532754538279406,893380.0,1167195.0,1999.0,1846.0
IVT,55.51696921862668,495860.0,606685.0,2683.0,2624.0
AACBU,55.50118389897395,120.0,35.0,6208.5,6247.5
EQR,55.485398579321235,4859193.0,3285691.95,485.0,810.0
BRSL,55.469613259668506,1957700.0,2150240.0,1170.0,1208.0
CRAN,55.453827940015785,20240.0,22550.0,5258.0,5264.0
RANG,55.438042620363056,2000.0,1070.0,5999.5,6119.0
PIM,55.42225730071034,36520.0,43465.0,4905.5,4879.0
PMVP,55.406471981057614,160220.0,320220.0,3811.0,3273.0
FIGXU,55.3906866614049,180.0,110.0,6200.0,6231.0
BVN,55.37490134175217,758320.0,757545.0,2189.0,2376.0
VVV,55.35911602209945,1915280.0,2236545.0,1191.0,1168.0
NAD,55.34333070244672,597520.0,583290.0,2470.0,2661.0
GSRFU,55.327545382794,0.0,400.0,6288.0,6187.0
GCV,55.31176006314128,60480.0,41280.0,4588.5,4914.0
QSEA,55.29597474348855,1040.0,8205.0,6086.0,5715.0
SLG-PI,55.280189423835836,4813.6,9195.2,5836.0,5666.0
EFR,55.26440410418311,124140.0,129155.0,4037.0,4097.0
INBS,55.24861878453039,208060.0,102280.0,3557.0,4285.0
ZG,55.232833464877665,1265460.0,1485060.0,1602.0,1598.0
VNO-PM,55.21704814522494,13749.0,13444.85,5440.0,5502.0
ANSC,55.201262825572215,3118.0,17867.6,5929.0,5381.0
BEAM,55.1854775059195,1804020.0,1706745.0,1259.0,1449.0
O,55.16969218626677,5555680.0,5536645.0,426.0,485.0
UYSC,55.153906866614044,300.0,390.0,6179.5,6188.0
SGRY,55.13812154696133,1991560.0,2074635.0,1151.0,1238.0
ALIS,55.1223362273086,5500.0,41475.0,5796.0,4909.0
CHAR,55.10655090765588,260.0,17750.0,6184.5,5385.0
BUDA,55.09076558800315,16620.0,17595.0,5361.0,5388.0
YCY,55.07498026835044,8020.0,11730.0,5655.0,5566.0
APACU,55.05130228887135,0.0,2235.0,6288.0,6041.0
LWAC,55.05130228887135,1020.0,11105.0,6090.0,5591.0
ORIQU,55.027624309392266,0.0,0.0,6288.0,6278.5
RUM,55.011838989739545,5050100.0,3326350.0,473.0,804.0
FTAIM,54.99605367008682,2920.0,2600.0,5938.0,6004.0
HEQ,54.980268350434095,24420.0,21005.0,5172.5,5303.0
MPTI,54.96448303078137,126660.0,234180.0,4022.0,3567.0
BA,54.948697711128645,4241360.0,5775040.0,558.0,468.0
BANF,54.93291239147593,102040.0,129645.0,4205.0,4094.0
CNX,54.9171270718232,1334600.0,1532955.0,1548.0,1566.0
NWN,54.90134175217049,198680.0,221565.0,3607.0,3614.0
AACB,54.88555643251776,260020.0,85925.0,3328.0,4411.0
GSHRU,54.86977111286504,0.0,5.0,6288.0,6263.0
NUW,54.85398579321231,47220.0,47250.0,4745.0,4822.0
DPG,54.83820047355958,35580.0,50115.0,4925.0,4786.0
KFII,54.82241515390687,740.0,9550.0,6120.5,5656.5
BTSG,54.80662983425414,1865440.0,3012310.0,1218.0,872.0
BEAG,54.790844514601424,2020.0,5880.0,5994.0,5833.5
ACHR,54.775059194948696,38870260.0,40776115.0,31.0,35.0
RMM,54.759273875295975,31640.0,38920.0,5007.0,4958.0
RVP,54.743488555643246,75860.0,28775.0,4433.0,5131.0
RPT-PC,54.72770323599053,983.6,2648.45,6095.0,6000.0
MHD,54.7119179163378,292920.0,295540.0,3205.0,3345.0
EMN,54.69613259668509,785320.0,1095675.0,2148.0,1916.0
DBRG,54.68034727703236,2214060.0,3370765.0,1051.0,793.0
BGY,54.66456195737963,168300.0,207555.0,3753.0,3677.0
ALUB,54.64877663772691,20.0,30180.0,6239.5,5104.0
TACH,54.63299131807419,2780.0,35685.0,5945.0,5001.0
VTEX,54.61720599842147,770980.0,944765.0,2169.0,2103.0
LAFAU,54.60142067876874,0.0,405.0,6288.0,6186.0
SCPQU,54.585635359116026,160.0,6365.0,6203.0,5801.0
AFGD,54.5698500394633,16840.0,13600.0,5354.0,5493.0
CLDT-PA,54.55406471981058,7305.4,10948.8,5689.0,5601.0
DNP,54.538279400157855,426400.0,548115.0,2832.0,2721.0
TXO,54.52249408050513,281020.0,189010.0,3243.0,3770.0
CNH,54.506708760852405,12163100.0,15686915.0,188.0,143.0
SOAR,54.490923441199676,3613800.0,23160810.0,658.0,94.0
LUV,54.47513812154696,3771240.0,5114545.0,627.0,534.0
LCID,54.459352801894234,6753760.0,10998450.0,344.0,217.0
TDOC,54.44356748224152,3677440.0,5989925.0,644.0,447.0
GIWWU,54.42778216258879,0.0,70.0,6288.0,6240.0
AGNCM,54.41199684293607,11840.0,12575.0,5498.5,5537.0
FINW,54.39621152328334,26820.0,29475.0,5113.0,5114.0
PLUS,54.38042620363063,165480.0,254455.0,3772.0,3488.0
NLY-PJ,54.3646408839779,33673.2,36021.1,4958.0,4995.0
RITM-PE,54.348855564325184,25001.0,32091.85,5158.0,5073.0
CASY,54.333070244672456,274500.0,293455.0,3265.0,3353.0
GSHR,54.31728492501973,11680.0,65445.0,5506.0,4597.0
GOLF,54.30149960536701,392860.0,393590.0,2921.0,3091.0
ECCV,54.285714285714285,11880.0,5735.0,5495.0,5837.0
DBRG-PH,54.26992896606156,17041.0,14225.7,5347.0,5469.0
PSKY,54.254143646408835,10560240.0,12627110.0,221.0,180.0
NVCR,54.23835832675612,1679580.0,1919745.0,1319.0,1307.0
NTIP,54.22257300710339,17400.0,22015.0,5342.0,5279.0
SVCC,54.20678768745068,420.0,4810.0,6160.0,5887.5
PGAC,54.19100236779795,400.0,805.0,6164.5,6149.0
BKU,54.17521704814523,545040.0,712350.0,2574.0,2450.0
SBSW,54.1594317284925,5261400.0,4949425.0,455.0,560.0
MYI,54.14364640883977,381940.0,288625.0,2948.0,3369.0
ENJ,54.12786108918706,600.0,1515.0,6139.0,6094.0
ARTCU,54.11207576953433,180.0,245.0,6200.0,6207.5
ECCC,54.096290449881614,6400.0,3410.0,5741.0,5958.0
FSSL,54.080505130228886,259500.0,258380.0,3331.5,3469.0
CHEC,54.064719810576165,4540.0,11745.0,5854.0,5563.0
QUMS,54.048934490923436,42220.0,39470.0,4808.5,4943.0
SSEA,54.03314917127072,26140.0,16485.0,5126.5,5417.0
GNL-PD,54.01736385161799,3982.6,3276.25,5878.0,5963.0
PCQ,54.00157853196528,141220.0,141975.0,3919.0,4012.0
HIX,53.98579321231255,330960.0,326510.0,3098.0,3249.0
ASTL,53.97000789265982,1927500.0,1447495.0,1181.0,1626.0
EOI,53.9542225730071,74680.0,80430.0,4440.0,4449.0
SZZL,53.93843725335438,119700.0,104420.0,4073.0,4274.0
BACC,53.92265193370166,420.0,25840.0,6160.0,5186.5
WTG,53.90686661404893,26040.0,16830.0,5128.0,5407.0
LCCC,53.891081294396216,1640.0,4320.0,6026.0,5925.5
XRPN,53.87529597474349,70640.0,46690.0,4472.0,4830.0
CNOBP,53.85951065509077,8860.0,8800.0,5622.5,5685.0
INN-PF,53.843725335438045,7046.6,9633.7,5707.0,5652.0
UONEK,53.82794001578532,50160.0,18885.0,4707.0,5356.0
RXST,53.812154696132595,636700.0,873455.0,2400.0,2193.0
ZS,53.796369376479866,2187800.0,2223915.0,1068.0,1181.0
ABX,53.78058405682715,647740.0,587735.0,2382.0,2653.0
DBRG-PI,53.764798737174424,61899.6,31780.9,4564.0,5075.0
GPAT,53.74901341752171,40.0,22465.0,6233.5,5268.0
QFIN,53.73322809786898,1545680.0,1166145.0,1401.0,1847.0
LFACU,53.71744277821626,80.0,6310.0,6221.5,5806.0
BIXIU,53.70165745856353,1420.0,1205.0,6051.0,6110.0
RZC,53.68587213891082,28440.0,40745.0,5089.0,4924.0
PEB-PH,53.67008681925809,9846.2,8193.55,5579.0,5716.0
CASH,53.654301499605374,174980.0,186295.0,3723.0,3779.0
SSP,53.638516179952646,516040.0,675315.0,2635.0,2509.0
CEPF,53.62273086029992,145880.0,49095.0,3890.0,4798.5
USAU,53.6069455406472,191860.0,242995.0,3636.0,3532.0
KCHV,53.591160220994475,2740.0,18815.0,5947.0,5358.0
HBANL,53.57537490134175,25560.0,21485.0,5145.0,5290.0
GJO,53.559589581689025,920.0,525.0,6104.0,6173.0
TALK,53.53591160220994,1081011.0,2456033.25,1786.0,1078.0
COPL,53.53591160220994,14480.0,51575.0,5424.0,4771.0
KRSP,53.51223362273087,7320.0,22515.0,5686.5,5265.0
AFBI,53.49644830307814,0.0,,6288.0,
DRDBU,53.48066298342542,0.0,0.0,6288.0,6278.5
DAAQU,53.46487766377269,500.0,335.0,6150.5,6200.0
CCNEP,53.44909234411996,1720.0,850.0,6018.5,6145.5
CODI,53.43330702446725,873900.0,754850.0,2028.5,2380.0
DMAA,53.41752170481452,5880.0,6800.0,5775.0,5783.5
AM,53.401736385161804,2857300.0,2569785.0,829.0,1036.0
POLE,53.385951065509076,2440.0,38525.0,5970.5,4963.0
GTERA,53.370165745856355,700.0,740.0,6124.5,6153.0
GBLI,53.354380426203626,4500.0,5015.0,5855.0,5868.0
AWP,53.33859510655091,94240.0,141635.0,4266.5,4016.0
PYT,53.32280978689818,360.0,545.0,6170.5,6169.5
HIG,53.307024467245455,1244580.0,1584225.0,1626.0,1537.0
TRTN-PC,53.29123914759274,4823.0,5385.4,5834.0,5851.0
BGT,53.27545382794001,115780.0,121465.0,4103.0,4145.0
BIXI,53.25966850828729,34080.0,16995.0,4953.0,5402.0
FAX,53.24388318863457,129080.0,133390.0,4003.0,4071.0
GIW,53.22809786898185,135220.0,85640.0,3968.5,4415.0
EMIS,53.21231254932912,20.0,1885.0,6239.5,6069.0
HVMC,53.196527229676406,300.0,153545.0,6179.5,3944.0
EVAC,53.18074191002368,4440.0,46590.0,5858.0,4833.5
BCSS,53.16495659037096,14520.0,39110.0,5422.0,4951.0
BLUW,53.149171270718234,13180.0,17285.0,5455.0,5395.0
NPAC,53.133385951065506,104680.0,41460.0,4183.0,4910.0
HCMAU,53.117600631412785,60.0,85.0,6227.5,6238.0
JHI,53.101815311760056,8720.0,13655.0,5625.0,5490.0
SDHI,53.08602999210734,155080.0,57795.0,3834.0,4689.0
AEXA,53.07024467245461,46940.0,62940.0,4751.0,4628.0
NML,53.0544593528019,148700.0,154680.0,3870.0,3936.0
CKX,53.03867403314917,2680.0,4425.0,5953.5,5915.0
DRDB,53.02288871349645,1780.0,71440.0,6015.0,4533.0
NSSC,53.00710339384372,230520.0,251185.0,3449.0,3502.0
CYTK,52.99131807419101,1635840.0,1894865.0,1338.0,1325.0
CEPO,52.97553275453828,148400.0,119075.0,3871.0,4166.5
TVACU,52.95974743488555,0.0,0.0,6288.0,6278.5
NVDA,52.943962115232836,93548940.0,118261690.0,6.0,3.0
ALDF,52.92817679558011,31660.0,35390.0,5005.5,5010.0
GECC,52.91239147592739,53160.0,61730.0,4671.0,4646.0
MDV-PA,52.896606156274665,3389.8,2556.75,5912.0,6010.0
BBN,52.88082083662194,129640.0,123860.0,4001.0,4121.0
VHCPU,52.865035516969215,120.0,955.0,6208.5,6131.0
GNL-PA,52.8492501973165,15229.8,8860.25,5394.0,5678.0
WAFDP,52.83346487766377,7940.0,11710.0,5657.0,5568.0
EPRX,52.81767955801106,264520.0,405915.0,3301.5,3054.0
TWLV,52.80189423835833,30000.0,36870.0,5049.0,4982.0
HCMA,52.7861089187056,7880.0,8215.0,5659.0,5714.0
APXT,52.77032359905288,62320.0,210965.0,4555.0,3665.0
LATA,52.75453827940015,0.0,1995.0,6288.0,6060.0
RILYT,52.73875295974744,19320.0,19720.0,5289.5,5327.0
GLXG,52.72296764009471,98380.0,358695.0,4238.5,3174.0
CRAC,52.707182320441994,47100.0,23990.0,4749.0,5235.0
TT,52.691397000789266,683960.0,1161460.0,2309.0,1853.0
CHECU,52.675611681136544,0.0,0.0,6288.0,6278.5
PAII,52.659826361483816,7080.0,6955.0,5705.0,5774.0
WSTNU,52.6440410418311,100.0,25.0,6215.0,6250.5
BMN,52.62825572217837,4580.0,7090.0,5852.5,5763.0
WENN,52.60457774269929,47720.0,21500.0,4741.0,5289.0
CEPV,52.60457774269929,440.0,14920.0,6156.5,5455.0
MCGAU,52.5808997632202,0.0,1435.0,6288.0,6096.0
IPCX,52.56511444356748,127134.2,62241.15,4017.0,4643.0
DAAQ,52.54932912391476,65880.0,32355.0,4516.5,5067.0
SOUL,52.53354380426204,6120.0,75525.0,5762.5,4491.0
JG,52.51775848460931,11960.0,8285.0,5492.0,5710.0
CHPG,52.501973164956595,0.0,870.0,6288.0,6141.5
FERA,52.48618784530387,240.0,63230.0,6187.0,4624.0
GJT,52.47040252565115,1120.0,875.0,6074.5,6140.0
COCH,52.454617205998424,159680.0,135075.0,3814.0,4058.0
ELV,52.438831886345696,871520.0,1018310.0,2036.0,2008.0
CWCO,52.423046566692975,81240.0,85600.0,4379.0,4416.0
TOON,52.407261247040246,317600.0,253420.0,3131.0,3492.0
JACS,52.39147592738753,180.0,10595.0,6200.0,5615.0
KOYN,52.3756906077348,6900.0,46325.0,5717.0,4837.0
GLOP-PB,52.35990528808209,1425.6,2068.2,6050.0,6055.0
EQH-PC,52.34411996842936,21524.0,22892.05,5235.0,5255.0
INN-PE,52.32833464877664,5678.8,7070.6,5788.0,5765.0
MACI,52.31254932912391,1100.0,1285.0,6079.5,6104.0
D,52.2967640094712,2620020.0,3425945.0,896.0,782.0
RGNT,52.28097868981847,76800.0,74975.0,4423.0,4498.0
NXG,52.26519337016574,93740.0,93240.0,4273.0,4352.0
SFIX,52.249408050513026,1196040.0,1472845.0,1673.0,1604.0
EVOX,52.2336227308603,134380.0,64750.0,3974.0,4606.0
MESHU,52.21783741120758,1520.0,515.0,6040.0,6174.5
SAH,52.202052091554854,266660.0,317030.0,3291.0,3279.0
KMDA,52.18626677190213,247920.0,120585.0,3374.0,4152.0
MMTX,52.170481452249405,22500.0,9570.0,5208.0,5655.0
ZTR,52.15469613259669,99880.0,111710.0,4226.0,4218.0
CFR-PB,52.13891081294396,23314.6,16514.9,5195.0,5416.0
AIIA,52.11523283346487,1600.0,11510.0,6030.0,5575.0
APAC,52.11523283346487,3480.0,15130.0,5906.5,5452.0
MITT-PC,52.09155485398579,11598.0,10223.6,5510.0,5625.0
EVOXU,52.07576953433307,886.2,388.85,6108.0,6189.0
AIO,52.05998421468034,61880.0,76235.0,4565.5,4485.0
PACH,52.04419889502763,3860.0,31125.0,5886.0,5088.0
INAC,52.0284135753749,520.0,2465.0,6146.0,6017.0
AXIN,52.012628255722184,11840.0,26075.0,5498.5,5177.5
FCPT,51.996842936069456,547260.0,713105.0,2570.0,2448.0
SPEG,51.981057616416734,22800.0,8950.0,5203.0,5676.0
NMP,51.965272296764006,0.0,48895.0,6288.0,4801.0
HVMCU,51.94948697711128,200.0,50.0,6195.5,6243.5
CRAQ,51.93370165745856,0.0,365.0,6288.0,6193.0
ORIQ,51.917916337805835,3420.0,4705.0,5911.0,5896.0
SOCAU,51.90213101815312,400.0,100.0,6164.5,6234.5
KIM,51.88634569850039,2869200.0,4501725.0,825.0,617.0
AR,51.87056037884767,3207300.0,4369885.0,734.0,634.0
CPT,51.85477505919495,704740.0,918395.0,2271.0,2138.0
GRAB,51.83898973954223,30805680.0,47396620.0,52.0,25.0
IGR,51.8232044198895,391800.0,486935.0,2924.0,2850.0
DTSQ,51.807419100236785,440.0,2680.0,6156.5,5997.0
AEO,51.79163378058406,4186460.0,4188340.0,571.0,663.0
LPBB,51.77584846093133,9060.0,66985.0,5616.5,4575.0
BKHAU,51.760063141278614,1100.2,830.65,6078.0,6147.0
CIMP,51.744277821625886,6600.0,7235.0,5734.0,5759.0
IBAC,51.728492501973165,1540.0,765.0,6037.0,6152.0
CCII,51.712707182320436,7040.0,18700.0,5708.0,5363.0
AGNCZ,51.69692186266772,44180.0,36785.0,4778.5,4983.0
HITI,51.68113654301499,540540.0,371885.0,2584.5,3137.0
MIN,51.66535122336228,90840.0,154905.0,4303.0,3933.0
HVII,51.64956590370955,136840.0,58230.0,3958.0,4683.5
HTB,51.63378058405683,351500.0,192090.0,3041.0,3755.0
IHD,51.6179952644041,85080.0,59215.0,4341.0,4669.0
PGP,51.60220994475138,59280.0,70600.0,4602.0,4545.0
BTSGU,51.58642462509866,25520.0,34580.0,5146.0,5023.0
ZKPU,51.57063930544593,0.0,545.0,6288.0,6169.5
BC,51.554853985793216,696580.0,746840.0,2284.0,2391.0
TDWD,51.53906866614049,100.0,1800.0,6215.0,6079.0
OVLY,51.52328334648777,34260.0,28660.0,4947.0,5134.0
FRMEP,51.507498026835044,460.0,2115.0,6152.5,6051.0
LAFA,51.49171270718232,1680.0,5010.0,6023.5,5870.5
NMZ,51.475927387529595,569000.0,641010.0,2529.0,2571.0
PHI,51.46014206787688,125540.0,118285.0,4027.0,4175.0
NLY-PG,51.44435674822415,29475.0,23589.8,5063.0,5242.0
MBVI,51.42857142857142,2000.0,8850.0,5999.5,5680.0
APXTU,51.41278610891871,20.0,6285.0,6239.5,5808.0
OTGA,51.39700078926598,40600.0,91545.0,4835.0,4364.0
LDP,51.38121546961326,58320.0,64510.0,4613.0,4611.0
KOYNU,51.36543014996053,220.0,310.0,6191.0,6201.0
CHOW,51.34964483030782,1691740.0,12522175.0,1313.0,184.0
PMTU,51.33385951065509,1960.0,1260.0,6005.5,6107.0
ONCH,51.318074191002374,218500.0,129500.0,3497.0,4095.0
FIGX,51.302288871349646,3200.0,7285.0,5924.0,5757.0
GLOP-PC,51.286503551696924,669.6,878.35,6131.0,6139.0
SOCA,51.270718232044196,660.0,21300.0,6133.5,5292.0
PCAP,51.25493291239147,34820.0,77550.0,4938.0,4475.0
NXP,51.23914759273875,169220.0,151810.0,3745.0,3953.0
OTGAU,51.223362273086025,0.0,6490.0,6288.0,5794.0
TVAI,51.20757695343331,31840.0,32640.0,5003.5,5062.0
RDAG,51.19179163378058,13580.0,26830.0,5444.0,5166.0
TDG,51.17600631412786,313380.0,425895.0,3153.0,3003.0
PCAPU,51.16022099447514,120.0,9970.0,6208.5,5641.0
GLU,51.14443567482242,11220.0,8600.0,5520.0,5692.0
FMY,51.12865035516969,4720.0,3445.0,5842.0,5956.0
BSL,51.112865035516975,30620.0,34785.0,5031.0,5019.0
RAC,51.09707971586425,40220.0,12645.0,4843.0,5533.0
BNC,51.08129439621152,131400.0,169175.0,3989.0,3854.0
DKNG,51.065509076558804,8295300.0,13192875.0,286.0,168.0
NEWTI,51.049723756906076,1940.0,1305.0,6008.0,6101.0
PMTV,51.033938437253354,13860.0,17065.0,5437.0,5401.0
KD,51.018153117600626,4104360.0,4639275.0,580.0,598.0
NEWTP,51.00236779794791,3760.0,2470.0,5893.5,6016.0
AGM-PE,50.98658247829518,3279.2,4295.8,5918.0,5928.0
OCCIN,50.97079715864247,1720.0,2085.0,6018.5,6053.0
RITM-PD,50.95501183898974,36649.4,45528.2,4903.0,4852.0
BWNB,50.93922651933702,6620.0,,5733.0,
GBAB,50.92344119968429,112200.0,100760.0,4121.0,4297.0
MGF,50.90765588003157,52500.0,47830.0,4677.0,4814.0
RILYG,50.89187056037885,8260.0,8270.0,5643.0,5711.0
DMII,50.87608524072612,340.0,27530.0,6173.5,5154.0
GIGM,50.860299921073405,7420.0,5940.0,5683.0,5828.0
WSTN,50.84451460142068,5280.0,48265.0,5800.5,4807.0
BPAC,50.82872928176796,26400.0,22115.0,5121.5,5277.0
BANC,50.812943962115234,1961320.0,3627795.0,1166.0,746.0
LKSP,50.79715864246251,104920.0,37335.0,4179.0,4978.0
TEN-PE,50.781373322809785,5111.6,4359.45,5817.0,5921.0
OIMAU,50.76558800315707,40.0,10.0,6233.5,6259.5
CIM-PC,50.74980268350434,10630.6,11003.0,5551.0,5599.0
BDCIU,50.73401736385161,680.0,425.0,6128.5,6184.0
SUPN,50.7182320441989,585140.0,1028850.0,2498.0,1993.0
KBONU,50.70244672454617,80.0,245.0,6221.5,6207.5
HCACU,50.68666140489345,0.0,1750.0,6288.0,6081.5
PRMB,50.67087608524072,3972520.0,4461925.0,599.0,621.0
OYSE,50.65509076558801,3860.0,2895.0,5886.0,5988.0
JENA,50.63930544593528,20020.0,8535.0,5265.5,5696.0
TLNCU,50.623520126282564,0.0,35740.0,6288.0,4999.0
ATMU,50.607734806629836,751020.0,727130.0,2198.0,2423.0
SEAL-PA,50.59194948697711,2709.6,2964.8,5951.0,5984.0
PHK,50.576164167324386,892500.0,737680.0,2002.0,2406.0
Z,50.56037884767166,3874160.0,4107935.0,614.0,674.0
AGNCN,50.54459352801894,12240.0,18450.0,5481.0,5365.5
RF-PC,50.528808208366215,71681.6,40196.85,4463.0,4936.0
TAVI,50.5130228887135,2840.0,2060.0,5942.5,6056.0
DHCNI,50.49723756906077,14740.0,13080.0,5412.0,5517.0
SLAB,50.48145224940805,261680.0,252080.0,3315.0,3501.0
IGAC,50.46566692975533,700.0,52620.0,6124.5,4757.0
NIM,50.44988161010261,5840.0,13985.0,5777.0,5479.5
DDT,50.43409629044988,6680.0,8405.0,5729.0,5704.0
GRAF,50.41831097079715,201140.0,113870.0,3594.0,4203.0
AGNCL,50.40252565114444,17760.0,12600.0,5325.0,5535.0
OXLCZ,50.38674033149171,3320.0,4385.0,5916.0,5918.0
POR,50.370955011838994,1128500.0,1144490.0,1736.0,1868.0
MKLY,50.355169692186266,15420.0,110900.0,5388.0,4222.0
NCL,50.339384372533544,0.0,0.0,6288.0,6278.5
RITM-PA,50.323599052880816,9896.2,13516.45,5576.0,5499.0
NTIC,50.3078137332281,2000.0,5820.0,5999.5,5836.0
AOMD,50.29202841357537,7180.0,4580.0,5700.5,5903.0
BWA,50.27624309392266,2024380.0,2299395.0,1135.0,1137.0
IPEX,50.26045777426993,3500.0,35505.0,5905.0,5006.0
NHIC,50.2446724546172,65440.0,115975.0,4519.0,4190.0
GBCI,50.22888713496448,730100.0,1100635.0,2228.0,1910.0
BDCI,50.21310181531176,12880.0,39570.0,5465.5,4940.0
DYOR,50.19731649565904,7860.0,76850.0,5660.5,4480.0
LRCX,50.18153117600631,9175180.0,10812420.0,257.0,224.0
RNGT,50.165745856353595,780.0,910.0,6116.0,6135.5
VERX,50.14996053670087,1920620.0,2836750.0,1184.0,942.0
ECC-PD,50.13417521704815,12647.6,14029.9,5476.0,5477.0
TWLVU,50.110497237569064,80.0,20.0,6221.5,6252.0
HAVA,50.110497237569064,40880.0,19800.0,4827.5,5324.0
EMF,50.086819258089974,32180.0,37465.0,4992.0,4974.0
BLZR,50.071033938437246,11800.0,17975.0,5500.0,5379.0
VNME,50.05524861878453,30160.0,10015.0,5042.0,5636.0
BLZRU,50.0394632991318,1800.0,1520.0,6012.5,6093.0
RNGTU,50.02367797947909,340.0,110.0,6173.5,6231.0
MCGA,50.00789265982636,18140.0,76310.0,5317.0,4484.0
TVC,49.99210734017364,14820.0,13125.0,5408.0,5513.0
LWACU,49.97632202052091,60.0,15.0,6227.5,6255.0
PAGP,49.96053670086819,1839500.0,1666070.0,1235.0,1476.0
WENNU,49.94475138121547,1300.0,350.0,6060.0,6196.5
GTERU,49.92896606156275,680.0,540.0,6128.5,6171.0
LAMR,49.913180741910026,590760.0,733785.0,2485.0,2409.0
WEA,49.897395422257304,21360.0,25385.0,5238.0,5197.0
RILYN,49.881610102604576,17700.0,15645.0,5327.5,5442.0
PFXNZ,49.865824782951854,3380.0,1405.0,5913.0,6098.0
MUC,49.85003946329913,408360.0,398720.0,2883.0,3074.0
ECCU,49.83425414364641,5180.0,4130.0,5810.0,5937.0
HPI,49.81846882399368,40700.0,41035.0,4833.0,4919.0
GRWG,49.80268350434096,681500.0,552350.0,2315.0,2717.0
TWOD,49.78689818468824,14160.0,22740.0,5432.0,5259.0
MBINL,49.77111286503552,10720.0,9590.0,5541.0,5654.0
RMMZ,49.75532754538279,10080.0,8990.0,5567.5,5672.0
IPEXU,49.73954222573007,0.0,14.6,6288.0,6258.0
LBRDP,49.72375690607735,12040.0,8435.0,5491.0,5703.0
PMT-PC,49.70797158642463,25650.8,21761.5,5139.0,5283.0
GLIBK,49.692186266771905,381680.0,453575.0,2950.0,2925.0
SHIM,49.676400947119184,131680.0,90890.0,3988.0,4372.5
REXR-PB,49.660615627466456,500.4,2165.7,6148.5,6047.0
BWBBP,49.644830307813734,2020.0,2235.0,5994.0,6041.0
MMD,49.629044988161006,85920.0,59650.0,4334.0,4662.0
CMRE-PC,49.613259668508285,2379.2,2644.15,5976.0,6001.0
NTR,49.59747434885556,2370240.0,2651635.0,983.0,1007.0
HCXY,49.58168902920284,1020.0,2045.0,6090.0,6057.0
BPYPN,49.56590370955012,16500.0,12970.0,5364.0,5521.5
ELSE,49.5501183898974,0.0,,6288.0,
NAC,49.53433307024467,416100.0,421005.0,2852.0,3011.0
VIASP,49.51854775059195,0.0,3155.55,6288.0,5969.0
IDXX,49.50276243093923,561040.0,636240.0,2545.0,2578.0
ADSE,49.4869771112865,5620.0,19080.0,5790.0,5348.0
OIA,49.47119179163378,127480.0,132095.0,4015.0,4078.0
PM,49.45540647198106,5128900.0,4994305.0,467.0,551.0
OXLCL,49.439621152328336,1740.0,1735.0,6017.0,6084.0
GSRF,49.423835832675614,20160.0,21285.0,5262.5,5294.0
CIM-PB,49.408050513022886,24593.0,25162.35,5169.0,5204.0
NTST,49.392265193370164,4406580.0,2040945.0,537.0,1249.0
BPACU,49.37647987371744,0.0,45.0,6288.0,6246.0
NVG,49.36069455406472,567380.0,493820.0,2531.0,2830.0
NRK,49.344909234412,365040.0,281310.0,3010.0,3394.0
ONCHU,49.32912391475928,2220.0,1745.0,5979.0,6083.0
PRTS,49.31333859510655,22120.0,24435.0,5218.0,5223.0
PMTR,49.29755327545383,12880.0,13670.0,5465.5,5489.0
NPACU,49.2817679558011,2140.0,2990.0,5985.0,5981.5
MITP,49.26598263614838,5220.0,11740.0,5806.5,5564.5
SYF-PB,49.25019731649566,32970.0,51962.0,4978.0,4761.0
KIM-PL,49.23441199684294,11712.8,10497.95,5504.0,5617.0
BILI,49.218626677190215,2221400.0,2088095.0,1047.0,1229.0
SBXD,49.202841357537494,3840.0,79225.0,5889.0,4462.0
BWAY,49.187056037884766,144440.0,164400.0,3899.0,3880.0
CUB,49.171270718232044,61560.0,142115.0,4572.0,4010.5
RLJ-PA,49.15548539857932,18446.2,18925.5,5306.0,5354.0
NCZ,49.139700078926595,44800.0,54330.0,4771.0,4734.0
PHXE-P,49.12391475927387,6381.2,7057.55,5743.0,5766.0
TMHC,49.10812943962115,,,,
DMIIU,49.09234411996843,360.0,340.0,6170.5,6198.5
NSA-PA,49.07655880031571,,,,
NSTS,49.06077348066298,4200.0,5535.0,5869.0,5844.0
HFRO-PB,49.04498816101026,10072.8,12838.9,5570.0,5528.0
GLU-PB,49.02920284135754,410.4,1104.75,6162.0,6117.0
CVS,49.01341752170482,7287520.0,8111055.0,323.0,313.0
BIP-PB,48.997632202052095,13488.2,13133.25,5448.0,5512.0
MYN,48.981846882399374,162820.0,199805.0,3796.0,3711.0
LPCVU,48.966061562746646,440.0,410.0,6156.5,6185.0
GEGGL,48.950276243093924,1060.0,1385.0,6082.5,6100.0
EFC-PD,48.934490923441196,2090.0,706.2,5989.0,6157.0
GPACU,48.918705603788474,1020.0,1930.0,6090.0,6065.0
ADAMM,48.90292028413575,15000.0,13290.0,5400.0,5510.0
MS-PE,48.88713496448303,39867.4,50939.8,4854.0,4774.0
SCIIU,48.87134964483031,0.0,0.0,6288.0,6278.5
AMCI,48.85556432517759,148340.0,145370.0,3872.0,3994.0
OBA,48.83977900552486,2520.0,7185.0,5962.0,5761.0
MBVIU,48.82399368587214,0.0,215.0,6288.0,6212.0
TEL,48.80820836621941,1880380.0,2257285.0,1211.0,1154.0
VFF,48.79242304656669,1014620.0,1144390.0,1856.0,1869.0
EA,48.77663772691397,9742739.6,,236.0,
PCG-PI,48.76085240726125,2526.8,1172.8,5960.0,6112.0
TVA,48.745067087608525,9720.0,22300.0,5588.5,5271.0
IGI,48.729281767955804,7300.0,10945.0,5691.0,5602.0
OACC,48.713496448303076,14740.0,30460.0,5412.0,5101.0
BGX,48.697711128650354,59140.0,54490.0,4603.0,4730.0
PDX,48.68192580899763,117500.0,135015.0,4087.0,4059.0
GJP,48.66614048934491,0.0,695.0,6288.0,6159.0
DSX-PB,48.65035516969219,1622.2,1890.85,6027.0,6068.0
SUZ,48.63456985003946,3727180.0,3079205.0,634.0,858.0
MQY,48.61878453038674,531960.0,397405.0,2606.0,3077.0
BFH-PA,48.60299921073402,6385.4,8268.2,5742.0,5712.0
ETJ,48.58721389108129,105000.0,114640.0,4178.0,4199.0
PAXS,48.57142857142857,208520.0,203130.0,3554.0,3696.0
JMM,48.55564325177585,13160.0,7955.0,5456.0,5729.0
PCN,48.53985793212313,377580.0,344875.0,2964.0,3205.0
GLO,48.524072612470405,81940.0,98525.0,4364.0,4318.0
FLNG,48.508287292817684,384160.0,291025.0,2944.0,3362.0
OIS,48.492501973164956,497240.0,647010.0,2682.0,2560.0
MBNKO,48.476716653512234,1240.0,1090.0,6065.0,6118.0
UTF,48.460931333859506,214340.0,243185.0,3523.0,3531.0
NUV,48.445146014206784,459080.0,520960.0,2757.0,2773.0
PRZO,48.42936069455406,395040.0,1270590.0,2917.0,1764.0
RITM-PB,48.41357537490134,26193.4,27582.2,5125.0,5153.0
PCG-PC,48.39779005524862,692.6,578.3,6126.0,6168.0
SAT,48.3820047355959,6980.0,4565.0,5712.0,5905.0
AGD,48.36621941594317,63780.0,90350.0,4542.0,4379.0
AGNCO,48.35043409629045,29120.0,22480.0,5069.0,5266.0
HTD,48.33464877663773,44200.0,53845.0,4777.0,4741.0
HFRO-PA,48.31886345698501,10227.4,11693.65,5561.0,5569.0
TCOM,48.303078137332285,2194460.0,2904535.0,1064.0,915.0
DNMX,48.28729281767956,0.0,5695.0,6288.0,5839.0
ORC,48.271507498026835,2927120.0,4939200.0,806.0,562.0
IRHOU,48.255722178374114,0.0,0.0,6288.0,6278.5
PPT,48.239936858721386,121280.0,132485.0,4055.0,4077.0
RTAC,48.224151539068664,260340.0,98400.0,3323.0,4321.0
CL,48.20836621941594,3805600.0,4557670.0,625.0,610.0
VCV,48.19258089976322,80360.0,100010.0,4387.0,4303.0
LKFN,48.1767955801105,202240.0,164610.0,3586.0,3879.0
TFIN-P,48.16101026045778,4206.2,3941.7,5868.0,5943.0
MFAN,48.14522494080505,10940.0,16295.0,5532.0,5422.0
VIPS,48.12943962115233,1548320.0,1670380.0,1397.0,1474.0
TRINZ,48.1136543014996,6140.0,5925.0,5760.5,5829.0
JFR,48.09786898184688,603060.0,559040.0,2459.0,2702.0
AOMN,48.08208366219416,4620.0,5315.0,5846.0,5854.0
MFAO,48.06629834254144,5540.0,8185.0,5793.0,5717.0
SPNT,48.050513022888715,639740.0,685710.0,2394.0,2493.0
MAA,48.034727703235994,752640.0,1040295.0,2195.0,1976.0
LGVN,48.018942383583266,732840.0,489555.0,2227.0,2843.0
BIOX,48.003157063930544,223880.0,155965.0,3475.0,3923.0
IHS,47.98737174427782,704060.0,1235895.0,2272.0,1790.0
KEY-PL,47.9715864246251,33028.4,48101.85,4974.0,4808.0
FLC,47.95580110497237,12500.0,16140.0,5479.0,5426.0
CINF,47.94001578531965,374220.0,646810.0,2971.0,2561.0
REXR-PC,47.92423046566693,887.4,2530.9,6107.0,6013.0
BOSC,47.90844514601421,23780.0,29460.0,5186.0,5115.0
MCB,47.89265982636148,110300.0,134325.0,4133.0,4062.0
DLY,47.87687450670876,204040.0,185435.0,3579.0,3784.0
DOYU,47.86108918705604,19560.0,18365.0,5282.0,5368.0
GBTG,47.84530386740332,860700.0,1264640.0,2047.0,1771.0
JQC,47.829518547750595,613160.0,542925.0,2442.0,2725.0
BAH,47.813733228097874,1589540.0,2274500.0,1370.0,1146.0
ITHAU,47.797947908445146,0.0,0.0,6288.0,6278.5
METCZ,47.78216258879242,5560.0,3210.0,5792.0,5966.0
FCRS,47.766377269139696,33360.0,33155.0,4966.5,5053.0
BPYPO,47.750591949486974,18200.0,12285.0,5315.0,5542.0
NBH,47.73480662983425,91480.0,84470.0,4292.0,4426.0
VNMEU,47.71902131018153,0.0,0.0,6288.0,6278.5
IMPPP,47.70323599052881,960.0,895.0,6099.0,6138.0
EGHA,47.68745067087609,84700.0,108505.0,4347.0,4238.0
SU,47.67166535122336,3358940.0,4618235.0,695.0,605.0
TACO,47.65588003157064,29660.0,38405.0,5060.0,4966.0
FACT,47.64009471191792,12180.0,58845.0,5484.0,4676.0
RTACU,47.6243093922652,40.0,2540.0,6233.5,6011.0
CCIX,47.60852407261247,0.0,,6288.0,
XRPNU,47.59273875295975,1300.0,1225.0,6060.0,6109.0
AFB,47.576953433307025,61460.0,58860.0,4573.5,4675.0
CPRT,47.561168113654304,15310800.0,12285255.0,144.0,189.0
NEA,47.545382794001576,1110520.0,852025.0,1751.0,2235.0
DLR,47.529597474348854,1919860.0,2685325.0,1186.0,992.0
EFC-PB,47.51381215469613,3040.0,8761.75,5932.5,5687.0
HLF,47.49802683504341,1331300.0,1515795.0,1550.0,1577.0
GLV,47.48224151539069,64560.0,54405.0,4528.0,4732.0
OXLCP,47.46645619573797,0.0,0.0,6288.0,6278.5
ATLCL,47.45067087608524,5200.0,4785.0,5808.5,5890.0
SGU,47.43488555643252,25260.0,25405.0,5153.5,5196.0
SRAD,47.41910023677979,1873860.0,2908835.0,1215.0,913.0
AQNB,47.40331491712707,36520.0,18230.0,4905.5,5373.0
AES,47.38752959747435,4860400.0,6445165.0,484.0,416.0
OXLCO,47.37174427782163,1600.0,1060.0,6030.0,6121.0
HUBB,47.355958958168905,483445.8,634086.85,2707.0,2583.0
KEY-PI,47.340173638516184,47732.4,53693.3,4740.0,4745.0
GLP-PB,47.324388318863456,16732.6,,5360.0,
GAINZ,47.308602999210734,2840.0,8910.0,5942.5,5677.0
MGPI,47.29281767955801,167700.0,190060.0,3759.0,3766.0
ICCC,47.277032359905284,60320.0,28895.0,4590.0,5126.5
AGM-PF,47.26124704025256,9107.4,9521.9,5615.0,5659.0
AAT,47.24546172059984,313200.0,410390.0,3154.0,3042.0
GJS,47.22967640094712,900.0,475.0,6106.0,6179.0
RDN,47.2138910812944,747220.0,1021810.0,2205.0,2001.0
BAC-PB,47.19810576164167,109268.0,95677.3,4138.0,4337.0
NZF,47.18232044198895,457160.0,550255.0,2763.0,2720.0
ONBPP,47.16653512233623,11760.0,8850.0,5501.5,5680.0
AVNS,47.15074980268351,,,,
TRINI,47.134964483030785,13240.0,8150.0,5452.5,5720.0
PMTW,47.119179163378064,7560.0,9830.0,5675.0,5647.0
AAL,47.103393843725335,57024120.0,60246560.0,17.0,15.0
CPS,47.08760852407261,173020.0,204685.0,3734.0,3691.0
GRRR,47.071823204419886,1005200.0,927215.0,1870.0,2123.0
TTAM,47.056037884767164,280420.0,295510.0,3247.0,3346.0
ECAT,47.04025256511444,514360.0,539625.0,2643.0,2732.0
EICA,47.02446724546172,1780.0,2300.0,6015.0,6031.0
CRANU,47.008681925809,880.0,445.0,6110.0,6182.0
RL,46.99289660615628,461540.0,599380.0,2751.0,2637.0
RWTO,46.97711128650355,5480.0,5890.0,5797.0,5832.0
TVE,46.96132596685083,10960.0,9010.0,5530.0,5670.0
ADAMI,46.94554064719811,11520.0,8595.0,5514.5,5693.5
MS-PQ,46.92975532754538,79170.8,57322.2,4397.0,4694.0
UNH,46.91397000789266,4362300.0,4318675.0,542.0,640.0
SPXC,46.89818468823994,374020.0,490630.0,2973.0,2840.0
RAMP,46.882399368587215,1191000.0,856235.0,1679.0,2225.0
BOH,46.866614048934494,264660.0,396445.0,3300.0,3081.0
METCI,46.850828729281766,1680.0,2180.0,6023.5,6046.0
SLMBP,46.835043409629044,880.0,3120.0,6110.0,5974.5
OWLT,46.81925808997632,248640.0,188355.0,3368.0,3773.0
NEWTG,46.795580110497234,3900.0,3055.0,5882.0,5977.5
DNMXU,46.795580110497234,440.0,1055.0,6156.5,6123.0
IGC,46.76400947119179,1283460.0,764755.0,1585.0,2361.0
AEC,46.76400947119179,30700.0,41400.0,5027.5,4911.0
CCIXU,46.54301499605367,0.0,,6288.0,
CCRN,46.54301499605367,0.0,,6288.0,
OLPX,46.54301499605367,0.0,,6288.0,
MMTXU,46.54301499605367,0.0,0.0,6288.0,6278.5
AIM,46.54301499605367,1196560.0,1518865.0,1672.0,1575.0
WAI,46.54301499605367,0.0,,6288.0,
AHL-PF,46.54301499605367,0.0,0.0,6288.0,6278.5
AHL-PD,46.54301499605367,0.0,0.0,6288.0,6278.5
CNTA,46.54301499605367,,,,
CAPNR,46.54301499605367,0.0,0.0,6288.0,6278.5
CHSCN,46.54301499605367,14580.0,16615.0,5420.5,5414.0
GTLS,46.54301499605367,,,,
NUVL,46.54301499605367,0.0,,6288.0,
IMTE,46.54301499605367,71100.0,664230.0,4468.0,2531.0
ASRT,46.54301499605367,0.0,,6288.0,
XOMAP,46.54301499605367,0.0,,6288.0,
XOMA,46.54301499605367,0.0,,6288.0,
JHG,46.54301499605367,,,,
OTGAW,46.54301499605367,140.0,5010.0,6204.5,5870.5
LPRO,46.54301499605367,0.0,,6288.0,
BLD,46.54301499605367,,,,
SDHIU,46.54301499605367,120.0,30.0,6208.5,6249.0
XOMAO,46.54301499605367,0.0,,6288.0,
CPRX,46.54301499605367,0.0,,6288.0,
KALV,46.54301499605367,,,,
TBRG,46.54301499605367,,,,
MEGI,46.31412786108919,85660.0,138795.0,4338.0,4029.0
PFO,46.31412786108919,51340.0,30285.0,4690.0,5102.5
CGC,46.31412786108919,4510040.0,3477545.0,523.0,773.0
WWR,46.28255722178374,2390800.0,9001440.0,975.0,282.0
MBINN,46.26677190213102,10200.0,7305.0,5562.5,5756.0
RYAM,46.24309392265194,926020.0,1028090.0,1951.0,1994.0
PBM,46.24309392265194,239360.0,114910.0,3412.5,4197.0
GAINI,46.21941594317285,5080.0,4830.0,5818.0,5884.0
BKT,46.20363062352013,101900.0,126555.0,4208.0,4108.0
ATLCP,46.187845303867405,3840.0,4570.0,5889.0,5904.0
TEN,46.172059984214684,234380.0,195800.0,3436.0,3733.0
LNC-PD,46.156274664561955,31191.0,29949.1,5017.0,5108.0
CIMO,46.140489344909234,9020.0,7670.0,5618.0,5742.0
PG,46.12470402525651,10260160.0,9136070.0,227.0,276.0
ROST,46.10891870560379,2726180.0,2294305.0,863.0,1139.0
VNO-PN,46.09313338595106,5818.8,8958.45,5779.0,5674.0
VEON,46.07734806629834,67560.0,85505.0,4501.0,4418.0
SNFCA,46.06156274664562,48040.0,31040.0,4736.0,5092.0
CRI,46.0457774269929,867640.0,1098640.0,2041.0,1912.0
BRT,46.02999210734017,37540.0,41575.0,4887.0,4907.0
SATA,46.01420678768745,130920.0,131325.0,3992.0,4086.0
SCHL,45.99842146803473,261420.0,393360.0,3317.0,3093.0
MWA,45.98263614838201,919280.0,1068220.0,1961.0,1941.0
MS-PF,45.966850828729285,66789.0,100052.8,4511.0,4302.0
OXLCI,45.951065509076564,2720.0,4635.0,5948.0,5900.5
BTT,45.935280189423835,57020.0,67510.0,4628.5,4569.0
FMN,45.91949486977111,24220.0,24575.0,5178.0,5218.0
LEVI,45.903709550118386,2257660.0,2134715.0,1035.0,1211.0
AWF,45.887924230465664,304840.0,274950.0,3173.0,3418.0
DYORU,45.87213891081294,0.0,0.0,6288.0,6278.5
PEB-PG,45.85635359116022,2216.8,4925.4,5980.0,5877.0
HESM,45.8405682715075,1225120.0,1183150.0,1643.0,1833.0
GNL-PE,45.82478295185478,6958.0,7010.2,5713.0,5771.0
SB-PC,45.80899763220205,0.0,196.8,6288.0,6217.0
MSBIP,45.79321231254933,2560.0,2930.0,5956.5,5986.0
GECCG,45.77742699289661,1580.0,1805.0,6032.5,6078.0
ONBPO,45.761641673243886,3140.0,5380.0,5927.0,5852.0
ALLT,45.74585635359116,351980.0,269205.0,3040.0,3435.0
HWCPZ,45.73007103393844,9340.0,7765.0,5608.0,5737.0
TAP,45.714285714285715,2460700.0,2929330.0,950.0,902.0
TRTN-PF,45.69850039463299,8500.0,8103.35,5637.0,5721.0
APO-PA,45.682715074980266,1066048.6,,1805.0,
PEB-PE,45.666929755327544,3027.8,4984.35,5934.0,5873.0
PDO,45.65114443567482,858940.0,654530.0,2051.5,2551.0
FINS,45.6353591160221,42880.0,39080.0,4800.0,4952.0
SSSSL,45.61957379636938,1340.0,860.0,6054.0,6144.0
EIIA,45.60378847671666,1860.0,3765.0,6011.0,5946.0
TM,45.58800315706393,271080.0,394425.0,3284.0,3089.0
BPOPM,45.5722178374112,1060.0,1290.0,6082.5,6103.0
HTFC,45.55643251775848,3460.0,4325.0,5908.0,5924.0
BKHA,45.54064719810576,840.0,910.0,6112.5,6135.5
CIMN,45.52486187845304,7800.0,10255.0,5663.5,5623.0
VNO-PL,45.50907655880032,10623.8,11401.25,5552.0,5579.0
FTF,45.493291239147595,141860.0,191635.0,3915.0,3759.0
BGB,45.477505919494874,104620.0,133115.0,4184.0,4074.0
MLM,45.461720599842145,628980.0,631995.0,2417.0,2588.0
AMZN,45.445935280189424,34420600.0,48888000.0,40.0,22.0
VTN,45.4301499605367,18020.0,23940.0,5319.0,5238.0
HVIIU,45.414364640883974,604.2,151.05,6137.0,6223.0
LPAA,45.39857932123125,600.0,20885.0,6139.0,5304.5
RCI,45.38279400157853,990280.0,1287340.0,1883.0,1750.0
TRTN-PA,45.36700868192581,1969.0,2561.75,6004.0,6009.0
TRTN-PB,45.35122336227309,2719.2,4834.75,5949.0,5883.0
PRIF-PL,45.33543804262036,1175.2,1832.35,6069.0,6075.0
MS-PP,45.31965272296764,62161.4,70625.55,4559.0,4543.0
PYPD,45.30386740331492,116740.0,181190.0,4097.0,3809.0
SCCD,45.2880820836622,1680.0,1535.0,6023.5,6092.0
EVF,45.272296764009475,30800.0,46575.0,5025.0,4835.0
KIM-PM,45.256511444356754,13321.4,16730.1,5451.0,5410.0
ADC-PA,45.240726124704025,15230.2,13046.3,5393.0,5519.0
FCN,45.2249408050513,399940.0,453340.0,2906.0,2926.0
HY,45.209155485398576,101060.0,117445.0,4216.0,4179.0
SCCE,45.193370165745854,7960.0,4810.0,5656.0,5887.5
KTF,45.17758484609313,157920.0,237885.0,3819.0,3553.0
GLNG,45.16179952644041,1736080.0,1344805.0,1291.0,1710.0
ALL-PJ,45.14601420678769,37576.2,45470.4,4886.0,4854.0
ABXL,45.13022888713497,7760.0,4755.0,5665.5,5892.0
TACOU,45.11444356748224,60.0,375.0,6227.5,6191.0
AMD,45.09865824782952,21440740.0,27783285.0,91.0,70.0
SWKHL,45.0828729281768,1340.0,2990.0,6054.0,5981.5
NEWTH,45.06708760852407,6120.0,4635.0,5762.5,5900.5
SAY,45.05130228887135,11520.0,6805.0,5514.5,5781.5
EQIX,45.03551696921863,487460.0,627980.0,2696.0,2594.0
TG,45.019731649565905,150920.0,179595.0,3854.5,3813.0
ALK,45.00394632991318,2428060.0,2564510.0,964.0,1039.0
IRDM,44.988161010260455,1023400.0,1206910.0,1845.0,1820.0
YHNA,44.972375690607734,0.0,1925.0,6288.0,6066.0
VLYPP,44.95659037095501,8560.0,6065.0,5633.0,5823.0
HYI,44.94080505130229,50300.0,61325.0,4706.0,4653.0
NMPAU,44.92501973164957,0.0,120.0,6288.0,6229.0
VG,44.90923441199685,14049860.0,14656280.0,158.0,154.0
MHF,44.89344909234412,95980.0,68780.0,4249.0,4560.0
TLNC,44.87766377269139,7600.0,24330.0,5672.5,5226.0
LADR,44.86187845303867,972560.0,1316015.0,1899.0,1735.0
DNN,44.84609313338595,23762400.0,23660180.0,74.0,88.0
WSBCO,44.83030781373323,29880.0,18090.0,5056.0,5376.0
MBINM,44.81452249408051,3880.0,4370.0,5884.0,5919.0
FRT-PC,44.798737174427785,13104.2,10637.2,5458.0,5612.0
TNXP,44.782951854775064,416120.0,471110.0,2851.0,2883.0
PCG-PE,44.767166535122335,562.6,869.95,6142.0,6143.0
PINE-PA,44.751381215469614,3023.2,5282.65,5935.0,5855.0
NMFCZ,44.735595895816886,6200.0,11010.0,5756.5,5597.5
SAZ,44.719810576164164,9540.0,4725.0,5602.5,5894.0
SPMA,44.70402525651144,17440.0,6625.0,5340.5,5788.0
USB-PA,44.68823993685872,457.6,592.35,6154.0,6167.0
CICB,44.672454617206,6040.0,4690.0,5767.0,5897.0
ARR-PC,44.65666929755328,14488.2,13692.15,5423.0,5486.0
BTX,44.64088397790055,611960.0,523720.0,2444.0,2765.0
IIPR,44.62509865824783,315740.0,313185.0,3147.0,3290.0
CODI-PC,44.60931333859511,4600.0,8953.95,5849.5,5675.0
NIE,44.593528018942386,38360.0,47315.0,4874.5,4820.0
AMRN,44.577742699289665,54760.0,51915.0,4650.0,4762.5
ALGN,44.56195737963694,818300.0,950900.0,2108.0,2096.0
BIP-PA,44.546172059984215,9311.8,6121.85,5610.0,5817.0
SEAL-PB,44.53038674033149,2768.0,4410.1,5946.0,5917.0
CMRE-PD,44.514601420678765,3883.4,4039.1,5883.0,5941.0
MTB-PH,44.498816101026044,31038.0,77502.35,5022.0,4476.0
GGT-PE,44.48303078137332,2940.2,1258.7,5937.0,6108.0
ALV,44.4672454617206,487440.0,538780.0,2697.0,2735.0
EVG,44.45146014206788,57020.0,48665.0,4628.5,4803.0
GAM-PB,44.43567482241516,20443.8,,5255.0,
SOTK,44.41988950276243,19820.0,35485.0,5273.0,5007.0
FTV,44.40410418310971,1825060.0,2786400.0,1243.0,956.0
GLOP-PA,44.38831886345698,5265.2,3092.85,5803.0,5976.0
JBI,44.37253354380426,1638520.0,1407460.0,1337.0,1647.0
FNF,44.35674822415154,1622340.0,1680150.0,1344.0,1469.0
IGACU,44.34096290449882,400.0,125.0,6164.5,6227.5
MITN,44.325177584846095,5040.0,3300.0,5822.5,5961.0
RWAYL,44.30939226519337,5240.0,4265.0,5805.0,5930.0
ATHS,44.293606945540645,15920.0,27085.0,5378.0,5162.0
OCCIM,44.277821625887924,6880.0,3655.0,5718.5,5949.0
TBCH,44.2620363062352,271740.0,338450.0,3280.0,3218.0
OXLCN,44.24625098658248,2020.0,2360.0,5994.0,6028.0
PML,44.23046566692976,300440.0,360610.0,3187.0,3166.5
RF-PF,44.21468034727703,34242.8,25993.1,4948.0,5181.0
PNFP-PB,44.19889502762431,5141.2,11371.4,5813.0,5581.0
OFSSH,44.18310970797158,3540.0,9020.0,5902.0,5669.0
GTY,44.16732438831886,804880.0,537030.0,2128.0,2739.0
PTY,44.15153906866614,1435300.0,1261155.0,1474.0,1776.0
SCCG,44.13575374901342,2540.0,2985.0,5958.5,5983.0
CBU,44.119968429360696,166800.0,230765.0,3764.0,3579.0
EVRG,44.104183109707975,1667400.0,1861060.0,1324.0,1349.0
FTS,44.088397790055254,660760.0,769205.0,2352.0,2351.0
RWT-PA,44.072612470402525,4414.0,5194.8,5861.0,5857.0
RSF,44.0568271507498,8080.0,8495.0,5649.0,5698.5
QQQX,44.041041831097075,92380.0,85520.0,4289.0,4417.0
ALF,44.025256511444354,600.0,945.0,6139.0,6132.0
OM,44.00947119179163,190460.0,137490.0,3648.0,4037.0
GEG,43.99368587213891,9620.0,5880.0,5598.0,5833.5
OZ,43.97790055248619,6280.0,8320.0,5748.0,5708.0
PMT-PB,43.96211523283347,8939.4,8787.95,5621.0,5686.0
PENG,43.94632991318074,1741040.0,2180790.0,1287.0,1195.0
TRTN-PD,43.93054459352802,4623.2,4679.95,5844.0,5898.0
GEL,43.9147592738753,245820.0,254765.0,3385.0,3485.0
ED,43.898973954222576,2293640.0,2444075.0,1018.0,1083.0
PAI,43.88318863456985,17020.0,15510.0,5348.5,5447.0
VTMX,43.86740331491713,76560.0,78275.0,4425.0,4465.0
CTA-PA,43.851617995264405,551.0,360.75,6143.0,6194.0
AGM-PG,43.83583267561168,8170.6,6223.3,5645.0,5813.0
WHFCL,43.820047355958955,5740.0,2715.0,5783.0,5994.0
GECCI,43.804262036306234,1340.0,610.0,6054.0,6165.5
LWAY,43.78847671665351,403840.0,169675.0,2896.0,3851.0
PFL,43.77269139700079,139120.0,146860.0,3935.5,3980.0
OSIS,43.75690607734807,146640.0,154005.0,3883.0,3941.0
CLF,43.74112075769535,16095980.0,25004360.0,134.0,81.0
SPME,43.72533543804262,3560.0,1955.0,5900.0,6063.5
KNX,43.70955011838989,2518460.0,3900305.0,934.0,707.0
FRA,43.69376479873717,161820.0,151915.0,3805.0,3952.0
ARR,43.67797947908445,3608580.0,3573340.0,659.0,752.0
OFSSO,43.66219415943173,1040.0,495.0,6086.0,6176.0
DLX,43.646408839779006,466140.0,434610.0,2738.0,2975.0
UMC,43.630623520126285,10535440.0,14342065.0,223.0,156.0
INR,43.61483820047356,212820.0,278945.0,3529.0,3405.0
T,43.599052880820835,32688700.0,51705550.0,46.0,20.0
BIP,43.583267561168114,554180.0,1046170.0,2555.0,1965.0
CHR,43.56748224151539,29760.0,55285.0,5058.5,4723.0
JPM-PC,43.55169692186267,272974.2,193850.4,3272.0,3740.0
PEN,43.53591160220994,226180.0,307165.0,3466.0,3310.0
PLMK,43.52012628255722,1580.0,14060.0,6032.5,5474.0
DHY,43.5043409629045,941260.0,665520.0,1937.0,2529.0
NXDT-PA,43.48855564325177,2490.6,2373.9,5965.0,6027.0
NOV,43.47277032359905,2651260.0,3549780.0,887.0,757.0
ATLCZ,43.45698500394633,10720.0,11220.0,5541.0,5589.0
ORLY,43.44119968429361,4158280.0,6187840.0,577.0,433.0
GDL,43.425414364640886,14900.0,8020.0,5406.0,5727.5
WIW,43.409629044988165,254080.0,286995.0,3347.0,3375.0
ELTK,43.393843725335444,7740.0,9595.0,5667.0,5653.0
DX-PC,43.378058405682715,4887.4,7721.7,5833.0,5740.0
CNXC,43.36227308602999,1323100.0,1222905.0,1559.0,1804.0
NBHC,43.346487766377265,403360.0,436065.0,2898.0,2970.0
CUBB,43.330702446724544,840.0,990.0,6112.5,6129.0
MPA,43.31491712707182,29020.0,26135.0,5071.5,5176.0
AVK,43.2991318074191,162460.0,140820.0,3799.5,4019.0
DBL,43.28334648776638,37260.0,53140.0,4890.0,4749.0
PDPA,43.26756116811366,7660.0,4760.0,5671.0,5891.0
RLTY,43.25177584846093,30020.0,52585.0,5046.5,4758.0
BWG,43.23599052880821,52640.0,62340.0,4675.0,4640.0
VLYPO,43.22020520915549,9480.0,7700.0,5606.0,5741.0
BOH-PB,43.20441988950276,5277.2,10477.45,5802.0,5618.0
PLMKU,43.18863456985004,0.0,15.0,6288.0,6255.0
CSGP,43.17284925019732,5712480.0,7354970.0,410.0,355.0
SCCF,43.157063930544595,4920.0,2630.0,5831.0,6002.0
EFC-PC,43.14127861089187,1469.0,3194.95,6046.0,5967.0
PMT-PA,43.125493291239145,3665.6,7761.75,5898.0,5738.0
GSAT,43.109707971586424,746220.0,1022890.0,2206.0,1999.0
OPP,43.0939226519337,78560.0,78030.0,4408.0,4468.0
PAA,43.07813733228098,2273240.0,2695125.0,1026.0,987.0
MMT,43.06235201262826,238640.0,287635.0,3417.0,3374.0
BFS-PD,43.04656669297554,767.6,1678.55,6118.0,6085.0
SWZ,43.03078137332281,20820.0,23310.0,5246.0,5249.0
KKRS,43.01499605367008,25080.0,33630.0,5156.0,5042.0
VVR,42.99921073401736,556000.0,535005.0,2552.0,2745.0
VLYPN,42.98342541436464,10280.0,11355.0,5558.5,5583.0
TGLS,42.96764009471192,198280.0,277690.0,3608.0,3408.0
OAK-PB,42.951854775059196,14340.0,11711.8,5427.0,5567.0
NXST,42.936069455406475,339900.0,335425.0,3067.0,3228.0
NWPX,42.92028413575375,120920.0,195295.0,4060.0,3734.0
ASBA,42.904498816101025,20020.0,17105.0,5265.5,5400.0
JXG,42.888713496448304,1040.0,900.0,6086.0,6137.0
MAYS,42.87292817679558,100.0,2405.0,6215.0,6024.0
HBANP,42.857142857142854,51120.0,47970.0,4695.0,4812.0
TDF,42.84135753749013,43240.0,51735.0,4791.0,4766.0
AUB-PA,42.82557221783741,7055.8,8098.95,5706.0,5722.0
OZKAP,42.80978689818469,23300.0,21910.0,5196.5,5281.0
JXN-PA,42.79400157853196,24921.4,23033.25,5159.0,5252.0
NBIX,42.77821625887924,1346020.0,1467525.0,1539.0,1610.0
ANAB,42.76243093922652,275320.0,428590.0,3260.0,2994.0
NCA,42.7466456195738,49260.0,66955.0,4721.0,4577.0
OAK-PA,42.730860299921076,7397.0,6945.3,5685.0,5775.0
HPF,42.715074980268355,24260.0,27875.0,5176.0,5147.0
OXSQH,42.69928966061563,2040.0,2125.0,5992.0,6050.0
WTFCN,42.683504340962905,34680.0,25295.0,4940.0,5201.0
CVEO,42.66771902131018,94700.0,133425.0,4260.0,4070.0
SIRI,42.651933701657455,3597420.0,4494140.0,662.0,619.0
CEE,42.636148382004734,23640.0,24305.0,5188.0,5227.0
SQFTP,42.62036306235201,6580.0,5140.0,5735.0,5860.5
CNL,42.60457774269929,81100.0,67385.0,4380.0,4571.0
SBI,42.58879242304657,36080.0,56375.0,4916.0,4712.0
ATH-PE,42.57300710339385,54703.0,34315.45,4651.0,5028.0
VOYA-PB,42.55722178374112,16993.0,19009.45,5350.0,5352.0
SFHG,42.5414364640884,2187760.0,550510.0,1069.0,2719.0
AWRE,42.52565114443567,32360.0,40440.0,4987.0,4932.0
BNGO,42.50986582478295,159900.0,136860.0,3813.0,4044.0
BIPJ,42.49408050513023,9460.0,8040.0,5607.0,5726.0
VGI,42.478295185477506,33040.0,39460.0,4973.0,4945.0
FR,42.462509865824785,725480.0,961355.0,2236.0,2078.5
WTM,42.44672454617206,20560.0,20665.0,5252.5,5309.0
DUOT,42.430939226519335,3101700.0,1323180.0,757.0,1728.0
KLAC,42.415153906866614,9721160.0,11881780.0,240.0,196.0
CCID,42.39936858721389,4160.0,1750.0,5872.0,6081.5
NLY-PF,42.38358326756117,36678.2,31090.7,4901.0,5090.0
BABA,42.36779794790845,10609320.0,9475380.0,218.0,263.0
ISOU,42.35201262825572,81520.0,90020.0,4373.0,4383.0
RNR-PG,42.336227308603,22807.4,27250.1,5202.0,5157.0
AVAV,42.32044198895027,1063740.0,1176965.0,1809.0,1837.0
AFYA,42.30465666929755,153780.0,109210.0,3838.0,4233.0
SBRA,42.28887134964483,2608500.0,2730630.0,899.0,978.0
IDA,42.27308602999211,541900.0,498820.0,2582.0,2816.0
YHGJ,42.257300710339386,1020.0,4330.0,6090.0,5923.0
JGH,42.241515390686665,56980.0,59680.0,4630.5,4661.0
GNTX,42.22573007103394,2127860.0,2620430.0,1092.0,1018.0
EPRT,42.209944751381215,2458420.0,1733490.0,951.0,1427.0
NLY-PI,42.194159431728494,149571.4,64250.75,3864.0,4615.0
BFS,42.178374112075765,100300.0,98755.0,4222.0,4316.0
TPVG,42.162588792423044,212200.0,225430.0,3532.5,3600.0
KODK,42.14680347277032,780680.0,925445.0,2154.0,2127.0
MTEN,42.1310181531176,713960.0,3560615.0,2257.0,754.0
SPCE,42.11523283346488,11110360.0,9018850.0,208.0,280.0
CFG-PH,42.09944751381215,30084.2,25883.5,5043.0,5184.0
MFA-PC,42.08366219415943,33592.6,24212.9,4961.0,5230.0
ADAMH,42.06787687450671,35000.0,25010.0,4934.0,5207.5
PNBK,42.05209155485399,273680.0,233235.0,3269.0,3570.0
NXE,42.036306235201266,8036900.0,5395305.0,293.0,502.0
OXLCG,42.020520915548545,5780.0,3220.0,5780.5,5965.0
HIG-PG,42.004735595895816,21959.4,19309.7,5226.0,5343.0
GECCH,41.988950276243095,100.0,230.0,6215.0,6210.5
MSD,41.97316495659037,39080.0,44755.0,4866.0,4864.0
CPHC,41.957379636937645,2880.0,1815.0,5940.5,6077.0
CHKP,41.941594317284924,942440.0,1257435.0,1935.0,1778.0
SIGI,41.9258089976322,337160.0,539470.0,3080.0,2733.0
FGN,41.91002367797948,17880.0,18890.0,5322.5,5355.0
BMA,41.89423835832676,281680.0,268995.0,3236.0,3436.0
PFD,41.87845303867404,24920.0,33090.0,5161.0,5054.0
AFCG,41.86266771902131,191140.0,97700.0,3643.0,4325.0
MXE,41.84688239936858,3800.0,2625.0,5892.0,6003.0
GJR,41.83109707971586,400.0,380.0,6164.5,6190.0
ORKT,41.81531176006314,6200.0,28880.0,5756.5,5128.0
KRP,41.79952644041042,1038680.0,949110.0,1831.0,2100.0
WIA,41.783741120757696,23420.0,26855.0,5192.0,5165.0
CRESY,41.767955801104975,167980.0,210990.0,3757.0,3664.0
DMAAU,41.75217048145225,0.0,71.15,6288.0,6239.0
NRO,41.736385161799525,202600.0,222925.0,3584.0,3609.0
NPFD,41.720599842146804,49840.0,71035.0,4713.0,4536.0
IRT,41.70481452249408,2264940.0,2862035.0,1029.0,935.0
TRMD,41.68902920284136,488580.0,448065.0,2695.0,2936.0
DMB,41.67324388318863,61140.0,59390.0,4576.0,4664.0
PSF,41.65745856353591,40400.0,35050.0,4839.5,5015.0
EIM,41.64167324388319,171280.0,158055.0,3739.0,3906.0
CRT,41.62588792423046,22280.0,19020.0,5215.0,5351.0
EPR-PE,41.61010260457774,1136.0,6348.75,6072.0,5803.0
PECO,41.59431728492502,685080.0,838265.0,2303.0,2263.0
GRDN,41.5785319652723,332160.0,350145.0,3091.0,3192.0
QNRX,41.562746645619576,30040.0,19440.0,5045.0,5337.0
PNNT,41.546961325966855,456400.0,570390.0,2765.0,2683.0
DLNG-PA,41.531176006314126,3548.0,4255.0,5901.0,5932.5
BCV,41.515390686661405,16140.0,21755.0,5371.0,5284.0
KROS,41.49960536700868,236920.0,214590.0,3423.0,3644.0
SOJF,41.483820047355955,51360.0,55595.0,4688.5,4721.0
SB-PD,41.468034727703234,9888.8,4810.9,5577.0,5886.0
FHN-PF,41.45224940805051,7003.6,11229.15,5709.0,5588.0
FTHY,41.43646408839779,99220.0,92265.0,4229.0,4363.0
ADAMO,41.42067876874507,34660.0,34325.0,4941.0,5026.0
UMBFO,41.40489344909234,9820.0,8530.0,5580.0,5697.0
OTIS,41.38910812943962,3446840.0,3338440.0,682.0,802.0
GSL-PB,41.3733228097869,8495.2,6475.05,5638.0,5797.0
ELBM,41.35753749013418,275800.0,378770.0,3258.0,3120.0
LOB-PA,41.341752170481456,25729.2,28876.4,5138.0,5129.0
AFL,41.32596685082873,1908540.0,2004505.0,1196.0,1268.0
PNI,41.310181531176006,56680.0,46895.0,4634.0,4827.0
OMAB,41.294396211523285,62420.0,59365.0,4554.0,4665.0
FLG,41.27861089187056,3980880.0,4796550.0,597.0,575.0
OPP-PC,41.262825572217835,952.4,797.0,6100.0,6150.0
VACI,41.247040252565114,1238600.0,341315.0,1632.0,3214.0
FPF,41.23125493291239,115800.0,104475.0,4102.0,4273.0
ABVX,41.21546961325967,746000.0,857520.0,2207.0,2220.0
NDMO,41.19968429360695,122760.0,163795.0,4046.0,3883.0
ELWT,41.18389897395423,14020.0,13630.0,5434.0,5492.0
RMR,41.1681136543015,105140.0,154820.0,4177.0,3934.0
TCBI,41.15232833464877,365240.0,443345.0,3008.0,2953.0
KEY-PK,41.13654301499605,29240.4,28273.85,5068.0,5139.0
ADAMG,41.12075769534333,15600.0,14050.0,5384.5,5475.0
SACH-PA,41.10497237569061,2104.6,2753.6,5987.0,5992.0
ET-PI,41.089187056037886,94030.4,60988.8,4269.0,4655.0
NPCT,41.073401736385165,103980.0,104995.0,4188.0,4268.0
PRIF-PK,41.05761641673244,2482.2,1434.8,5967.0,6097.0
OXSQG,41.041831097079715,3480.0,1660.0,5906.5,6087.5
KEY-PJ,41.026045777426994,28585.2,45001.7,5082.0,4863.0
SAJ,41.01026045777427,5520.0,1855.0,5794.5,6072.0
nan,40.994475138121544,93100.0,90385.0,4279.5,4377.5
NAN,40.97868981846882,93100.0,90385.0,4279.5,4377.5
MOS,40.9629044988161,7554580.0,7623160.0,308.0,336.0
CTVA,40.94711917916338,3240580.0,4813955.0,727.0,573.0
LFMDP,40.93133385951065,2640.0,2165.0,5955.0,6048.0
KN,40.91554853985793,690780.0,1034595.0,2292.0,1985.0
UPWK,40.89976322020521,3809720.0,4305965.0,623.0,643.0
CCO,40.88397790055249,20961100.0,10085545.0,95.0,241.0
RNP,40.868192580899766,77040.0,91440.0,4419.0,4366.0
HPP-PC,40.852407261247045,5720.8,4458.1,5785.0,5913.0
STNG,40.836621941594316,766500.0,817840.0,2175.0,2288.0
SARO,40.820836621941595,3618200.0,3505630.0,657.0,762.0
LEO,40.80505130228887,229000.0,270595.0,3458.0,3428.0
TK,40.789265982636145,554940.0,520200.0,2553.0,2774.0
SPE-PC,40.773480662983424,3655.8,1848.75,5899.0,6073.0
XIFR,40.7576953433307,603240.0,1000745.0,2457.0,2030.0
EFT,40.74191002367798,133740.0,101775.0,3977.0,4288.0
SGI,40.72612470402526,3075660.0,2988160.0,764.0,883.0
SBSI,40.71033938437253,116440.0,142115.0,4099.0,4010.5
UDR,40.69455406471981,2803020.0,3492295.0,843.0,767.0
PSEC,40.67876874506709,3302980.0,4011635.0,711.0,690.0
CODI-PB,40.66298342541437,5166.4,10145.1,5812.0,5627.0
NTRSO,40.64719810576164,35860.0,37405.0,4919.0,4975.0
VIRC,40.63141278610892,14440.0,28390.0,5425.0,5136.5
GAU,40.615627466456196,2957340.0,3176540.0,799.0,835.0
NBB,40.599842146803475,63960.0,54875.0,4535.0,4726.0
OGS,40.58405682715075,432400.0,484730.0,2821.0,2859.0
RWTP,40.568271507498025,6480.0,6020.0,5738.0,5827.0
WFC-PL,40.552486187845304,8705.6,7923.75,5626.0,5730.0
AXS,40.53670086819258,557540.0,751970.0,2550.0,2383.0
EGP,40.52091554853986,329420.0,530580.0,3101.0,2753.0
ADC,40.50513022888714,2643080.0,1690675.0,889.0,1460.0
BP,40.48934490923441,8134380.0,8149900.0,290.0,309.0
FCT,40.47355958958169,265049.4,226146.55,3299.0,3596.0
NMT,40.45777426992896,11020.0,12175.0,5527.0,5545.0
NCZ-PA,40.44198895027624,8045.0,5620.9,5651.0,5842.0
MNOV,40.42620363062352,47740.0,33985.0,4739.0,5035.0
MXF,40.4104183109708,30000.0,33445.0,5049.0,5045.0
EP-PC,40.394632991318076,1682.8,2746.65,6021.0,5993.0
ACGLN,40.378847671665355,34400.0,40995.0,4946.0,4920.0
FACTU,40.363062352012626,0.0,25.0,6288.0,6250.5
GJH,40.347277032359905,640.0,1265.0,6135.5,6106.0
GS-PA,40.331491712707184,71045.8,71920.75,4469.0,4526.0
NCV-PA,40.315706393054455,4027.6,5580.8,5877.0,5843.0
PDT,40.299921073401734,103300.0,122500.0,4192.0,4135.0
PRIF-PD,40.28413575374901,824.0,1148.35,6114.0,6113.0
NSYS,40.26835043409629,20200.0,16230.0,5259.5,5425.0
BKH,40.25256511444357,758620.0,789225.0,2188.0,2325.0
CII,40.23677979479084,89500.0,104655.0,4312.0,4272.0
SOBO,40.22099447513812,439840.0,491995.0,2801.0,2835.0
MQ,40.2052091554854,789780.0,1118320.0,2145.0,1896.0
SFB,40.18942383583268,8120.0,11240.0,5646.0,5586.0
PEGA,40.173638516179956,1775880.0,2510000.0,1273.0,1061.0
STRRP,40.157853196527235,7720.0,2575.0,5668.5,6006.0
PCG-PD,40.142067876874506,2468.8,2241.95,5968.0,6038.0
REGCP,40.126282557221785,940.0,1550.0,6102.0,6090.0
ALL-PB,40.11049723756906,17504.2,33745.95,5339.0,5041.0
BLX,40.094711917916335,161440.0,153285.0,3806.0,3946.0
SPCB,40.078926598263614,128260.0,91130.0,4013.0,4369.0
RIBB,40.06314127861089,260.0,340.0,6184.5,6198.5
CHT,40.04735595895817,187940.0,166575.0,3662.0,3867.0
FINV,40.03157063930545,599520.0,444605.0,2466.0,2949.0
RA,40.01578531965272,214760.0,158435.0,3520.0,3905.0
RWTN,40.0,7320.0,6865.0,5686.5,5778.0
FVNNU,39.98421468034728,0.0,359.85,6288.0,6195.0
CARR,39.96842936069455,4308420.0,6878940.0,544.0,381.0
KAI,39.95264404104183,103520.0,117235.0,4190.0,4181.0
ACV,39.93685872138911,27380.0,36705.0,5106.0,4986.0
OWLS,39.921073401736386,19940.0,22475.0,5269.0,5267.0
GHY,39.905288082083665,149440.0,152340.0,3865.0,3951.0
MGRD,39.889502762430936,8380.0,11650.0,5641.0,5572.0
AEF,39.873717442778215,91380.0,100000.0,4294.0,4304.0
ROOT,39.857932123125494,293900.0,300155.0,3201.0,3329.0
JHS,39.84214680347277,9300.0,9465.0,5611.0,5660.0
SAM,39.82636148382005,168600.0,257505.0,3751.0,3472.0
ESE,39.81057616416732,197560.0,199570.0,3614.5,3713.0
DUK,39.7947908445146,3859080.0,4707310.0,615.0,590.0
ARDC,39.77900552486188,62480.0,84950.0,4552.0,4420.0
SGA,39.76322020520915,23300.0,13825.0,5196.5,5483.0
TTE,39.74743488555643,1366740.0,1357970.0,1524.0,1695.0
UG,39.73164956590371,5140.0,11610.0,5814.0,5573.5
ACRE,39.71586424625099,290080.0,492355.0,3216.0,2834.0
QETA,39.700078926598266,0.0,0.0,6288.0,6278.5
WVVIP,39.684293606945545,50460.0,17860.0,4704.0,5382.0
IBOC,39.668508287292816,267260.0,307530.0,3288.0,3308.0
XP,39.652722967640095,5789000.0,4043830.0,404.0,682.0
XRX,39.63693764798737,1925300.0,4157670.0,1182.0,668.0
NPB,39.621152328334645,193160.0,181465.0,3630.0,3807.0
PRTH,39.605367008681924,565180.0,505015.0,2536.0,2801.0
AIG,39.5895816890292,2314000.0,3001075.0,1009.0,877.0
LEN,39.57379636937648,2503420.0,2375065.0,938.0,1115.0
AFGE,39.55801104972376,4600.0,7585.0,5849.5,5745.0
ONDS,39.54222573007103,88618420.0,78141960.0,7.0,6.0
LNAI,39.52644041041831,29540.0,485610.0,5062.0,2854.0
CHSCL,39.51065509076559,29440.0,24795.0,5064.0,5213.0
RSSS,39.49486977111287,31340.0,32390.0,5015.0,5065.5
RRC,39.479084451460146,2373400.0,2694890.0,982.0,989.0
NNY,39.46329913180742,35360.0,46475.0,4927.5,4836.0
PAM,39.447513812154696,162220.0,175680.0,3803.0,3833.0
GRCE,39.431728492501975,190940.0,259365.0,3644.0,3467.0
NMCO,39.415943172849246,211380.0,191935.0,3539.0,3757.0
PNFP-PA,39.400157853196525,12137.0,10780.7,5487.0,5608.0
MBAV,39.384372533543804,254084.0,,3346.0,
TBLD,39.36858721389108,33300.0,43305.0,4968.0,4884.5
AEE,39.35280189423836,1409900.0,1528040.0,1490.0,1570.0
FEIM,39.33701657458564,210280.0,366935.0,3547.0,3148.0
CHSCO,39.32123125493291,15220.0,19460.0,5395.5,5336.0
BAC-PP,39.30544593528019,76542.0,69557.05,4426.0,4553.0
FRT,39.28966061562746,665640.0,908145.0,2345.0,2149.0
COLA,39.27387529597474,6520.0,8695.0,5737.0,5690.0
EAD,39.25808997632202,285560.0,301695.0,3227.0,3324.0
SLRC,39.2423046566693,282080.0,419170.0,3233.0,3016.0
DRVN,39.226519337016576,1017760.0,779295.0,1851.0,2339.0
CTO-PA,39.210734017363855,1958.4,3242.45,6007.0,5964.0
BCML,39.194948697711126,65880.0,59590.0,4516.5,4663.0
NWE,39.179163378058405,367640.0,380325.0,3000.0,3115.0
PDFS,39.163378058405684,460380.0,532075.0,2754.0,2750.0
ACP,39.14759273875296,439480.0,511725.0,2802.0,2791.0
MFA-PB,39.131807419100234,9501.8,8395.1,5605.0,5705.0
MBAVU,39.11602209944751,798.4,,6115.0,
JBK,39.10023677979479,300.0,235.0,6179.5,6209.0
TCBIO,39.08445146014207,9320.0,11060.0,5609.0,5595.0
USB-PS,39.06866614048934,29278.4,42289.7,5067.0,4897.0
TPB,39.05288082083662,189240.0,373475.0,3654.0,3134.0
RERE,39.0370955011839,967240.0,949135.0,1907.0,2099.0
HIO,39.02131018153118,305420.0,419960.0,3170.0,3014.0
FOF,39.005524861878456,39300.0,44215.0,4860.0,4872.0
WBS-PF,38.989739542225735,8244.2,8816.65,5644.0,5683.0
EXE,38.973954222573006,2143300.0,3087780.0,1086.0,854.0
KIO,38.958168902920285,202300.0,211575.0,3585.0,3660.0
BA-PA,38.942383583267556,919663.8,646758.25,1960.0,2562.0
ETY,38.926598263614835,197560.0,265450.0,3614.5,3446.0
OR,38.910812943962114,971360.0,995180.0,1901.0,2036.0
GIL,38.89502762430939,923460.0,1605950.0,1952.0,1524.0
DUK-PA,38.87924230465667,91101.0,66200.05,4300.0,4589.0
PHIN,38.86345698500395,349700.0,397590.0,3046.0,3076.0
FSP,38.84767166535122,316480.0,309390.0,3143.0,3302.0
APWC,38.8318863456985,18260.0,14310.0,5312.0,5467.0
HYT,38.81610102604578,881500.0,862060.0,2015.5,2213.0
VBF,38.80031570639306,59580.0,69930.0,4597.0,4550.0
ATH-PB,38.78453038674033,17392.0,19541.65,5343.0,5332.0
IPM,38.76874506708761,4740.0,5680.0,5840.5,5840.0
EXC,38.752959747434886,4980120.0,7322465.0,475.0,360.0
WFC-PD,38.737174427782165,139739.4,112941.65,3930.0,4209.0
WBS-PG,38.721389108129436,6058.4,9995.75,5765.0,5639.0
ESLT,38.705603788476715,100800.0,89440.0,4217.5,4387.0
SABA,38.689818468823994,37960.0,31460.0,4880.0,5084.0
KE,38.67403314917127,293680.0,212360.0,3202.0,3659.0
PTEN,38.65824782951855,6302200.0,8660635.0,370.0,298.0
ATH-PD,38.64246250986583,62299.4,49777.75,4556.0,4789.0
ATRA,38.6266771902131,73460.0,57300.0,4449.0,4697.0
EVV,38.61089187056038,444600.0,429270.0,2793.0,2991.0
OHI,38.59510655090765,1577360.0,1891210.0,1376.0,1330.0
DY,38.57932123125493,360260.0,415975.0,3019.0,3026.0
GPRK,38.56353591160221,281740.0,352630.0,3235.0,3185.0
DHF,38.54775059194949,360540.0,310030.0,3017.0,3300.0
XEL,38.531965272296766,3983800.0,4727315.0,595.0,584.0
AXIA-PC,38.516179952644045,142071.6,106691.2,3914.0,4254.0
NEXA,38.500394632991316,454460.0,581390.0,2769.0,2665.0
DLNG,38.484609313338595,62100.0,70930.0,4560.0,4537.0
CHW,38.468823993685874,119880.0,210660.0,4070.0,3668.0
CMRE-PB,38.453038674033145,904.6,1029.55,6105.0,6127.0
PRM,38.437253354380424,1275880.0,1755360.0,1590.0,1407.0
INVX,38.4214680347277,597640.0,772110.0,2469.0,2347.0
FMX,38.40568271507498,465900.0,541630.0,2739.0,2728.0
FT,38.38989739542226,57520.0,43200.0,4620.0,4887.0
BMEA,38.37411207576953,637800.0,512830.0,2399.0,2786.0
DSL,38.35832675611681,620920.0,515455.0,2429.0,2784.0
FHB,38.34254143646409,1563640.0,2043155.0,1387.0,1248.0
CAF,38.32675611681137,12560.0,17550.0,5478.0,5389.0
EDUC,38.310970797158646,114420.0,123150.0,4106.0,4129.0
PBA,38.295185477505925,968480.0,862700.0,1906.0,2210.0
GGT-PG,38.279400157853196,3801.4,2689.8,5891.0,5996.0
BLDR,38.263614838200475,1542620.0,2227805.0,1403.0,1176.0
AGO,38.247829518547746,277980.0,344755.0,3251.0,3207.0
PBI-PB,38.232044198895025,22500.0,18280.0,5208.0,5371.5
HCKT,38.216258879242304,199240.0,378975.0,3604.0,3119.0
PRHIZ,38.20047355958958,1280.2,2126.15,6062.0,6049.0
RF-PE,38.18468823993686,58945.4,44693.85,4607.0,4865.0
DSM,38.16890292028414,137100.0,148215.0,3956.0,3975.0
CFG-PI,38.15311760063141,34129.4,40445.25,4950.0,4931.0
PODD,38.13733228097869,1408100.0,1744835.0,1492.0,1422.0
WXM,38.12154696132597,216940.0,2227060.0,3505.0,1177.0
KRG,38.10576164167324,1999140.0,2741220.0,1145.0,975.0
AFGB,38.08997632202052,7520.0,7805.0,5676.5,5735.5
JRVR,38.0741910023678,301920.0,242055.0,3182.0,3536.0
NNI,38.058405682715076,135700.0,131705.0,3963.5,4082.0
PSA-PN,38.042620363062355,27963.8,28986.4,5094.0,5124.0
CF,38.026835043409626,2031640.0,2245080.0,1128.0,1161.0
APOS,38.011049723756905,24920.0,57510.0,5161.0,4693.0
EAI,37.995264404104184,10560.0,20410.0,5555.0,5314.0
RCS,37.97947908445146,151480.0,138255.0,3852.0,4033.0
CCM,37.96369376479874,208220.0,98165.0,3555.0,4322.0
GWAV,37.94790844514602,42180.0,287870.0,4810.0,3373.0
REGCO,37.93212312549329,2140.0,2195.0,5985.0,6045.0
BIPH,37.91633780584057,11180.0,17990.0,5522.0,5378.0
IXHL,37.90055248618784,90600.0,90960.0,4307.0,4371.0
STN,37.88476716653512,510980.0,430405.0,2654.0,2987.0
BELFB,37.8689818468824,164920.0,252970.0,3781.5,3498.0
SRI,37.85319652722968,110620.0,150110.0,4129.0,3969.0
PPL,37.837411207576956,8421360.0,8739215.0,283.0,294.0
FCNCO,37.821625887924235,10920.0,13110.0,5534.0,5514.0
UZD,37.805840568271506,3240.0,3145.0,5922.0,5971.0
WDI,37.790055248618785,181940.0,215120.0,3686.0,3641.0
ENTA,37.774269928966056,204980.0,171205.0,3573.0,3845.0
NINE,37.758484609313335,40080.0,59155.0,4846.0,4672.0
UAN,37.742699289660614,55740.0,51720.0,4640.0,4767.0
GXO,37.72691397000789,1032020.0,1653890.0,1838.0,1486.0
GASS,37.71112865035517,164640.0,105075.0,3785.0,4266.0
BML-PJ,37.69534333070245,18230.2,20213.95,5314.0,5318.0
MGR,37.67955801104972,24420.0,19485.0,5172.5,5335.0
BNH,37.663772691397,11480.0,29085.0,5518.0,5123.0
SCE-PM,37.64798737174428,62422.8,65509.65,4553.0,4595.0
NCV,37.63220205209156,43180.0,57065.0,4793.0,4703.0
ACGLO,37.616416732438836,19800.0,24270.0,5274.0,5229.0
NKX,37.60063141278611,165800.0,157060.0,3770.0,3911.0
ASC,37.584846093133386,501820.0,574675.0,2671.0,2673.0
EHI,37.569060773480665,136180.0,107160.0,3962.0,4248.0
TRTX-PC,37.553275453827936,4275.8,4497.9,5866.0,5909.0
ACTG,37.537490134175215,247440.0,274600.0,3377.0,3419.0
GLQ,37.521704814522494,39160.0,46795.0,4864.0,4829.0
TRTN-PE,37.50591949486977,4189.4,6463.2,5870.0,5798.0
TEN-PF,37.49013417521705,6198.2,6615.9,5758.0,5789.0
ZDGE,37.47434885556433,56640.0,70700.0,4635.5,4540.0
BKR,37.4585635359116,6324200.0,8220390.0,369.0,307.0
RNR-PF,37.44277821625888,21218.2,19055.55,5240.0,5349.0
FBRT-PE,37.42699289660615,15811.4,13709.2,5379.0,5485.0
VTRS,37.41120757695343,9394780.0,10784070.0,251.0,225.0
EXOD,37.39542225730071,152640.0,62150.0,3842.0,4644.0
HPS,37.37963693764799,54080.0,51785.0,4660.5,4765.0
RGP,37.363851617995266,248080.0,474560.0,3373.0,2877.0
BAC-PO,37.348066298342545,173807.8,103185.75,3732.0,4280.0
SLVM,37.332280978689816,261980.0,281760.0,3313.0,3392.0
AGM-PH,37.316495659037095,7274.2,5449.5,5697.0,5846.0
LNTH,37.30071033938437,1455240.0,2096590.0,1458.0,1222.0
PNFP-PC,37.28492501973165,13521.6,14894.3,5447.0,5457.0
BBCQU,37.26913970007893,3740.0,1020.0,5895.0,6128.0
ELC,37.2533543804262,16860.0,16235.0,5353.0,5423.5
JPM-PL,37.23756906077348,221160.6,224547.55,3484.0,3604.0
NTRB,37.22178374112076,5400.0,7015.0,5798.0,5770.0
FRPH,37.20599842146803,92820.0,100115.0,4284.5,4301.0
NEE-PT,37.19021310181531,54171.2,266130.05,4658.0,3445.0
AEYE,37.17442778216259,350840.0,134310.0,3043.0,4063.0
SYF-PA,37.15864246250987,34229.4,49092.7,4949.0,4800.0
MAR,37.142857142857146,1196840.0,1777935.0,1671.0,1393.0
PANL,37.127071823204425,376060.0,386045.0,2967.0,3105.0
SO,37.111286503551696,4099540.0,5378645.0,581.0,505.0
OFIX,37.095501183898975,237920.0,370375.0,3420.0,3142.0
SPEGU,37.079715864246246,0.0,6265.0,6288.0,5811.0
AQN,37.063930544593525,3077020.0,3918060.0,763.0,705.0
BML-PL,37.048145224940804,35067.2,28202.5,4933.0,5141.0
YETI,37.03235990528808,3337320.0,1775965.0,700.0,1394.0
PSA-PS,37.01657458563536,9953.8,16626.6,5572.0,5413.0
IMPP,37.00078926598264,381320.0,277070.0,2952.0,3412.0
CALC,36.98500394632991,236460.0,286050.0,3426.0,3379.0
JPM-PD,36.96921862667719,215643.4,166082.3,3514.0,3871.0
TSOL,36.95343330702447,5660.0,9290.0,5789.0,5664.0
ODFL,36.93764798737175,1296100.0,1749725.0,1579.0,1417.0
HURA,36.92186266771902,363760.0,241470.0,3012.0,3538.0
SNGX,36.9060773480663,164300.0,208660.0,3788.5,3673.0
JPM-PK,36.890292028413576,239389.0,185510.6,3411.0,3783.0
SGHC,36.874506708760855,1618040.0,2169140.0,1347.0,1198.0
UE,36.858721389108126,694540.0,785040.0,2287.0,2330.0
ECF,36.842936069455405,17660.0,17770.0,5330.5,5384.0
GNT-PA,36.82715074980268,2058.6,1059.25,5991.0,6122.0
WFC-PZ,36.81136543014996,218738.8,194922.9,3494.0,3736.0
MOMO,36.79558011049724,510100.0,479305.0,2655.0,2867.0
LOAN,36.77979479084452,18240.0,32960.0,5313.0,5058.0
GHG,36.76400947119179,7260.0,6805.0,5698.0,5781.5
DYAI,36.74822415153906,213920.0,194000.0,3526.0,3739.0
JPM-PJ,36.73243883188634,96185.6,92832.95,4247.0,4358.0
QSEAU,36.71665351223362,0.0,0.0,6288.0,6278.5
AXIA,36.7008681925809,4199745.0,,566.0,
PDYN,36.68508287292818,1042020.0,932520.0,1827.0,2117.0
SCHW-PD,36.669297553275456,56570.8,54498.65,4638.0,4729.0
TSI,36.653512233622735,146200.0,160550.0,3886.0,3894.0
KVAC,36.637726913970006,963.0,,6098.0,
CHSCM,36.621941594317285,21980.0,24845.0,5224.5,5212.0
ACP-PA,36.60615627466456,1868.2,1816.1,6010.0,6076.0
COF-PI,36.59037095501184,203550.2,134021.15,3581.0,4067.0
PII,36.574585635359114,768620.0,865310.0,2172.0,2205.0
FCNCP,36.55880031570639,18920.0,11610.0,5297.0,5573.5
XPO,36.54301499605367,856240.0,1002305.0,2055.0,2029.0
USB-PR,36.52722967640095,81053.2,69028.9,4381.0,4556.0
HNNA,36.51144435674822,7820.0,6035.0,5662.0,5826.0
PCG-PA,36.4956590370955,4758.6,4716.7,5839.0,5895.0
TW,36.47987371744278,1098300.0,1627920.0,1764.0,1507.0
GLOB,36.46408839779006,3561920.0,2166605.0,667.0,1199.0
SCE-PN,36.448303078137336,56609.4,27841.95,4637.0,5149.0
GLDG,36.432517758484614,902000.0,734965.0,1981.0,2407.0
MAA-PI,36.416732438831886,2508.8,2449.9,5964.0,6020.0
KTN,36.400947119179165,2380.0,1955.0,5974.5,6063.5
MS-PA,36.385161799526436,112182.0,88250.1,4122.0,4395.0
GCL,36.369376479873715,413920.0,893200.0,2862.0,2170.0
PSA-PQ,36.353591160220994,26824.0,16992.05,5112.0,5403.0
RC,36.33780584056827,935560.0,1124095.0,1944.0,1889.0
HII,36.32202052091555,439160.0,570670.0,2804.5,2682.0
OPLN,36.30623520126283,2288640.0,1445755.0,1021.0,1628.0
BUI,36.2904498816101,64260.0,67275.0,4531.0,4572.0
SRL,36.27466456195738,24240.0,29930.0,5177.0,5109.0
COF-PL,36.25887924230466,71869.8,65164.6,4460.0,4600.0
POWWP,36.24309392265193,4440.0,1990.0,5858.0,6061.0
WMK,36.22730860299921,139640.0,166430.0,3932.0,3868.0
KPLT,36.21152328334649,120300.0,77995.0,4066.0,4469.0
USB-PH,36.195737963693766,44850.4,50746.65,4770.0,4775.0
ALGT,36.179952644041045,504300.0,511870.0,2667.0,2790.0
MGRB,36.164167324388316,11000.0,16390.0,5528.0,5419.0
FFIV,36.148382004735595,465480.0,739505.0,2740.0,2403.0
EMA,36.13259668508287,271860.0,633535.0,3278.0,2585.0
GGN-PB,36.11681136543015,8652.6,4990.6,5629.0,5872.0
TFC-PR,36.10102604577743,70775.0,74778.65,4470.0,4500.0
UHT,36.08524072612471,95880.0,99765.0,4250.0,4309.0
RGCO,36.06945540647198,14400.0,17290.0,5426.0,5394.0
EDF,36.05367008681925,61900.0,89450.0,4563.0,4386.0
SND,36.03788476716653,326980.0,318230.0,3108.0,3278.0
TV,36.02209944751381,562340.0,844510.0,2543.0,2256.0
WINA,36.00631412786109,35140.0,46840.0,4931.0,4828.0
CRK,35.99052880820837,1718180.0,2161705.0,1303.0,1200.0
F,35.974743488555646,36795480.0,51045860.0,33.0,21.0
CIM-PA,35.958958168902925,6055.0,6161.95,5766.0,5815.0
GS-PD,35.943172849250196,98950.6,115511.6,4232.0,4193.0
GS-PC,35.927387529597475,25597.6,19366.8,5143.0,5339.0
PCG-PH,35.91160220994475,500.4,1120.0,6148.5,6115.0
FGNXP,35.895816890292025,200.0,210.0,6195.5,6213.0
FSTR,35.880031570639304,66620.0,83300.0,4512.0,4431.0
ERH,35.86424625098658,20040.0,23445.0,5264.0,5246.0
BAC-PQ,35.84846093133386,257496.8,156417.35,3339.0,3918.0
SCHW-PJ,35.83267561168114,88570.4,84068.15,4320.0,4429.0
ETI-P,35.81689029202841,721.2,1646.2,6122.0,6089.0
MS-PI,35.80110497237569,70179.0,68940.4,4474.0,4558.0
PSA-PP,35.78531965272297,82343.0,55993.3,4359.0,4718.0
BEPJ,35.76953433307025,6020.0,5895.0,5769.5,5831.0
AIRTP,35.753749013417526,3100.0,4960.0,5930.5,5876.0
JBLU,35.7379636937648,20719820.0,35413805.0,99.0,48.0
PSA-PF,35.722178374112076,12280.8,15948.85,5480.0,5434.0
MUR,35.706393054459355,1887540.0,1811030.0,1209.0,1372.0
GVA,35.690607734806626,600220.0,968260.0,2464.0,2069.0
NEE,35.674822415153905,10311200.0,10951895.0,226.0,219.0
WIT,35.65903709550118,4654900.0,6950225.0,510.0,378.0
KPRX,35.64325177584846,22720.0,20885.0,5204.0,5304.5
OLLI,35.62746645619574,1418380.0,1346860.0,1484.0,1708.0
WFC-PC,35.61168113654302,104907.4,77726.4,4180.0,4474.0
PCM,35.59589581689029,60700.0,49095.0,4583.0,4798.5
VNO-PO,35.58011049723757,5069.6,9775.7,5819.0,5648.0
GRBK-PA,35.56432517758484,2681.2,2442.7,5952.0,6021.0
MTB-PK,35.54853985793212,32450.4,30092.35,4986.0,5105.0
COF-PJ,35.5327545382794,127092.0,90965.05,4018.0,4370.0
WFCF,35.51696921862668,10700.0,3880.0,5543.5,5944.0
USB-PQ,35.501183898973956,41143.4,41669.9,4820.0,4905.0
BAC-PS,35.485398579321235,69771.0,66097.75,4483.0,4590.0
SCE-PG,35.469613259668506,12939.0,14890.55,5463.0,5458.0
AAP,35.453827940015785,1773840.0,1360235.0,1275.0,1688.0
REPX,35.43804262036306,165020.0,192170.0,3780.0,3754.0
PSA-PK,35.42225730071034,10662.2,13188.75,5545.0,5511.0
CGABL,35.40647198105762,13020.0,16030.0,5461.0,5430.0
MET-PF,35.39068666140489,96639.8,81863.05,4243.0,4439.0
NHI,35.37490134175217,395540.0,390010.0,2915.0,3099.0
MS-PO,35.35911602209944,244555.4,169415.55,3388.0,3852.0
JPC,35.34333070244672,1097560.0,957170.0,1767.0,2088.0
CI,35.327545382794,1047140.0,1799435.0,1824.0,1381.0
NTWK,35.31176006314128,14020.0,13330.0,5434.0,5507.5
HSY,35.29597474348856,1076320.0,1543745.0,1793.0,1561.0
WFC-PA,35.280189423835836,120477.6,102367.25,4064.0,4284.0
SABS,35.264404104183114,373120.0,460620.0,2975.0,2908.0
HOWL,35.248618784530386,184780.0,604610.0,3674.0,2629.0
OKUR,35.232833464877665,162660.0,134095.0,3797.0,4066.0
SREA,35.217048145224936,72520.0,54160.0,4456.0,4736.5
ATH-PA,35.201262825572215,164756.8,78896.6,3783.0,4464.0
AFGC,35.18547750591949,15100.0,10965.0,5398.0,5600.0
REG,35.16969218626677,1102880.0,1419395.0,1757.0,1636.0
AUST,35.15390686661405,104880.0,156810.0,4181.0,3914.0
LEG,35.13812154696133,1538100.0,1752385.0,1406.0,1411.0
PSA-PM,35.1223362273086,106532.2,37317.1,4169.0,4979.0
LUD,35.10655090765588,5320.0,12025.0,5799.0,5547.5
PSA-PO,35.09076558800316,24917.8,24528.5,5163.0,5221.0
ASPC,35.07498026835044,46700.0,13360.0,4753.5,5505.0
RSVR,35.05919494869771,35800.0,54475.0,4921.5,4731.0
TXNM,35.04340962904499,677580.0,768635.0,2319.0,2352.0
PTHS,35.027624309392266,27140.0,94455.0,5108.0,4342.0
PLD,35.011838989739545,2582560.0,5094180.0,908.0,536.0
CGO,34.996053670086816,29420.0,30495.0,5065.0,5100.0
BWMX,34.980268350434095,93180.0,108110.0,4277.0,4241.0
MPV,34.96448303078137,25460.0,28400.0,5147.0,5135.0
PSA-PJ,34.94869771112865,6813.2,19723.15,5723.0,5326.0
FHN-PE,34.93291239147593,12055.4,7885.5,5490.0,5732.0
BAC-PM,34.91712707182321,96834.6,106912.65,4242.0,4252.0
BAC-PN,34.90134175217048,143203.6,127800.65,3903.0,4103.0
CTRE,34.88555643251775,3239900.0,2304450.0,728.0,1134.0
BIT,34.86977111286503,524120.0,340465.0,2623.0,3216.0
COF-PN,34.85398579321231,55359.2,48634.45,4644.0,4805.0
GF,34.83820047355959,27960.0,22245.0,5095.0,5273.0
ASUR,34.82241515390687,84020.0,110235.0,4349.5,4229.0
PSA-PR,34.806629834254146,25318.0,25444.25,5152.0,5194.0
CFG-PE,34.790844514601424,36051.6,37887.75,4917.0,4971.0
DD,34.775059194948696,1169100.0,1750565.0,1701.0,1416.0
EVCM,34.759273875295975,142940.0,142715.0,3906.0,4007.0
MENS,34.74348855564325,31980.0,46615.0,4997.0,4832.0
KEX,34.72770323599053,409020.0,561425.0,2878.0,2698.0
MCN,34.7119179163378,61780.0,55805.0,4570.0,4719.0
SII,34.69613259668508,177820.0,196960.0,3708.0,3727.0
AIMD,34.68034727703236,58940.0,216760.0,4608.0,3635.0
CDRO,34.66456195737963,16800.0,24135.0,5356.5,5231.0
NEE-PS,34.64877663772691,150893.2,75351.35,3856.0,4494.0
NAZ,34.63299131807419,13120.0,19360.0,5457.0,5340.0
UI,34.61720599842147,139280.0,93275.0,3934.0,4351.0
GPOR,34.60142067876875,266720.0,330235.0,3290.0,3239.0
RWTQ,34.585635359116026,35240.0,19695.0,4930.0,5329.0
PLRX,34.569850039463304,687440.0,414145.0,2299.0,3033.0
OGE,34.554064719810576,1156240.0,1400250.0,1710.5,1651.0
PCLA,34.53827940015785,96220.0,368905.0,4246.0,3145.0
GPATU,34.522494080505126,20.0,10.0,6239.5,6259.5
ILPT,34.506708760852405,324080.0,376265.0,3114.0,3126.0
AGRZ,34.49092344119968,24463140.0,12656000.0,69.0,179.0
ALH,34.47513812154696,3496560.0,1280310.0,676.0,1759.0
NLOP,34.45935280189424,88800.0,130955.0,4318.0,4088.0
PSA-PI,34.44356748224152,17621.0,22356.85,5333.0,5269.0
MKL,34.42778216258879,50720.0,64540.0,4700.0,4610.0
OBE,34.41199684293607,815400.0,894650.0,2115.0,2169.0
WPC,34.39621152328335,837460.0,1263875.0,2080.0,1772.0
PSA-PL,34.38042620363063,34990.6,34881.2,4935.0,5018.0
PNW,34.3646408839779,970440.0,1255070.0,1904.0,1780.0
ALCO,34.34885556432518,15760.0,22180.0,5380.5,5274.0
TYG,34.333070244672456,98860.0,124585.0,4233.0,4117.0
OXLC,34.317284925019734,1535300.0,1019175.0,1407.5,2007.0
JRI,34.301499605367006,164300.0,138465.0,3788.5,4031.0
COF-PK,34.285714285714285,18506.6,9526.75,5305.0,5658.0
PSEC-PA,34.26992896606156,3340.6,4509.7,5914.0,5907.0
JMIA,34.25414364640884,1966000.0,1936770.0,1163.0,1298.0
CPSS,34.23835832675612,14580.0,17735.0,5420.5,5387.0
IX,34.2225730071034,359060.0,258060.0,3021.0,3471.0
CHH,34.20678768745067,405300.0,524530.0,2890.5,2764.0
SMPL,34.19100236779794,1842820.0,2240690.0,1234.0,1165.0
GDO,34.17521704814522,55060.0,53795.0,4646.0,4742.0
IRM,34.1594317284925,1192140.0,1784850.0,1677.0,1389.0
WLKP,34.14364640883978,31420.0,40485.0,5014.0,4929.0
RC-PC,34.12786108918706,1313.0,1130.4,6058.0,6114.0
DLR-PK,34.112075769534336,11653.0,14389.25,5508.0,5466.0
MOGU,34.096290449881614,2900.0,4360.0,5939.0,5920.0
LC,34.080505130228886,1063100.0,1544905.0,1810.0,1559.0
BGC,34.064719810576165,3169780.0,2666970.0,740.0,1004.0
JSM,34.04893449092344,10280.0,12810.0,5558.5,5529.0
EQH-PA,34.033149171270715,58083.8,48648.2,4617.0,4804.0
GGT,34.01736385161799,339680.0,286530.0,3068.0,3378.0
AS,34.00157853196527,8281600.0,5277060.0,287.0,517.0
HUBG,33.98579321231255,1457500.0,1282965.0,1456.0,1755.0
CTA-PB,33.97000789265982,2005.0,2535.9,5997.0,6012.0
SUPV,33.9542225730071,605420.0,558010.0,2451.0,2707.0
BAC-PK,33.93843725335438,67781.4,65446.85,4499.0,4596.0
BROS,33.92265193370166,4376960.0,4309760.0,540.0,642.0
AKR,33.90686661404894,1726960.0,1508930.0,1297.0,1580.0
LCII,33.891081294396216,211520.0,264430.0,3538.0,3450.0
AIN,33.875295974743494,292280.0,335305.0,3207.0,3229.0
CIK,33.859510655090766,355480.0,416000.0,3031.0,3025.0
IDE,33.84372533543804,28160.0,40630.0,5092.0,4928.0
BRX,33.827940015785316,2049800.0,2408740.0,1119.0,1097.0
DOV,33.812154696132595,842160.0,1253050.0,2072.0,1783.0
CMS-PC,33.79636937647987,16933.6,19792.05,5351.0,5325.0
WEC,33.78058405682715,2631980.0,2501145.0,892.0,1064.0
XPL,33.76479873717443,90540.0,88430.0,4308.0,4393.0
RIO,33.74901341752171,2547500.0,2513795.0,922.0,1059.0
TY-P,33.73322809786898,1914.0,2078.95,6009.0,6054.0
ATO,33.71744277821626,1178300.0,1037340.0,1691.0,1982.0
BCE,33.70165745856354,2601300.0,3881570.0,905.0,708.0
DLR-PJ,33.68587213891081,11183.2,11412.0,5521.0,5578.0
SCE-PL,33.67008681925809,28736.0,25090.65,5079.0,5206.0
ONL,33.65430149960537,181540.0,283460.0,3689.0,3391.0
FRMI,33.638516179952646,22954640.0,21746795.0,78.0,104.0
IVR,33.622730860299924,2042200.0,2591110.0,1124.0,1025.0
EMP,33.606945540647196,7000.0,12885.0,5710.5,5525.0
MFA,33.591160220994475,1053160.0,1470035.0,1815.0,1608.0
INO,33.57537490134175,8650920.0,6481865.0,273.0,414.0
USB-PP,33.55958958168903,42944.6,45196.4,4799.0,4858.0
MAT,33.54380426203631,3262440.0,3761560.0,720.0,719.0
HLIO,33.52801894238358,282700.0,307725.0,3231.0,3306.0
LOBO,33.51223362273086,49560.0,50195.0,4716.0,4784.0
DTCX,33.49644830307813,76980.0,77410.0,4420.5,4478.0
STLD,33.48066298342541,1142040.0,1119255.0,1724.0,1894.0
PCF,33.46487766377269,82180.0,73350.0,4360.5,4515.0
ZIONP,33.44909234411997,4140.6,4865.25,5873.0,5882.0
PATK,33.43330702446725,467060.0,498690.0,2736.0,2817.0
EDTK,33.417521704814526,6280.0,12970.0,5748.0,5521.5
SRV,33.401736385161804,49460.0,61665.0,4718.5,4648.0
NATH,33.385951065509076,31620.0,22760.0,5008.0,5257.0
EPD,33.370165745856355,3671620.0,3399070.0,645.0,786.0
IMKTA,33.354380426203626,120120.0,130915.0,4067.0,4089.0
NJR,33.338595106550905,533960.0,668750.0,2598.0,2525.0
COLAU,33.32280978689818,0.0,0.0,6288.0,6278.5
PTA,33.30702446724546,116940.0,114235.0,4096.0,4202.0
CRBD,33.29123914759274,25060.0,35060.0,5157.0,5014.0
JD,33.27545382794001,14436720.0,9676825.0,153.0,256.0
PAPL,33.25966850828729,33840.0,99815.0,4955.0,4308.0
SCM,33.24388318863457,143120.0,234900.0,3904.0,3562.0
SERA,33.22809786898185,22400.0,35310.0,5210.5,5011.0
DSU,33.21231254932913,229040.0,277125.0,3457.0,3411.0
NKLR,33.196527229676406,177420.0,449105.0,3710.0,2933.0
JBIO,33.18074191002368,950040.0,850370.0,1927.0,2241.0
PSTL,33.164956590370956,281880.0,293540.0,3234.0,3351.0
PRDO,33.14917127071823,594120.0,728880.0,2479.0,2420.0
DAKT,33.133385951065506,349880.0,403290.0,3045.0,3060.0
GAB-PK,33.117600631412785,10865.6,7045.8,5537.0,5768.0
DOX,33.10181531176006,1010240.0,1254670.0,1864.0,1781.0
SRTA,33.08602999210734,710080.0,1117945.0,2267.0,1898.0
TWO,33.07024467245462,1524100.0,3396240.0,1421.0,787.0
LIEN,33.0544593528019,82760.0,55425.0,4356.0,4722.0
GNL,33.03867403314917,2435940.0,2476285.0,960.0,1070.0
BDTX,33.02288871349645,502220.0,628675.0,2670.0,2592.0
ETR,33.00710339384372,1830240.0,2483695.0,1239.0,1065.0
TDS-PV,32.991318074191,22537.6,28121.25,5206.0,5143.0
ENO,32.97553275453828,6820.0,6580.0,5722.0,5791.0
MSCI,32.95974743488556,690280.0,746295.0,2295.0,2392.0
CHSCP,32.943962115232836,16400.0,16915.0,5365.0,5405.0
TRS,32.928176795580114,386960.0,456785.0,2937.0,2914.0
CNM,32.912391475927386,1922040.0,1823050.0,1183.0,1361.0
ECF-PA,32.896606156274665,4078.4,2010.15,5875.0,6058.0
SR,32.88082083662194,406520.0,454765.0,2887.0,2919.0
JPM-PM,32.86503551696922,319593.6,270825.35,3125.0,3426.0
SNN,32.84925019731649,1072820.0,1565495.0,1796.5,1551.0
PCG-PB,32.83346487766377,6376.6,5161.2,5744.0,5858.0
GAB-PG,32.81767955801105,6940.8,4742.95,5714.0,5893.0
AEFC,32.80189423835832,36560.0,42595.0,4904.0,4895.0
STRC,32.7861089187056,1236400.0,1344550.0,1634.0,1711.0
COOK,32.77032359905288,54080.0,63260.0,4660.5,4622.0
ROG,32.75453827940016,180840.0,239610.0,3693.0,3547.0
AEP,32.73875295974744,2628040.0,3760705.0,893.0,720.0
AMH-PH,32.722967640094716,8028.4,7654.0,5654.0,5743.0
PSIX,32.707182320441994,379060.0,556780.0,2957.0,2708.0
SWAG,32.691397000789266,59600.0,43305.0,4596.0,4884.5
KOPN,32.67561168113654,4277700.0,4599115.0,548.0,607.0
RIV,32.659826361483816,378580.0,144770.0,2959.0,3997.0
BGM,32.644041041831095,918280.0,259935.0,1962.0,3465.0
NCDL,32.62825572217837,121920.0,193160.0,4052.0,3747.0
CMS-PB,32.61247040252565,399.4,527.0,6167.0,6172.0
MLCI,32.59668508287293,41880.0,43585.0,4814.0,4877.0
WLDS,32.5808997632202,201800.0,4747745.0,3589.0,582.0
WH,32.56511444356748,1051160.0,1395700.0,1819.0,1659.0
TMUSI,32.54932912391476,25900.0,45440.0,5134.5,4855.0
STT-PG,32.53354380426204,40720.8,44270.45,4832.0,4871.0
BUR,32.51775848460932,1334940.0,1721205.0,1547.0,1434.0
NAMM,32.50197316495659,408640.0,406010.0,2880.0,3053.0
PTON,32.48618784530387,7757000.0,9220975.0,301.0,271.0
ROK,32.470402525651146,577120.0,891930.0,2513.5,2172.0
BBDO,32.45461720599842,76720.0,96525.0,4424.0,4332.0
PXLW,32.438831886345696,60660.0,40120.0,4585.0,4938.0
DTE,32.423046566692975,1221560.0,1383495.0,1647.0,1669.0
STWD,32.40726124704025,3807940.0,4684500.0,624.0,593.0
SPKL,32.39147592738753,10660.0,25320.0,5547.0,5199.5
SPE,32.37569060773481,32900.0,27585.0,4979.5,5152.0
ATNM,32.35990528808209,302840.0,177820.0,3177.0,3823.0
DLR-PL,32.34411996842936,19541.0,19333.9,5283.0,5342.0
GDV-PK,32.32833464877663,12806.0,11398.55,5468.0,5580.0
TXMD,32.31254932912391,26840.0,19515.0,5111.0,5334.0
ISD,32.29676400947119,174760.0,151645.0,3724.0,3955.0
BLRX,32.28097868981847,10080.0,8265.0,5567.5,5713.0
SOJE,32.26519337016575,55000.0,54250.0,4647.0,4735.0
UZF,32.249408050513026,6260.0,4805.0,5750.0,5889.0
NPV,32.233622730860304,113380.0,81425.0,4115.0,4441.0
DTG,32.217837411207576,19880.0,22725.0,5270.0,5261.0
AMH-PG,32.202052091554854,7083.0,7200.0,5704.0,5760.0
CODI-PA,32.18626677190213,3428.4,5150.35,5910.0,5859.0
LGCY,32.170481452249405,37120.0,48520.0,4893.0,4806.0
MUX,32.15469613259668,1605240.0,1044070.0,1358.0,1970.0
INVA,32.13891081294396,545660.0,679720.0,2572.0,2505.0
NVNO,32.12312549329124,12720.0,14465.0,5473.0,5464.0
SPOK,32.10734017363851,199880.0,176240.0,3599.0,3830.0
VTVT,32.09155485398579,48380.0,105030.0,4733.0,4267.0
AMPY,32.07576953433307,1978640.0,958580.0,1159.0,2084.0
GDV-PH,32.05998421468035,6870.4,6096.2,5720.0,5820.0
FPI,32.04419889502763,399120.0,427685.0,2908.0,2997.0
ANDE,32.028413575374906,299280.0,337980.0,3190.0,3220.0
NMFC,32.012628255722184,449460.0,567650.0,2783.0,2687.0
MARPS,31.996842936069452,2200.0,3540.0,5981.0,5952.0
BML-PG,31.98105761641673,6938.4,4898.85,5715.0,5879.0
SUI,31.96527229676401,4823660.0,2559125.0,489.0,1044.0
BPYPM,31.949486977111285,18340.0,21195.0,5309.5,5298.0
MUA,31.933701657458563,391520.0,343435.0,2925.0,3209.0
IRD,31.917916337805842,604060.0,810990.0,2453.0,2297.0
RIV-PA,31.902131018153117,9578.0,6543.0,5601.0,5793.0
EFSCP,31.886345698500396,1100.0,1660.0,6079.5,6087.5
AB,31.870560378847674,275040.0,262640.0,3262.0,3456.0
NGVC,31.85477505919495,162640.0,164615.0,3798.0,3878.0
GAB-PH,31.838989739542228,12154.0,8463.55,5486.0,5702.0
STAG,31.8232044198895,1098060.0,1637850.0,1765.0,1498.0
STRF,31.80741910023678,55080.0,72345.0,4645.0,4522.0
FLG-PU,31.791633780584057,13742.4,6485.25,5441.0,5795.0
TLS,31.775848460931332,474880.0,456775.0,2720.0,2915.0
MMS,31.76006314127861,505220.0,658290.0,2662.0,2542.0
HOVNP,31.74427782162589,2460.0,6045.0,5969.0,5825.0
UAA,31.728492501973165,8700140.0,9289110.0,271.0,269.0
TVAIU,31.712707182320443,200.0,155.0,6195.5,6221.5
EGHT,31.696921862667722,970660.0,1775780.0,1903.0,1395.0
NVAX,31.681136543014997,4227900.0,3499435.0,561.0,765.0
ETX           ,31.665351223362276,22500.0,14905.0,5208.0,5456.0
PDD,31.649565903709547,6381460.0,5771610.0,366.0,469.0
ABR-PD,31.633780584056826,16882.0,12860.5,5352.0,5527.0
WDC,31.617995264404104,8869280.0,8575880.0,265.0,301.0
FGSN,31.60220994475138,18680.0,18570.0,5300.5,5364.0
TPGXL,31.58642462509866,21520.0,16315.0,5236.0,5421.0
VLT,31.570639305445937,14700.0,29395.0,5414.5,5116.0
MITT-PA,31.554853985793212,4984.4,4468.95,5827.0,5910.0
XELLL,31.53906866614049,99060.0,62305.0,4230.5,4641.0
RGR,31.52328334648777,132260.0,122310.0,3985.5,4137.0
WERN,31.507498026835044,864160.0,1347410.0,2044.0,1706.0
BML-PH,31.491712707182316,33794.8,20854.4,4956.0,5306.0
AIZN,31.475927387529595,10580.0,12195.0,5553.5,5543.0
NHS,31.460142067876873,138700.0,170635.0,3939.0,3848.0
PSBD,31.444356748224152,94240.0,122190.0,4266.5,4139.0
BOH-PA,31.428571428571427,16748.6,10852.0,5359.0,5605.0
ASB-PF,31.412786108918706,7159.8,9154.7,5703.0,5667.0
LSTR,31.397000789265984,451260.0,561985.0,2777.5,2696.0
SSYS,31.38121546961326,1093440.0,597035.0,1773.0,2642.0
SF-PD,31.365430149960538,26541.6,20450.05,5116.0,5313.0
GIFT,31.349644830307817,21560.0,79055.0,5234.0,4463.0
SIGIP,31.333859510655092,7480.0,6270.0,5680.0,5810.0
EOS,31.318074191002367,118780.0,151550.0,4080.0,3956.0
TRTX,31.302288871349642,716100.0,897485.0,2253.0,2164.0
NBXG,31.28650355169692,184680.0,197045.0,3675.0,3726.0
NVT,31.2707182320442,1920560.0,2291410.0,1185.0,1142.0
BRW,31.254932912391475,251820.0,232460.0,3358.0,3571.0
LKQ,31.239147592738753,3277260.0,3788680.0,718.0,715.0
TMUS,31.223362273086032,3946620.0,5066445.0,603.0,539.0
DTB,31.207576953433307,26540.0,20515.0,5117.0,5312.0
HEPS,31.191791633780586,234360.0,163300.0,3437.0,3885.0
GGAL,31.176006314127864,741540.0,726035.0,2216.0,2424.0
GDS,31.16022099447514,2826740.0,1978905.0,835.0,1278.0
ABR-PF,31.14443567482241,7443.0,9065.1,5681.0,5668.0
TH,31.12865035516969,936420.0,1161405.0,1943.0,1854.0
DXR,31.11286503551697,1600.0,1545.0,6030.0,6091.0
ALL-PI,31.097079715864247,37055.4,32098.95,4895.0,5072.0
TITN,31.081294396211522,165280.0,190245.0,3774.0,3765.0
COLM,31.0655090765588,671720.0,741710.0,2331.0,2400.0
CMI,31.04972375690608,688860.0,978460.0,2297.0,2055.0
CHSN,31.033938437253354,115140.0,192270.0,4105.0,3753.0
TPR,31.018153117600633,5131500.0,2926235.0,466.0,903.0
SMID,31.00236779794791,19780.0,15190.0,5275.0,5451.0
CLPS,30.986582478295187,4240.0,10010.0,5867.0,5637.5
CCAP,30.970797158642462,216340.0,228150.0,3509.0,3589.0
BIPC,30.955011838989737,661340.0,1146060.0,2351.0,1865.0
GEV,30.939226519337016,2033060.0,2387175.0,1126.0,1107.0
GBR,30.923441199684294,26400.0,28725.0,5121.5,5133.0
XBIT,30.90765588003157,38120.0,27595.0,4878.0,5151.0
NMI,30.891870560378848,20180.0,23400.0,5261.0,5247.0
SILC,30.876085240726127,320600.0,212465.0,3122.0,3658.0
RZLV,30.860299921073402,9332660.0,8645330.0,253.0,299.0
RSI,30.84451460142068,1904960.0,2832655.0,1198.0,944.0
PFH,30.82872928176796,24080.0,32860.0,5180.0,5059.0
WMT,30.81294396211523,20871200.0,21920855.0,97.0,102.0
CLIK,30.797158642462506,19360.0,39165.0,5288.0,4949.0
UA,30.781373322809785,2619455.2,2895330.55,897.0,918.0
SOMN,30.765588003157063,19520.0,38005.0,5284.5,4970.0
ACR-PD,30.749802683504342,10933.6,6992.75,5533.0,5773.0
BAC-PE,30.734017363851617,24190.0,29132.65,5179.0,5122.0
TGS,30.718232044198896,211120.0,207205.0,3543.0,3678.0
BTQ,30.702446724546174,1815020.0,1519930.0,1251.0,1574.0
LRN,30.68666140489345,759740.0,1237720.0,2186.0,1788.0
ASB-PE,30.670876085240728,3262.2,6376.3,5920.0,5799.0
MS-PK,30.655090765588007,106579.8,87613.35,4168.0,4398.0
INFY,30.63930544593528,16518900.0,23674080.0,128.0,87.0
CTMX,30.623520126282557,2528260.0,2267580.0,927.0,1150.0
STK,30.607734806629832,52760.0,73685.0,4673.0,4510.0
KMI,30.59194948697711,11464880.0,10673725.0,201.0,227.0
RMTI,30.57616416732439,31880.0,27970.0,5002.0,5145.0
PSA-PG,30.560378847671664,14951.6,16787.2,5402.0,5408.0
EME,30.544593528018943,316400.0,425050.0,3144.0,3006.0
GBX,30.528808208366222,369020.0,376120.0,2991.0,3128.0
RM,30.513022888713497,119800.0,112255.0,4071.0,4214.0
AMT,30.497237569060776,1838560.0,2893495.0,1236.0,921.0
AXS-PE,30.481452249408054,39353.8,45331.75,4859.0,4856.0
RAND,30.465666929755326,2140.0,2275.0,5985.0,6035.5
HR,30.4498816101026,3043400.0,3660035.0,775.0,741.0
UNFI,30.43409629044988,444420.0,467875.0,2794.0,2895.0
MDXH,30.418310970797158,69785140.0,17618425.0,10.0,132.0
LNT,30.402525651144437,2175600.0,2669085.0,1077.0,1003.0
MET-PE,30.386740331491712,142107.6,80333.5,3913.0,4450.0
DRIO,30.37095501183899,14940.0,29195.0,5403.5,5120.0
MS-PL,30.35516969218627,54639.6,37761.8,4653.0,4972.0
XMTR,30.339384372533544,414820.0,701430.0,2857.0,2469.0
VERA,30.323599052880823,2417100.0,2157505.0,967.0,1202.0
ANG-PD,30.3078137332281,14169.6,11932.35,5431.0,5556.0
CMC,30.292028413575373,1094040.0,1064610.0,1770.5,1950.0
TCMD,30.276243093922652,460680.0,361985.0,2753.0,3159.0
SKYQ,30.260457774269927,1338220.0,5038400.0,1545.0,543.0
BBAR,30.244672454617206,937280.0,593910.0,1940.0,2647.0
ELOG,30.228887134964484,1960.0,5710.0,6005.5,5838.0
LND,30.21310181531176,74240.0,40230.0,4443.0,4934.0
LYB,30.197316495659038,4525760.0,4648585.0,521.0,597.0
MCD,30.181531176006317,4021340.0,4632935.0,590.0,600.0
DRS,30.165745856353592,673560.0,815890.0,2330.0,2291.0
PEG,30.14996053670087,2377540.0,2868960.0,981.0,931.0
CMS,30.134175217048142,3558380.0,3973565.0,668.0,697.0
LSAK,30.11838989739542,122520.0,119045.0,4047.0,4168.0
CPA,30.102604577742696,266640.0,318740.0,3292.0,3276.0
OVBC,30.086819258089974,47060.0,40470.0,4750.0,4930.0
PEP,30.071033938437253,6028240.0,7097400.0,381.0,370.0
PSA-PH,30.055248618784532,16083.0,19863.7,5374.0,5323.0
ALL-PH,30.039463299131807,179874.0,118790.7,3699.0,4171.0
DIOD,30.023677979479086,1232580.0,680070.0,1640.0,2503.0
ABR-PE,30.007892659826364,4426.2,6278.35,5860.0,5809.0
GCO,29.99210734017364,241720.0,189110.0,3397.0,3769.0
TCPA,29.976322020520918,27760.0,23485.0,5098.0,5245.0
KF,29.96053670086819,27920.0,31585.0,5096.0,5080.0
HOLO,29.944751381215468,189580.0,243290.0,3653.0,3530.0
FTEK,29.928966061562747,144600.0,143525.0,3897.5,4004.0
ARW,29.913180741910022,618600.0,629000.0,2435.0,2591.0
WCC,29.8973954222573,473580.0,659080.0,2721.0,2541.0
ECC           ,29.88161010260458,727120.0,850710.0,2234.0,2239.0
WRB-PE,29.865824782951854,21200.6,13525.35,5241.0,5497.0
FER,29.850039463299133,1203240.0,1615920.0,1665.0,1518.0
NABL,29.83425414364641,3103500.0,2384075.0,756.0,1109.0
TWAV,29.818468823993687,38960.0,47225.0,4868.0,4823.0
PRTA,29.802683504340965,331140.0,485515.0,3097.0,2855.0
MGRE,29.786898184688237,17840.0,19540.0,5324.0,5333.0
OMSE,29.771112865035516,20560.0,20550.0,5252.5,5311.0
BG,29.75532754538279,860520.0,1359125.0,2048.0,1690.0
DTK,29.73954222573007,33520.0,38095.0,4962.0,4968.0
HOUR,29.723756906077348,11860.0,19225.0,5496.0,5346.0
GITS,29.707971586424627,86180.0,117945.0,4332.0,4177.0
GSM,29.692186266771902,1478620.0,1874905.0,1442.0,1337.0
LUCD,29.67640094711918,971580.0,1072380.0,1900.0,1937.0
CRH,29.66061562746646,3983540.0,4699945.0,596.0,591.0
BEP,29.644830307813734,893280.0,1044775.0,2000.0,1969.0
MIDD,29.629044988161013,793620.0,626905.0,2141.0,2596.0
SRTS,29.613259668508285,43740.0,22715.0,4785.0,5262.0
DMO,29.597474348855563,30820.0,44440.0,5024.0,4867.0
VMI,29.581689029202842,157760.0,202665.0,3820.0,3699.0
CNP,29.565903709550117,4175120.0,6163825.0,575.0,435.0
OFLX,29.550118389897396,37900.0,41530.0,4882.0,4908.0
ACR-PC,29.534333070244674,31128.0,21209.25,5019.0,5296.0
SSBI,29.51854775059195,3260.0,6255.0,5921.0,5812.0
ANIP,29.502762430939228,271820.0,359655.0,3279.0,3170.0
SOJD,29.486977111286507,78480.0,77935.0,4409.0,4470.0
BLBD,29.47119179163378,696100.0,617700.0,2285.0,2609.0
PRVA,29.455406471981053,896360.0,1261690.0,1995.0,1775.0
UZE,29.439621152328332,7500.0,6095.0,5678.5,5821.0
ZTS,29.42383583267561,5521360.0,6917765.0,430.0,379.0
FTW,29.408050513022886,152420.0,109325.0,3844.0,4231.0
EIC,29.392265193370164,101860.0,93170.0,4209.0,4354.0
CCIIW,29.376479873717443,220.0,5105.0,6191.0,5862.5
PRH,29.36069455406472,54840.0,45875.0,4648.5,4846.0
ITUB,29.344909234411997,21412780.0,20797950.0,92.0,110.0
LVS,29.329123914759275,3635120.0,5409390.0,653.0,499.0
PLOW,29.313338595106554,248180.0,335670.0,3371.0,3227.0
GRNT,29.29755327545383,779900.0,780555.0,2156.0,2337.0
ALAB,29.2817679558011,4178400.0,4819790.0,574.0,572.0
NFGC,29.26598263614838,1438320.0,1410360.0,1472.0,1643.0
NEWT,29.250197316495658,203140.0,233965.0,3583.0,3569.0
LIVE,29.234411996842937,8040.0,11850.0,5652.5,5559.0
HYFT,29.218626677190212,189600.0,254820.0,3652.0,3484.0
TUSK,29.20284135753749,264520.0,244380.0,3301.5,3523.0
MEOH,29.18705603788477,677280.0,860555.0,2320.0,2216.0
ASPN,29.171270718232044,879480.0,1759795.0,2017.0,1404.0
YDES,29.155485398579323,65220.0,43445.0,4522.0,4880.5
STRD,29.1397000789266,79060.0,121010.0,4400.0,4149.0
ZNTL,29.123914759273877,1972640.0,1160900.0,1161.0,1856.0
RDIB,29.10812943962115,978.2,5423.0,6097.0,5847.0
LAZ,29.092344119968427,1373120.0,1694940.0,1516.0,1458.0
YUM,29.076558800315706,2367960.0,2398520.0,986.0,1101.0
SF-PC,29.06077348066298,18816.0,17525.55,5299.0,5390.0
MLI,29.04498816101026,989420.0,1133410.0,1884.0,1879.0
PHAR,29.029202841357538,22000.0,22885.0,5223.0,5256.0
CMSC,29.013417521704817,10080.0,13405.0,5567.5,5504.0
MGY,28.997632202052092,2813140.0,4632350.0,841.0,601.0
GUT-PC,28.98184688239937,4819.8,3408.2,5835.0,5959.0
SQM,28.96606156274665,854520.0,899545.0,2058.0,2163.0
FLWS,28.950276243093924,215420.0,220750.0,3515.0,3619.0
ADI,28.934490923441196,4036900.0,3989380.0,588.0,692.0
PCG-PG,28.918705603788474,537.8,650.2,6144.0,6161.0
MSB,28.902920284135753,30000.0,36415.0,5049.0,4990.0
PAGS,28.88713496448303,2885180.0,2753095.0,821.0,968.0
GUG,28.871349644830307,147800.0,105395.0,3879.0,4265.0
CMSA,28.855564325177586,10660.0,12865.0,5547.0,5526.0
TXT,28.839779005524864,1194220.0,1782430.0,1674.0,1391.0
BHFAL,28.82399368587214,32000.0,30550.0,4996.0,5098.0
FLO,28.808208366219418,4476600.0,5289920.0,528.0,516.0
WHR,28.792423046566697,1847460.0,2363665.0,1226.0,1119.0
LULU,28.776637726913968,2873640.0,2561440.0,824.0,1041.0
TDS-PU,28.760852407261243,22339.2,29349.65,5212.0,5118.0
GGB,28.745067087608522,9401820.0,12199820.0,250.0,192.0
PVL,28.7292817679558,50800.0,45170.0,4698.0,4860.0
SBR,28.713496448303076,33360.0,40160.0,4966.5,4937.0
BGMS,28.697711128650354,9520.0,30885.0,5604.0,5094.0
IRMD,28.681925808997633,101400.0,129730.0,4214.0,4092.0
TFC-PO,28.66614048934491,49710.8,46059.85,4714.0,4842.0
DUKB,28.650355169692187,48460.0,42070.0,4729.5,4899.5
PLG,28.634569850039465,1250020.0,1002970.0,1622.0,2026.0
HFFG,28.618784530386744,137140.0,394860.0,3955.0,3087.0
LOPE,28.602999210734016,226100.0,306635.0,3468.0,3312.0
RGS,28.58721389108129,6680.0,6100.0,5729.0,5819.0
INDO,28.57142857142857,117980.0,226960.0,4085.0,3592.0
TMUSZ,28.555643251775848,9700.0,47395.0,5591.0,4819.0
REFI,28.539857932123127,187420.0,168450.0,3663.0,3857.0
AGMH,28.524072612470402,77680.0,87990.0,4413.0,4396.5
VCYT,28.50828729281768,1520620.0,1396820.0,1425.0,1656.0
BKTI,28.49250197316496,49100.0,36920.0,4725.0,4980.5
NVGS,28.476716653512234,393300.0,423155.0,2919.0,3007.0
FULTP,28.460931333859513,16800.0,16365.0,5356.5,5420.0
FICO,28.44514601420679,258400.0,397360.0,3334.0,3078.0
PWR,28.429360694554063,1119980.0,1213130.0,1740.0,1813.0
BUD,28.413575374901338,1525900.0,1929190.0,1417.0,1302.0
IPI,28.397790055248617,167660.0,185075.0,3760.0,3785.0
HDB,28.382004735595896,6357760.0,8108695.0,368.0,314.0
EEIQ,28.36621941594317,9920.0,11065.0,5573.5,5594.0
VNOM,28.35043409629045,1484840.0,1664820.0,1438.0,1477.0
UNIT,28.334648776637728,2030340.0,2410380.0,1129.0,1094.0
SVC,28.318863456985007,1358180.0,1601495.0,1529.0,1529.0
ZTO,28.30307813733228,1999420.0,2012090.0,1144.0,1261.0
UIS,28.28729281767956,593400.0,738305.0,2480.0,2405.0
TFII,28.27150749802684,223540.0,361570.0,3478.0,3161.0
ARAY,28.25572217837411,945360.0,1488495.0,1930.0,1595.0
CCJ,28.239936858721386,2319240.0,3027635.0,1007.0,868.0
NTCT,28.224151539068664,607520.0,591025.0,2448.0,2651.0
WB,28.208366219415943,1018500.0,794065.0,1849.0,2318.0
DLPN,28.19258089976322,15280.0,15310.0,5392.0,5449.0
SLB,28.176795580110497,7461980.0,11458300.0,314.0,207.0
NGL,28.161010260457775,311300.0,255255.0,3159.5,3480.0
OCG,28.145224940805054,79000.0,221050.0,4401.0,3616.0
IBM,28.12943962115233,5494300.0,7516205.0,434.0,344.0
SLE,28.113654301499608,14647400.0,3673285.0,152.0,739.0
CAAP,28.09786898184688,311600.0,193295.0,3156.0,3744.0
FIS,28.082083662194158,4557900.0,6544730.0,518.0,409.0
WFC-PY,28.066298342541433,74477.8,64865.65,4441.0,4604.0
WMB,28.050513022888712,5677200.0,6324145.0,416.0,426.0
CBAT,28.03472770323599,126320.0,262195.0,4023.0,3457.0
LEDS,28.018942383583266,34100.0,75390.0,4952.0,4493.0
ATII,28.003157063930544,108200.0,175645.0,4152.5,3834.0
JYNT,27.987371744277823,68760.0,62925.0,4490.5,4629.0
VC,27.9715864246251,344660.0,461040.0,3054.0,2907.0
PAAS,27.955801104972377,5696080.0,4217475.0,415.0,657.0
CEG,27.940015785319655,2533220.0,2813840.0,925.0,947.0
AGI,27.924230465666927,3891440.0,5006490.0,611.0,549.0
BKV,27.908445146014206,878980.0,957290.0,2019.0,2087.0
RQI,27.89265982636148,448880.0,531220.0,2786.0,2751.0
PBR,27.87687450670876,15035280.0,15256085.0,147.0,146.0
FCFS,27.861089187056038,224720.0,436630.0,3474.0,2968.0
TKC,27.845303867403317,1438640.0,2731600.0,1471.0,977.0
KKRT,27.82951854775059,65140.0,69690.0,4524.0,4552.0
FSHPU,27.81373322809787,40.0,15.0,6233.5,6255.0
NGG,27.79794790844515,1005320.0,794845.0,1869.0,2317.0
CNTY,27.782162588792424,42980.0,71795.0,4798.0,4528.0
DBD,27.766377269139703,255000.0,320950.0,3342.0,3269.0
VINP,27.750591949486974,48420.0,36740.0,4732.0,4985.0
DAVA,27.734806629834253,200940.0,264190.0,3597.0,3453.0
UNMA,27.719021310181528,31060.0,28390.0,5020.0,5136.5
DEC,27.703235990528807,1116200.0,920780.0,1746.0,2133.0
CMSD,27.687450670876085,128480.0,62410.0,4010.0,4638.0
UTHR,27.67166535122336,427380.0,521045.0,2830.0,2772.0
CTS,27.65588003157064,147980.0,212985.0,3876.0,3655.0
SOJC,27.640094711917918,34920.0,31055.0,4936.0,5091.0
BNT,27.624309392265197,12080.0,15120.0,5489.0,5453.0
COST,27.60852407261247,1443820.0,1791375.0,1464.0,1385.0
KOS,27.59273875295975,10696400.0,12712760.0,216.0,177.0
MTX,27.576953433307022,154340.0,264795.0,3836.0,3448.0
FGBIP,27.5611681136543,6020.0,4505.0,5769.5,5908.0
IMXI,27.545382794001576,2011960.0,847310.0,1139.0,2248.0
SOGP,27.529597474348854,8080.0,12290.0,5649.0,5541.0
BFS-PE,27.513812154696133,1995.6,2297.4,6002.0,6032.0
RBC,27.49802683504341,207160.0,236285.0,3560.0,3560.0
LIN,27.482241515390687,2111220.0,2231545.0,1096.0,1172.0
IPSC,27.466456195737965,457840.0,583435.0,2761.0,2660.0
MET-PA,27.450670876085244,59310.0,41385.45,4600.0,4913.0
USAS,27.43488555643252,5070020.0,4774565.0,471.0,580.0
GNSS,27.41910023677979,107920.0,81865.0,4155.0,4438.0
BN,27.40331491712707,4273880.0,4619565.0,549.0,604.0
VRA,27.387529597474348,75800.0,108410.0,4434.0,4239.0
VLGEA,27.371744277821623,57560.0,45860.0,4618.0,4847.0
SF-PB,27.3559589581689,17710.2,10443.3,5326.0,5620.0
NMS,27.34017363851618,19640.0,28295.0,5279.0,5138.0
PXED,27.324388318863456,110360.0,119500.0,4132.0,4162.5
MMLP,27.308602999210734,12680.0,12025.0,5475.0,5547.5
VTS,27.292817679558013,427460.0,500070.0,2829.0,2811.0
GIBO,27.27703235990529,320.0,6345.0,6176.5,5804.0
TPL,27.261247040252567,329020.0,370260.0,3102.0,3144.0
ABR,27.245461720599838,4267260.0,4264990.0,550.0,647.0
STEP,27.229676400947117,1037880.0,1428570.0,1833.0,1633.0
TFC-PI,27.213891081294395,30659.4,24450.5,5029.0,5222.0
TBB,27.19810576164167,118540.0,110745.0,4083.0,4224.0
ISBA,27.18232044198895,57180.0,65780.0,4625.0,4591.0
FIX,27.166535122336228,409260.0,488805.0,2877.0,2845.0
HON,27.150749802683507,2514900.0,3349435.0,935.0,799.0
CAT,27.13496448303078,2677080.0,3118475.0,879.0,850.0
PIPR,27.11917916337806,460080.0,536650.0,2756.0,2740.0
CEPU,27.10339384372534,205600.0,234240.0,3569.0,3566.0
GPJA,27.087608524072614,15380.0,17905.0,5391.0,5380.0
DTW,27.071823204419886,32880.0,25150.0,4981.0,5205.0
MGRX,27.056037884767164,10577220.0,39683270.0,219.0,38.0
FBRT,27.040252565114443,1214560.0,1458690.0,1656.0,1619.0
SUNS,27.024467245461718,141420.0,88255.0,3916.0,4394.0
VMD,27.008681925808997,448100.0,453070.0,2788.0,2927.0
OKYO,26.992896606156275,83240.0,86280.0,4355.0,4409.0
SD,26.97711128650355,314120.0,311085.0,3150.0,3299.0
EQT,26.96132596685083,6457180.0,6376055.0,357.0,421.0
DHC,26.945540647198108,1305820.0,1867600.0,1571.0,1344.0
MFIC,26.929755327545386,551660.0,621250.0,2559.0,2603.0
HGV,26.91397000789266,1024500.0,1169835.0,1843.0,1843.0
SSII,26.898184688239933,33600.0,71495.0,4960.0,4531.5
VICI,26.882399368587212,8730580.0,9985795.0,270.0,246.0
LZB,26.86661404893449,978280.0,519880.0,1892.0,2775.0
NEN,26.850828729281766,680.0,515.0,6128.5,6174.5
MDU,26.835043409629044,1212020.0,1499215.0,1658.0,1589.0
STRK,26.819258089976323,91160.0,87355.0,4299.0,4400.0
AXSM,26.8034727703236,554340.0,696355.0,2554.0,2476.0
ASLE,26.787687450670877,367020.0,427055.0,3003.0,2999.0
EARN,26.771902131018155,362420.0,420360.0,3014.0,3013.0
AVA,26.756116811365434,583020.0,653275.0,2501.0,2554.0
PLBY,26.74033149171271,543260.0,921950.0,2581.0,2130.0
RECT,26.72454617205998,8860.0,57010.0,5622.5,4704.0
EDN,26.70876085240726,123060.0,87990.0,4044.0,4396.5
RYOJ,26.692975532754538,62840.0,86310.0,4549.0,4408.0
KRUS,26.677190213101813,147460.0,175575.0,3881.0,3835.0
CTNT,26.66140489344909,539720.0,476395.0,2586.0,2872.0
UTSI,26.64561957379637,6020.0,7890.0,5769.5,5731.0
MITT-PB,26.629834254143645,11704.2,10135.2,5505.0,5629.0
TMUSL,26.614048934490924,28580.0,26205.0,5083.0,5175.0
USAC,26.598263614838203,389480.0,291420.0,2931.0,3360.0
LBTYB,26.58247829518548,5900.0,2805.0,5773.5,5990.0
SPWH,26.566692975532753,239440.0,325525.0,3410.0,3252.0
TNYA,26.550907655880028,2343380.0,2054640.0,994.0,1242.0
SRE,26.535122336227307,3347260.0,3748400.0,698.0,724.0
FENG,26.519337016574585,1780.0,2220.0,6015.0,6043.0
KEYS,26.50355169692186,2197840.0,1358280.0,1061.0,1693.0
NNDM,26.48776637726914,1441120.0,1957075.0,1467.0,1288.0
CMRE,26.471981057616418,392020.0,351955.0,2923.0,3186.0
MRKR,26.456195737963697,79120.0,56505.0,4398.0,4710.0
CWH,26.44041041831097,1631280.0,2228800.0,1339.0,1175.0
LZ,26.42462509865825,3026580.0,3286040.0,780.0,809.0
AHL-PE,26.40883977900553,10833.2,14448.85,5538.0,5465.0
BCV-PA,26.3930544593528,3275.8,1449.0,5919.0,6095.0
JLS,26.377269139700076,47840.0,32070.0,4738.0,5074.0
CW,26.361483820047354,338760.0,283700.0,3071.0,3387.0
HBANM,26.345698500394633,25580.0,14470.0,5144.0,5463.0
CECO,26.329913180741908,819560.0,1097275.0,2103.0,1914.0
MGNX,26.314127861089187,743020.0,673000.0,2213.0,2515.0
WHLRD,26.298342541436465,140.0,180.0,6204.5,6218.0
MLTX,26.28255722178374,1158620.0,1273015.0,1708.0,1760.0
BEP-PA,26.26677190213102,12774.0,11984.65,5471.0,5554.0
VSNT,26.250986582478298,1452080.0,1816715.0,1462.0,1366.0
MED,26.235201262825576,105640.0,194730.0,4174.0,3737.0
PEW,26.219415943172848,415080.0,304030.0,2856.0,3316.0
T-PC,26.203630623520123,194058.8,206774.55,3622.0,3680.0
ZOOZ,26.1878453038674,1800.0,3995.0,6012.5,5942.0
UTG,26.17205998421468,234280.0,276000.0,3438.0,3414.0
KNOP,26.156274664561955,36240.0,43020.0,4911.5,4892.0
PLXS,26.140489344909234,245620.0,328165.0,3386.0,3243.0
INM,26.124704025256513,98540.0,2798485.0,4237.0,953.0
BSAA,26.10891870560379,3020.0,7550.0,5936.0,5747.0
RYAAY,26.093133385951067,1145900.0,1142730.0,1721.0,1870.0
NKE,26.077348066298345,33428240.0,24703840.0,43.0,82.0
NOA,26.061562746645624,107800.0,70770.0,4157.0,4539.0
MGX,26.045777426992895,156920.0,118560.0,3825.0,4173.0
MLP,26.02999210734017,28140.0,23070.0,5093.0,5250.0
BTE,26.01420678768745,11064820.0,15222845.0,209.0,147.0
CSCO,25.998421468034728,30367220.0,23189975.0,54.0,91.0
GNLX,25.982636148382003,347480.0,309405.0,3048.0,3301.0
INBX,25.96685082872928,274620.0,219495.0,3264.0,3625.0
OLED,25.95106550907656,693480.0,787320.0,2289.0,2327.0
CGNX,25.935280189423835,2485260.0,2482090.0,942.0,1067.0
XRTX,25.919494869771114,5820.0,12585.0,5778.0,5536.0
RAIL,25.903709550118393,179000.0,198375.0,3703.0,3719.0
OPP-PA,25.887924230465664,11886.4,7584.0,5494.0,5746.0
GOTU,25.872138910812943,180380.0,286745.0,3696.0,3376.0
PRS,25.856353591160218,40460.0,39535.0,4837.0,4941.0
DNA,25.840568271507497,1366820.0,1120585.0,1523.0,1893.0
TANH,25.824782951854775,1801200.0,751765.0,1261.0,2385.0
RIBBU,25.80899763220205,220.0,110.0,6191.0,6231.0
HGBL,25.79321231254933,486520.0,285235.0,2700.0,3384.0
CME,25.777426992896608,1988280.0,2030580.0,1152.0,1253.0
EVI,25.761641673243886,63080.0,127710.0,4548.0,4104.0
NL,25.74585635359116,30260.0,37360.0,5039.0,4976.0
MDLN,25.73007103393844,5407060.0,7313925.0,445.0,361.0
SNAP,25.71428571428571,37634380.0,41579090.0,32.0,33.0
SIM,25.69850039463299,580.0,35985.0,6141.0,4997.0
RDWR,25.682715074980266,183520.0,244130.0,3681.0,3527.0
NOVTU,25.666929755327544,24920.0,27380.0,5161.0,5156.0
CVLG,25.651144435674823,140640.0,229775.0,3924.0,3584.0
WRN,25.635359116022098,822900.0,1008815.0,2096.0,2020.0
SEVN,25.619573796369377,101660.0,160320.0,4212.0,3896.0
CLM,25.603788476716655,4514760.0,2409935.0,522.0,1096.0
INEO,25.58800315706393,11260.0,113815.0,5519.0,4205.0
SFM,25.57221783741121,1466120.0,1898660.0,1452.0,1320.0
RWT,25.556432517758488,1429460.0,1961880.0,1476.0,1285.0
PDI,25.54064719810576,5995180.0,3555620.0,383.0,755.0
BCSF,25.524861878453038,502420.0,362085.0,2669.0,3158.0
PUK,25.509076558800313,1383780.0,1198330.0,1512.0,1828.0
MASK,25.49329123914759,316340.0,183055.0,3145.0,3799.0
CRF,25.47750591949487,3203740.0,1603525.0,736.0,1527.0
BV,25.461720599842145,877340.0,1358195.0,2022.0,1694.0
DOLE,25.445935280189424,1027860.0,1145460.0,1840.0,1866.0
NOVT,25.430149960536703,344940.0,433815.0,3053.0,2978.0
IVA,25.41436464088398,597840.0,712310.0,2468.0,2451.0
VST,25.398579321231257,3708460.0,4671595.0,637.0,594.0
TLRY,25.382794001578535,3531080.0,5035450.0,670.0,544.0
TJX,25.367008681925807,7136120.0,5463480.0,329.0,491.0
IPWR,25.351223362273085,425860.0,216275.0,2833.0,3637.0
SWBI,25.33543804262036,370000.0,398305.0,2988.0,3075.0
HGLB,25.31965272296764,82020.0,70375.0,4363.0,4547.0
NEGG,25.303867403314918,53920.0,86145.0,4664.0,4410.0
ELDN,25.288082083662193,910680.0,991815.0,1969.0,2040.0
CNDT,25.27229676400947,1000600.0,946915.0,1875.0,2101.0
WSC,25.25651144435675,2500240.0,2912085.0,939.0,910.0
XNET,25.240726124704025,250900.0,254830.0,3361.0,3483.0
AENT,25.224940805051304,8600.0,12680.0,5631.0,5532.0
TAC,25.209155485398576,1295860.0,1771085.0,1580.0,1399.0
HNRG,25.193370165745854,665860.0,868645.0,2344.0,2200.0
ILAG,25.177584846093133,1000.0,2385.0,6093.0,6026.0
ACIU,25.161799526440408,165200.0,206010.0,3776.0,3682.0
FISV,25.146014206787687,5914900.0,8427555.0,387.0,305.0
BKD,25.130228887134965,4008080.0,5397075.0,592.0,501.0
SEED,25.11444356748224,17980.0,433450.0,5321.0,2980.0
NERV,25.09865824782952,593360.0,250370.0,2481.0,3504.0
VISN,25.082872928176798,7885840.0,8394230.0,299.0,306.0
RVSB,25.067087608524076,80940.0,56185.0,4383.0,4715.0
RXO,25.05130228887135,1251360.0,2077935.0,1620.0,1237.0
SRZN,25.035516969218623,216080.0,279640.0,3510.0,3402.0
GNLN,25.0197316495659,191340.0,64990.0,3641.0,4603.0
CTXR,25.00394632991318,1238760.0,968800.0,1631.0,2067.0
NCEW,24.988161010260455,40.0,5320.0,6233.5,5853.0
WPRT,24.972375690607734,150820.0,84260.0,3857.5,4427.0
NSPR,24.956590370955013,239020.0,102175.0,3416.0,4286.0
BCYC,24.940805051302288,344420.0,322615.0,3055.0,3262.0
FIZZ,24.925019731649567,265520.0,336435.0,3297.0,3225.0
GOF,24.90923441199684,2035820.0,1363380.0,1125.0,1683.0
ADNT,24.89344909234412,1091460.0,1002660.0,1774.0,2028.0
QRVO,24.877663772691395,1032320.0,1300300.0,1837.0,1745.0
VOXR,24.861878453038674,533520.0,447380.0,2600.0,2939.0
ASPS,24.846093133385953,15420.0,25670.0,5388.0,5190.0
C-PN,24.830307813733228,193504.0,493894.35,3626.0,2829.0
PMT,24.814522494080503,1132900.0,1325025.0,1734.0,1725.0
CTOR,24.79873717442778,159560.0,136570.0,3815.0,4045.0
GAME,24.78295185477506,1571380.0,1349135.0,1383.0,1704.0
BEPC,24.767166535122335,1586700.0,2064705.0,1371.0,1240.0
MBIO,24.751381215469614,14980.0,31735.0,5401.0,5077.0
EVEX,24.73559589581689,682720.0,990910.0,2311.0,2042.0
ISRG,24.719810576164168,2201860.0,3139615.0,1057.0,844.0
PFLT,24.704025256511443,943120.0,1131200.0,1934.0,1881.0
SDRL,24.68823993685872,533900.0,722020.0,2599.0,2435.0
WTF,24.672454617206,10700.0,5400.0,5543.5,5849.0
VIST,24.656669297553275,1183740.0,977440.0,1684.0,2057.0
PDS,24.64088397790055,110680.0,138935.0,4128.0,4028.0
LPCN,24.62509865824783,27880.0,41895.0,5097.0,4901.0
WLDN,24.609313338595108,215980.0,269905.0,3511.0,3432.0
TELO,24.593528018942383,64520.0,64590.0,4529.0,4609.0
LMND,24.57774269928966,955020.0,1556630.0,1921.0,1555.0
HMR,24.561957379636937,63760.0,52765.0,4543.0,4755.0
TMQ,24.546172059984215,921860.0,1225265.0,1955.0,1801.0
KBDC,24.53038674033149,504520.0,406040.0,2664.0,3052.0
MBOT,24.51460142067877,1270900.0,758700.0,1594.0,2371.0
ASO,24.498816101026048,1702240.0,1238645.0,1310.0,1787.0
AMRZ,24.483030781373323,3427140.0,3638780.0,684.0,742.0
RDAC,24.467245461720598,3302360.0,829260.0,712.0,2279.0
AEIS,24.451460142067877,463840.0,712050.0,2745.0,2452.0
IDR,24.435674822415155,244740.0,234135.0,3387.0,3568.0
SSL,24.41988950276243,1191140.0,1105635.0,1678.0,1907.0
DAIO,24.404104183109705,53520.0,51915.0,4669.0,4762.5
KYIV,24.388318863456984,185620.0,389505.0,3670.0,3100.0
SSTI,24.372533543804263,396800.0,155870.0,2912.0,3925.0
NFLX,24.356748224151538,33303120.0,35214505.0,44.0,49.0
AMTM,24.340962904498816,2858460.0,2421970.0,828.0,1091.0
T-PA,24.325177584846095,399934.0,240355.9,2907.0,3544.0
NPKI,24.30939226519337,655300.0,855840.0,2366.0,2227.0
OPP-PB,24.293606945540645,7428.8,8059.25,5682.0,5724.0
TRN,24.277821625887924,619580.0,811630.0,2432.0,2296.0
BHR-PB,24.262036306235203,10239.2,7759.65,5560.0,5739.0
ABLV,24.246250986582478,28880.0,31110.0,5076.5,5089.0
LFCR,24.230465666929753,108880.0,135685.0,4141.0,4054.0
LHSW,24.21468034727703,107960.0,79295.0,4154.0,4460.0
GRO,24.19889502762431,191360.0,154975.0,3640.0,3930.0
CV,24.183109707971585,107540.0,97805.0,4159.0,4323.0
EVLV,24.167324388318864,2086360.0,2095150.0,1110.0,1223.0
SNDL,24.151539068666143,1344920.0,1950900.0,1541.0,1292.0
TIL,24.135753749013418,7280.0,8085.0,5694.5,5723.0
AZO,24.119968429360693,253160.0,172850.0,3353.0,3838.0
URG,24.10418310970797,4501940.0,5912455.0,524.0,457.0
TLYS,24.08839779005525,118660.0,111690.0,4081.0,4219.0
GLPI,24.072612470402525,3222580.0,2461885.0,731.0,1075.0
MLYS,24.0568271507498,937120.0,762905.0,1941.0,2364.0
ACM,24.04104183109708,2257120.0,2153975.0,1036.0,1205.0
OUT,24.025256511444358,1676460.0,1973430.0,1322.0,1281.0
LYEL,24.009471191791633,161900.0,172480.0,3804.0,3840.0
OBTC,23.99368587213891,12700.0,7165.0,5474.0,5762.0
PSFE,23.977900552486187,761360.0,415410.0,2184.0,3028.0
DAN,23.962115232833465,1689620.0,1490715.0,1314.0,1594.0
TSQ,23.94632991318074,66920.0,101790.0,4508.5,4287.0
TLK,23.93054459352802,499700.0,716035.0,2674.0,2444.0
HCWC,23.914759273875298,13457180.0,37324295.0,165.0,45.0
EPSN,23.898973954222573,206220.0,145780.0,3565.0,3987.0
LFUS,23.883188634569848,274960.0,347610.0,3263.0,3199.0
KEQU,23.867403314917127,1980.0,3555.0,6003.0,5951.0
AMX,23.851617995264405,2187160.0,2509540.0,1070.0,1062.0
GOOG,23.83583267561168,13224080.0,19969005.0,172.0,113.0
POCI,23.82004735595896,59300.0,50665.0,4601.0,4776.5
CLLS,23.804262036306234,14260.0,17240.0,5430.0,5397.0
CAMT,23.788476716653513,404080.0,556490.0,2894.0,2710.0
BSX,23.772691397000788,15740780.0,20158300.0,142.0,112.0
GOOGL,23.756906077348066,18575980.0,29787000.0,112.0,63.0
TSN,23.741120757695345,3072780.0,3318875.0,765.0,807.0
ITP,23.72533543804262,166580.0,680375.0,3765.0,2502.0
MACIU,23.709550118389895,80.0,205.0,6221.5,6214.5
VNDA,23.693764798737174,903020.0,1036195.0,1978.0,1984.0
SWVL,23.677979479084453,5220.0,11990.0,5806.5,5553.0
REX,23.662194159431728,147720.0,167090.0,3880.0,3865.0
KMPR,23.646408839779006,810260.0,849615.0,2121.0,2244.0
ATPC,23.63062352012628,77240.0,365815.0,4416.5,3150.0
MNR,23.61483820047356,470700.0,305850.0,2729.0,3315.0
WS,23.599052880820835,184040.0,207845.0,3678.0,3675.0
FIP,23.583267561168114,852240.0,1615510.0,2061.0,1519.0
RPT,23.567482241515393,59080.0,75055.0,4605.0,4497.0
BLIV,23.551696921862668,1220.0,1040.0,6066.0,6125.0
LODE,23.535911602209943,976880.0,1482390.0,1893.5,1601.0
MTRX,23.52012628255722,164620.0,186600.0,3786.0,3778.0
UPB,23.5043409629045,591020.0,632865.0,2484.0,2586.0
HBNB,23.488555643251775,1440.0,4415.0,6048.5,5916.0
BON,23.472770323599054,9540.0,9365.0,5602.5,5662.0
VYGR,23.45698500394633,477100.0,517110.0,2715.0,2782.0
BMBL,23.441199684293608,2855380.0,3004725.0,830.0,876.0
WLK,23.425414364640883,806480.0,1220895.0,2125.0,1805.0
KOSS,23.40962904498816,14600.0,14860.0,5418.0,5459.0
RES,23.39384372533544,1349840.0,1445070.0,1535.0,1629.0
SIFY,23.378058405682715,19840.0,36100.0,5271.0,4992.5
ESI,23.36227308602999,3011820.0,4298685.0,783.0,644.0
PED,23.34648776637727,27000.0,26950.0,5109.0,5163.0
MVO,23.330702446724548,0.0,,6288.0,
AERO,23.314917127071823,331680.0,250995.0,3094.0,3503.0
HAFN,23.299131807419098,1117860.0,1019995.0,1743.0,2003.0
META,23.283346487766376,16225700.0,17319645.0,130.0,134.0
MFI,23.267561168113655,5280.0,4350.0,5800.5,5922.0
PFSI,23.25177584846093,390700.0,708520.0,2927.0,2462.0
MLEC,23.23599052880821,26000.0,9740.0,5130.0,5649.0
KALU,23.220205209155488,259980.0,285265.0,3329.0,3383.0
AIOT,23.204419889502763,2057820.0,2431705.0,1117.0,1088.0
CELU,23.188634569850038,31540.0,45660.0,5009.0,4849.0
LAND,23.172849250197316,690460.0,672930.0,2293.0,2516.0
GOOS,23.157063930544595,643560.0,849530.0,2388.0,2245.0
MBLY,23.14127861089187,4057420.0,7077105.0,585.0,373.0
AXR,23.125493291239145,6140.0,13865.0,5760.5,5481.5
ERII,23.109707971586424,1140240.0,1013765.0,1726.0,2014.0
MO,23.093922651933703,10661020.0,10167240.0,217.0,237.0
VTSI,23.078137332280978,66260.0,41110.0,4514.0,4918.0
UEC,23.062352012628256,5822160.0,7349585.0,399.0,357.0
KNF,23.04656669297553,564560.0,782460.0,2538.0,2333.0
STZ,23.03078137332281,1828920.0,1802485.0,1241.0,1377.0
DVA,23.014996053670085,513100.0,1015405.0,2649.0,2011.5
UCTT,22.999210734017364,1252380.0,1386735.0,1618.0,1666.0
CTM,22.983425414364643,719340.0,1410080.0,2245.0,1644.0
NRUC,22.967640094711918,10960.0,15570.0,5530.0,5444.0
ZTEK,22.951854775059193,88300.0,134730.0,4323.0,4060.0
TKLF,22.93606945540647,18880.0,15255.0,5298.0,5450.0
UAVS,22.92028413575375,3095500.0,2257575.0,759.0,1153.0
LOGI,22.904498816101025,710520.0,1158660.0,2263.0,1859.0
SEB,22.888713496448304,25620.0,14690.0,5140.5,5460.0
INTS,22.87292817679558,27500.0,25635.0,5105.0,5191.0
CYPH,22.857142857142858,3682760.0,1876980.0,641.0,1336.0
ALTO,22.841357537490133,1504440.0,2092690.0,1433.0,1225.0
ELPC,22.82557221783741,668340.0,462925.0,2340.0,2905.0
KRMN,22.80978689818469,1814140.0,2576590.0,1254.0,1032.0
FORM,22.794001578531965,1081960.0,1373715.0,1785.0,1675.0
BRAG,22.77821625887924,41000.0,21290.0,4826.0,5293.0
FEDU,22.76243093922652,1560.0,2755.0,6035.0,5991.0
RDY,22.746645619573798,2688140.0,2984060.0,876.0,886.0
PWP,22.730860299921073,869020.0,1270245.0,2040.0,1765.0
EXTR,22.71507498026835,1723860.0,1816210.0,1299.0,1367.0
TDAY,22.699289660615626,2778500.0,2772860.0,851.0,961.0
DSWL,22.683504340962905,6780.0,8810.0,5724.5,5684.0
CAVA,22.66771902131018,3131720.0,3852050.0,747.0,712.0
CLB,22.65193370165746,499260.0,676955.0,2676.0,2506.0
ARCO,22.636148382004738,1421140.0,1089250.0,1480.0,1921.0
KLAR,22.620363062352013,13940160.0,5683705.0,160.0,476.0
ICG,22.604577742699288,57380.0,44315.0,4622.0,4869.0
YALA,22.588792423046566,521320.0,306705.0,2627.0,3311.0
MRTN,22.573007103393845,514220.0,733745.0,2644.0,2410.0
BHFAN,22.55722178374112,54140.0,78045.0,4659.0,4467.0
TWI,22.5414364640884,590280.0,558260.0,2488.0,2706.0
PVH,22.525651144435674,869780.0,869420.0,2039.0,2199.0
LHX,22.509865824782953,1596780.0,1705165.0,1364.0,1450.0
DTM,22.494080505130228,895340.0,924310.0,1997.0,2129.0
GURE,22.478295185477506,7280.0,10065.0,5694.5,5634.0
PSNYW,22.462509865824785,15960.0,38390.0,5376.5,4967.0
MEC,22.44672454617206,477040.0,682275.0,2716.0,2499.0
ICHR,22.430939226519335,658720.0,973315.0,2358.0,2060.0
DDL,22.415153906866614,402820.0,368500.0,2900.0,3146.0
SBAC,22.399368587213893,686220.0,1138420.0,2301.0,1873.0
LEA,22.383583267561168,480580.0,755295.0,2710.0,2379.0
QXO-PB,22.367797947908443,66584.2,95144.1,4513.0,4339.0
CDNL,22.35201262825572,1089340.0,828325.0,1777.0,2280.0
CIM,22.336227308603,657440.0,770885.0,2362.0,2348.0
INDP,22.320441988950275,347400.0,190905.0,3050.0,3763.0
EBAY,22.304656669297554,4676920.0,4606150.0,506.0,606.0
GLRE,22.288871349644833,109080.0,145875.0,4140.0,3986.0
NMRA,22.273086029992108,900800.0,711940.0,1984.0,2454.0
USGO,22.257300710339383,76520.0,72760.0,4427.0,4518.0
BCAB,22.24151539068666,116960.0,57900.0,4095.0,4688.0
INGN,22.22573007103394,218400.0,249805.0,3499.0,3505.0
JBL,22.209944751381215,959000.0,1069565.0,1916.0,1940.0
CRVO,22.19415943172849,438220.0,372865.0,2808.0,3135.0
MHNC,22.17837411207577,2540.0,5105.0,5958.5,5862.5
CDLR,22.162588792423048,47200.0,58230.0,4746.5,4683.5
SNEX,22.146803472770323,950080.0,1015405.0,1926.0,2011.5
ANNA,22.1310181531176,176560.0,228910.0,3718.0,3587.0
LBTYK,22.11523283346488,1066080.0,1625745.0,1804.0,1511.0
CODA,22.099447513812155,72640.0,69935.0,4455.0,4549.0
LU,22.08366219415943,944860.0,970740.0,1931.5,2062.0
RLX,22.06787687450671,5459940.0,2543310.0,440.0,1050.0
BHFAP,22.052091554853988,36500.0,37750.0,4907.0,4973.0
OGEN,22.036306235201263,52140.0,29385.0,4680.0,5117.0
MDCX,22.020520915548538,2194260.0,1944850.0,1065.0,1293.0
NOAH,22.004735595895816,135220.0,119640.0,3968.5,4160.0
ATEN,21.988950276243095,1002580.0,1414045.0,1873.0,1642.0
CE,21.97316495659037,1271480.0,2002075.0,1593.0,1269.0
TMDE,21.95737963693765,130700.0,213155.0,3994.0,3653.0
NCMI,21.941594317284924,2378500.0,1338960.0,980.0,1717.0
HTLD,21.925808997632203,1008840.0,816650.0,1865.0,2289.0
ELLO,21.910023677979478,3160.0,4285.0,5926.0,5929.0
TDS,21.894238358326756,832640.0,1167680.0,2083.0,1845.0
NE,21.878453038674035,886560.0,1542600.0,2010.0,1562.0
ARQ,21.86266771902131,265540.0,244185.0,3296.0,3526.0
CWEN,21.846882399368585,845500.0,1164560.0,2071.0,1850.0
AGCO,21.831097079715864,724700.0,911430.0,2237.0,2147.0
AZN,21.815311760063143,3495180.0,4239525.0,677.0,655.0
PLUT,21.799526440410418,0.0,460.0,6288.0,6181.0
DOW,21.783741120757696,6739760.0,9345800.0,346.0,267.0
BIVI,21.76795580110497,12398160.0,10312400.0,184.0,234.0
OPFI,21.75217048145225,894360.0,1090490.0,1998.0,1920.0
IEP,21.736385161799525,2450600.0,1343480.0,956.0,1713.0
NIO,21.720599842146804,23752560.0,25536520.0,75.0,77.0
VRSN,21.704814522494082,639200.0,873385.0,2395.0,2194.0
SCYX,21.689029202841358,80060.0,258215.0,4388.0,3470.0
CMPR,21.673243883188633,241100.0,213890.0,3403.0,3651.0
ST,21.65745856353591,1655240.0,1754280.0,1328.0,1409.0
ENLT,21.64167324388319,138480.0,203995.0,3941.0,3693.0
NYT,21.625887924230465,1516700.0,2361675.0,1427.0,1120.0
BTOC,21.610102604577744,63880.0,226220.0,4537.0,3595.0
MSGM,21.59431728492502,85900.0,55120.0,4335.0,4724.0
TRP,21.578531965272298,1823580.0,2301220.0,1244.0,1136.0
VFS,21.562746645619573,377920.0,396225.0,2962.0,3083.0
MP,21.54696132596685,6386640.0,7326600.0,365.0,359.0
SIMO,21.53117600631413,1159920.0,1432955.0,1707.0,1632.0
BBD,21.515390686661405,29149080.0,28933480.0,57.0,65.0
LITS,21.49960536700868,94960.0,114845.0,4257.0,4198.0
LBTYA,21.48382004735596,2028120.0,2882540.0,1130.0,925.0
MKSI,21.468034727703238,1251860.0,1583275.0,1619.0,1538.0
CLIR,21.452249408050513,17600.0,14020.0,5334.0,5478.0
ABEV,21.43646408839779,28997340.0,31764845.0,58.0,55.0
AP,21.420678768745066,86460.0,110850.0,4331.0,4223.0
PONY,21.404893449092345,4232580.0,3787695.0,559.0,716.0
INLX,21.38910812943962,380.0,685.0,6168.5,6160.0
SFWL,21.3733228097869,4740.0,29255.0,5840.5,5119.0
PSN,21.357537490134177,899140.0,2054005.0,1987.0,1243.0
SEAT,21.341752170481453,53960.0,64815.0,4663.0,4605.0
SPH,21.325966850828728,260180.0,224060.0,3324.0,3605.0
PNR,21.310181531176006,2221420.0,2925185.0,1046.0,904.0
SOUN,21.294396211523285,26135840.0,36066765.0,61.0,46.0
BKE,21.27861089187056,368260.0,400535.0,2995.0,3069.0
BRNS,21.262825572217835,32900.0,34615.0,4979.5,5022.0
AUR,21.247040252565114,34906600.0,28832485.0,38.0,66.0
NRG,21.231254932912393,1914340.0,3203825.0,1192.0,825.0
DH,21.215469613259668,274400.0,201955.0,3267.0,3703.0
MITT,21.199684293606946,214160.0,285970.0,3524.0,3381.0
ATIIU,21.183898973954225,100.0,50.0,6215.0,6243.5
AVGO,21.1681136543015,24124640.0,19565925.0,70.0,116.0
ACIC,21.152328334648775,288640.0,289830.0,3219.5,3365.0
SGRP,21.136543014996054,41060.0,153200.0,4823.0,3947.0
BCBP,21.120757695343332,120320.0,184470.0,4065.0,3790.0
BSAAU,21.104972375690608,0.0,90.0,6288.0,6237.0
SAMG,21.089187056037883,81900.0,62615.0,4365.5,4631.0
ATXG,21.07340173638516,26680.0,39335.0,5115.0,4947.0
CATX,21.05761641673244,1198680.0,1093540.0,1668.0,1917.0
BHFAO,21.041831097079715,42580.0,53310.0,4805.0,4748.0
LITE,21.026045777426994,4936180.0,5348185.0,478.0,508.0
BRN,21.010260457774272,28520.0,63605.0,5087.0,4619.0
ASPCU,20.994475138121548,1315.0,437.0,6057.0,6183.0
BELFA,20.978689818468823,108700.0,184715.0,4146.0,3788.0
CIG,20.9629044988161,4997600.0,4799215.0,474.0,574.0
BIRK,20.94711917916338,5818640.0,2742800.0,400.0,974.0
NXL,20.931333859510655,73160.0,150070.0,4451.0,3970.0
CGNT,20.91554853985793,403740.0,451425.0,2897.0,2930.0
DBI,20.89976322020521,407600.0,390600.0,2884.0,3098.0
CDR-PB,20.883977900552487,3924.2,3481.65,5881.0,5955.0
CENN,20.868192580899763,5040.0,4815.0,5822.5,5885.0
BHFAM,20.85240726124704,61080.0,53630.0,4577.5,4746.0
BFRG,20.836621941594316,133620.0,145450.0,3980.0,3990.0
CGEN,20.820836621941595,196660.0,249480.0,3620.0,3506.0
WTI,20.80505130228887,2591000.0,4248205.0,906.0,653.0
JBTM,20.78926598263615,830280.0,688855.0,2088.0,2490.0
SORA,20.773480662983427,414320.0,236180.0,2861.0,3561.0
WAFU,20.757695343330703,117460.0,2757315.0,4090.0,966.0
NIU,20.741910023677978,204240.0,209960.0,3576.0,3670.0
NBR,20.726124704025256,202120.0,269450.0,3587.0,3434.0
VOYG,20.710339384372535,1663660.0,1708510.0,1325.0,1445.0
LEE,20.69455406471981,37580.0,46005.0,4885.0,4844.0
GEVO,20.67876874506709,2469460.0,3221105.0,946.0,822.0
NI,20.662983425414364,5227920.0,5907260.0,458.0,459.0
KC,20.647198105761642,1809140.0,1630805.0,1258.0,1505.0
ARBB,20.631412786108918,3760.0,2870.0,5893.5,5989.0
BGSI,20.615627466456196,60980.0,58475.0,4581.0,4680.0
ANGI,20.599842146803475,817680.0,865030.0,2109.0,2206.0
TUYA,20.58405682715075,334500.0,515635.0,3087.0,2783.0
GLE,20.568271507498025,573420.0,7876220.0,2522.0,330.0
ESRT,20.552486187845304,1522100.0,2005560.0,1423.0,1267.0
APEI,20.536700868192582,212100.0,322180.0,3534.5,3264.0
MHLA,20.520915548539858,1340.0,3140.0,6054.0,5972.0
XPOF,20.505130228887136,551640.0,1173460.0,2560.0,1840.0
PLBL,20.48934490923441,171220.0,213935.0,3740.0,3650.0
CRBP,20.47355958958169,532920.0,347185.0,2605.0,3201.0
YQ,20.457774269928965,1540.0,6055.0,6037.0,5824.0
AKBA,20.441988950276244,4448900.0,4540300.0,534.0,613.0
GPMT-PA,20.426203630623522,2716.0,7499.95,5950.0,5750.0
DTI,20.410418310970798,165820.0,234450.0,3768.5,3564.0
DTSS,20.394632991318073,66860.0,460580.0,4510.0,2909.0
ALM,20.37884767166535,6932440.0,7171105.0,337.0,367.0
NTHI,20.36306235201263,428260.0,249445.0,2827.0,3507.0
AROC,20.347277032359905,1476480.0,1710345.0,1446.0,1443.0
METC,20.331491712707184,2259780.0,2397545.0,1033.0,1102.0
NAGE,20.31570639305446,536520.0,718300.0,2591.0,2439.0
MSAI,20.299921073401737,44160.0,24875.0,4780.0,5211.0
COIN,20.284135753749013,8808840.0,7944285.0,267.0,325.0
BRSP,20.26835043409629,1004160.0,1441630.0,1872.0,1630.0
NXTC,20.25256511444357,229260.0,419230.0,3455.0,3015.0
ENB,20.236779794790845,7218500.0,5304465.0,326.0,513.0
TLN,20.22099447513812,1076840.0,869740.0,1790.0,2197.0
SITE,20.2052091554854,674280.0,989050.0,2326.0,2044.0
NPWR,20.189423835832677,1543620.0,767040.0,1402.0,2355.0
LII,20.173638516179953,450820.0,635780.0,2781.0,2580.0
NPCE,20.157853196527228,142500.0,252990.0,3909.5,3497.0
BNAI,20.142067876874506,105720.0,122605.0,4173.0,4134.0
TXN,20.126282557221785,6151160.0,7439645.0,376.0,346.0
IVVD,20.11049723756906,4153980.0,3549170.0,578.0,758.0
SKIN,20.09471191791634,336660.0,596390.0,3082.0,2643.0
OEC,20.078926598263617,372760.0,437315.0,2977.5,2966.0
NRXS,20.063141278610892,67140.0,99070.0,4507.0,4313.0
BLNE,20.047355958958168,527740.0,380105.0,2615.0,3116.0
CRC,20.031570639305446,759320.0,831405.0,2187.0,2274.0
BHE,20.015785319652725,303600.0,363830.0,3175.0,3154.0
INTR,20.0,4579580.0,5557595.0,515.0,483.0
HYMC,19.984214680347275,1801000.0,1642465.0,1263.0,1496.0
PASG,19.968429360694554,11940.0,15990.0,5493.0,5432.0
IE,19.952644041041832,1368020.0,1808660.0,1522.0,1374.0
ACON,19.936858721389108,106060.0,64170.0,4171.0,4616.0
FSLR,19.921073401736386,1961460.0,2663135.0,1165.0,1006.0
EVR,19.90528808208366,511580.0,579785.0,2653.0,2669.0
TS,19.88950276243094,1641340.0,1580685.0,1333.0,1539.0
SOS,19.873717442778215,290560.0,100280.0,3213.0,4298.0
TSAT,19.857932123125494,261360.0,283665.0,3318.0,3389.0
CRWV,19.842146803472772,36204860.0,33452210.0,35.0,51.0
SNTG,19.826361483820047,24480.0,59275.0,5171.0,4668.0
HSAI,19.810576164167323,2008420.0,1690870.0,1142.0,1459.0
CGTL,19.7947908445146,3605800.0,971915.0,660.0,2061.0
STNE,19.77900552486188,7907660.0,4374615.0,296.0,633.0
VFC,19.763220205209155,5461240.0,8671605.0,439.0,297.0
LOMA,19.747434885556434,526780.0,429315.0,2619.0,2990.0
WU,19.73164956590371,9042100.0,13121305.0,261.0,170.0
ASR,19.715864246250987,49480.0,65145.0,4717.0,4601.5
ECG,19.700078926598263,580680.0,601850.0,2505.0,2632.0
BBUC,19.68429360694554,296680.0,300935.0,3197.0,3326.0
GAP,19.66850828729282,4736680.0,5251620.0,496.0,518.0
VAL,19.652722967640095,1346200.0,1159185.0,1538.0,1857.0
ESAB,19.63693764798737,910240.0,685440.0,1970.0,2495.0
VIV,19.62115232833465,2701980.0,1856840.0,872.0,1350.0
TRC,19.605367008681927,221300.0,167360.0,3483.0,3862.0
ASTE,19.589581689029202,189040.0,291990.0,3655.0,3356.0
DECK,19.57379636937648,2234200.0,2532900.0,1044.0,1053.0
WING,19.558011049723756,1232400.0,1391205.0,1641.0,1663.0
HLI,19.542225730071035,782920.0,1016865.0,2152.0,2009.0
PAC,19.52644041041831,81820.0,128835.0,4367.0,4098.0
NVNI,19.51065509076559,24360.0,36665.0,5175.0,4987.0
IFRX,19.494869771112867,1089100.0,940160.0,1778.0,2106.0
SMX,19.479084451460142,15760.0,21615.0,5380.5,5286.0
AAPG,19.463299131807418,5900.0,4965.0,5773.5,5875.0
APT,19.447513812154696,36160.0,40950.0,4914.5,4921.0
LMAT,19.431728492501975,368740.0,446670.0,2992.0,2941.0
RIG,19.41594317284925,46994120.0,46893560.0,22.0,26.0
TREE,19.40015785319653,377680.0,494220.0,2963.0,2827.0
COCO,19.384372533543804,721820.0,1105555.0,2239.0,1908.0
EVGN,19.368587213891082,285860.0,598000.0,3226.0,2640.0
RANI,19.352801894238358,1143920.0,787710.0,1722.0,2326.0
WYY,19.337016574585636,215740.0,156090.0,3513.0,3921.0
STRO,19.321231254932915,401720.0,302175.0,2902.0,3323.0
EVC,19.30544593528019,1409520.0,1910390.0,1491.0,1314.0
CCIF,19.289660615627465,118940.0,118900.0,4078.0,4170.0
HE,19.273875295974744,2025860.0,1916585.0,1131.0,1309.0
BTI,19.258089976322022,4221300.0,4089570.0,563.0,678.0
SFD,19.242304656669297,1814680.0,1495705.0,1252.0,1590.0
MGLD,19.226519337016573,9580.0,8495.0,5600.0,5698.5
RYDE,19.21073401736385,214140.0,291600.0,3525.0,3358.0
FTAI,19.19494869771113,1135000.0,1759520.0,1730.0,1405.0
VFSWW,19.179163378058405,1500.0,2565.0,6042.5,6008.0
KEP,19.163378058405684,1204600.0,1064715.0,1664.0,1949.0
FG,19.147592738752962,786100.0,654660.0,2147.0,2550.0
DLXY,19.131807419100237,39740.0,63070.0,4855.5,4625.0
AMBO,19.116022099447513,8960.0,27865.0,5620.0,5148.0
SCOR,19.10023677979479,50020.0,20300.0,4709.0,5317.0
FLEX,19.08445146014207,2663220.0,4635470.0,880.0,599.0
BHF,19.068666140489345,1677400.0,997665.0,1321.0,2032.0
APTV,19.05288082083662,3257060.0,4401585.0,721.0,630.0
NC,19.0370955011839,18380.0,13690.0,5308.0,5487.0
CLBT,19.021310181531177,13327380.0,4179705.0,168.0,665.0
FUN,19.005524861878452,1556280.0,2395975.0,1394.0,1103.0
WSO,18.98973954222573,365200.0,561360.0,3009.0,2699.0
AMBA,18.97395422257301,904540.0,1812495.0,1976.0,1371.0
BAND,18.958168902920285,747880.0,1208145.0,2204.0,1819.0
MTEK,18.94238358326756,52740.0,52320.0,4674.0,4760.0
LFT-PA,18.92659826361484,4926.2,2692.6,5830.0,5995.0
BGS,18.910812943962117,1775740.0,2377515.0,1274.0,1113.0
EZPW,18.895027624309392,920540.0,1066770.0,1957.0,1944.0
AAUC,18.879242304656668,591720.0,1037230.0,2483.0,1983.0
OXM,18.863456985003946,218740.0,276135.0,3493.0,3413.0
MIR,18.847671665351225,3286640.0,4252080.0,715.0,651.0
ICL,18.8318863456985,850720.0,1066370.0,2063.0,1945.0
FC,18.81610102604578,80600.0,79370.0,4385.0,4458.0
CITR,18.800315706393054,27700.0,23955.0,5102.0,5237.0
KRKR,18.784530386740332,17660.0,14090.0,5330.5,5472.0
WVE,18.768745067087607,3704920.0,3208955.0,638.0,824.0
KNDI,18.752959747434886,65380.0,83815.0,4520.0,4430.0
CABA,18.737174427782165,6158560.0,3677785.0,375.0,735.0
SITM,18.72138910812944,412400.0,510325.0,2867.0,2795.0
LTRX,18.705603788476715,860120.0,673510.0,2050.0,2513.0
CX,18.689818468823994,5590460.0,7916115.0,423.0,327.0
PLAY,18.674033149171272,1214280.0,1356260.0,1657.0,1696.0
PPIH,18.658247829518547,68520.0,69140.0,4495.0,4554.0
FLX,18.642462509865826,137640.0,121270.0,3950.0,4148.0
TRON,18.6266771902131,680820.0,509460.0,2317.0,2796.0
WFRD,18.61089187056038,749380.0,925720.0,2202.0,2125.0
KXIN,18.595106550907655,430220.0,150210.0,2824.0,3968.0
STKS,18.579321231254934,26220.0,21250.0,5124.0,5295.0
KMT,18.563535911602212,1906760.0,1644290.0,1197.0,1493.0
CHRS,18.547750591949487,1897440.0,1131650.0,1205.0,1880.0
CAR,18.531965272296762,240660.0,435145.0,3405.0,2973.0
QXO,18.51617995264404,18353280.0,18930075.0,113.0,120.0
BEEM,18.50039463299132,1992100.0,711235.0,1150.0,2455.0
LCTX,18.484609313338595,989260.0,959550.0,1885.0,2082.0
PASW,18.468823993685874,77160.0,510590.0,4418.0,2794.0
JBGS,18.45303867403315,767560.0,853130.0,2174.0,2233.0
PROK,18.437253354380427,1126740.0,1085970.0,1737.0,1926.0
SAR,18.421468034727702,128460.0,134625.0,4011.0,4061.0
ARKR,18.40568271507498,2880.0,2280.0,5940.5,6034.0
SEV,18.38989739542226,138620.0,214515.0,3940.0,3646.5
AGCC,18.37411207576953,32500.0,70265.0,4984.5,4548.0
ITRN,18.35832675611681,151820.0,154440.0,3849.0,3937.0
HAL,18.34254143646409,8731460.0,10495970.0,269.0,232.0
ATCH,18.326756116811367,1234380.0,1719400.0,1638.0,1435.0
GROV,18.310970797158642,26520.0,26240.0,5118.0,5174.0
RRX,18.29518547750592,1369040.0,1408035.0,1520.0,1646.0
MITQ,18.279400157853196,12960.0,18285.0,5462.0,5370.0
OSTX,18.263614838200475,527760.0,313820.0,2614.0,3287.0
VALE,18.24782951854775,19437920.0,23170105.0,107.0,93.0
MB,18.23204419889503,81720.0,1659370.0,4369.0,1483.0
PDCC,18.216258879242307,5020.0,5655.0,5825.5,5841.0
STRR,18.200473559589582,4900.0,4155.0,5832.0,5936.0
AMSF,18.184688239936857,738800.0,416215.0,2218.0,3024.0
CDNS,18.168902920284136,2116680.0,2368035.0,1094.0,1117.0
HERZ,18.153117600631415,46700.0,22135.0,4753.5,5276.0
CLVT,18.13733228097869,3578120.0,5630475.0,664.0,479.0
SPMC,18.121546961325965,45520.0,30915.0,4760.0,5093.0
FEAM,18.105761641673244,402960.0,1183050.0,2899.0,1834.0
ALIT,18.089976322020522,434300.0,581790.0,2817.0,2664.0
SRG,18.074191002367797,116080.0,117215.0,4100.0,4182.0
NGEN,18.058405682715076,497700.0,396100.0,2681.0,3084.0
DFDV,18.042620363062355,1239960.0,695555.0,1630.0,2478.0
CMP,18.026835043409626,401120.0,511105.0,2904.0,2793.0
NN,18.011049723756905,2200560.0,3052770.0,1058.0,863.0
GRI,17.995264404104184,90640.0,399905.0,4305.5,3071.0
HYPD,17.979479084451462,622340.0,311510.0,2427.0,3295.0
SPPL,17.963693764798737,226400.0,102745.0,3465.0,4282.0
YOUL,17.947908445146012,170040.0,916160.0,3743.0,2143.0
WIMI,17.93212312549329,81420.0,135400.0,4375.0,4056.0
AXIL,17.91633780584057,60480.0,23540.0,4588.5,5244.0
INSE,17.900552486187845,144880.0,133055.0,3895.0,4075.0
SYNX,17.884767166535124,25320.0,33760.0,5151.0,5040.0
NKTX,17.8689818468824,380080.0,611220.0,2954.0,2616.0
NAKA,17.853196527229677,191740.0,126800.0,3637.0,4107.0
IIIV,17.837411207576952,527940.0,491030.0,2612.5,2839.0
DXLG,17.82162588792423,18600.0,32530.0,5303.0,5064.0
NTGR,17.80584056827151,328080.0,409885.0,3104.0,3043.0
FVRR,17.790055248618785,643720.0,1011050.0,2387.0,2016.0
KR,17.77426992896606,5407020.0,6299590.0,446.0,429.0
DOMH,17.75848460931334,218040.0,201020.0,3501.0,3707.0
IMTX,17.742699289660617,660460.0,493685.0,2355.0,2831.0
AVD,17.726913970007892,669800.0,321925.0,2334.0,3266.0
CSIQ,17.71112865035517,1386140.0,1743200.0,1511.0,1423.0
FORTY,17.695343330702446,520.0,350.0,6146.0,6196.5
GLUE,17.67955801104972,841960.0,1507830.0,2073.0,1582.0
GRDX,17.663772691397,208140.0,113305.0,3556.0,4206.0
ENS,17.64798737174428,771560.0,527120.0,2168.0,2759.0
CBIO,17.632202052091557,163240.0,229670.0,3793.0,3585.0
MYGN,17.616416732438832,1759000.0,2725695.0,1279.0,979.0
COLL,17.600631412786107,937640.0,662130.0,1939.0,2535.0
PETS,17.584846093133386,206120.0,125080.0,3568.0,4115.0
IQST,17.569060773480665,1942260.0,1366505.0,1174.0,1681.0
CHCT,17.55327545382794,361500.0,358580.0,3016.0,3175.0
ALGM,17.53749013417522,1954020.0,2336595.0,1172.0,1125.0
ADXN,17.521704814522494,80.0,730.0,6221.5,6154.0
TDC,17.505919494869772,2569580.0,3326150.0,913.0,805.0
HUIZ,17.490134175217047,315760.0,1561575.0,3146.0,1554.0
UUU,17.474348855564326,85000.0,31570.0,4342.0,5081.0
NEXM,17.458563535911605,22620.0,22175.0,5205.0,5275.0
BHM,17.442778216258876,5260.0,3370.0,5804.0,5960.0
AACG,17.426992896606155,2711680.0,680710.0,867.0,2501.0
MCHPP,17.411207576953434,46400.0,101100.0,4756.0,4294.0
INDI,17.395422257300712,12651580.0,7912695.0,179.0,328.0
CHPT,17.379636937647987,342420.0,370805.0,3062.0,3141.0
NAII,17.363851617995266,12800.0,77910.0,5469.0,4471.0
SWKS,17.34806629834254,4573660.0,5818505.0,517.0,464.0
ANVS,17.332280978689816,704000.0,606465.0,2273.0,2625.0
CHRW,17.316495659037095,1323420.0,2369270.0,1558.0,1116.0
RPID,17.300710339384374,244480.0,236315.0,3389.0,3559.0
KGS,17.284925019731652,1470360.0,1754405.0,1449.0,1408.0
UVV,17.269139700078924,356660.0,329495.0,3028.0,3241.0
ATCX,17.253354380426202,11100.0,11090.0,5524.0,5592.0
NGS,17.23756906077348,161200.0,136340.0,3807.0,4046.0
CSTM,17.22178374112076,1389620.0,1616115.0,1505.0,1517.0
NDRA,17.205998421468035,20660.0,16005.0,5250.0,5431.0
VRM,17.190213101815313,13480.0,11810.0,5449.0,5560.0
EUDA,17.17442778216259,1120.0,5140.0,6074.5,5860.5
JSPR,17.158642462509867,930180.0,680030.0,1948.0,2504.0
DKS,17.142857142857142,1386960.0,1385935.0,1509.0,1668.0
WRD,17.12707182320442,2524520.0,2469390.0,930.0,1073.0
SLSR,17.1112865035517,125940.0,143760.0,4025.0,4003.0
OLMA,17.09550118389897,1184680.0,1043210.0,1683.0,1973.0
LHAI,17.07971586424625,120760.0,156010.0,4062.0,3922.0
ORA,17.06393054459353,551200.0,902950.0,2563.0,2159.0
KLIC,17.048145224940807,884480.0,1058820.0,2013.0,1952.0
HLIT,17.032359905288082,2934160.0,1762450.0,804.0,1402.0
NB,17.016574585635357,2950080.0,3752990.0,800.0,721.0
ICU,17.000789265982636,58960.0,72275.0,4606.0,4524.0
TGE,16.98500394632991,45160.0,38945.0,4767.0,4957.0
TYRA,16.96921862667719,438020.0,655430.0,2809.0,2547.0
AGRO,16.95343330702447,1306160.0,862890.0,1570.0,2209.0
WD,16.937647987371747,417520.0,435530.0,2848.0,2972.0
MCHP,16.92186266771902,9153540.0,11332215.0,258.0,211.0
CDR-PC,16.906077348066297,5719.6,7486.5,5786.0,5751.0
GRNQ,16.890292028413576,41040.0,12012.0,4824.0,5550.0
FMC,16.874506708760855,2853580.0,3680545.0,831.0,734.0
TSLA,16.85872138910813,34158040.0,39499345.0,41.0,39.0
CRBU,16.842936069455405,1082100.0,1071110.0,1784.0,1938.0
RXT,16.827150749802684,7346200.0,7379380.0,318.0,353.0
VRCA,16.811365430149962,102940.0,57905.0,4195.0,4687.0
BHR,16.795580110497237,238520.0,365775.0,3418.0,3151.0
UUUU,16.779794790844516,6450540.0,6966860.0,359.0,376.0
PNRG,16.76400947119179,122860.0,84590.0,4045.0,4425.0
RBA,16.748224151539066,2709840.0,2080325.0,869.0,1235.0
PHAT,16.732438831886345,1013820.0,1746355.0,1858.0,1419.0
BCG,16.716653512233624,117360.0,62560.0,4092.5,4632.0
FLOC,16.700868192580902,629040.0,554175.0,2416.0,2714.0
BRIA,16.685082872928177,4340.0,8665.0,5864.5,5691.0
CSBR,16.669297553275452,13340.0,11740.0,5450.0,5564.5
MNSO,16.65351223362273,966120.0,700010.0,1909.0,2470.0
LSCC,16.637726913970006,1525580.0,2014465.0,1418.0,1259.0
DLHC,16.621941594317285,19100.0,17485.0,5293.5,5391.0
UFG,16.606156274664563,108620.0,92725.0,4147.0,4359.0
ABVC,16.59037095501184,108780.0,104385.0,4144.0,4275.0
GME,16.574585635359114,5170280.0,6979355.0,464.0,374.0
MATW,16.558800315706392,858720.0,651085.0,2053.0,2556.0
CLS,16.54301499605367,2824480.0,3511935.0,837.0,760.0
OMCL,16.52722967640095,711280.0,846420.0,2262.0,2254.0
LVWR,16.511444356748225,833740.0,12191215.0,2082.0,193.0
TOPS,16.4956590370955,139120.0,217115.0,3935.5,3634.0
MDWD,16.47987371744278,58600.0,59165.0,4610.0,4671.0
TRT,16.464088397790057,260500.0,283690.0,3322.0,3388.0
CLRB,16.448303078137332,43120.0,41780.0,4794.0,4903.0
HUYA,16.43251775848461,1586420.0,723145.0,1372.0,2431.0
HUDI,16.416732438831886,128520.0,3352735.0,4009.0,797.0
CCGWW,16.40094711917916,640.0,1840.0,6135.5,6074.0
MPWR,16.38516179952644,668880.0,853510.0,2338.0,2231.0
GTX,16.36937647987372,2422520.0,2295810.0,966.0,1138.0
UONE,16.353591160220997,3340.0,4900.0,5915.0,5878.0
NNVC,16.33780584056827,266360.0,311545.0,3294.0,3294.0
CCI,16.322020520915547,2198280.0,4107305.0,1060.0,675.0
NVA,16.306235201262826,197100.0,231120.0,3617.0,3576.0
ALNY,16.2904498816101,1598740.0,2322735.0,1362.0,1128.0
EAF,16.27466456195738,205360.0,300135.0,3571.0,3330.0
SMR,16.25887924230466,32123620.0,30711775.0,49.0,60.0
FSI,16.243093922651934,31920.0,25320.0,5001.0,5199.5
JVA,16.22730860299921,53780.0,57600.0,4668.0,4691.0
KLRS,16.211523283346487,44740.0,79330.0,4772.0,4459.0
IBO,16.195737963693766,34120.0,27915.0,4951.0,5146.0
HTCR,16.179952644041045,16280.0,33830.0,5367.5,5039.0
EVGO,16.164167324388316,2707140.0,3696410.0,871.0,731.0
GSUN,16.148382004735595,4190820.0,19156905.0,568.0,119.0
NCTY,16.132596685082873,241320.0,270475.0,3402.0,3429.0
ARM,16.116811365430152,4259000.0,5422600.0,553.0,495.0
FEBO,16.101026045777427,5740.0,7280.0,5783.0,5758.0
IMMP,16.085240726124702,99260.0,156095.0,4228.0,3920.0
HSDT,16.06945540647198,162420.0,115540.0,3801.0,4192.0
FCEL,16.053670086819256,9741400.0,8767995.0,237.0,290.0
RJET,16.037884767166535,81040.0,112735.0,4382.0,4211.0
NAK,16.022099447513813,3459780.0,4144475.0,681.0,670.0
POST,16.006314127861092,866180.0,1086210.0,2042.0,1925.0
LFMD,15.990528808208365,628820.0,1128060.0,2418.0,1883.0
PCSA,15.974743488555642,45360.0,641290.0,4763.5,2570.0
VICR,15.958958168902921,1112420.0,875870.0,1750.0,2191.0
TNC,15.943172849250198,311420.0,260905.0,3157.5,3461.0
IBIO,15.927387529597475,1050480.0,725890.0,1820.0,2425.0
KRMD,15.91160220994475,313840.0,270250.0,3151.0,3430.0
OSG,15.895816890292028,397340.0,463840.0,2911.0,2904.0
HWKN,15.880031570639305,117460.0,165625.0,4090.0,3874.0
XPER,15.864246250986582,529660.0,504005.0,2609.0,2803.0
NXRT,15.848460931333861,275140.0,296025.0,3261.0,3342.0
SBDS,15.832675611681138,1060.0,1910.0,6082.5,6067.0
GPI,15.816890292028413,209500.0,223075.0,3550.0,3608.0
PACK,15.80110497237569,381700.0,619760.0,2949.0,2606.0
ASST,15.785319652722968,3830820.0,2973155.0,621.0,892.0
ALLR,15.769534333070245,84860.0,73610.0,4344.0,4512.0
NUS,15.753749013417522,571460.0,611780.0,2526.5,2615.0
HAIN,15.737963693764797,791760.0,793420.0,2143.0,2319.0
SBS,15.722178374112076,14941280.0,8697525.0,149.0,296.0
IZEA,15.706393054459353,121440.0,79720.0,4053.0,4454.0
MRM,15.69060773480663,17120.0,41660.0,5346.0,4906.0
ZDAI,15.674822415153908,20160.0,56960.0,5262.5,4705.0
BPRE,15.659037095501184,631820.0,864145.0,2409.0,2207.0
ADV,15.64325177584846,107860.0,117505.0,4156.0,4178.0
LZMH,15.627466456195737,88520.0,998365.0,4321.0,2031.0
ACLS,15.611681136543016,283740.0,399755.0,3229.0,3072.0
BXMT,15.595895816890293,2095600.0,2766505.0,1105.0,963.0
TRAK,15.58011049723757,50780.0,56065.0,4699.0,4717.0
NAMS,15.564325177584845,1000220.0,1125705.0,1876.0,1886.0
INTG,15.548539857932123,76980.0,119635.0,4420.5,4161.0
TARA,15.5327545382794,321360.0,387465.0,3121.0,3102.0
DIT,15.516969218626677,220.0,3530.0,6191.0,5953.0
CDZI,15.501183898973956,577460.0,856690.0,2512.0,2222.0
AISP,15.485398579321231,370320.0,383395.0,2987.0,3111.0
IONS,15.469613259668508,2180520.0,2561330.0,1075.0,1043.0
AGX,15.453827940015785,331380.0,295930.0,3095.0,3343.0
GPMT,15.438042620363063,236340.0,219650.0,3428.0,3623.0
OMEX,15.42225730071034,300940.0,361930.0,3186.0,3160.0
SPRY,15.406471981057615,2537440.0,2309305.0,924.0,1133.0
RBLX,15.390686661404892,10505260.0,15932190.0,224.0,138.0
Q,15.374901341752171,1391080.0,1870140.0,1503.0,1343.0
TU,15.359116022099448,5570020.0,9486730.0,424.0,262.0
GSRFR,15.343330702446725,320.0,1670.0,6176.5,6086.0
RDNW,15.327545382794003,69980.0,75705.0,4478.0,4487.0
ALB-PA,15.311760063141278,157671.6,183259.25,3822.0,3796.0
SHLS,15.295974743488555,3877000.0,5206505.0,613.0,525.0
FKWL,15.280189423835832,9900.0,18855.0,5575.0,5357.0
GENK,15.264404104183111,97320.0,518960.0,4241.0,2778.0
YMAT,15.248618784530388,18340.0,80475.0,5309.5,4448.0
SCKT,15.232833464877663,2013160.0,13554215.0,1138.0,164.0
MNYWW,15.21704814522494,1540.0,5395.0,6037.0,5850.0
LI,15.201262825572218,2330660.0,2978075.0,1001.0,891.0
BWXT,15.185477505919495,922080.0,894655.0,1954.0,2168.0
SMTC,15.169692186266772,3006840.0,2301865.0,789.0,1135.0
TSEM,15.15390686661405,1410800.0,2079070.0,1489.0,1236.0
OYSER,15.138121546961326,1480.0,930.0,6044.5,6134.0
TOUR,15.122336227308603,6780.0,6135.0,5724.5,5816.0
PAVM,15.10655090765588,39880.0,46590.0,4853.0,4833.5
CISO,15.090765588003158,113620.0,97730.0,4112.0,4324.0
ELME,15.074980268350435,292900.0,732355.0,3206.0,2414.0
AMRC,15.05919494869771,585600.0,723540.0,2497.0,2430.0
PFAI,15.043409629044987,5120.0,18205.0,5815.5,5374.0
BORR,15.027624309392266,8381140.0,5903980.0,284.0,460.0
VNTG,15.011838989739543,7400.0,26370.0,5684.0,5172.0
VRT,14.99605367008682,4326200.0,6438035.0,543.0,417.0
VECO,14.980268350434095,662620.0,885270.0,2348.0,2185.0
LXU,14.964483030781373,710380.0,951220.0,2265.0,2094.0
DBVT,14.94869771112865,204640.0,354235.0,3574.0,3184.0
LZM,14.932912391475927,300980.0,392035.0,3185.0,3095.0
TIMB,14.917127071823206,534060.0,561785.0,2596.0,2697.0
RDZN,14.901341752170483,305720.0,280765.0,3169.0,3395.5
NEXT,14.885556432517758,2342140.0,2970900.0,995.0,893.0
TTGT,14.869771112865035,390160.0,456000.0,2928.0,2917.0
CSR,14.853985793212313,118800.0,143230.0,4079.0,4005.0
SEI,14.83820047355959,2330600.0,3383530.0,1002.0,790.0
WVVI,14.822415153906867,23860.0,8490.0,5184.5,5701.0
BRID,14.806629834254142,4620.0,3795.0,5846.0,5945.0
RIOT,14.790844514601421,19620020.0,23025765.0,106.0,95.0
MLGO,14.775059194948698,32860.0,32535.0,4982.0,5063.0
OPEN,14.759273875295975,68850320.0,47854685.0,11.0,24.0
DQ,14.743488555643253,934220.0,1046025.0,1945.0,1966.0
DTST,14.727703235990527,40200.0,19045.0,4845.0,5350.0
MIAX,14.711917916337805,1002260.0,1298800.0,1874.0,1746.0
CRNT,14.696132596685082,432360.0,535675.0,2822.0,2742.0
SANM,14.68034727703236,534020.0,832635.0,2597.0,2271.0
CMTG,14.664561957379638,674440.0,732900.0,2325.0,2411.0
OCCI,14.648776637726915,240100.0,220090.0,3408.0,3622.0
OPTX,14.63299131807419,248480.0,407330.0,3370.0,3049.0
SMMT,14.617205998421468,7243920.0,4794915.0,324.0,576.0
LNZA,14.601420678768745,68640.0,71495.0,4493.0,4531.5
LUCYW,14.585635359116022,1500.0,4260.0,6042.5,5931.0
CSV,14.5698500394633,226520.0,215410.0,3464.0,3640.0
MBI,14.554064719810574,596520.0,574205.0,2473.0,2674.0
POWI,14.538279400157853,551080.0,648545.0,2564.0,2558.0
ORBS,14.52249408050513,16619580.0,12671620.0,125.0,178.0
SAIA,14.506708760852408,537680.0,553540.0,2589.0,2715.0
ZVIA,14.490923441199685,397840.0,394895.0,2910.0,3086.0
UK,14.475138121546962,32040.0,56460.0,4995.0,4711.0
GLW,14.459352801894237,9981700.0,13751190.0,232.0,162.0
CBOE,14.443567482241516,815120.0,976270.0,2116.0,2058.0
WILC,14.427782162588793,5200.0,11370.0,5808.5,5582.0
ONON,14.41199684293607,9767080.0,8598420.0,235.0,300.0
AIRI,14.396211523283348,20800.0,16650.0,5247.0,5412.0
EHTH,14.380426203630622,242320.0,246010.0,3396.0,3519.0
MDBH,14.3646408839779,3700.0,2440.0,5897.0,6022.0
TBLA,14.348855564325177,3047100.0,3163395.0,774.0,840.0
KLC,14.333070244672456,2967840.0,1077100.0,796.0,1930.0
IH,14.317284925019733,3840.0,4170.0,5889.0,5935.0
ECVT,14.301499605367008,1245920.0,1261930.0,1624.0,1774.0
TOMZ,14.285714285714285,36160.0,25965.0,4914.5,5182.5
WMG,14.269928966061563,2390520.0,2535265.0,976.0,1052.0
CIA,14.25414364640884,134840.0,160260.0,3970.0,3897.0
JFU,14.238358326756117,1603660.0,402785.0,1359.0,3062.0
ALB,14.222573007103396,1849180.0,2266165.0,1224.0,1151.0
VIAV,14.206787687450669,4836400.0,5412045.0,487.0,497.0
ALHC,14.191002367797948,4182220.0,5951910.0,573.0,452.0
WETH,14.175217048145225,50140.0,127850.0,4708.0,4102.0
AEVA,14.159431728492503,1638560.0,1951295.0,1336.0,1291.0
LPTH,14.14364640883978,3469200.0,2691545.0,680.0,991.0
GNRC,14.127861089187055,821620.0,1220775.0,2101.0,1806.0
PKX,14.112075769534332,257600.0,325230.0,3338.0,3254.0
CPRI,14.09629044988161,4917360.0,4209450.0,481.0,662.0
BGLC,14.080505130228888,23160.0,20115.0,5198.0,5319.0
JFB,14.064719810576165,631640.0,378630.0,2410.0,3121.0
FLL,14.04893449092344,107260.0,114285.0,4162.0,4201.0
PIII,14.033149171270717,36240.0,68660.0,4911.5,4562.0
VIOT,14.017363851617995,49140.0,57310.0,4723.0,4695.0
INTZ,14.001578531965272,172780.0,214550.0,3736.0,3645.0
SYM,13.98579321231255,1539460.0,1801200.0,1405.0,1378.0
REKR,13.970007892659828,2208300.0,1269385.0,1056.0,1766.0
SLQT,13.954222573007103,871620.0,752285.0,2034.0,2381.0
CGTX,13.93843725335438,505480.0,572605.0,2661.0,2676.0
TCRT,13.922651933701658,9680.0,8735.0,5593.0,5688.0
CMND,13.906866614048935,237760.0,141670.0,3421.0,4015.0
MIRA,13.891081294396212,60140.0,99010.0,4591.0,4314.0
EVAX,13.875295974743487,1269000.0,327065.0,1596.0,3247.0
HUT,13.859510655090764,5519940.0,4981035.0,431.0,552.0
LION,13.843725335438043,2332020.0,2672720.0,999.0,998.0
ICON,13.82794001578532,24600.0,35470.0,5168.0,5008.0
INTC,13.812154696132598,106483340.0,121629835.0,3.0,2.0
AMKR,13.796369376479875,4449880.0,6300675.0,533.0,428.0
IPW,13.78058405682715,497900.0,3493375.0,2679.0,766.0
WAVE,13.764798737174427,6240.0,15665.0,5752.0,5440.0
OPENZ,13.749013417521706,1215600.0,530610.0,1655.0,2752.0
IRIX,13.733228097868983,176740.0,84625.0,3717.0,4424.0
CTSO,13.71744277821626,61840.0,66560.0,4567.0,4581.0
WLTH,13.701657458563535,937980.0,925435.0,1938.0,2128.0
POLA,13.685872138910812,1495360.0,2998275.0,1435.0,878.0
SJ,13.67008681925809,19520.0,24730.0,5284.5,5214.0
CSPI,13.654301499605367,18940.0,12415.0,5295.5,5540.0
LOT,13.638516179952646,327900.0,165060.0,3105.0,3876.0
LEGN,13.622730860299919,2308160.0,2894405.0,1010.0,919.0
RYM,13.606945540647198,7800.0,11480.0,5663.5,5576.0
LAES,13.591160220994475,12119720.0,13323705.0,189.0,167.0
ELUT,13.575374901341753,76260.0,53975.0,4429.5,4740.0
XPEV,13.55958958168903,6525900.0,6374075.0,353.0,422.0
RNTX,13.543804262036307,321680.0,411350.0,3120.0,3041.0
NCNA,13.528018942383582,36840.0,33540.0,4898.0,5044.0
AIRG,13.512233622730859,59740.0,72765.0,4594.0,4517.0
HERE,13.496448303078138,14300.0,21135.0,5429.0,5300.0
AKAM,13.480662983425415,3007060.0,3632795.0,788.0,744.0
LGN,13.464877663772693,1392020.0,1352600.0,1502.0,1700.0
MIST,13.449092344119967,2047480.0,1710130.0,1120.0,1444.0
ASIX,13.433307024467245,347080.0,296910.0,3051.0,3340.0
WSO-B,13.417521704814522,420.0,230.0,6160.0,6210.5
CLNE,13.4017363851618,2166640.0,1896640.0,1080.0,1322.0
SEATW,13.385951065509078,8400.0,2235.0,5640.0,6041.0
NVMI,13.370165745856355,508580.0,568415.0,2658.0,2685.0
ISPR,13.35438042620363,16240.0,24375.0,5369.0,5224.5
BLSH,13.338595106550907,2493300.0,1707670.0,941.0,1448.0
SHEN,13.322809786898185,415860.0,512240.0,2853.0,2789.0
MODD,13.307024467245462,1077360.0,452570.0,1789.0,2929.0
AGIG,13.29123914759274,61460.0,98475.0,4573.5,4320.0
RTACW,13.275453827940014,6020.0,11165.0,5769.5,5590.0
SNPS,13.259668508287293,1352800.0,1648010.0,1532.0,1490.0
IONR,13.24388318863457,72480.0,72515.0,4457.0,4521.0
GLXY,13.228097868981848,6393700.0,6813825.0,364.0,386.0
ACCS,13.212312549329125,44580.0,26755.0,4773.0,5168.0
DRCT,13.1965272296764,8360.0,13685.0,5642.0,5488.0
ZUMZ,13.180741910023677,167460.0,245125.0,3761.0,3520.0
BTCS,13.164956590370954,1252720.0,763460.0,1616.0,2363.0
BTCT,13.149171270718233,25806480.0,6641420.0,64.0,397.0
SXTP,13.13338595106551,89200.0,122290.0,4314.0,4138.0
ARBK,13.117600631412788,20880.0,14575.0,5245.0,5461.0
COSM,13.101815311760062,2280740.0,3285245.0,1023.0,811.0
APYX,13.08602999210734,137420.0,118330.0,3952.0,4174.0
FIEE,13.070244672454617,1903300.0,1272475.0,1201.0,1762.0
GMHS,13.054459352801896,40220.0,23570.0,4843.0,5243.0
BBBY,13.038674033149173,1773020.0,2574185.0,1276.0,1033.0
GEMI,13.022888713496448,2920140.0,1565725.0,809.0,1549.0
COHR,13.007103393843725,9495020.0,7611315.0,245.0,338.0
ATLX,12.991318074191001,177240.0,209955.0,3713.0,3671.0
RILYL,12.97553275453828,9620.0,7805.0,5598.0,5735.5
TSSI,12.959747434885557,1958640.0,934450.0,1169.0,2116.0
ANEB,12.943962115232832,280.0,205.0,6182.5,6214.5
STAA,12.928176795580109,1269760.0,1026355.0,1595.0,1997.0
TROX,12.912391475927388,2363120.0,2997015.0,988.0,880.0
TLSIW,12.896606156274665,60.0,3670.0,6227.5,5948.0
BBAI,12.880820836621943,18075560.0,23683100.0,117.0,86.0
CEVA,12.86503551696922,1202580.0,977715.0,1666.0,2056.0
XXI,12.849250197316495,1174560.0,1473860.0,1695.0,1603.0
SLDP,12.833464877663772,2425260.0,3773020.0,965.0,717.0
LONA,12.817679558011049,167040.0,50570.0,3763.0,4778.0
CYD,12.801894238358328,144600.0,109070.0,3897.5,4235.0
EPM,12.786108918705605,1120160.0,513545.0,1739.0,2785.0
CYN,12.77032359905288,223640.0,171490.0,3477.0,3843.0
EFXT,12.754538279400156,762580.0,786425.0,2181.0,2328.0
FMST,12.738752959747435,140520.0,122135.0,3926.5,4140.0
CSAN,12.722967640094712,3152920.0,1689600.0,744.0,1461.0
CLGN,12.70718232044199,45360.0,64440.0,4763.5,4613.0
PRCT,12.691397000789268,888780.0,1744840.0,2005.0,1421.0
AMTD,12.675611681136543,7500.0,12020.0,5678.5,5549.0
SONM,12.65982636148382,7300.0,12000.0,5691.0,5551.5
STM,12.644041041831096,9404260.0,11240545.0,249.0,213.0
GUTS,12.628255722178375,974080.0,1208975.0,1896.0,1818.0
IREN,12.612470402525652,51437760.0,46654570.0,18.0,28.0
ACR,12.596685082872927,25440.0,34995.0,5148.0,5016.0
TGL,12.580899763220204,2241660.0,572525.0,1040.0,2677.0
NRGV,12.565114443567483,4210240.0,5526120.0,565.0,487.0
SLSN,12.54932912391476,17360.0,31770.0,5344.0,5076.0
ERIC,12.533543804262038,6886680.0,11574855.0,339.0,204.0
ADGM,12.517758484609312,479500.0,25483875.0,2711.0,78.0
CREX,12.50197316495659,70700.0,35285.0,4471.0,5012.0
RTO,12.486187845303867,1223780.0,1866575.0,1644.0,1346.0
SAFX,12.470402525651144,4492280.0,3975920.0,525.0,695.0
MNRO,12.45461720599842,1260660.0,1227325.0,1607.0,1798.0
CTRI,12.438831886345698,1390320.0,2154760.0,1504.0,1204.0
MOD,12.423046566692976,1252480.0,1637335.0,1617.0,1499.0
ORCL,12.407261247040251,22792360.0,31209350.0,81.0,58.0
NXGL,12.39147592738753,1080500.0,403130.0,1787.0,3061.0
STKH,12.375690607734807,6094840.0,8993565.0,380.0,283.0
LUCK,12.359905288082084,41780.0,62545.0,4815.0,4633.0
ACI,12.34411996842936,5425420.0,10899465.0,444.0,221.0
GOSS,12.328334648776638,12782060.0,41822280.0,176.0,32.0
IMSR,12.312549329123915,1098700.0,1773530.0,1761.0,1398.0
KEN,12.296764009471191,21900.0,21085.0,5227.0,5301.0
TAOX,12.280978689818468,105600.0,90750.0,4175.0,4374.0
OI,12.265193370165745,2607920.0,3377350.0,900.0,792.0
IMDX,12.249408050513024,411120.0,201025.0,2870.0,3706.0
EONR,12.233622730860299,515600.0,591375.0,2639.0,2650.0
CC,12.217837411207578,2292240.0,3037365.0,1020.0,867.0
LIXT,12.202052091554853,152160.0,355835.0,3847.0,3181.0
RILYP,12.186266771902131,10820.0,9340.0,5539.0,5663.0
WALDW,12.170481452249408,29080.0,10405.0,5070.0,5621.0
RAY,12.154696132596685,3520.0,6800.0,5903.5,5783.5
ABAT,12.138910812943962,2582360.0,3162760.0,909.0,841.0
OSRH,12.123125493291239,108640000.0,27567200.0,2.0,71.0
GDHG,12.107340173638516,5040.0,7825.0,5822.5,5734.0
PLUR,12.091554853985793,19620.0,18120.0,5280.5,5375.0
TOVX,12.075769534333071,660680.0,559810.0,2354.0,2701.0
ALBT,12.059984214680346,527507.4,,2616.0,
JKS,12.044198895027625,377980.0,567250.0,2961.0,2689.0
RAYA,12.0284135753749,19320.0,40685.0,5289.5,4926.0
CORZ,12.012628255722179,11192180.0,14262605.0,205.0,159.0
NYC,11.996842936069456,28560.0,40860.0,5085.0,4922.0
MSN,11.981057616416733,19720.0,21670.0,5277.0,5285.0
NMG,11.96527229676401,271140.0,378200.0,3281.0,3123.0
CRNC,11.949486977111286,776680.0,739545.0,2163.0,2402.0
ULS,11.933701657458563,592580.0,1037620.0,2482.0,1980.0
BRBI,11.91791633780584,1440.0,610.0,6048.5,6165.5
GDTC,11.902131018153117,20700.0,214905.0,5248.0,3642.0
YOU,11.886345698500394,1832660.0,1754080.0,1238.0,1410.0
ASPI,11.870560378847673,2921560.0,3391835.0,808.0,788.0
DOCN,11.854775059194948,2241580.0,3175145.0,1041.0,836.0
CNF,11.838989739542226,7520.0,6885.0,5676.5,5777.0
SGML,11.823204419889503,2253140.0,1787645.0,1037.0,1388.0
TMC,11.80741910023678,7487760.0,5219930.0,312.0,523.0
PLRZ,11.791633780584057,113340.0,80985.0,4116.0,4445.0
BTAI,11.775848460931334,1591140.0,792970.0,1368.0,2321.0
YRD,11.76006314127861,46720.0,54015.0,4752.0,4739.0
MSC,11.744277821625888,9720.0,49520.0,5588.5,4791.0
ACXP,11.728492501973165,504560.0,195805.0,2663.0,3732.0
CLSK,11.712707182320441,20915940.0,21116300.0,96.0,107.0
ODYS,11.69692186266772,39040.0,21765.0,4867.0,5282.0
BDMD,11.681136543014995,50900.0,51705.0,4697.0,4768.0
EU,11.665351223362274,4626600.0,3554385.0,511.0,756.0
MYRG,11.649565903709549,263420.0,320605.0,3307.0,3271.0
PLCE,11.633780584056828,326600.0,191060.0,3110.0,3762.0
STRL,11.617995264404104,614740.0,851700.0,2441.0,2236.0
FCHL,11.602209944751381,30900.0,242220.0,5023.0,3535.0
XTIA,11.586424625098658,975040.0,600965.0,1895.0,2633.0
RBBN,11.570639305445935,633740.0,748855.0,2406.0,2387.0
LAFAR,11.554853985793212,660.0,4430.0,6133.5,5914.0
TELA,11.539068666140489,263080.0,168600.0,3308.0,3856.0
BIDU,11.523283346487766,5864420.0,2913040.0,393.0,909.0
QSI,11.507498026835043,3638260.0,2865340.0,651.0,934.0
CMRC,11.491712707182321,838260.0,1120860.0,2077.0,1892.0
EQS,11.475927387529596,7860.0,10070.0,5660.5,5633.0
WSHP,11.460142067876875,52540.0,66225.0,4676.0,4587.5
SMSI,11.444356748224152,38740.0,32260.0,4871.0,5068.0
FOXX,11.428571428571429,8520.0,7010.0,5636.0,5772.0
AMBQ,11.412786108918706,409700.0,534530.0,2873.0,2746.0
GFAI,11.397000789265983,70120.0,188830.0,4475.0,3771.0
CIFR,11.38121546961326,39597060.0,35603655.0,29.0,47.0
TLSA,11.365430149960536,1626160.0,1027515.0,1341.0,1995.0
FUSEW,11.349644830307813,0.0,4310.0,6288.0,5927.0
AA,11.33385951065509,4924420.0,5076805.0,480.0,538.0
BATL,11.318074191002369,4679220.0,7771895.0,505.0,333.0
STKE,11.302288871349644,141280.0,136265.0,3917.0,4049.0
OLN,11.286503551696923,2191640.0,3238545.0,1066.0,816.0
STXS,11.2707182320442,635460.0,850550.0,2401.0,2240.0
TTI,11.254932912391476,1721300.0,1939995.0,1301.0,1296.0
VGAS,11.239147592738753,20580.0,494785.0,5251.0,2826.0
IMNN,11.22336227308603,67800.0,90655.0,4498.0,4375.0
ORGO,11.207576953433307,647900.0,940610.0,2380.0,2105.0
DNMXW,11.191791633780584,2520.0,2275.0,5962.0,6035.5
GXAI,11.17600631412786,19762420.0,6886730.0,103.0,380.0
LTBR,11.160220994475138,569260.0,917755.0,2528.0,2140.0
FLUX,11.144435674822416,245920.0,202045.0,3384.0,3702.0
NEUP,11.128650355169691,63980.0,454410.0,4534.0,2921.0
QS,11.11286503551697,15883940.0,22970910.0,139.0,96.0
SQNS,11.097079715864245,34900.0,62290.0,4937.0,4642.0
NNE,11.081294396211524,1981380.0,2008020.0,1156.0,1262.0
GYRO,11.0655090765588,2680.0,1875.0,5953.5,6070.5
GWH,11.049723756906078,547540.0,639290.0,2569.0,2573.0
USAR,11.033938437253354,11119160.0,11953865.0,207.0,195.0
INAB,11.018153117600631,118580.0,74670.0,4082.0,4501.0
NXPI,11.002367797947908,3572660.0,4575460.0,666.0,609.0
STLA,10.986582478295185,19139660.0,22748990.0,110.0,97.0
VNET,10.970797158642462,7013520.0,4891670.0,331.0,566.0
MTZ,10.955011838989739,1698000.0,1630660.0,1311.0,1506.0
KBSX,10.939226519337018,8540.0,13525.0,5634.5,5498.0
LTRN,10.923441199684293,137960.0,84860.0,3948.0,4421.0
GBFH,10.907655880031571,71340.0,124175.0,4466.0,4119.0
POWL,10.891870560378848,533160.0,741015.0,2603.0,2401.0
AXG,10.876085240726125,79600.0,172645.0,4393.0,3839.0
RDW,10.860299921073402,15202760.0,17981180.0,146.0,127.0
AMPG,10.844514601420679,5312240.0,2715775.0,451.0,984.0
WYFI,10.828729281767956,5163120.0,2573820.0,465.0,1034.0
NYAX,10.812943962115233,43300.0,22980.0,4790.0,5253.0
TCRX,10.79715864246251,336480.0,499420.0,3084.5,2814.0
MATH,10.781373322809786,25200.0,35670.0,5155.0,5002.0
INVE,10.765588003157065,465240.0,267440.0,2741.0,3441.0
USNA,10.74980268350434,240040.0,225845.0,3409.0,3599.0
JOBY,10.734017363851619,23832620.0,34669735.0,73.0,50.0
APRE,10.718232044198896,29940.0,47130.0,5053.5,4825.0
NXT,10.702446724546173,2001200.0,2816695.0,1143.0,946.0
TONX,10.68666140489345,418580.0,333745.0,2845.0,3231.0
AMIX,10.670876085240726,165140.0,11638010.0,3777.0,201.0
DEFT,10.655090765588003,3171200.0,2018715.0,739.0,1258.0
EFOI,10.63930544593528,10720.0,10140.0,5541.0,5628.0
ELVR,10.623520126282557,40520.0,45225.0,4836.0,4857.0
HKPD,10.607734806629834,216760.0,1282065.0,3506.0,1756.0
BTBT,10.591949486977112,33500460.0,25328680.0,42.0,79.0
SLMT,10.576164167324388,42340.0,46200.0,4807.0,4839.5
KG,10.560378847671666,10520.0,13645.0,5556.0,5491.0
SYNA,10.544593528018941,485440.0,634720.0,2701.0,2581.0
BNZI,10.52880820836622,179831.4,,3701.0,
EPOW,10.513022888713497,413880.0,391350.0,2863.0,3096.0
PUMP,10.497237569060774,2399180.0,4158870.0,971.0,667.0
SLNH,10.48145224940805,11780100.0,10084000.0,197.0,242.0
SNES,10.465666929755328,37200.0,146535.0,4892.0,3983.0
HUN,10.449881610102604,2064000.0,3403205.0,1116.0,784.0
SOLS,10.434096290449881,1746480.0,2800870.0,1285.0,951.0
WBTN,10.418310970797158,379440.0,385310.0,2956.0,3107.0
LDI,10.402525651144435,1626180.0,2911805.0,1340.0,911.0
RDCM,10.386740331491714,234440.0,220995.0,3434.5,3617.0
HUMA,10.370955011838989,22059000.0,8191460.0,85.0,308.0
BLNK,10.355169692186267,964720.0,1396280.0,1912.0,1657.0
MTSI,10.339384372533544,1436380.0,1562145.0,1473.0,1553.0
HTOO,10.323599052880821,13640.0,8595.0,5443.0,5693.5
DCGO,10.307813733228098,1880560.0,809375.0,1210.0,2299.0
MARA,10.292028413575375,47001780.0,44082140.0,21.0,30.0
CIGL,10.276243093922652,221740.0,,3481.0,
SST,10.260457774269929,817560.0,252450.0,2110.0,3499.0
REED,10.244672454617206,14020.0,11320.0,5434.0,5584.0
GCTK,10.228887134964483,5506180.0,25585950.0,432.0,76.0
ETOR,10.213101815311761,1708640.0,1281585.0,1309.0,1757.0
AREN,10.197316495659036,48440.0,136305.0,4731.0,4047.0
PZZA,10.181531176006315,1379400.0,1855190.0,1514.0,1351.0
AD,10.165745856353592,142700.0,145415.0,3907.0,3992.0
MTR,10.149960536700869,10660.0,6370.0,5547.0,5800.0
COOT,10.134175217048146,14660.0,150415.0,5416.0,3966.0
STUB,10.118389897395422,11486360.0,6577945.0,200.0,404.0
CRCL,10.1026045777427,12226660.0,11523280.0,186.0,205.0
DPRO,10.086819258089976,778300.0,760480.0,2159.0,2369.0
MMA,10.071033938437253,68700.0,103320.0,4492.0,4278.0
WDH,10.05524861878453,208760.0,197650.0,3552.0,3722.0
AMTX,10.039463299131809,822100.0,889075.0,2098.0,2176.0
IDN,10.023677979479084,1331240.0,473280.0,1551.0,2879.0
LX,10.007892659826362,1996720.0,1733265.0,1147.0,1428.0
HIVE,9.992107340173638,38975280.0,21552765.0,30.0,105.0
GNS,9.976322020520916,2904300.0,2518120.0,813.0,1057.0
AUUD,9.960536700868193,3742820.0,8063325.0,631.0,319.0
UNCY,9.94475138121547,779040.0,779395.0,2158.0,2338.0
CRUS,9.928966061562747,779940.0,838260.0,2155.0,2264.0
IVF,9.913180741910024,25075300.0,6324240.0,66.0,425.0
BMR,9.8973954222573,31940.0,63240.0,4999.5,4623.0
BMGL,9.881610102604578,11640.0,6790.0,5509.0,5785.0
DWSN,9.865824782951854,306540.0,163780.0,3167.0,3884.0
TDUP,9.850039463299131,2628000.0,3420475.0,894.0,783.0
XTNT,9.83425414364641,538540.0,253310.0,2588.0,3493.0
GILT,9.818468823993685,562520.0,607245.0,2542.0,2623.0
PLTK,9.802683504340964,2210720.0,1751195.0,1053.0,1414.0
RLMD,9.78689818468824,895820.0,1283105.0,1996.0,1754.0
TZOO,9.771112865035517,65140.0,112495.0,4524.0,4212.0
EZGO,9.755327545382794,106000.0,107925.0,4172.0,4243.0
CYCU,9.739542225730071,20525820.0,53338240.0,100.0,18.0
ARBE,9.723756906077348,1068040.0,1127215.0,1803.0,1885.0
SVCO,9.707971586424625,338640.0,437385.0,3072.0,2965.0
AIP,9.692186266771902,567460.0,660735.0,2530.0,2538.0
CIEN,9.676400947119179,2549840.0,2232440.0,921.0,1171.0
PTN,9.660615627466457,19960.0,20820.0,5268.0,5307.0
WORX,9.644830307813733,668.4,784.3,6132.0,6151.0
QUBT,9.629044988161011,7590020.0,8432635.0,306.0,304.0
ORN,9.613259668508286,387160.0,725555.0,2936.0,2427.0
CXDO,9.597474348855565,260940.0,490305.0,3320.0,2841.0
YXT,9.581689029202842,1608340.0,3740520.0,1352.0,725.0
BTMD,9.565903709550119,160700.0,205800.0,3808.0,3683.0
SSM,9.550118389897396,43060.0,127495.0,4796.0,4105.0
AESI,9.534333070244672,2968640.0,3948170.0,795.0,700.0
BE,9.51854775059195,11989920.0,17158680.0,193.0,135.0
CRGO,9.502762430939226,1505260.0,402665.0,1432.0,3063.5
ESOA,9.486977111286505,165700.0,196390.0,3771.0,3730.0
GEOS,9.47119179163378,150920.0,157535.0,3854.5,3909.0
ALMU,9.455406471981059,421180.0,485470.0,2841.0,2856.0
CCB,9.439621152328334,214860.0,453895.0,3519.0,2924.0
MNY,9.423835832675612,15020.0,10245.0,5399.0,5624.0
IONQ,9.40805051302289,16987780.0,20917995.0,122.0,109.0
TCX,9.392265193370166,69540.0,121920.0,4486.0,4141.0
INTT,9.376479873717443,126920.0,156720.0,4020.0,3915.0
EXOZ,9.36069455406472,6220.0,6115.0,5754.5,5818.0
UAMY,9.344909234411997,7324960.0,6802680.0,320.0,388.0
BYRN,9.329123914759274,457620.0,848130.0,2762.0,2247.0
PRIM,9.31333859510655,1069420.0,1268255.0,1801.0,1768.0
QCOM,9.297553275453827,8328480.0,11427180.0,285.0,209.0
KTTA,9.281767955801106,94520.0,255115.0,4264.0,3481.0
WULF,9.265982636148381,32650560.0,33064845.0,47.0,52.0
KVHI,9.25019731649566,157740.0,190255.0,3821.0,3764.0
OSS,9.234411996842937,916440.0,1024050.0,1966.0,1998.0
STRS,9.218626677190214,23360.0,93155.0,5194.0,4355.0
GDEV,9.20284135753749,4600.0,12800.0,5849.5,5530.0
ROL,9.187056037884766,4222180.0,6356285.0,562.0,423.0
PRFX,9.171270718232044,1256360.0,440915.0,1613.0,2959.0
CELC,9.155485398579321,955720.0,1013920.0,1920.0,2013.0
LGO,9.139700078926598,638520.0,522330.0,2397.0,2770.0
RILY,9.123914759273875,473540.0,594665.0,2722.0,2646.0
VSH,9.108129439621154,3242700.0,4830555.0,725.0,571.0
BNR,9.092344119968429,7180.0,5420.0,5700.5,5848.0
AQMS,9.076558800315707,25820.0,30785.0,5137.0,5095.0
RMCF,9.060773480662982,1715900.0,10611335.0,1304.0,229.0
LAR,9.044988161010261,1984040.0,2040555.0,1155.0,1250.0
AAOI,9.029202841357538,13858480.0,12950940.0,162.0,172.0
SVRE,9.013417521704813,38720.0,38970.0,4872.0,4956.0
ELVA,8.997632202052092,543440.0,656030.0,2578.0,2546.0
WBUY,8.981846882399369,42720.0,9112965.0,4802.0,277.0
AURE,8.966061562746646,10200.0,15980.0,5562.5,5433.0
METCB,8.950276243093922,75520.0,75550.0,4436.0,4489.5
ASYS,8.9344909234412,682860.0,441835.0,2310.0,2954.0
RUN,8.918705603788476,8431220.0,9967975.0,281.0,248.0
CENX,8.902920284135755,2555340.0,2202160.0,917.0,1189.0
MXL,8.88713496448303,2712600.0,3565645.0,866.0,753.0
BALY,8.871349644830309,241680.0,92305.0,3398.0,4362.0
PN,8.855564325177586,255320.0,1569165.0,3341.0,1547.0
ZKIN,8.83977900552486,9680.0,13565.0,5593.0,5495.5
ZJK,8.82399368587214,16120.0,12490.0,5373.0,5538.0
TVGN,8.808208366219416,7580.0,11750.0,5674.0,5561.5
LUCY,8.792423046566693,199520.0,196450.0,3602.0,3729.0
BENF,8.77663772691397,29760.0,19605.0,5058.5,5330.0
MIND,8.760852407261247,127000.0,90635.0,4019.0,4376.0
LPL,8.745067087608524,2824780.0,3235535.0,836.0,819.0
DKI,8.729281767955802,41620.0,632585.0,4816.0,2587.0
ISPC,8.713496448303077,82180.0,68395.0,4360.5,4564.0
CPSH,8.697711128650356,220980.0,296945.0,3486.0,3339.0
LIDR,8.681925808997633,490060.0,990465.0,2693.0,2043.0
DXF,8.666140489344908,250880.0,2866865.0,3362.0,933.0
TJGC,8.650355169692187,1739760.0,1362830.0,1288.0,1684.0
NATR,8.634569850039462,223240.0,207705.0,3479.0,3676.0
SINT,8.61878453038674,102380.0,248050.0,4202.0,3512.0
SIGA,8.602999210734017,638000.0,863200.0,2398.0,2208.0
LMFA,8.587213891081294,259346.4,,3333.0,
AMPX,8.571428571428571,5837280.0,6283125.0,397.0,430.0
HIMX,8.55564325177585,1062520.0,1511345.0,1811.0,1579.0
SJT,8.539857932123125,211160.0,201570.0,3541.5,3705.0
XWEL,8.524072612470404,17560.0,26075.0,5336.5,5177.5
ARDX,8.508287292817679,3816440.0,4716250.0,622.0,586.0
NAMSW,8.492501973164956,6280.0,2650.0,5748.0,5999.0
ON,8.476716653512234,7327180.0,10110175.0,319.0,240.0
BOLT,8.46093133385951,19480.0,24295.0,5286.0,5228.0
INOD,8.445146014206788,1325220.0,1568135.0,1556.0,1548.0
ACDC,8.429360694554065,1547880.0,2001720.0,1399.0,1270.0
BTDR,8.413575374901342,16479700.0,14790025.0,129.0,152.0
PMCB,8.397790055248619,113660.0,133805.0,4111.0,4069.0
QBTS,8.382004735595896,12024820.0,18002320.0,190.0,125.0
UPXI,8.366219415943172,1929620.0,1075315.0,1180.0,1934.0
SG,8.350434096290451,5708180.0,6541195.0,413.0,411.0
WNW,8.334648776637726,35320.0,94715.0,4929.0,4341.0
NOK,8.318863456985003,94189880.0,91113505.0,5.0,5.0
EVO,8.303078137332282,31500.0,68070.0,5011.5,4566.0
CFND,8.287292817679557,166240.0,58450.0,3767.0,4681.0
GTBP,8.271507498026835,550740.0,467000.0,2565.0,2896.0
ESLA,8.255722178374112,41080.0,29745.0,4821.5,5112.0
DVLT,8.23993685872139,80781900.0,38078435.0,8.0,42.0
MSTR,8.224151539068666,24989640.0,17686695.0,67.0,131.0
SID,8.208366219415943,1911140.0,4509470.0,1193.0,615.0
OKLO,8.19258089976322,7754080.0,9544490.0,302.0,260.0
LENZ,8.176795580110499,810460.0,846435.0,2120.0,2253.0
REBN,8.161010260457774,173800.0,156500.0,3733.0,3917.0
BKKT,8.14522494080505,1737260.0,1117820.0,1289.0,1899.0
LUMN,8.12943962115233,11825200.0,13998325.0,196.0,161.0
JL,8.113654301499604,12100.0,12940.0,5488.0,5523.0
AOSL,8.097868981846883,782600.0,595535.0,2153.0,2645.0
LAB,8.082083662194158,1527120.0,1699620.0,1415.0,1452.0
XAIR,8.066298342541437,36780.0,47855.0,4899.0,4813.0
PPCB,8.050513022888714,37940.0,147470.0,4881.0,3978.0
SPIR,8.03472770323599,571820.0,567325.0,2525.0,2688.0
BIOA,8.018942383583267,508680.0,1378690.0,2657.0,1672.0
SAGT,8.003157063930546,4063140.0,1452360.0,584.0,1624.0
SHPH,7.987371744277821,49940.0,311570.0,4711.0,3293.0
FN,7.971586424625099,1535300.0,965870.0,1407.5,2073.0
ONMD,7.955801104972375,536260.0,2774070.0,2593.0,960.0
APP,7.940015785319653,5667460.0,7350745.0,418.0,356.0
LCFY,7.9242304656669305,4120.0,12995.0,5874.0,5520.0
YCBD,7.9084451460142065,201040.0,205110.0,3595.0,3687.0
QCLS,7.892659826361484,119920.0,151730.0,4069.0,3954.0
RGTI,7.876874506708761,15944640.0,19690670.0,136.0,114.0
IPGP,7.861089187056038,631180.0,491085.0,2412.0,2838.0
SACH,7.845303867403315,87020.0,107385.0,4328.0,4247.0
CDXS,7.829518547750592,1345680.0,1752195.0,1540.0,1412.0
RDHL,7.813733228097869,26020.0,36750.0,5129.0,4984.0
PROP,7.797947908445146,5189240.0,2271030.0,461.0,1148.0
FUFU,7.782162588792422,319880.0,184005.0,3123.0,3793.0
THCH,7.7663772691397,16560.0,10080.0,5362.0,5632.0
SHMD,7.750591949486978,455440.0,415685.0,2767.5,3027.0
SNT,7.734806629834254,8100.0,11680.0,5647.0,5570.0
CLFD,7.719021310181532,131360.0,242525.0,3990.0,3533.0
BRLS,7.703235990528808,4360.0,22285.0,5863.0,5272.0
GLSI,7.6874506708760855,100060.0,123185.0,4223.5,4128.0
EVMN,7.671665351223362,331320.0,496670.0,3096.0,2822.0
IHRT,7.655880031570639,699560.0,660800.0,2278.0,2537.0
BKYI,7.640094711917916,57540.0,218350.0,4619.0,3630.0
WKSP,7.624309392265194,119620.0,231450.0,4074.0,3574.0
RMBS,7.60852407261247,2159240.0,2588995.0,1082.0,1027.0
GPRO,7.592738752959748,7145300.0,5922605.0,328.0,454.0
PRSO,7.576953433307025,249000.0,337140.0,3366.0,3224.0
PCT,7.561168113654301,4172060.0,4381475.0,576.0,632.0
LBRT,7.545382794001579,3029740.0,5915920.0,779.0,456.0
RFIL,7.529597474348855,234600.0,230565.0,3433.0,3580.0
AHG,7.513812154696133,45380.0,17775.0,4762.0,5383.0
LFS,7.49802683504341,6367560.0,2416295.0,367.0,1092.0
ARI,7.482241515390687,3576500.0,3589205.0,665.0,749.0
MRNO,7.466456195737964,323260.0,231970.0,3118.0,3573.0
CMCM,7.450670876085241,3440.0,5200.0,5909.0,5856.0
ELA,7.434885556432517,130660.0,146490.0,3995.0,3984.0
CVGI,7.419100236779795,359020.0,545175.0,3022.0,2722.0
ASTS,7.403314917127071,8689200.0,11802365.0,272.0,198.0
PMEC,7.387529597474349,27700.0,191190.0,5102.0,3760.0
BIRD,7.371744277821627,296400.0,324485.0,3199.0,3257.0
GRABW,7.355958958168903,51180.0,38820.0,4693.0,4959.0
TRUG,7.34017363851618,22079260.0,5626925.0,84.0,480.0
ZEPP,7.324388318863457,42780.0,42070.0,4801.0,4899.5
SLI,7.308602999210734,1416920.0,1627315.0,1486.0,1508.0
AIV,7.292817679558011,803780.0,804345.0,2130.0,2305.0
MKZR,7.277032359905287,10580.0,155470.0,5553.5,3928.0
AAME,7.261247040252565,33280.0,16835.0,4969.0,5406.0
GSIT,7.245461720599843,533100.0,608865.0,2604.0,2622.0
ANPA,7.229676400947119,11500.0,27095.0,5516.5,5161.0
AIFF,7.213891081294396,101560.0,145405.0,4213.0,3993.0
LAC,7.198105761641674,11262760.0,9137625.0,203.0,275.0
ARKO,7.18232044198895,1348400.0,1144685.0,1537.0,1867.0
YI,7.166535122336228,2000.0,3120.0,5999.5,5974.5
APLD,7.150749802683504,16704800.0,19538765.0,123.0,117.0
CLNN,7.134964483030782,62580.0,74055.0,4551.0,4505.0
ENPH,7.119179163378059,3393100.0,4710125.0,688.0,588.0
NHTC,7.1033938437253346,40840.0,50460.0,4829.0,4780.0
CDLX,7.087608524072612,60540.0,49505.0,4586.0,4792.0
GOGO,7.07182320441989,1696900.0,1816930.0,1312.0,1365.0
NOMA,7.056037884767166,352660.0,94785.0,3039.0,4340.0
PSNY,7.040252565114444,139760.0,137050.0,3929.0,4043.0
TTMI,7.02446724546172,2976240.0,3338715.0,793.0,801.0
UPLD,7.008681925808998,68580.0,32205.0,4494.0,5069.0
AZTR,6.992896606156275,873320.0,1404165.0,2030.0,1649.0
HYLN,6.977111286503551,3678020.0,3482130.0,642.0,772.0
LMB,6.961325966850829,415560.0,413040.0,2854.0,3035.0
EHGO,6.945540647198106,11321940.0,7339230.0,202.0,358.0
BMRA,6.929755327545382,6680.0,6720.0,5729.0,5786.0
GORO,6.91397000789266,1054920.0,1358895.0,1813.0,1691.0
WKEY,6.898184688239938,45460.0,45070.0,4761.0,4861.0
LASR,6.882399368587214,1063780.0,1398430.0,1808.0,1654.0
EH,6.866614048934491,491400.0,538575.0,2690.0,2736.0
STEX,6.850828729281767,1458740.0,869680.0,1454.0,2198.0
NTRP,6.835043409629045,73260.0,53050.0,4450.0,4751.0
LNKS,6.819258089976323,877260.0,370340.0,2023.0,3143.0
STEM,6.803472770323599,193400.0,142950.0,3628.0,4006.0
SCAG,6.787687450670877,219740.0,204990.0,3490.0,3688.0
RR,6.7719021310181535,5182200.0,5335290.0,463.0,510.0
SPRU,6.7561168113654295,137400.0,65610.0,3953.0,4593.0
UTI,6.740331491712707,1520820.0,1618720.0,1424.0,1515.0
ARMP,6.724546172059983,94280.0,100250.0,4265.0,4299.0
GAIA,6.708760852407261,221100.0,158540.0,3485.0,3904.0
DFDVW,6.692975532754539,12900.0,10200.0,5464.0,5626.0
ARTL,6.677190213101815,1591080.0,497935.0,1369.0,2819.0
TTD,6.661404893449093,21990520.0,31292605.0,86.0,57.0
MDAI,6.64561957379637,192980.0,192700.0,3631.0,3752.0
COE,6.629834254143646,18160.0,21155.0,5316.0,5299.0
LANV,6.614048934490924,28680.0,63050.0,5081.0,4626.0
MX,6.5982636148382,450920.0,873830.0,2780.0,2192.0
SYPR,6.582478295185477,39240.0,33430.0,4861.0,5046.0
VELO,6.566692975532755,1576620.0,1837740.0,1377.0,1356.0
AAON,6.550907655880031,1205960.0,1281470.0,1663.0,1758.0
ICMB,6.5351223362273085,29840.0,33935.0,5057.0,5038.0
HYPR,6.519337016574586,574320.0,580025.0,2519.0,2666.0
AMSC,6.503551696921862,552220.0,800675.0,2558.0,2310.0
PODC,6.48776637726914,104780.0,77495.0,4182.0,4477.0
HOVR,6.471981057616416,661420.0,1087980.0,2350.0,1922.0
OLB,6.456195737963694,653320.0,332595.0,2368.0,3236.0
BODI,6.440410418310972,76260.0,62495.0,4429.5,4635.0
FBGL,6.424625098658248,150300.0,225365.0,3859.0,3601.0
IPX,6.4088397790055245,196680.0,247000.0,3618.5,3514.0
PLAB,6.393054459352802,761420.0,837920.0,2183.0,2266.0
XPON,6.377269139700078,2819800.0,725790.0,839.0,2426.0
VATE,6.361483820047356,268300.0,1005885.0,3287.0,2023.0
BGIN,6.345698500394634,396660.0,106600.0,2913.0,4257.0
PLUG,6.32991318074191,57564060.0,62698335.0,16.0,13.0
TAOP,6.3141278610891876,50400.0,448485.0,4705.0,2935.0
FMFC,6.2983425414364635,395380.0,11593410.0,2916.0,202.0
FULC,6.282557221783741,3141640.0,1825185.0,746.0,1360.0
RETO,6.266771902131019,2911940.0,1049265.0,811.0,1961.0
MCRB,6.250986582478295,64000.0,64445.0,4533.0,4612.0
NMTC,6.235201262825572,110880.0,69845.0,4127.0,4551.0
AIRE,6.219415943172849,67360.0,63460.0,4504.0,4620.0
ENVB,6.203630623520126,203160.0,152445.0,3582.0,3950.0
BAER,6.1878453038674035,1056160.0,1572730.0,1812.0,1545.0
REFR,6.17205998421468,82680.0,91380.0,4357.0,4367.0
ASTI,6.156274664561957,247480.0,361050.0,3376.0,3164.0
VUZI,6.140489344909234,2107120.0,1133650.0,1100.0,1878.0
TGEN,6.124704025256512,260120.0,228570.0,3325.5,3588.0
NVX,6.108918705603789,128560.0,176235.0,4008.0,3831.0
BGI,6.093133385951066,1338940.0,503890.0,1543.0,2804.0
GCTS,6.077348066298343,2248840.0,2523185.0,1039.0,1056.0
BKSY,6.0615627466456194,879300.0,1047655.0,2018.0,1963.0
FUSE,6.045777426992896,135540.0,4329810.0,3966.0,639.0
FRSX,6.029992107340173,43540.0,53545.0,4788.0,4747.0
ZEO,6.01420678768745,93600.0,2199310.0,4275.0,1190.0
ARRY,5.998421468034728,5390420.0,7170130.0,447.0,368.0
EBS,5.982636148382005,1118320.0,1319730.0,1742.0,1730.0
KMRK,5.966850828729282,51400.0,79495.0,4687.0,4457.0
POET,5.9510655090765585,13046700.0,12781295.0,174.0,174.0
CAN,5.935280189423836,7897880.0,11868025.0,297.0,197.0
GLOO,5.919494869771113,133700.0,140630.0,3978.0,4020.0
QUIK,5.90370955011839,307900.0,295695.0,3164.0,3344.0
TEAD,5.887924230465667,103480.0,156975.0,4191.0,3913.0
ATS,5.872138910812944,173820.0,263140.0,3730.5,3454.0
TPST,5.856353591160221,405300.0,315000.0,2890.5,3281.0
DUO,5.840568271507498,25900.0,106530.0,5134.5,4258.0
NYXH,5.8247829518547745,111260.0,120985.0,4126.0,4150.0
KULR,5.808997632202052,1687820.0,1134845.0,1316.0,1877.0
MNTS,5.793212312549329,1517640.0,1293685.0,1426.0,1748.0
IZM,5.777426992896606,315520.0,1530385.0,3148.0,1568.0
ONCO,5.761641673243883,281040.0,273220.0,3242.0,3422.0
FBYD,5.745856353591161,70040.0,100120.0,4477.0,4300.0
CCOI,5.7300710339384375,1978660.0,1722190.0,1158.0,1433.0
GFS,5.714285714285714,3627220.0,4543800.0,654.0,612.0
BNKK,5.698500394632991,214720.0,103275.0,3521.0,4279.0
RDGT,5.682715074980268,206740.0,4036950.0,3563.0,683.0
SITC,5.666929755327545,821773.6,911574.0,2099.0,2146.0
VLN,5.651144435674822,1275020.0,981350.0,1591.0,2052.0
NWGL,5.6353591160221,1082360.0,3296620.0,1783.0,808.0
SVRN,5.619573796369377,6160.0,12900.0,5759.0,5524.0
LOCL,5.6037884767166535,11580.0,22340.0,5511.5,5270.0
TE,5.58800315706393,22920080.0,39160195.0,79.0,40.0
GPUS,5.572217837411208,25595280.0,25262500.0,65.0,80.0
UP,5.556432517758485,102400.0,92405.0,4201.0,4361.0
CRML,5.540647198105762,5615740.0,5917230.0,421.0,455.0
FLNC,5.524861878453039,5914460.0,8037855.0,388.0,320.0
KAPA,5.509076558800316,271960.0,2244100.0,3276.0,1163.0
TPET,5.4932912391475925,1662360.0,1870955.0,1327.0,1341.0
TROO,5.477505919494869,293600.0,268110.0,3203.0,3440.0
RKLB,5.461720599842146,16216140.0,18866950.0,131.0,121.0
SRFM,5.445935280189424,2980480.0,2087985.0,792.0,1230.0
EMPD,5.430149960536701,574140.0,469205.0,2520.0,2891.0
SBEV,5.414364640883978,886040.0,6596480.0,2011.0,401.0
PPSI,5.398579321231255,230860.0,108275.0,3448.0,4240.0
GAUZ,5.3827940015785325,317580.0,12275750.0,3132.0,190.0
OPTT,5.367008681925809,3590180.0,6094180.0,663.0,438.0
VPG,5.351223362273086,712900.0,717160.0,2259.0,2441.0
GSIW,5.335438042620363,23960.0,15650.0,5183.0,5441.0
WCT,5.31965272296764,338120.0,1756260.0,3076.0,1406.0
MOBX,5.303867403314917,1763180.0,1991655.0,1278.0,1274.0
SLND,5.288082083662194,447360.0,537035.0,2790.0,2738.0
PPBT,5.272296764009471,26880.0,77035.0,5110.0,4479.0
APVO,5.256511444356748,61800.0,32390.0,4568.5,5065.5
FJET,5.240726124704025,745840.0,627180.0,2208.0,2595.0
AMOD,5.224940805051302,8780.0,16540.0,5624.0,5415.0
SUPX,5.209155485398579,146060.0,188195.0,3887.0,3774.0
JFIN,5.193370165745857,30280.0,43440.0,5037.5,4882.0
EDSA,5.177584846093134,72760.0,61545.0,4453.0,4649.5
LFT,5.161799526440411,323440.0,272710.0,3117.0,3423.0
BEAT,5.1460142067876875,639180.0,474595.0,2396.0,2876.0
MNST,5.130228887134964,11175760.0,7400465.0,206.0,351.0
SERV,5.114443567482241,5270860.0,4887550.0,453.0,567.0
MVST,5.098658247829518,6660160.0,6555550.0,349.0,408.0
STFS,5.082872928176796,1220380.0,1589030.0,1648.0,1535.0
LVO,5.067087608524073,58820.0,64080.0,4609.0,4617.0
BTTC,5.05130228887135,7538100.0,1899165.0,310.0,1319.0
TTEC,5.035516969218627,684560.0,579805.0,2305.0,2668.0
LINC,5.019731649565904,1315840.0,1039250.0,1563.0,1978.0
AHCO,5.003946329913181,2653940.0,4182165.0,886.0,664.0
GGR,4.988161010260458,18300.0,15775.0,5311.0,5439.0
RADX,4.972375690607735,60680.0,150925.0,4584.0,3962.0
SNAL,4.956590370955012,194840.0,193210.0,3621.0,3746.0
DFLI,4.940805051302289,249900.0,406755.0,3365.0,3050.0
MIMI,4.925019731649566,108200.0,119180.0,4152.5,4165.0
TNMG,4.9092344119968425,186580.0,15122930.0,3668.0,149.0
KLXE,4.89344909234412,383580.0,560100.0,2946.0,2700.0
ATOS,4.877663772691397,98380.0,59280.0,4238.5,4667.0
SGLY,4.861878453038674,3205580.0,1045152.15,735.0,1967.0
CHGG,4.846093133385951,1040720.0,1325495.0,1830.0,1724.0
BZFD,4.830307813733229,471100.0,702945.0,2728.0,2467.0
DCOY,4.814522494080506,25880.0,84795.0,5136.0,4423.0
BRFH,4.7987371744277825,71540.0,26055.0,4464.0,5179.0
CWD,4.782951854775059,381400.0,319920.0,2951.0,3274.0
AIRS,4.767166535122336,1178500.0,905050.0,1690.0,2157.0
TVRD,4.751381215469613,200380.0,366840.0,3598.0,3149.0
THRY,4.73559589581689,1019380.0,1030095.0,1848.0,1990.0
SEDG,4.719810576164167,2765760.0,3881240.0,857.0,709.0
BHST,4.704025256511445,58480.0,86840.0,4612.0,4405.0
UXIN,4.6882399368587215,95300.0,320325.0,4254.0,3272.0
BBLG,4.672454617205998,265100.0,855955.0,3298.0,2226.0
AXTI,4.656669297553275,12741700.0,13365350.0,177.0,165.0
SATL,4.640883977900553,4827500.0,5880995.0,488.0,462.0
MRAM,4.62509865824783,1620680.0,1372265.0,1345.0,1676.0
DMRC,4.609313338595107,183320.0,119650.0,3683.0,4159.0
XCUR,4.593528018942383,36460.0,41250.0,4909.0,4915.0
HTCO,4.577742699289661,51760.0,89140.0,4681.0,4390.0
BCAR,4.5619573796369375,94640.0,302290.0,4261.5,3322.0
RNAZ,4.546172059984214,48880.0,26805.0,4727.0,5167.0
CAPS,4.530386740331491,518080.0,855450.0,2631.0,2230.0
ATOM,4.514601420678769,485160.0,592295.0,2702.0,2648.0
SUIG,4.498816101026046,227360.0,260440.0,3462.0,3463.0
ADTN,4.483030781373323,2088340.0,2629070.0,1108.0,1012.0
FLY,4.4672454617206,2773860.0,3264240.0,853.0,814.0
PL,4.451460142067877,4670500.0,6038670.0,508.0,441.0
KITT,4.435674822415154,334180.0,309020.0,3088.0,3303.0
ENVX,4.41988950276243,18309300.0,9215495.0,115.0,272.0
BETR,4.404104183109708,889500.0,782610.0,2003.0,2332.0
BCARU,4.388318863456985,2180.0,20630.0,5982.5,5310.0
AMBR,4.372533543804262,53880.0,23340.0,4667.0,5248.0
TRNR,4.356748224151539,53900.0,27240.0,4665.5,5158.5
CRDF,4.3409629044988165,566000.0,831665.0,2534.0,2272.0
NNOX,4.325177584846093,1164720.0,1136245.0,1703.0,1875.0
ANTA,4.30939226519337,4600.0,4065.0,5849.5,5940.0
BTOG,4.293606945540647,1917580.0,907555.0,1189.0,2153.0
NEON,4.277821625887925,101700.0,108740.0,4211.0,4237.0
KDK,4.262036306235202,1076680.0,983105.0,1791.0,2050.0
DXYZ,4.246250986582478,1812640.0,1343505.0,1255.0,1712.0
BBLGW,4.230465666929755,340.0,170.0,6173.5,6219.0
NTZ,4.2146803472770324,1700.0,2435.0,6020.0,6023.0
YDDL,4.198895027624309,9780.0,12000.0,5582.5,5551.5
BJDX,4.183109707971586,323820.0,6182960.0,3116.0,434.0
MCRP,4.167324388318863,449640.0,255660.0,2782.0,3478.0
FLYX,4.151539068666141,398780.0,448535.0,2909.0,2934.0
GCDT,4.135753749013418,1510160.0,664080.0,1429.0,2532.0
CABO,4.119968429360695,256100.0,210465.0,3340.0,3669.0
VENU,4.1041831097079715,560600.0,445540.0,2547.0,2945.0
MTC,4.088397790055249,9640.0,25440.0,5596.0,5195.0
FGMC,4.072612470402525,343300.0,381615.0,3057.0,3114.0
CLDI,4.056827150749802,181240.0,485055.95,3690.0,2858.0
SURG,4.041041831097079,65334580.0,32746065.0,15.0,54.0
SILO,4.025256511444357,408520.0,149060.0,2882.0,3973.0
INVZ,4.009471191791634,4443000.0,5291265.0,535.0,515.0
EYPT,3.9936858721389106,16196780.0,5449170.0,132.0,493.0
KSCP,3.9779005524861875,1034480.0,1485420.0,1836.0,1597.0
LWLG,3.9621152328334652,3104700.0,3164860.0,755.0,838.0
NRSN,3.946329913180742,507720.0,464460.0,2659.0,2903.0
LUNR,3.930544593528019,15834460.0,11059070.0,140.0,216.0
PSQH,3.914759273875296,1684800.0,554195.0,1317.0,2713.0
UWMC,3.898973954222573,14436100.0,24574775.0,154.0,83.0
PLAG,3.88318863456985,2444300.0,14900380.0,958.0,151.0
RKDA,3.867403314917127,410300.0,220980.0,2872.0,3618.0
SIDU,3.851617995264404,5484920.0,5963340.0,436.0,449.0
BW,3.835832675611681,5875040.0,5180995.0,392.0,527.0
ATGL,3.820047355958958,9720.0,43445.0,5588.5,4880.5
ABTC,3.804262036306235,1407080.0,1347025.0,1493.0,1707.0
POM,3.7884767166535127,27700.0,136005.0,5102.0,4052.0
KDKRW,3.7726913970007896,10300.0,11975.0,5557.0,5555.0
DDC,3.7569060773480665,406980.0,355880.0,2885.0,3179.0
FTCI,3.7411207576953434,187980.0,246600.0,3661.0,3515.0
SNTI,3.7253354380426207,302300.0,202730.0,3180.5,3698.0
CELZ,3.7095501183898976,571460.0,19642085.0,2526.5,115.0
FLD,3.6937647987371744,211580.0,145430.0,3537.0,3991.0
NFE,3.6779794790844513,1966460.0,1759920.0,1162.0,1403.0
CD,3.6621941594317287,341000.0,229915.0,3065.0,3583.0
ACH,3.6464088397790055,3252840.0,1915020.0,723.0,1311.0
HCAI,3.6306235201262824,21720.0,44180.0,5231.0,4874.0
EOSE,3.6148382004735593,20735720.0,27386225.0,98.0,72.0
INUV,3.599052880820837,297040.0,308395.0,3195.0,3305.0
ASNS,3.583267561168114,126160.0,342585.0,4024.0,3212.0
CVRX,3.567482241515391,1076560.0,1461500.0,1792.0,1613.0
OCS,3.5516969218626673,201960.0,291075.0,3588.0,3361.0
BYSI,3.535911602209945,8075520.0,2049490.0,291.0,1245.0
VRAX,3.520126282557222,3635820.0,983630.0,652.0,2046.0
LOOP,3.504340962904499,5265560.0,1360420.0,454.0,1687.0
VVOS,3.4885556432517757,734080.0,2932360.0,2224.0,900.0
VERI,3.472770323599053,8767780.0,3969775.0,268.0,698.0
BLDP,3.45698500394633,3033580.0,5021640.0,777.0,546.0
OPENL,3.441199684293607,514680.0,330385.0,2641.0,3238.0
DGXX,3.4254143646408837,4260860.0,3628310.0,552.0,745.0
MI,3.4096290449881614,11500.0,34290.0,5516.5,5030.0
CCIXW,3.3938437253354383,347466.6,,3049.0,
SES,3.3780584056827148,12001320.0,18570715.0,191.0,123.0
AMST,3.3622730860299916,56980.0,66365.0,4630.5,4585.0
DFSC,3.3464877663772694,30482980.0,7667210.0,53.0,335.0
SPRO,3.3307024467245463,658640.0,1486595.0,2359.0,1596.0
FRGT,3.314917127071823,3119800.0,842160.0,751.0,2258.0
ACTU,3.2991318074191,165060.0,187590.0,3778.5,3775.0
LRHC,3.2833464877663774,164480.0,1715660.0,3787.0,1440.0
PMAX,3.2675611681136543,59820.0,67840.0,4593.0,4567.0
SQFT,3.251775848460931,6460.0,7450.0,5739.0,5752.0
MERC,3.235990528808208,392940.0,428860.0,2920.0,2992.0
PMNT,3.220205209155486,47200.0,43315.0,4746.5,4883.0
NVTS,3.2044198895027622,14126280.0,15332130.0,156.0,145.0
IMCC,3.188634569850039,9276920.0,6589880.0,255.0,402.0
WATT,3.172849250197317,287420.0,211135.0,3223.0,3661.5
PMI,3.1570639305445938,49920.0,66865.0,4712.0,4578.0
HPAI,3.1412786108918707,976880.0,294880.0,1893.5,3348.0
AKTX,3.1254932912391475,93840.0,45535.0,4272.0,4851.0
AVX,3.1097079715864244,26740.0,19185.0,5114.0,5347.0
KNRX,3.0939226519337018,14600.0,26000.0,5418.0,5180.0
MPLT,3.0781373322809786,603540.0,1502710.0,2456.0,1586.0
HUHU,3.062352012628256,59700.0,35750.0,4595.0,4998.0
FEED,3.046566692975533,1053340.0,1625930.0,1814.0,1510.0
SNYR,3.0307813733228097,42717280.0,10872040.0,25.0,222.0
WOLF,3.0149960536700866,4711360.0,4843875.0,501.0,570.0
BAK,2.999210734017364,2660640.0,1871375.0,883.0,1339.0
MOVE,2.983425414364641,109780.0,454385.0,4136.0,2922.0
UCL,2.967640094711918,20164960.0,5062020.0,102.0,540.0
HCTI,2.951854775059195,9674920.0,2630735.0,241.0,1011.0
HTZ,2.936069455406472,44682660.0,54755635.0,23.0,17.0
RIME,2.920284135753749,3886120.0,1110105.0,612.0,1903.0
DCX,2.904498816101026,33080.0,1006840.0,4972.0,2022.0
ALPS,2.888713496448303,84020.0,49435.0,4349.5,4793.0
RNWWW,2.8729281767955803,1471320.0,394555.0,1448.0,3088.0
UCAR,2.857142857142857,186740.0,465240.0,3667.0,2898.0
SOBR,2.841357537490134,287340.0,447845.0,3224.0,2937.0
CDTG,2.825572217837411,16636360.0,4396025.0,124.0,631.0
OPENW,2.8097868981846883,338500.0,358185.0,3074.5,3176.0
ARAI,2.794001578531965,669460.0,637460.0,2336.0,2574.0
BDRX,2.7782162588792425,262160.0,149615.0,3312.0,3972.0
NAMI,2.7624309392265194,104440.0,3133670.0,4185.0,845.0
MTVA,2.7466456195737963,85820.0,82305.0,4336.0,4435.0
RAIN,2.730860299921073,233680.0,1605250.0,3439.0,1525.0
QNTM,2.7150749802683505,463060.0,293475.0,2746.5,3352.0
ATER,2.6992896606156274,188400.0,444430.0,3659.0,2951.0
MSS,2.6835043409629047,13574660.0,5897765.0,163.0,461.0
MPU,2.6677190213101816,68380.0,159870.0,4496.0,3900.0
ERNA,2.6519337016574585,33140.0,43130.0,4971.0,4889.0
VTGN,2.6361483820047353,991040.0,7357975.0,1882.0,354.0
SKYE,2.6203630623520127,3857420.0,1081085.0,616.0,1927.0
BNBX,2.6045777426992895,51320.0,46200.0,4691.0,4839.5
JLHL,2.588792423046567,308920.0,1926200.0,3162.0,1305.0
TRAW,2.5730071033938438,107300.0,101025.0,4161.0,4295.0
INTJ,2.5572217837411206,5740.0,11870.0,5783.0,5557.0
CMTL,2.541436464088398,329700.0,347180.0,3100.0,3202.0
HRTX,2.525651144435675,3032100.0,2922225.0,778.0,907.0
AUID,2.509865824782952,425540.0,270245.0,2835.0,3431.0
NOTE,2.494080505130229,536000.0,354625.0,2594.0,3183.0
EMAT,2.478295185477506,1563480.0,542865.0,1388.0,2726.0
LSTA,2.462509865824783,56100.0,103695.0,4639.0,4277.0
ICCM,2.44672454617206,91240.0,81305.0,4297.5,4443.0
CNEY,2.430939226519337,44280.0,181460.0,4776.0,3808.0
NAUT,2.4151539068666144,523580.0,896270.0,2624.0,2166.0
BZAI,2.3993685872138912,22593020.0,8073125.0,82.0,317.0
INSG,2.383583267561168,420040.0,462200.0,2843.0,2906.0
KALA,2.367797947908445,63220.0,81755.0,4545.0,4440.0
VRRM,2.3520126282557223,2945280.0,5811640.0,801.0,466.0
BYAH,2.336227308602999,86860.0,965770.15,4329.0,2074.0
CANG,2.3204419889502765,177620.0,123745.0,3709.0,4124.0
MTNB,2.3046566692975534,2714740.0,15531820.0,865.0,144.0
FTRK,2.2888713496448303,1817986.2,10071833.55,1249.0,243.0
DARE,2.273086029992107,3646920.0,1007135.0,650.0,2021.0
SSTK,2.2573007103393845,834680.0,1381915.0,2081.0,1670.0
SHFS,2.2415153906866614,197960.0,327575.0,3610.0,3246.0
XXII,2.2257300710339387,14700.0,9895.0,5414.5,5644.0
RCT,2.209944751381215,1172280.0,690915.0,1698.0,2484.0
SOC,2.1941594317284925,14710080.0,9363405.0,151.0,266.0
IPDN,2.1783741120757694,2288060.0,676440.0,1022.0,2507.0
MNDR,2.1625887924230467,720280.0,375855.0,2242.0,3129.0
RMSG,2.1468034727703236,143920.0,727810.0,3901.0,2421.0
JAGX,2.131018153117601,391200.0,184745.0,2926.0,3787.0
CVKD,2.1152328334648773,48280.0,41210.0,4734.0,4916.0
ELTX,2.0994475138121547,287960.0,290135.0,3222.0,3364.0
KUST,2.0836621941594315,1529300.0,4420455.0,1412.0,628.0
XELB,2.067876874506709,121380.0,64410.0,4054.0,4614.0
FEMY,2.0520915548539858,7460500.0,2008015.0,315.0,1263.0
ADCT,2.0363062352012626,2522820.0,1214125.0,931.0,1812.0
SNWV,2.0205209155485395,106980.0,116810.0,4164.0,4183.0
AFJK,2.004735595895817,11740.0,29865.0,5503.0,5110.0
BNRG,1.9889502762430937,1338489.2,805089.05,1544.0,2303.0
WLFC,1.973164956590371,299600.0,260705.0,3189.0,3462.0
TWG,1.957379636937648,1904340.0,500765.0,1199.0,2808.0
CETX,1.941594317284925,37720.0,56195.0,4884.0,4714.0
LIQT,1.925808997632202,134320.0,130410.0,3975.0,4091.0
HUBC,1.910023677979479,227380.0,414765.0,3460.5,3030.0
EGG,1.8942383583267564,25920.0,1372095.0,5133.0,1677.0
TOYO,1.8784530386740332,1599880.0,907235.0,1361.0,2154.0
APUS,1.8626677190213103,350380.0,142242.0,3044.0,4008.0
EVTL,1.8468823993685872,6712560.0,9368635.0,347.0,265.0
FNGR,1.8310970797158643,1817620.0,4100205.0,1250.0,677.0
AIFU,1.8153117600631412,43920.0,16745.0,4784.0,5409.0
CCHH,1.7995264404104185,116520.0,412675.0,4098.0,3037.0
RSVRW,1.7837411207576954,16520.0,,5363.0,
NCPL,1.7679558011049725,3963480.0,1073440.0,601.0,1936.0
NCRA,1.7521704814522494,99940.0,7400320.0,4225.0,352.0
CAPR,1.7363851617995265,23859580.0,11780005.0,72.0,199.0
TYGO,1.7205998421468034,818660.0,1783320.0,2106.0,1390.0
PSIG,1.7048145224940807,1360920.0,381820.0,1527.0,3113.0
BIAF,1.6890292028413574,35215360.0,9018700.0,37.0,281.0
CRMT,1.6732438831886347,178100.0,203270.0,3707.0,3695.0
NXXT,1.6574585635359116,5675460.0,3009530.0,417.0,875.0
AEON,1.6416732438831887,5091300.0,1882290.0,470.0,1331.0
GETY,1.6258879242304656,2792460.0,4630955.0,848.0,602.0
VTAK,1.610102604577743,2073080.0,6806280.0,1112.0,387.0
VSTD,1.5943172849250196,2180.0,264375.0,5982.5,3451.0
SRXH,1.5785319652722969,1257140.0,1229470.0,1611.0,1797.0
KPTI,1.5627466456195738,1187560.0,2760660.0,1681.0,964.0
SBFM,1.5469613259668509,251940.0,887975.0,3357.0,2180.0
TDIC,1.531176006314128,138080.0,216440.0,3946.0,3636.0
VWAV,1.5153906866614049,6460260.0,2246985.0,356.0,1158.0
MBRX,1.499605367008682,1010660.0,2378415.0,1862.0,1112.0
NNNN,1.483820047355959,317440.0,113090.0,3135.0,4208.0
JEM,1.468034727703236,39740.0,2274020.0,4855.5,1147.0
AFJKU,1.452249408050513,520.0,1400.0,6146.0,6099.0
ORIS,1.4364640883977902,988.4,2359.65,6094.0,6029.0
TOPP,1.420678768745067,634800.0,1201575.0,2402.0,1824.0
CHAI,1.4048934490923441,449400.0,6610485.0,2784.5,400.0
INV,1.3891081294396213,14119120.0,4506765.0,157.0,616.0
SDST,1.3733228097868981,212200.0,1695680.0,3532.5,1457.0
GVH,1.3575374901341752,117500.0,1008935.0,4087.0,2019.0
RGC,1.3417521704814523,165220.0,193285.0,3775.0,3745.0
TC,1.3259668508287292,199320.0,957730.0,3603.0,2086.0
ALAR,1.3101815311760063,111340.0,131735.0,4125.0,4081.0
SPWR,1.2943962115232834,5458880.0,7224920.0,441.0,365.0
GNPX,1.2786108918705603,1027760.0,459765.0,1841.0,2911.0
BURU,1.2628255722178374,3488280.0,4929840.0,678.0,563.0
GOVX,1.2470402525651145,2693340.0,796020.0,874.0,2313.0
BGL,1.2312549329123914,367880.0,322130.0,2999.0,3265.0
RPGL,1.2154696132596685,849140.0,255310.0,2065.0,3479.0
VIVS,1.1996842936069456,1574640.0,7197305.0,1379.0,366.0
VEEA,1.1838989739542225,405960.0,1621025.0,2888.0,1512.0
KWM,1.1681136543014996,266520.0,609809.55,3293.0,2618.0
CNTX,1.1523283346487767,2258100.0,1994485.0,1034.0,1273.0
FGL,1.1365430149960536,2863240.0,1904580.0,827.0,1317.0
SOHOB,1.1207576953433307,300.0,640.0,6179.5,6162.0
YMT,1.1049723756906076,586360.0,5169165.0,2493.0,530.0
GMM,1.0891870560378847,48460.0,1340405.0,4729.5,1716.0
WETO,1.0734017363851618,21571480.0,6312693.4,90.0,427.0
NTCL,1.0576164167324387,125280.0,66975.0,4029.0,4576.0
SEGG,1.0418310970797158,54620.0,130979.25,4654.0,4087.0
WOK,1.0260457774269929,1015340.0,523000.0,1855.0,2768.0
MVIS,1.0102604577742698,5483980.0,1892844.7,437.0,1328.0
LESL,0.9944751381215469,2728240.0,2043470.0,862.0,1247.0
ZONE,0.978689818468824,10793620.0,13357570.0,213.0,166.0
BAOS,0.962904498816101,6411020.0,7231255.0,362.0,364.0
BIYA,0.9471191791633782,128620.0,7094775.0,4007.0,371.0
ZBAO,0.9313338595106552,6225040.0,37673225.0,371.0,43.0
VCIG,0.9155485398579322,950680.0,1322335.0,1925.0,1729.0
NIVF,0.8997632202052093,1870880.0,673010.0,1216.0,2514.0
FTFT,0.8839779005524863,101820.0,180960.0,4210.0,3810.0
NVVE,0.8681925808997633,25340.0,636610.0,5150.0,2577.0
AMZE,0.8524072612470404,6976140.0,9714015.0,335.0,254.0
CRIS,0.8366219415943174,721720.0,314275.0,2240.0,3283.0
RBNE,0.8208366219415943,48020.0,148780.0,4737.0,3974.0
VSEE,0.8050513022888715,1156580.0,21016415.0,1709.0,108.0
PHGE,0.7892659826361484,743880.0,1931500.0,2210.0,1301.0
PDSB,0.7734806629834254,2547000.0,2546115.0,923.0,1047.0
ZNB,0.7576953433307024,5563100.0,1592028.15,425.0,1532.0
SOHON,0.7419100236779795,380.0,145.0,6168.5,6224.0
ENLV,0.7261247040252565,281320.0,455255.0,3240.0,2918.0
SUGP,0.7103393843725335,477380.0,469690.0,2714.0,2887.0
CPOP,0.6945540647198106,706920.0,9282630.0,2269.0,270.0
RITR,0.6787687450670876,5998040.0,128960390.0,382.0,1.0
TENX,0.6629834254143646,10322880.0,9181345.0,225.0,273.0
VNRX,0.6471981057616417,743680.0,1031005.0,2211.0,1989.0
SION,0.6314127861089187,3054500.0,4264765.0,769.0,648.0
AKAN,0.6156274664561957,5315360.0,1687100.0,450.0,1464.0
HCWB,0.5998421468034728,316720.0,137320.0,3139.5,4039.0
STAI,0.5840568271507498,1120.0,2670.0,6074.5,5998.0
EDBL,0.5682715074980268,1153040.0,3434420.0,1714.0,780.0
SOHOO,0.5524861878453038,80.0,200.0,6221.5,6216.0
YYGH,0.5367008681925809,629560.0,830235.0,2415.0,2276.0
JDZG,0.5209155485398579,625600.0,427490.0,2424.0,2998.0
GV,0.5051302288871349,21700.0,375625.0,5232.0,3130.0
YYAI,0.489344909234412,19025000.0,70375405.0,111.0,10.0
OMH,0.4735595895816891,3843540.0,48829725.0,619.0,23.0
VMAR,0.4577742699289661,487300.0,3014080.0,2698.0,871.0
RUBI,0.44198895027624313,113400.0,633905.0,4114.0,2584.0
LGHL,0.4262036306235202,6683660.0,7615955.0,348.0,337.0
LIDRW,0.4104183109707972,365380.0,154925.0,3007.0,3932.0
DAIC,0.3946329913180742,1549800.0,663930.0,1396.0,2533.0
SLXN,0.3788476716653512,652880.0,596265.0,2370.0,2644.0
WHLR,0.36306235201262826,2452020.0,1247545.0,955.0,1785.0
GDC,0.3472770323599053,3648460.0,1087675.0,649.0,1923.0
JZ,0.3314917127071823,53900.0,107025.0,4665.5,4249.5
MYSEW,0.31570639305445936,25600.0,7845.0,5142.0,5733.0
LGCL,0.2999210734017364,33259920.0,12402140.0,45.0,186.0
FAMI,0.2841357537490134,21274200.0,8024970.0,94.0,322.0
POAS,0.26835043409629045,375480.0,313115.0,2968.0,3291.0
HKIT,0.25256511444356744,341380.0,198420.0,3064.0,3718.0
GIPR,0.23677979479084454,7739660.0,2090785.0,304.0,1228.0
PAVS,0.22099447513812157,51500.0,2886555.0,4685.0,923.0
AIXI,0.2052091554853986,2831260.0,1528715.0,834.0,1569.0
CREG,0.1894238358326756,29885.4,26861.65,5055.0,5164.0
MEHA,0.17363851617995266,174719.4,300564.6,3725.0,3327.0
RBOT,0.15785319652722968,46280.0,38510.0,4757.0,4964.0
TMCWW,0.1420678768745067,908580.0,435705.0,1972.0,2971.0
NUWE,0.12628255722178372,479080.0,9043625.0,2712.0,279.0
YHC,0.11049723756906078,128880.0,305925.0,4006.0,3314.0
LBGJ,0.0947119179163378,2796700.0,1619795.5,846.5,1514.0
ZCMD,0.07892659826361484,2331780.0,6002855.0,1000.0,446.0
INLF,0.06314127861089186,279320.0,5524945.0,3250.0,488.0
ADTX,0.0473559589581689,10108940.0,13732005.0,230.0,163.0
SSKN,0.03157063930544593,2433.0,8361.8,5972.0,5706.0
LYRA,0.015785319652722965,1441.6,1172.95,6047.0,6111.0
AACBR,,,,,
ABLVW,,,,,
ABPWW,,,,,
ACONW,,,,,
ADSEW,,,,,
AENTW,,,,,
AERTW,,,,,
AEVAW,,,,,
AFJKR,,,,,
AFRIW,,,,,
AIIOW,,,,,
AIMDW,,,,,
AIRJW,,,,,
AISPW,,,,,
ALDFW,,,,,
ALFUW,,,,,
ALISR,,,,,
ALUR,,,,,
AMODW,,,,,
AMPGW,,,,,
ANGHW,,,,,
ANNAW,,,,,
ANSCW,,,,,
APACR,,,,,
APLMW,,,,,
APXTW,,,,,
ARBEW,,,,,
AREBW,,,,,
ARQQW,,,,,
ASBPW,,,,,
ASPCR,,,,,
ASPSW,,,,,
ASPSZ,,,,,
ASTLW,,,,,
ATIIW,,,,,
ATLN,,,,,
AUROW,,,,,
AXINR,,,,,
BACCR,,,,,
BAERW,,,,,
BAYA,,,,,
BAYAU,,,,,
BC-PC,,,,,
BCARW,,,,,
BCGWW,,,,,
BCTXL,,,,,
BCTXW,,,,,
BCTXZ,,,,,
BDCIW,,,,,
BDMDW,,,,,
BEAGR,,,,,
BEATW,,,,,
BENFW,,,,,
BETRW,,,,,
BFRGW,,,,,
BGLWW,,,,,
BIAFW,,,,,
BIVIW,,,,,
BKHAR,,,,,
BLUWW,,,,,
BLZRW,,,,,
BNAIW,,,,,
BNCWW,,,,,
BNZIW,,,,,
BPACR,,,,,
BRCC,,543940.0,795806.05,2577.0,2314.0
BRLSW,,,,,
BSAAR,,,,,
BTBDW,,,,,
BZAIW,,,,,
BZFDW,,,,,
CDIOW,,,,,
CDROW,,,,,
CDTTW,,,,,
CELUW,,,,,
CEPT,,,,,
CHPGR,,,,,
CINGW,,,,,
CISS,,8625986.4,71269071.6,274.0,9.0
CLSKW,,,,,
CNCKW,,,,,
COCHW,,,,,
COOTW,,,,,
CORZW,,,,,
CORZZ,,,,,
CRESW,,,,,
CRGOW,,,,,
CRMLW,,,,,
CTBB,,,,,
CTDD,,,,,
CUBWW,,,,,
CURX,,54361.2,71240.8,4656.0,4534.0
CWAN,,,,,
CXAIW,,,,,
CYCUW,,,,,
DAAQW,,,,,
DAICW,,,,,
DAVEW,,,,,
DEVS,,,,,
DFLIW,,,,,
DJTWW,,,,,
DRDBW,,,,,
DRMAW,,,,,
DRTSW,,,,,
DSYWW,,,,,
DTSTW,,,,,
DYORW,,,,,
ECXWW,,,,,
EDBLW,,,,,
ELAB,,1814477.6,5719229.35,1253.0,472.0
ENGNW,,,,,
ESPR,,,,,
EUDAW,,,,,
EVGOW,,,,,
EVLVW,,,,,
EVOXW,,,,,
EXEEL,,,,,
EXEEZ,,,,,
FACTW,,,,,
FBYDW,,,,,
FDP,,,,,
FFAIW,,,,,
FGIWW,,,,,
FGMCU,,,,,
FIGXW,,,,,
FLDDW,,,,,
FMSTW,,,,,
FOXXW,,,,,
FUFUW,,,,,
GFAIW,,,,,
GGROW,,,,,
GIBOW,,,,,
GIPRW,,,,,
GLMD,,269287.4,292426.85,3285.0,3355.0
GPATW,,,,,
GRRRW,,,,,
GSHRW,,,,,
GTENW,,,,,
GTERW,,,,,
HCMAW,,,,,
HNNAZ,,,,,
HOLOW,,,,,
HOVRW,,,,,
HPAIW,,,,,
HSCSW,,,,,
HTZWW,,,,,
HUBCW,,,,,
HUMAW,,,,,
HVMCW,,,,,
ICUCW,,,,,
IMSRW,,,,,
INVZW,,,,,
IVDAW,,,,,
JSPRW,,,,,
KIDZW,,,,,
KITTW,,,,,
KORE,,,,,
KOYNW,,,,,
KVACW,,,,,
KWMWW,,,,,
KYIVW,,,,,
LCFYW,,,,,
LIMN,,142801460.4,72088271.75,1.0,8.0
LIMNW,,,,,
LNZAW,,,,,
LOKVU,,,,,
LOKVW,,,,,
LPAAW,,,,,
LPBBW,,,,,
LTRYW,,,,,
LWACW,,,,,
MACIW,,,,,
MBAVW,,,,,
MBVIW,,,,,
MCGAW,,,,,
MDAIW,,,,,
MDCXW,,,,,
MSW,,,,,
MTEKW,,,,,
MVSTW,,,,,
NCPLW,,,,,
NEOVW,,,,,
NIOBW,,,,,
NIVFW,,,,,
MER-PK,,177377.6,139405.55,3711.0,4025.0
MGN,,12715579.6,31656721.85,178.0,56.0
MKDWW,,,,,
MLECW,,,,,
MNTSW,,,,,
MOBBW,,,,,
MOBXW,,,,,
MRNOW,,,,,
MSAIW,,,,,
NNAVW,,,,,
NOEMW,,,,,
NPACW,,,,,
NRDY,,676254.2,383848.55,2322.0,3108.0
NRXPW,,,,,
NSA,,,,,
NUAIW,,,,,
NVNIW,,,,,
NVVEW,,,,,
NXGLW,,,,,
NXPLW,,,,,
OABIW,,,,,
OACCW,,,,,
OBAWW,,,,,
OCSAW,,,,,
ODVWZ,,,,,
ONCHW,,,,,
ONFOW,,,,,
ONMDW,,,,,
OPTXW,,,,,
ORGN,,,,,
ORGNW,,,,,
ORIQW,,,,,
OSRHW,,,,,
OUSTZ,,,,,
PACHW,,,,,
PBMWW,,,,,
PCAPW,,,,,
PCTTW,,,,,
PCSC,,,,,
PDYNW,,,,,
PGYWW,,,,,
PIIIW,,,,,
PLMKW,,,,,
PMTRW,,,,,
POLEW,,,,,
PRA,,,,,
PRENW,,,,,
RAAQU,,,,,
RAAQW,,,,,
RAINW,,,,,
RCKTW,,,,,
RDAGW,,,,,
RDZNW,,,,,
REE,,,,,
REVBW,,,,,
RGTIW,,,,,
RMCOW,,,,,
RMSGW,,,,,
RUMBW,,,,,
RVMDW,,,,,
RVSNW,,,,,
RZLVW,,,,,
SABSW,,,,,
SATLW,,,,,
SATS,,,,,
SBCWW,,,,,
SBFMW,,,,,
SCAGW,,,,,
SCLXW,,,,,
SCNI,,2024417.6,605636.15,1134.0,2626.0
SDSTW,,,,,
SEM,,,,,
SFBS,,210879.8,363394.8,3544.0,3155.0
SHFSW,,,,,
SHMDW,,,,,
SILA,,,,,
SIMAW,,,,,
SKLZ,,,,,
SLAI,,,,,
SLDPW,,,,,
SLXNW,,,,,
SMTK,,2099052.8,1032311.05,1104.0,1987.0
SMXWW,,,,,
SNBR,,,,,
SOCAW,,,,,
SOUNW,,,,,
SPKLW,,,,,
SPWRW,,,,,
SQFTW,,,,,
SRTAW,,,,,
SSSS,,,,,
STEL,,,,,
SVACU,,,,,
SVACW,,,,,
SVCCW,,,,,
SVREW,,,,,
SWAGW,,,,,
SWVLW,,,,,
SXTPW,,,,,
TACHW,,,,,
TACOW,,,,,
TALKW,,,,,
TBLAW,,,,,
TDACW,,,,,
TLNCW,,,,,
TNONW,,,,,
TOIIW,,,,,
TPTA,,,,,
TVACW,,,,,
TVGNW,,,,,
UHGWW,,,,,
USGOW,,,,,
VEEAW,,,,,
VGASW,,,,,
VSEEW,,,,,
VSSYW,,,,,
VWAVW,,,,,
WENNW,,,,,
WGSWW,,,,,
WLDSW,,,,,
WTO,,,,,
XBPEW,,,,,
XCH,,244193.6,1375344.5,3390.0,1674.0
XOSWW,,,,,
XRPNW,,,,,
YDESW,,,,,
ZEOWW,,,,,
ZOOZW,,,,,
