Stock,RS,Volume SMA 5,Volume SMA 20,Volume SMA 5 Rank,Volume SMA 20 Rank
AXTI,100.0,11940960.0,12844350.0,184.0,171.0
VYNE,99.98415465061005,,,,
SNDK,99.96830930122009,18314580.0,17306635.0,114.0,129.0
MGRT,99.95246395183014,30240.0,24310.0,5025.5,5218.0
BVC,99.93661860244019,65500.0,60870.0,4514.0,4642.0
CCG,99.92077325305023,32040.0,22745.0,4988.0,5254.0
BANL,99.90492790366028,754460.0,280090.0,2177.0,3381.0
MBAI,99.88908255427033,42940.0,44365.0,4781.0,4867.5
NUAI,99.87323720488037,7042520.0,5969850.0,321.0,442.0
ERAS,99.85739185549042,2573020.0,3170110.0,903.0,831.0
ANRO,99.84154650610047,687980.0,444480.0,2291.0,2933.0
CLYM,99.8257011567105,1684340.0,1141180.0,1288.0,1868.0
STTK,99.80985580732055,738340.0,878770.0,2202.0,2181.0
ANL,99.7940104579306,144320.0,163210.0,3902.0,3877.0
SLS,99.77816510854063,5652500.0,5838370.0,412.0,458.0
RLMD,99.76231975915069,1109240.0,1357090.0,1731.0,1681.0
PRAX,99.74647440976074,374720.0,424570.0,2961.0,2990.0
MU,99.73062906037077,34353720.0,41143125.0,38.0,35.0
QTTB,99.71478371098083,277240.0,458890.0,3256.0,2892.0
LITE,99.69893836159088,6410900.0,5321945.0,364.0,502.0
ORKA,99.68309301220091,760360.0,750200.0,2162.0,2365.0
BUUU,99.66724766281096,110540.0,85265.0,4141.0,4411.0
AEHR,99.65140231342102,3046120.0,2573345.0,763.0,1023.0
FBRX,99.63555696403105,978820.0,2253100.0,1872.0,1146.0
WDC,99.6197116146411,8612860.0,8496000.0,266.0,295.0
PRLD,99.60386626525116,499560.0,414540.0,2656.0,3016.0
TRIB,99.5880209158612,58680.0,44148.15,4599.5,4872.0
SYRE,99.57217556647124,767080.0,812715.0,2150.0,2278.0
HYMC,99.5563302170813,1585100.0,1578765.0,1342.0,1521.0
BFLY,99.54048486769133,4821180.0,6804530.0,489.0,388.0
RLAY,99.52463951830138,1800220.0,2020045.0,1221.0,1251.0
SPRB,99.50879416891144,45080.0,48530.0,4754.0,4802.0
RVMD,99.49294881952146,1407360.0,1706440.0,1457.0,1433.0
AAOI,99.47710347013151,14002820.0,12731215.0,153.0,176.0
BW,99.46125812074156,6975740.0,5049400.0,325.0,538.0
STX,99.4454127713516,4698900.0,5414495.0,501.0,487.0
OPTX,99.42956742196165,297800.0,407230.0,3186.0,3031.0
ANTX,99.4137220725717,283100.0,202190.0,3236.0,3693.0
DNTH,99.39787672318174,602860.0,777290.0,2449.0,2327.0
PRPL,99.38203137379179,20880.0,33020.0,5215.0,5048.0
NTWOW,99.36618602440184,634749.4,171730.8,2392.0,3834.0
IMMX,99.35034067501188,1317440.0,1567430.0,1523.0,1530.0
ALMS,99.33449532562193,909380.0,909555.0,1970.0,2140.0
SLGL,99.31864997623198,71040.0,59675.0,4459.0,4654.0
FCEL,99.30280462684202,10044140.0,8619745.0,229.0,290.0
TSEM,99.28695927745207,1523740.0,2058680.0,1382.0,1235.0
VICR,99.27111392806212,1093820.0,871195.0,1748.0,2191.0
BNAI,99.25526857867216,118480.0,125425.0,4077.0,4123.0
NESR,99.23942322928221,1739420.0,2146795.0,1251.0,1197.0
NBTX,99.22357787989226,239560.0,153635.0,3407.0,3935.0
DFTX,99.2077325305023,3259280.0,2189935.0,715.0,1182.0
BBGI,99.19188718111235,43480.0,57685.0,4776.0,4676.0
MXL,99.1760418317224,2541460.0,3676715.0,920.0,729.0
BE,99.16019648233242,13095240.0,17107005.0,164.0,131.0
MBX,99.14435113294248,438260.0,493400.0,2786.5,2807.0
BYND,99.12850578355253,37993020.0,32237495.0,33.0,54.0
CIEN,99.11266043416256,2993240.0,2231610.0,775.0,1160.0
ANAB,99.09681508477262,299920.0,465005.0,3179.0,2876.0
AMLX,99.08096973538267,5815340.0,3090105.0,397.0,849.0
DRTS,99.0651243859927,504140.0,520180.0,2649.0,2752.0
FORM,99.04927903660275,1101460.0,1372000.0,1739.0,1668.0
ARWR,99.0334336872128,988080.0,1705320.0,1859.0,1434.0
ARTV,99.01758833782284,268640.0,346150.0,3287.0,3181.0
APLM,99.0017429884329,23820.0,31645.0,5155.0,5068.0
MAAS,98.98589763904295,288360.0,136310.0,3212.0,4043.0
NEWP,98.97005228965298,582740.0,569485.0,2493.0,2666.0
IRWD,98.95420694026303,1984980.0,2208190.0,1132.0,1172.0
SPHR,98.93836159087309,909400.0,834090.0,1969.0,2257.0
TXG,98.92251624148312,2570000.0,3017880.0,904.0,870.0
TRT,98.90667089209317,257060.0,281615.0,3331.0,3374.0
EDRY,98.89082554270323,116100.0,125810.0,4100.0,4117.0
ATEX,98.87498019331326,456580.0,354450.0,2752.0,3167.0
DOCN,98.85913484392331,2133100.0,3324700.0,1074.0,795.0
TWST,98.84328949453337,1186960.0,1553980.0,1650.0,1541.0
ALTO,98.82744414514339,1663860.0,2136095.0,1305.0,1202.0
INBX,98.81159879575344,244200.0,210805.0,3384.5,3654.0
INTC,98.79575344636349,116925920.0,120039695.0,1.0,3.0
VNCE,98.77990809697353,60960.0,66585.0,4570.0,4574.0
TNON,98.76406274758358,2023640.0,1476840.0,1118.0,1592.0
CDNA,98.74821739819363,801200.0,1119890.0,2112.0,1893.0
OMER,98.73237204880367,4879400.0,2371445.0,481.0,1105.0
LPTH,98.71652669941372,3603080.0,2727425.0,648.0,967.0
KOD,98.70068135002377,639420.0,567020.0,2380.0,2669.0
RLYB,98.68483600063381,26460.0,25755.0,5093.5,5182.0
VIAV,98.66899065124386,4698560.0,5242200.0,502.0,511.0
SMXT,98.65314530185391,50080.0,166250.0,4689.0,3859.0
FSLY,98.63729995246395,5470140.0,6476755.0,431.0,412.0
PACS,98.621454603074,610000.0,897355.0,2433.0,2153.0
JUNS,98.60560925368405,84720.0,22147810.0,4349.5,98.0
BAND,98.58976390429409,714920.0,1211390.0,2249.5,1802.0
SEPN,98.57391855490414,707160.0,372150.0,2257.0,3124.0
CLMT,98.55807320551419,1162300.0,1279295.0,1670.0,1741.0
ETON,98.54222785612423,1127100.0,659290.0,1711.0,2524.0
ASX,98.52638250673428,7941920.0,8667445.0,283.0,288.0
TER,98.51053715734433,2815200.0,3604075.0,830.5,740.0
ICHR,98.49469180795435,639260.0,965320.0,2381.0,2062.0
TNGX,98.4788464585644,2109780.0,2224155.0,1082.0,1167.0
LVLU,98.46300110917446,12920.0,20885.0,5446.0,5303.0
UCTT,98.4471557597845,1192900.0,1368560.0,1648.0,1673.0
APGE,98.43131041039454,1296260.0,1231380.0,1541.0,1787.0
GLBS,98.4154650610046,243560.0,186655.0,3387.0,3769.0
NGL,98.39961971161463,320680.0,255685.0,3114.5,3476.0
FET,98.38377436222468,170640.0,221770.0,3735.0,3601.0
TVTX,98.36792901283474,1193420.0,1695135.0,1645.0,1440.0
IPSC,98.35208366344477,474160.0,587140.0,2706.0,2640.0
ALM,98.33623831405482,7235880.0,7102560.0,313.0,365.0
ZURA,98.32039296466488,875860.0,705465.0,2012.0,2439.0
NBIS,98.30454761527491,34233560.0,26817190.0,41.0,73.0
HUT,98.28870226588496,5280260.0,4837295.0,447.0,564.0
PL,98.27285691649502,4701180.0,6073760.0,500.0,435.0
AGL,98.25701156710505,265660.0,401770.0,3300.0,3048.0
EVC,98.2411662177151,1704160.0,1929960.0,1274.0,1290.0
SIMO,98.22532086832516,1301880.0,1400485.0,1535.0,1634.0
XHG,98.2094755189352,17805200.0,4456510.0,118.0,617.0
DELL,98.19363016954524,5817760.0,5916170.0,396.0,451.0
OVID,98.1777848201553,1619620.0,1590855.0,1323.0,1514.0
ACMR,98.16193947076533,1032180.0,1037840.0,1805.0,1964.0
ACRS,98.14609412137537,1153620.0,1886265.0,1682.0,1309.0
AXGN,98.13024877198542,747720.0,1005105.0,2187.0,2017.0
IMOS,98.11440342259546,109120.0,117745.0,4150.0,4173.0
MNPR,98.09855807320551,199360.0,291800.0,3581.0,3337.0
ASYS,98.08271272381556,482900.0,394160.0,2687.0,3070.0
XNCR,98.0668673744256,1190440.0,1103700.0,1649.0,1901.0
CRVS,98.05102202503565,790240.0,822485.0,2127.0,2268.0
LRCX,98.0351766756457,8621200.0,10587380.0,264.0,227.0
SLNHP,98.01933132625574,6840.0,7145.0,5711.0,5762.0
GLUE,98.00348597686579,784100.0,1489540.0,2135.0,1583.0
COHR,97.98764062747584,10493680.0,7376825.0,216.0,348.0
RAPP,97.97179527808588,227480.0,271505.0,3461.0,3414.0
NVCT,97.95594992869593,130060.0,208600.0,3990.0,3662.0
ROMA,97.94010457930598,6640.0,10090.0,5722.0,5629.0
INNV,97.92425922991602,169980.0,221155.0,3741.0,3603.0
ALXO,97.90841388052607,1111460.0,1083800.0,1730.0,1921.0
PBF,97.89256853113612,2514600.0,3386935.0,935.0,782.0
ATRO,97.87672318174616,1138340.0,665240.0,1697.0,2510.0
CMPS,97.86087783235621,2578960.0,2804240.0,902.0,941.0
JBIO,97.84503248296626,935020.0,837200.0,1932.0,2253.0
ENLT,97.8291871335763,146260.0,198060.0,3889.0,3711.0
ROIV,97.81334178418633,5937540.0,5510470.0,390.0,479.0
PVLA,97.79749643479639,170940.0,164750.0,3734.0,3868.0
AMAT,97.78165108540642,10359680.0,7920400.0,220.0,321.0
SIF,97.76580573601647,221300.0,191005.0,3485.0,3752.0
COGT,97.74996038662653,1673340.0,1876880.0,1295.0,1315.0
TE,97.73411503723656,27060360.0,40681395.0,61.0,36.0
DK,97.71826968784661,1439880.0,1318500.0,1431.0,1707.0
ATI,97.70242433845667,1217740.0,1560715.0,1619.0,1536.0
MTC,97.6865789890667,7920.0,27570.0,5647.0,5152.0
EWTX,97.67073363967675,989400.0,1247150.0,1857.0,1772.0
QMCO,97.6548882902868,3480900.0,2363650.0,665.0,1109.0
PHOE,97.63904294089684,17900.0,30020.0,5290.0,5105.0
GSAT,97.6231975915069,680480.0,996610.0,2304.0,2026.0
UMAC,97.60735224211695,7866600.0,4888340.0,289.0,558.0
CIFR,97.59150689272698,37519420.0,34609615.0,35.0,48.0
LWLG,97.57566154333703,3189020.0,3233605.0,731.5,815.0
RYDE,97.55981619394709,202720.0,282960.0,3561.5,3372.0
OESX,97.54397084455712,51480.0,95095.0,4674.5,4339.0
MRAM,97.52812549516717,1553520.0,1373830.0,1360.0,1663.0
IRD,97.51228014577723,553820.0,802190.0,2556.0,2290.0
SKYT,97.49643479638726,0.0,585192.85,6287.0,2643.0
CGON,97.4805894469973,726400.0,837935.0,2218.0,2251.0
AP,97.46474409760735,108240.0,113755.0,4161.0,4208.0
TRX,97.44889874821739,3355800.0,2542720.0,689.0,1035.0
IBRX,97.43305339882744,5697420.0,8558000.0,408.0,292.0
PSNL,97.41720804943749,1175000.0,2594940.0,1660.0,1014.0
ABSI,97.40136270004753,2690280.0,2538125.0,871.0,1038.0
RXT,97.38551735065758,7879380.0,7309645.0,287.0,353.0
TTMI,97.36967200126763,2707300.0,3265825.0,865.0,804.0
CYPH,97.35382665187767,1947720.0,1430415.0,1145.0,1619.0
SITM,97.33798130248772,394980.0,508215.0,2910.0,2779.0
GREEL,97.32213595309777,7100.0,4305.0,5701.0,5923.0
MKSI,97.30629060370781,1186660.0,1546495.0,1651.0,1546.0
OCC,97.29044525431786,252000.0,224670.0,3349.0,3594.0
CSAI,97.27459990492791,55960.0,491655.0,4623.0,2816.0
RCUS,97.25875455553795,1230180.0,1196240.0,1611.0,1819.0
ELVN,97.242909206148,620940.0,1012140.0,2417.0,2003.0
WHLRL,97.22706385675805,11027.4,3624.7,5513.0,5961.0
ONTO,97.21121850736809,1193500.0,1250385.0,1644.0,1767.0
ACHV,97.19537315797814,1585380.0,1158765.0,1340.0,1850.0
WHWK,97.17952780858819,278020.0,434350.0,3252.0,2960.0
TWIN,97.16368245919823,93920.0,85275.0,4270.0,4410.0
CAMP,97.14783710980826,333020.0,214240.0,3082.0,3637.0
QURE,97.13199176041832,832940.0,1386115.0,2068.0,1652.0
CGAU,97.11614641102835,1373620.0,1649810.0,1478.0,1474.0
IMVT,97.1003010616384,1369320.0,1069720.0,1482.0,1931.0
NBR,97.08445571224846,206040.0,268190.0,3548.0,3424.0
OPAD,97.0686103628585,35100.0,52385.0,4918.0,4753.0
SILC,97.05276501346854,326180.0,205785.0,3098.0,3675.0
CGEM,97.0369196640786,906780.0,618405.0,1973.0,2587.0
DSGN,97.02107431468863,518920.0,460985.0,2610.0,2885.0
LQDA,97.00522896529868,2761500.0,1732680.0,847.0,1412.0
PTGX,96.98938361590874,453380.0,502385.0,2763.0,2790.0
KYMR,96.97353826651877,651320.0,652030.0,2358.0,2537.0
PLSE,96.95769291712882,466400.0,479875.0,2732.0,2846.0
MRVL,96.94184756773888,21145780.0,21835880.0,95.0,99.0
STRO,96.92600221834891,666040.0,330835.0,2324.0,3227.0
VSTS,96.91015686895896,1535040.0,1317150.0,1373.0,1708.0
CURR,96.89431151956902,216820.0,159820.0,3500.0,3889.0
BDSX,96.87846617017905,77820.0,81825.0,4396.0,4438.0
LBRX,96.8626208207891,377260.0,441725.0,2952.0,2939.0
APPS,96.84677547139916,2962580.0,4236645.0,781.0,646.0
CRNX,96.83093012200919,2352520.0,2511725.0,988.0,1048.0
TLPH,96.81508477261923,635640.0,297545.0,2389.0,3319.0
VSAT,96.79923942322928,1680680.0,2060605.0,1291.0,1234.0
INTG,96.78339407383932,87120.0,119455.0,4327.0,4161.0
COHU,96.76754872444937,1307300.0,1124640.0,1529.0,1887.0
REPL,96.75170337505942,3974380.0,7975060.0,592.0,318.0
NEXA,96.73585802566946,407820.0,575700.0,2876.5,2658.0
PARR,96.72001267627951,995420.0,1131900.0,1848.0,1876.0
HBNB,96.70416732688956,1320.0,4385.0,6052.0,5920.0
IOVA,96.6883219774996,14389800.0,17412880.0,150.0,128.0
AIP,96.67247662810965,564860.0,657150.0,2527.0,2529.0
NCEW,96.6566312787197,80.0,6940.0,6221.0,5772.0
AMD,96.64078592932974,21332820.0,28063725.0,93.0,70.0
FRD,96.62494057993979,83500.0,91335.0,4358.0,4362.0
GH,96.60909523054984,2530040.0,2140595.0,927.0,1200.0
SMTC,96.59324988115988,2848080.0,2203305.0,822.0,1176.0
SOGP,96.57740453176993,9200.0,11170.0,5591.5,5588.0
NKTR,96.56155918237998,649500.0,646860.0,2363.0,2545.0
AUGO,96.54571383299002,630280.0,784120.0,2403.0,2321.0
UMC,96.52986848360007,10169120.0,14088370.0,224.0,155.0
IMNM,96.51402313421012,1083800.0,1012410.0,1761.0,2002.0
NDLS,96.49817778482016,46280.0,87140.0,4737.5,4393.0
GPCR,96.4823324354302,700400.0,554250.0,2271.0,2695.0
BTSG,96.46648708604025,1910460.0,3050840.0,1167.0,860.0
SAIH,96.45064173665028,15060.0,12170.0,5378.5,5544.0
ELVR,96.43479638726033,43940.0,44815.0,4773.0,4858.0
HPE,96.41895103787039,18080260.0,16565140.0,115.0,133.0
SND,96.40310568848042,361060.0,313655.0,3007.0,3277.0
NRXS,96.38726033909047,85780.0,97300.0,4339.0,4324.0
HBB,96.37141498970053,113360.0,73970.0,4118.5,4497.0
CVV,96.35556964031056,278360.0,170585.0,3248.0,3837.0
MGNX,96.33972429092061,728560.0,677540.0,2213.0,2494.0
PUMP,96.32387894153067,2023360.0,4230320.0,1119.0,647.0
FGI,96.3080335921407,21499120.0,5383525.0,91.0,493.0
SLN,96.29218824275075,2314340.0,1929695.0,998.0,1291.0
WTTR,96.2763428933608,1044960.0,1874045.0,1794.0,1317.0
LCUT,96.26049754397084,239580.0,201690.0,3406.0,3697.0
ALOT,96.2446521945809,109760.0,98130.0,4145.0,4318.0
NEO,96.22880684519095,996740.0,2390310.0,1839.0,1092.0
VLO,96.21296149580098,2146340.0,2600640.0,1068.0,1013.0
KOPN,96.19711614641103,4875200.0,4545520.0,483.0,606.0
TGB,96.18127079702109,5144800.0,6651350.0,461.0,394.0
FIX,96.16542544763112,385460.0,487035.0,2933.0,2828.0
PRE,96.14958009824116,189860.0,143035.0,3637.0,3994.0
PALI,96.13373474885121,2027600.0,1956305.0,1117.0,1277.0
KLIC,96.11788939946125,779140.0,1036515.0,2140.0,1965.0
EDSA,96.1020440500713,55160.0,59330.0,4631.0,4659.0
NRIX,96.08619870068135,998340.0,1027615.0,1837.0,1978.0
VELO,96.07035335129139,2281100.0,1849090.0,1012.0,1335.0
WYY,96.05450800190144,202840.0,155040.0,3560.0,3920.0
NUVB,96.03866265251149,6638320.0,5934995.0,344.0,446.0
SVM,96.02281730312153,2557460.0,2431130.0,908.0,1066.0
IFRX,96.00697195373158,1211780.0,916890.0,1625.0,2130.0
ECPG,95.99112660434163,402500.0,415630.0,2892.0,3013.0
TRVI,95.97528125495167,1462140.0,1651185.0,1418.0,1470.0
TLYS,95.95943590556172,107100.0,119870.0,4172.5,4157.0
DGII,95.94359055617177,345920.0,345565.0,3050.0,3183.0
PLPC,95.92774520678181,109080.0,115155.0,4151.0,4198.0
BLZE,95.91189985739186,2223380.0,2980585.0,1039.0,880.0
ALNT,95.89605450800191,227260.0,278210.0,3462.0,3387.0
HP,95.88020915861195,1137660.0,1326470.0,1698.0,1703.0
BTSGU,95.864363809222,24120.0,39275.0,5151.0,4941.0
LITB,95.84851845983205,6380.0,4280.0,5733.5,5926.0
PAYS,95.83267311044209,595580.0,750515.0,2466.0,2364.0
WHLRP,95.81682776105212,220.0,815.0,6191.5,6147.0
PDFS,95.80098241166218,515580.0,537495.0,2617.0,2729.0
VPG,95.78513706227221,655100.0,683930.0,2346.5,2481.0
OSS,95.76929171288226,883040.0,1024255.0,2004.0,1984.0
NOK,95.75344636349232,99421880.0,91324125.0,4.0,5.0
AGX,95.73760101410235,294680.0,288415.0,3194.0,3352.0
GTE,95.7217556647124,716020.0,1772580.0,2245.0,1380.0
NRGV,95.70591031532246,5437560.0,5573715.0,432.0,475.0
BOLD,95.69006496593249,161100.0,269230.0,3788.0,3419.0
PENG,95.67421961654254,1688620.0,2206825.0,1285.0,1174.0
FLEX,95.6583742671526,2815200.0,4636665.0,830.5,593.0
ENVA,95.64252891776263,233940.0,343865.0,3431.0,3190.0
PKOH,95.62668356837268,150820.0,109790.0,3853.0,4233.0
GLW,95.61083821898274,9874200.0,13719810.0,232.0,161.0
FEIM,95.59499286959277,195000.0,365540.0,3608.0,3139.0
ANIK,95.57914752020282,115240.0,118510.0,4106.0,4166.0
NAT,95.56330217081288,2281800.0,2935830.0,1011.0,891.0
BLTE,95.54745682142291,230840.0,179470.0,3448.0,3804.0
CPIX,95.53161147203296,82560.0,125825.0,4365.0,4116.0
URGN,95.51576612264302,1003680.0,872945.0,1830.0,2190.0
TYRA,95.49992077325305,472960.0,644940.0,2711.0,2548.0
PYXS,95.48407542386309,963840.0,1691760.0,1887.0,1444.0
ASML,95.46823007447314,1269740.0,1566665.0,1563.0,1532.0
ABCL,95.45238472508318,12678220.0,9624005.0,172.0,252.0
CNC,95.43653937569323,3202580.0,5094930.0,728.0,528.0
KYTX,95.42069402630328,869660.0,749685.0,2021.0,2366.0
SMJF,95.40484867691332,1129400.0,1085690.0,1706.0,1917.0
WBD,95.38900332752337,20821960.0,22291885.0,97.0,97.0
POWL,95.37315797813342,474700.0,730015.0,2703.0,2397.0
AGCC,95.35731262874346,48040.0,72735.0,4710.5,4509.0
ADAG,95.34146727935351,390360.0,297310.0,2928.0,3323.0
LIND,95.32562192996356,794080.0,826435.0,2121.0,2265.0
MOVE,95.3097765805736,108780.0,453090.0,4154.0,2906.0
HBM,95.29393123118365,4632440.0,5066510.0,510.0,533.0
ECO,95.2780858817937,630580.0,541880.0,2402.0,2720.0
MEI,95.26224053240374,549760.0,539520.0,2563.0,2722.0
STI,95.24639518301379,101540.0,130045.0,4214.0,4088.5
KNSA,95.23054983362384,415740.0,679280.0,2848.0,2489.0
MTSI,95.21470448423388,1364480.0,1511610.0,1486.0,1568.0
ERO,95.19885913484393,1273900.0,1221560.0,1560.0,1796.0
HPE-PC,95.18301378545398,357018.8,201641.95,3018.0,3698.0
OII,95.16716843606402,952820.0,1193530.0,1902.0,1822.0
INSW,95.15132308667407,520740.0,522030.0,2605.0,2747.0
AVR,95.1354777372841,634440.0,870705.0,2394.0,2192.0
DHC,95.11963238789414,1483620.0,1878130.0,1408.0,1314.0
MTRN,95.1037870385042,268480.0,416625.0,3289.0,3011.0
ROLR,95.08794168911425,125460.0,76860.0,4015.0,4476.0
FATE,95.07209633972428,1943340.0,2054895.0,1151.0,1237.0
ONDS,95.05625099033433,91536120.0,83345825.0,7.0,6.0
BB,95.04040564094439,9885120.0,12515290.0,231.0,183.0
MI,95.02456029155442,14560.0,39225.0,5398.0,4942.0
HL,95.00871494216447,45052560.0,38494960.0,24.0,41.0
HYLN,94.99286959277453,5532340.0,3548180.0,422.0,751.0
OPHC,94.97702424338456,173000.0,211155.0,3720.0,3652.0
SHIP,94.96117889399461,256100.0,307945.0,3335.5,3299.0
BTE,94.94533354460467,11110640.0,15444960.0,201.0,141.0
GHRS,94.9294881952147,428040.0,334830.0,2819.0,3212.0
SOPH,94.91364284582475,295660.0,415270.0,3191.0,3015.0
TROO,94.8977974964348,349400.0,262970.0,3039.0,3441.0
FRO,94.88195214704484,1964220.0,1825505.0,1135.0,1352.0
ZNTL,94.8661067976549,1745480.0,1152335.0,1247.0,1859.0
FBIOP,94.85026144826494,17220.0,12595.0,5322.0,5526.0
MTA,94.83441609887498,713780.0,465115.0,2251.0,2875.0
AMKR,94.81857074948503,3863520.0,6100595.0,613.0,433.0
IAUX,94.80272540009507,9545180.0,10242600.0,236.0,233.0
BIOA,94.78688005070511,549240.0,1401295.0,2566.0,1633.0
ORMP,94.77103470131516,198700.0,171730.0,3585.0,3835.0
PGEN,94.75518935192521,5710140.0,5733780.0,407.0,465.0
LFST,94.73934400253525,4695620.0,4095275.0,503.0,673.0
FTK,94.7234986531453,1168540.0,695560.0,1666.0,2461.0
EFXT,94.70765330375535,675180.0,730965.0,2311.0,2394.0
SEI,94.69180795436539,1947000.0,3299580.0,1146.0,798.0
BWAY,94.67596260497544,254720.0,167165.0,3340.0,3853.0
VSH,94.66011725558549,3216180.0,4881760.0,726.0,562.0
MPC,94.64427190619553,2494900.0,2386635.0,943.0,1095.0
PEPG,94.62842655680558,825240.0,1068110.0,2087.0,1933.0
PTEN,94.61258120741563,6523200.0,8864685.0,356.0,277.0
SLNH,94.59673585802567,11431300.0,10041340.0,195.0,237.0
CTRN,94.58089050863572,94760.0,126300.0,4263.0,4111.0
ELA,94.56504515924577,128860.0,145190.0,3996.0,3987.0
MRNA,94.5491998098558,5544060.0,5368440.0,421.0,494.0
GHM,94.53335446046586,162900.0,193795.0,3780.0,3740.0
FTI,94.51750911107591,3139500.0,3435430.0,741.0,769.0
IAG,94.50166376168595,5147120.0,5960790.0,460.0,443.0
DCO,94.485818412296,182000.0,246385.0,3674.0,3509.0
WTI,94.46997306290604,2871340.0,4300820.0,814.0,637.0
FNKO,94.45412771351607,867240.0,1360065.0,2023.0,1678.0
KLAC,94.43828236412612,10171380.0,11849300.0,223.0,197.0
TNDM,94.42243701473618,1764560.0,2240610.0,1234.0,1154.0
CERS,94.40659166534621,2701720.0,3130555.0,866.0,841.0
IESC,94.39074631595626,176280.0,189320.0,3703.0,3758.0
MSGE,94.37490096656632,504940.0,372320.0,2646.0,3123.0
MOV,94.35905561717635,151140.0,167810.0,3852.0,3846.0
KRYS,94.3432102677864,173800.0,557635.0,3714.0,2689.0
SRZN,94.32736491839646,245880.0,290880.0,3374.0,3341.0
NWPX,94.31151956900649,114720.0,198225.0,4111.0,3709.0
OBIO,94.29567421961654,572460.0,276360.0,2512.0,3399.5
MRVI,94.2798288702266,1878100.0,1991165.0,1193.0,1265.0
SIDU,94.26398352083663,6290180.0,6092010.0,366.0,434.0
TWLO,94.24813817144668,2767000.0,2610125.0,844.0,1009.0
DAR,94.23229282205673,1852460.0,2202790.0,1198.0,1177.0
FLXS,94.21644747266677,103660.0,63605.0,4201.0,4617.0
TH,94.20060212327682,1008800.0,1096505.0,1825.0,1909.0
FTRE,94.18475677388687,1478000.0,1740565.0,1412.0,1408.0
KF,94.16891142449691,25940.0,30200.0,5110.0,5100.0
ELMD,94.15306607510696,62040.0,62655.0,4547.0,4624.0
GRAL,94.137220725717,567440.0,696115.0,2520.0,2460.0
AVTX,94.12137537632704,562540.0,746095.0,2538.0,2374.0
NHC,94.10553002693709,123640.0,112580.0,4028.0,4214.0
CMDB,94.08968467754714,68580.0,71280.0,4487.0,4526.0
LTRX,94.07383932815718,787660.0,666960.0,2132.0,2507.0
GTX,94.05799397876723,2359160.0,2264340.0,987.0,1143.0
ANNX,94.04214862937728,3186560.0,2524565.0,733.0,1044.0
CVE,94.02630327998732,6243200.0,7561745.0,370.0,337.0
MAZE,94.01045793059737,405420.0,355975.0,2884.0,3163.0
PFAI,93.99461258120742,5040.0,18315.0,5803.0,5358.0
RHLD,93.97876723181746,174320.0,152350.0,3712.0,3942.0
JAZZ,93.96292188242751,505520.0,790990.0,2645.0,2310.0
HSHP,93.94707653303756,430120.0,323180.0,2813.0,3253.0
QUIK,93.9312311836476,411280.0,290870.0,2870.0,3342.0
MT,93.91538583425765,1151360.0,1387300.0,1685.0,1650.0
TSAT,93.8995404848677,264960.0,281415.0,3303.0,3375.0
KALU,93.88369513547774,241520.0,280720.0,3400.0,3380.0
BCAX,93.86784978608779,584480.0,656755.0,2487.0,2531.0
PARK,93.85200443669784,37420.0,24480.0,4890.0,5211.0
VIR,93.83615908730788,1237680.0,1500455.0,1605.0,1578.0
VECO,93.82031373791793,589460.0,851015.0,2477.0,2228.0
TMQ,93.80446838852797,1041660.0,1237070.0,1797.0,1782.0
RNG,93.788623039138,1362340.0,2632575.0,1489.0,1001.0
BWEN,93.77277768974805,576480.0,852795.0,2502.0,2222.0
DINO,93.7569323403581,2555580.0,2964385.0,909.0,883.0
IREN,93.74108699096814,52349460.0,46540300.0,18.0,28.0
NEOG,93.7252416415782,1504240.0,2344870.0,1393.0,1119.0
TOP,93.70939629218825,83880.0,100995.0,4356.0,4295.0
GRDX,93.69355094279828,229020.0,117315.0,3456.0,4178.0
LUNR,93.67770559340833,16533340.0,10883610.0,125.0,218.0
THM,93.66186024401838,1024900.0,1353495.0,1814.0,1684.0
PANW,93.64601489462842,4894380.0,5765070.0,477.0,462.0
MTW,93.63016954523847,473380.0,374340.0,2709.0,3118.0
CRDO,93.61432419584852,5287160.0,5180960.0,446.0,516.0
NVA,93.59847884645856,197440.0,224375.0,3596.0,3596.0
USAS,93.58263349706861,4647920.0,4779085.0,507.0,571.0
BELFB,93.56678814767866,156700.0,255605.0,3822.0,3477.0
TSHA,93.5509427982887,2582540.0,2565350.0,901.0,1027.0
RDNW,93.53509744889875,90720.0,74565.0,4297.5,4493.0
DYN,93.5192520995088,1717160.0,2690275.0,1265.0,982.0
DWSN,93.50340675011884,278500.0,168265.0,3247.0,3844.0
PBT,93.4875614007289,104200.0,158325.0,4198.0,3893.0
AG,93.47171605133893,8645500.0,10596420.0,263.0,226.0
JLHL,93.45587070194897,317260.0,1936780.0,3124.0,1283.0
LGN,93.44002535255902,1585240.0,1334700.0,1341.0,1698.0
PKE,93.42418000316907,240760.0,257535.0,3402.0,3467.0
KEYS,93.40833465377911,1597540.0,1206120.0,1328.0,1810.0
TALK,93.39248930438916,1081011.0,2456033.25,1762.0,1058.0
MATX,93.37664395499921,208360.0,289800.0,3536.0,3346.0
ONFO,93.36079860560925,19081700.0,62110235.0,109.0,12.0
OBE,93.3449532562193,715500.0,898195.0,2246.0,2151.0
AEIS,93.32910790682935,435940.0,719930.0,2797.0,2414.0
TORO,93.31326255743939,17840.0,23845.0,5294.0,5229.0
PUBM,93.29741720804944,858460.0,775165.0,2035.0,2330.0
MPTI,93.28157185865949,157720.0,253875.0,3814.0,3486.0
APA,93.26572650926953,5123020.0,5704110.0,462.0,468.0
CRS,93.24988115987958,490000.0,697855.0,2671.0,2456.0
SSL,93.23403581048963,1055340.0,1083435.0,1786.0,1922.0
CAT,93.21819046109967,2478200.0,3010175.0,951.0,873.0
EQ,93.20234511170972,530720.0,531915.0,2589.0,2737.0
VTVT,93.18649976231977,53960.0,102010.0,4643.0,4285.0
TEN,93.1706544129298,236620.0,202230.0,3420.0,3692.0
HZO,93.15480906353986,845460.0,915225.0,2049.0,2132.0
BELFA,93.1389637141499,139780.0,182195.0,3941.0,3790.0
MRX,93.12311836475993,889260.0,688495.0,1994.0,2474.0
SKE,93.10727301536998,444720.0,526035.0,2775.0,2742.0
GKOS,93.09142766598004,724000.0,946300.0,2227.0,2082.0
TEVA,93.07558231659007,5084840.0,5892850.0,466.0,452.0
VRT,93.05973696720012,3890980.0,6274270.0,609.0,425.0
FIGS,93.04389161781017,1902500.0,3479300.0,1174.5,760.0
ATNI,93.02804626842021,82000.0,88530.0,4371.0,4382.0
ENS,93.01220091903026,800300.0,520510.0,2113.0,2750.0
STM,92.99635556964031,8052860.0,10919535.0,279.0,216.0
LONA,92.98051022025035,152480.0,47250.0,3847.0,4818.0
TTI,92.9646648708604,1482940.0,1856720.0,1410.0,1328.0
FROG,92.94881952147045,2157240.0,2391555.0,1060.0,1090.0
MSGS,92.93297417208049,359380.0,206235.0,3011.0,3673.0
FDMT,92.91712882269054,1536840.0,811790.0,1372.0,2281.0
SHMD,92.9012834733006,466480.0,416750.0,2731.0,3008.0
PZG,92.88543812391063,762100.0,507700.0,2160.0,2780.0
APLD,92.86959277452068,16901700.0,19380220.0,124.0,115.0
NUTX,92.85374742513073,156740.0,160770.0,3821.0,3887.0
NERV,92.83790207574077,165420.0,144435.0,3770.0,3990.0
STRL,92.82205672635082,584980.0,840335.0,2486.0,2248.0
NVRI,92.80621137696086,455220.0,414410.0,2756.0,3017.0
DRUG,92.7903660275709,155540.0,195980.0,3831.5,3725.0
TNK,92.77452067818095,433460.0,362100.0,2806.0,3146.0
MG,92.758675328791,243240.0,191130.0,3390.0,3751.0
CCO,92.74282997940104,20390220.0,9939255.0,99.0,242.0
RELL,92.72698463001109,173600.0,402360.0,3715.0,3045.0
CSTE,92.71113928062114,149480.0,114520.0,3862.0,4203.0
OSCR,92.69529393123118,5775680.0,5833725.0,401.0,459.0
CIB,92.67944858184123,278100.0,326210.0,3251.0,3243.0
IMAX,92.66360323245128,1194140.0,1769895.0,1641.0,1384.0
FTNT,92.64775788306132,3772700.0,5388875.0,628.0,492.0
MYE,92.63191253367137,245940.0,428955.0,3373.0,2979.0
MCS,92.61606718428142,228640.0,361465.0,3459.0,3149.0
MDB,92.60022183489146,1586260.0,1466885.0,1338.0,1596.0
CRWD,92.58437648550151,6556160.0,7329205.0,354.0,351.0
INTT,92.56853113611156,126340.0,155765.0,4011.0,3911.0
EC,92.5526857867216,1380480.0,2065510.0,1475.0,1232.0
PSX,92.53684043733165,2909980.0,2694860.0,803.0,978.0
TECK,92.5209950879417,2243820.0,3068550.0,1032.0,852.0
TWN,92.50514973855174,19420.0,32560.0,5246.0,5056.0
GSIT,92.48930438916179,507580.0,605405.0,2640.0,2615.0
CMBT,92.47345903977183,833680.0,838805.0,2066.0,2249.0
CADL,92.45761369038186,1709680.0,1188805.0,1270.0,1828.0
TIGO,92.44176834099191,1243140.0,1521575.0,1594.0,1561.0
AIR,92.42592299160196,552440.0,455480.0,2559.0,2900.0
STLD,92.410077642212,788080.0,1060020.0,2131.0,1937.0
AXSM,92.39423229282205,688060.0,700170.0,2290.0,2448.0
RIG,92.3783869434321,47550180.0,46904295.0,21.0,26.0
PXS,92.36254159404214,28700.0,33405.0,5052.0,5041.0
CYTK,92.3466962446522,1755780.0,1923185.0,1243.0,1295.0
CBLL,92.33085089526224,436920.0,453555.0,2793.0,2904.0
CSTM,92.31500554587228,984560.0,1524900.0,1862.0,1558.0
BHE,92.29916019648233,272120.0,355275.0,3276.0,3165.0
CTNM,92.28331484709238,955600.0,487310.0,1898.0,2827.0
MAMA,92.26746949770242,512280.0,506440.0,2629.0,2781.0
CENX,92.25162414831247,2020460.0,2014410.0,1122.0,1255.0
ESTA,92.23577879892252,472900.0,544865.0,2712.0,2713.0
ECOR,92.21993344953256,100360.0,87160.0,4224.0,4392.0
TALO,92.20408810014261,1458220.0,2005940.0,1423.0,1260.0
IRDM,92.18824275075266,1063500.0,1266380.0,1778.0,1757.0
IBIO,92.1723974013627,1002740.0,702500.0,1831.0,2443.0
SCCO,92.15655205197275,915560.0,1087025.0,1960.0,1915.0
LSCC,92.1407067025828,1490660.0,1999585.0,1400.0,1262.0
SGML,92.12486135319283,2260280.0,1821010.0,1020.0,1359.0
AAMI,92.10901600380288,332680.0,402595.0,3084.0,3044.0
LXRX,92.09317065441293,2616460.0,2902885.0,892.0,908.0
OABI,92.07732530502297,4771620.0,1694650.0,495.0,1441.0
DHX,92.06147995563302,271220.0,212495.0,3281.0,3644.0
ENTG,92.04563460624307,2416100.0,2786980.0,970.0,946.0
HAE,92.0297892568531,988460.0,846505.0,1858.0,2234.0
ANDG,92.01394390746316,452260.0,394655.0,2764.0,3069.0
BOTJ,91.99809855807321,52920.0,40500.0,4653.5,4923.0
ARCB,91.98225320868325,308420.0,380505.0,3151.0,3105.0
DIBS,91.9664078592933,121240.0,107380.0,4051.0,4246.0
LBRT,91.95056250990335,2766640.0,5865230.0,845.0,455.0
BVS,91.93471716051339,598480.0,845575.0,2460.0,2235.0
HIMX,91.91887181112344,1152680.0,1517620.0,1683.0,1563.0
SGHT,91.90302646173349,379780.0,306155.0,2943.0,3302.0
DDOG,91.88718111234353,4350780.0,5323310.0,543.0,501.0
PLXS,91.87133576295358,231900.0,324940.0,3438.0,3246.0
OLMA,91.85549041356363,1093380.0,989400.0,1749.0,2029.0
ABOS,91.83964506417367,436080.0,338265.0,2796.0,3205.0
TCMD,91.82379971478372,491320.0,290680.0,2668.0,3344.0
AMRX,91.80795436539377,2166180.0,1885155.0,1058.0,1310.0
NMM,91.79210901600379,116620.0,117070.0,4094.0,4180.0
GLMD,91.77626366661384,2907121.0,833981.4,804.0,2258.0
COCO,91.7604183172239,722560.0,1130845.0,2232.0,1879.0
CDNL,91.74457296783393,1265300.0,796590.0,1566.0,2300.0
UGP,91.72872761844398,3902480.0,3234660.0,607.0,814.0
BORR,91.71288226905403,10260860.0,5874270.0,221.0,454.0
GPRE,91.69703691966407,1022160.0,1293930.0,1818.0,1728.0
AQB,91.68119157027412,190620.0,1456220.0,3632.0,1603.0
NTRA,91.66534622088417,1355860.0,1331010.0,1497.0,1701.0
GRC,91.64950087149421,148040.0,197110.0,3871.5,3716.0
JBHT,91.63365552210426,902700.0,896485.0,1981.0,2156.0
CPAC,91.61781017271431,64640.0,56845.0,4527.0,4695.0
MSBI,91.60196482332435,169080.0,199605.0,3750.0,3705.0
CTMX,91.5861194739344,2116420.0,2438390.0,1079.0,1063.0
LASR,91.57027412454445,1211300.0,1384205.0,1626.0,1655.0
LGND,91.55442877515449,245140.0,284695.0,3377.0,3365.0
NVTS,91.53858342576454,14520300.0,15407590.0,148.0,142.0
ZBIO,91.5227380763746,624600.0,631810.0,2410.0,2565.0
PTN,91.50689272698463,54240.0,20615.0,4642.0,5306.0
VBNK,91.49104737759468,107980.0,102570.0,4163.0,4282.0
SB,91.47520202820473,652260.0,738865.0,2357.0,2388.0
KRT,91.45935667881476,163000.0,151115.0,3778.0,3954.0
SSRM,91.44351132942481,2020640.0,3011015.0,1120.0,872.0
ADPT,91.42766598003486,1906820.0,2579775.0,1170.0,1020.0
NTAP,91.4118206306449,2375080.0,2410785.0,981.0,1078.0
ILMN,91.39597528125495,1099920.0,1931005.0,1742.0,1289.0
ATAI,91.380129931865,6432960.0,8851590.0,363.0,278.0
DIOD,91.36428458247504,1176260.0,665490.0,1657.0,2508.0
STOK,91.34843923308509,594680.0,774645.0,2469.0,2331.0
NVT,91.33259388369514,1768140.0,2217755.0,1232.0,1168.0
ADEA,91.31674853430518,1004503.8,1173567.3,1829.0,1839.0
LION,91.30090318491523,2891480.0,2687825.0,808.0,983.0
CBL,91.28505783552528,196140.0,260650.0,3603.0,3454.0
INVX,91.26921248613532,631240.0,764500.0,2399.0,2348.0
BFH,91.25336713674537,342180.0,542615.0,3061.0,2718.0
BJRI,91.23752178735542,426120.0,526430.0,2823.0,2740.0
SA,91.22167643796546,635180.0,601520.0,2391.0,2622.0
CAMT,91.20583108857551,453560.0,556235.0,2761.0,2691.0
LAR,91.18998573918556,2186720.0,2010355.0,1049.0,1259.0
DUOT,91.1741403897956,2812920.0,1240400.0,832.0,1778.0
VAL,91.15829504040565,1415080.0,1145405.0,1451.0,1865.0
LNTH,91.1424496910157,1501880.0,2056495.0,1395.0,1236.0
AREC,91.12660434162572,2394280.0,2392720.0,977.0,1089.0
PURR,91.11075899223577,6944280.0,7188105.0,326.0,359.0
WATT,91.09491364284582,324520.0,204020.0,3102.0,3682.5
ALLO,91.07906829345586,4856720.0,5931375.0,486.0,448.0
BOF,91.06322294406591,38020.0,22135.0,4872.0,5270.0
SENEA,91.04737759467596,101420.0,104115.0,4215.0,4274.0
IMUX,91.031532245286,192080.0,163255.0,3621.0,3875.0
RFIL,91.01568689589605,220020.0,233455.0,3492.0,3550.0
TBBB,90.9998415465061,1330580.0,661210.0,1512.0,2519.0
LEE,90.98399619711614,34160.0,48215.0,4943.0,4803.0
RMCO,90.96815084772619,12740.0,15495.0,5460.0,5434.0
PEB,90.95230549833624,1709440.0,2228635.0,1271.0,1165.0
UFI,90.93646014894628,247040.0,146375.0,3370.0,3981.0
MLYS,90.92061479955633,972020.0,727145.0,1878.0,2401.0
CVGI,90.90476945016638,396200.0,536715.0,2906.0,2731.0
SIFY,90.88892410077642,20480.0,36395.0,5225.0,4989.0
CVU,90.87307875138647,88240.0,63980.0,4317.0,4610.0
CLDT,90.85723340199652,276680.0,333900.0,3258.0,3214.0
BW-PA,90.84138805260656,12946.6,12471.9,5445.0,5532.0
PCVX,90.82554270321661,827020.0,945795.0,2082.0,2083.0
PWR,90.80969735382666,1098360.0,1185545.0,1743.0,1829.0
PODC,90.79385200443669,109460.0,77465.0,4148.0,4471.0
AMN,90.77800665504674,578620.0,748210.0,2499.0,2370.0
TRGP,90.76216130565679,1164380.0,1199030.0,1669.0,1816.0
TBI,90.74631595626683,255560.0,339985.0,3337.0,3200.0
VGZ,90.73047060687688,970180.0,1203285.0,1880.0,1812.0
ARM,90.71462525748693,4068120.0,5336520.0,585.0,497.0
XMTR,90.69877990809697,408320.0,766085.0,2875.0,2345.0
NVEC,90.68293455870702,159840.0,235540.0,3796.0,3543.0
UVE,90.66708920931707,154280.0,207000.0,3837.0,3669.0
NUE,90.6512438599271,1035900.0,1396625.0,1802.0,1641.0
MKDW,90.63539851053716,980.0,2055.0,6089.0,6056.0
ZYME,90.61955316114721,530680.0,462340.0,2590.0,2883.0
EZPW,90.60370781175725,1034020.0,1049720.0,1804.0,1951.0
HLX,90.5878624623673,1239500.0,1493870.0,1600.0,1580.0
M,90.57201711297735,5018680.0,4751035.0,470.0,576.0
MITK,90.55617176358739,649000.0,770710.0,2364.5,2339.0
BVN,90.54032641419744,540620.0,724095.0,2578.0,2407.0
DBI,90.52448106480749,442880.0,388065.0,2778.0,3092.0
HLP,90.50863571541753,41020.0,76535.0,4813.0,4480.0
WHD,90.49279036602758,671480.0,818910.0,2316.0,2272.0
KFRC,90.47694501663763,275340.0,273545.0,3264.0,3409.0
FLNT,90.46109966724765,30360.0,27460.0,5022.0,5156.0
SENEB,90.4452543178577,340.0,170.0,6170.0,6226.0
ANDE,90.42940896846775,302920.0,343475.0,3166.0,3191.0
KGS,90.41356361907779,1436900.0,1741825.0,1433.0,1406.0
ANGO,90.39771826968784,433440.0,473675.0,2807.0,2860.0
MUX,90.3818729202979,1484780.0,1013730.0,1406.0,1998.0
AU,90.36602757090793,1596040.0,2547365.0,1331.0,1032.0
HFBL,90.35018222151798,2040.0,4805.0,5996.5,5888.0
CELC,90.33433687212803,996460.0,1023990.0,1843.0,1985.0
OIS,90.31849152273807,513420.0,650215.0,2625.0,2541.0
FDX,90.30264617334812,1560440.0,1524420.0,1355.0,1559.0
TGTX,90.28680082395817,1623700.0,2241455.0,1320.0,1153.0
AVAH,90.27095547456821,6094160.0,2862480.0,379.0,923.0
MYRG,90.25511012517826,231500.0,313625.0,3442.0,3278.0
KZIA,90.23926477578831,185300.0,217540.0,3658.0,3625.0
CLBK,90.22341942639835,6514580.0,6661890.0,358.0,393.0
ARMP,90.2075740770084,98640.0,101395.0,4235.0,4292.0
RKLB,90.19172872761845,16317400.0,19096670.0,129.0,120.0
GOLD,90.17588337822849,364940.0,373485.0,2988.0,3121.0
MYSZ,90.16003802883854,2028620.0,549245.0,1116.0,2706.0
ROG,90.1441926794486,190420.0,238090.0,3634.0,3539.0
OOMA,90.12834733005862,336220.0,379870.0,3078.0,3106.0
SVRA,90.11250198066867,1483320.0,1720085.0,1409.0,1421.0
SII,90.09665663127872,186220.0,194805.0,3654.5,3732.0
IMDX,90.08081128188876,437660.0,219795.0,2790.0,3610.0
CRL,90.06496593249881,906440.0,939810.0,1975.0,2092.0
PMTS,90.04912058310886,108340.0,95310.0,4158.5,4337.0
TBN,90.0332752337189,91600.0,118375.0,4290.0,4167.0
KN,90.01742988432895,694240.0,1024280.0,2285.0,1983.0
FOSL,90.001584534939,1229540.0,1118415.0,1612.0,1895.0
RILYL,89.98573918554904,7920.0,7135.0,5647.0,5763.0
DLTH,89.96989383615909,42620.0,47200.0,4785.5,4820.0
UNFI,89.95404848676914,487420.0,465960.0,2676.0,2872.0
FIVE,89.93820313737918,776080.0,885815.0,2145.0,2170.0
STNG,89.92235778798923,766780.0,799615.0,2152.0,2295.0
PRLB,89.90651243859928,172240.0,194655.0,3724.0,3734.0
SNX,89.89066708920932,695620.0,692560.0,2276.0,2467.0
XPRO,89.87482173981937,805880.0,932485.0,2106.0,2109.0
SHIM,89.85897639042942,134480.0,84455.0,3965.0,4419.0
CYRX,89.84313104103946,400900.0,543205.0,2896.0,2717.0
RCKY,89.82728569164951,42380.0,72570.0,4791.0,4512.0
RCEL,89.81144034225956,574480.0,691895.0,2507.0,2469.0
UFCS,89.79559499286958,106620.0,139065.0,4174.0,4022.0
CYCN,89.77974964347963,47920.0,24420.0,4714.0,5212.0
WRN,89.76390429408968,789080.0,1031710.0,2128.0,1974.0
LLY,89.74805894469972,2091380.0,2644010.0,1088.0,1000.0
ROKU,89.73221359530977,2119880.0,2707930.0,1077.0,973.0
DTIL,89.71636824591982,228840.0,252535.0,3457.0,3492.0
SWBI,89.70052289652986,379480.0,400900.0,2944.0,3054.0
PGC,89.68467754713991,141840.0,195035.0,3922.0,3730.0
ZIM,89.66883219774996,3172120.0,1753190.0,735.0,1399.0
AVT,89.65298684836,1164460.0,1261225.0,1667.0,1760.0
B,89.63714149897005,10088460.0,10334485.0,228.0,231.0
TK,89.6212961495801,519840.0,510660.0,2606.0,2771.0
LFUS,89.60545080019014,242800.0,340290.0,3395.5,3198.0
ASM,89.58960545080019,5173380.0,4094445.0,457.0,675.0
AMAL,89.57376010141024,137620.0,151795.0,3949.0,3950.5
WULF,89.55791475202028,32878920.0,32556640.0,47.0,51.0
SU,89.54206940263033,4076740.0,4624160.0,582.0,594.0
EXK,89.52622405324038,8480520.0,8018010.0,271.0,313.0
CBNA,89.51037870385042,14620.0,23445.0,5394.0,5238.5
KMTS,89.49453335446047,275300.0,310580.0,3265.0,3291.0
NGNE,89.47868800507052,155660.0,162120.0,3830.0,3881.0
NTCT,89.46284265568055,626920.0,579535.0,2405.0,2652.0
RILYP,89.4469973062906,6680.0,8230.0,5720.0,5714.0
HQI,89.43115195690065,32520.0,25150.0,4979.5,5199.0
SHOO,89.41530660751069,876420.0,1088025.0,2011.0,1913.0
TSM,89.39946125812074,9508200.0,12418905.0,238.0,186.0
STT,89.38361590873079,1216140.0,1609175.0,1620.0,1506.0
FCAP,89.36777055934083,15720.0,15675.0,5359.5,5429.0
FVNNR,89.35192520995088,1540.8,14189.7,6031.0,5464.0
SMC,89.33607986056093,52800.0,53020.0,4655.0,4743.0
ARW,89.32023451117097,609180.0,629635.0,2436.0,2572.0
NAK,89.30438916178102,2871980.0,4113515.0,813.0,668.0
POWW,89.28854381239107,610600.0,653740.0,2432.0,2534.0
NOV,89.2726984630011,2454000.0,3555340.0,961.0,748.0
DHT,89.25685311361116,3320020.0,2903105.0,695.0,907.0
MYO,89.24100776422121,888980.0,632575.0,1995.0,2564.0
CARE,89.22516241483125,346380.0,428870.0,3048.0,2981.0
NRT,89.2093170654413,60860.0,53875.0,4573.0,4727.0
TXMD,89.19347171605135,29200.0,19555.0,5046.0,5333.0
AAUC,89.17762636666139,682560.0,1032435.0,2301.0,1973.0
CECO,89.16178101727144,980740.0,1086320.0,1868.0,1916.0
SABS,89.14593566788149,294400.0,458715.0,3197.5,2893.0
ESLT,89.13009031849151,79400.0,84585.0,4386.0,4415.0
PRM,89.11424496910156,1315920.0,1750115.0,1525.0,1403.0
AVAL,89.09839961971161,183260.0,167535.0,3666.0,3850.0
ABVX,89.08255427032165,723660.0,874980.0,2229.5,2185.0
DSX,89.0667089209317,932300.0,795765.0,1937.0,2301.0
HWM,89.05086357154175,1945900.0,2174075.0,1147.0,1189.0
CRDL,89.03501822215179,1717720.0,1089365.0,1263.0,1912.0
ECG,89.01917287276184,598840.0,600215.0,2459.0,2625.0
AMWL,89.0033275233719,83280.0,122375.0,4360.0,4145.0
KFFB,88.98748217398193,4700.0,3835.0,5824.0,5949.5
EQNR,88.97163682459198,2259740.0,3404980.0,1021.0,780.0
WT,88.95579147520203,1368700.0,2387750.0,1484.0,1094.0
SKM,88.93994612581207,2108580.0,2605630.0,1083.0,1011.0
ALKS,88.92410077642212,1172940.0,1668645.0,1662.0,1455.0
LQDT,88.90825542703217,234320.0,226225.0,3428.0,3587.0
INDV,88.89241007764221,2051000.0,2401745.0,1106.0,1085.0
CABA,88.87656472825226,4630500.0,3247285.0,511.0,812.0
MBIN,88.86071937886231,133960.0,171565.0,3969.0,3836.0
CHEF,88.84487402947235,1030240.0,701390.0,1807.0,2447.0
TKR,88.8290286800824,912960.0,1023870.0,1963.0,1986.0
CCCC,88.81318333069245,2809480.0,2513400.0,834.0,1047.0
VET,88.79733798130249,1013420.0,1652765.0,1823.0,1468.0
VREX,88.78149263191253,1143400.0,1337525.0,1690.0,1696.0
BRKR,88.76564728252258,1730340.0,2405730.0,1257.0,1084.0
EGO,88.74980193313262,1913500.0,2610905.0,1164.0,1008.0
SANM,88.73395658374267,491180.0,828860.0,2669.0,2264.0
TII,88.71811123435272,862700.0,390675.0,2031.0,3085.0
SRRK,88.70226588496276,866880.0,1046520.0,2025.0,1954.0
USEA,88.68642053557281,65960.0,54935.0,4509.0,4711.0
ASRV,88.67057518618286,34580.0,31105.0,4929.0,5078.0
WCC,88.6547298367929,460240.0,651375.0,2743.0,2538.0
DAO,88.63888448740295,72740.0,53325.0,4440.5,4736.0
ASC,88.623039138013,513640.0,575865.0,2622.5,2656.0
FSTR,88.60719378862304,84220.0,82690.0,4354.0,4430.0
NPCE,88.59134843923309,158440.0,254430.0,3811.0,3483.0
DXPE,88.57550308984314,148040.0,150940.0,3871.5,3958.0
IMPP,88.55965774045318,370980.0,268005.0,2977.0,3426.0
CAKE,88.54381239106323,1956480.0,2074485.0,1138.0,1229.0
GOOGL,88.52796704167328,19635720.0,30768040.0,105.0,60.0
CSCO,88.51212169228332,34007660.0,22975265.0,42.0,94.0
ATLO,88.49627634289337,32520.0,32735.0,4979.5,5054.0
VIST,88.48043099350342,1083940.0,954840.0,1760.0,2072.0
CASY,88.46458564411346,266420.0,288570.0,3298.0,3349.0
POET,88.44874029472349,13509860.0,13005170.0,157.0,169.0
AMCX,88.43289494533354,475380.0,841730.0,2700.0,2245.0
ACLS,88.41704959594358,253480.0,392175.0,3345.0,3079.0
NE,88.40120424655363,888280.0,1582130.0,1996.0,1519.0
KURA,88.38535889716368,2739880.0,1553275.0,854.0,1543.0
TDW,88.36951354777372,585900.0,665435.0,2482.0,2509.0
PRPO,88.35366819838377,190940.0,123400.0,3627.0,4133.0
DDD,88.33782284899382,2074800.0,3613165.0,1091.0,738.0
CTOS,88.32197749960386,842780.0,1036120.0,2052.0,1967.0
BRKRP,88.30613215021391,3600.0,10210.0,5891.5,5623.0
SLAB,88.29028680082396,243220.0,253030.0,3391.0,3490.0
MEOH,88.274441451434,596920.0,863505.0,2463.0,2205.0
FIEE,88.25859610204405,1893120.0,1264600.0,1183.0,1758.0
BWFG,88.2427507526541,65160.0,71175.0,4517.0,4527.0
ESCA,88.22690540326414,40700.0,53145.0,4821.0,4742.0
SHLS,88.21106005387419,4025360.0,5300415.0,588.0,505.0
NEM,88.19521470448424,6578800.0,7235455.0,350.0,356.0
RYOJ,88.17936935509428,15280.0,73790.0,5370.0,4501.0
CLDX,88.16352400570433,948740.0,931795.0,1909.0,2111.0
BKD,88.14767865631438,4834240.0,5418760.0,487.0,485.0
ASA,88.13183330692442,39080.0,47560.0,4845.5,4816.0
ZGN,88.11598795753446,921500.0,999680.0,1954.0,2021.0
NNBR,88.10014260814451,3221260.0,3046795.0,724.0,861.0
RIOT,88.08429725875455,22028860.0,23310280.0,86.0,92.0
COKE,88.0684519093646,414660.0,487910.0,2852.0,2825.0
MGTX,88.05260655997465,694480.0,511025.0,2284.0,2769.0
GOOG,88.03676121058469,13675220.0,20465040.0,155.0,110.0
RCMT,88.02091586119474,186320.0,70855.0,3653.0,4529.0
CM,88.00507051180479,1060880.0,931495.0,1780.0,2112.0
CGEN,87.98922516241483,243500.0,248060.0,3388.0,3503.0
OKUR,87.97337981302488,140420.0,134345.0,3936.5,4061.0
KNX,87.95753446363493,2687620.0,3875815.0,872.0,703.0
DAN,87.94168911424497,1763600.0,1474430.0,1235.0,1593.0
PR,87.92584376485502,7269500.0,8521480.0,312.0,293.0
STRZ,87.90999841546507,287120.0,194220.0,3220.0,3738.0
ENTA,87.8941530660751,197460.0,171845.0,3595.0,3832.0
AMG,87.87830771668516,266780.0,254180.0,3297.0,3485.0
CNQ,87.86246236729521,6560340.0,6561515.0,353.0,402.0
OPY,87.84661701790525,134400.0,128000.0,3966.0,4100.0
RYAM,87.8307716685153,897340.0,1048895.0,1983.0,1952.0
AMBQ,87.81492631912535,414160.0,523670.0,2853.0,2745.0
MD,87.79908096973539,702780.0,780610.0,2266.0,2324.0
UTHR,87.78323562034542,406180.0,522930.0,2880.0,2746.0
ESE,87.76739027095547,200340.0,196770.0,3574.0,3721.0
IMRX,87.75154492156551,701800.0,636485.0,2268.0,2558.0
TX,87.73569957217556,326380.0,751950.0,3096.5,2361.0
VCTR,87.71985422278561,519580.0,559630.0,2607.0,2683.0
DAVE,87.70400887339565,471380.0,459085.0,2716.0,2890.0
DNLI,87.6881635240057,1156360.0,1401475.0,1679.0,1632.0
JCSE,87.67231817461575,10100.0,7410.0,5550.0,5751.0
HELP,87.65647282522579,1798440.0,1781575.0,1223.0,1374.0
XENE,87.64062747583584,760220.0,626400.0,2163.0,2575.0
SQM,87.6247821264459,749740.0,887180.0,2186.0,2166.0
CROX,87.60893677705593,818800.0,1009705.0,2093.0,2009.0
OVV,87.59309142766598,4168380.0,3719755.0,572.0,725.0
UNF,87.57724607827603,114420.0,140165.0,4112.0,4014.0
TD,87.56140072888607,1284400.0,2128290.0,1549.0,1205.0
PROF,87.54555537949612,142140.0,141415.0,3917.0,4000.5
BHP,87.52971003010617,2919920.0,2554305.0,794.0,1029.0
RPRX,87.51386468071621,2494140.0,2742805.0,944.0,961.0
HAL,87.49801933132626,8079000.0,10919700.0,277.0,215.0
BWA,87.48217398193631,1848120.0,2249810.0,1201.0,1147.0
HXL,87.46632863254635,600800.0,980530.0,2455.0,2042.0
PKBK,87.45048328315639,45260.0,44905.0,4752.0,4855.0
KLRS,87.43463793376644,41280.0,76725.0,4809.5,4477.0
VIK,87.41879258437648,3260740.0,2344720.0,714.0,1120.0
STK,87.40294723498653,66600.0,73385.0,4502.0,4505.0
DIN,87.38710188559658,221620.0,252045.0,3482.0,3495.0
PDS,87.37125653620662,115720.0,138610.0,4104.0,4026.0
SNOW,87.35541118681667,3397760.0,4916270.0,680.0,554.0
ALAB,87.33956583742672,4223720.0,4763665.0,562.0,574.0
CABR,87.32372048803676,42220.0,86770.0,4796.0,4398.0
OUT,87.3078751386468,1647040.0,1973155.0,1312.0,1270.0
HCC,87.29202978925686,504000.0,687245.0,2650.0,2477.0
WFRD,87.2761844398669,703600.0,1099580.0,2263.0,1905.0
VATE,87.26033909047695,311420.0,1000535.0,3139.0,2020.0
DCTH,87.244493741087,626640.0,719825.0,2406.0,2415.0
TRST,87.22864839169704,128180.0,121510.0,4001.0,4150.0
AGEN,87.21280304230709,964300.0,1631110.0,1886.0,1488.0
ADI,87.19695769291714,3327380.0,3832590.0,694.0,707.0
SNEX,87.18111234352718,1059060.0,1036150.0,1783.0,1966.0
DRD,87.16526699413723,286980.0,284555.0,3221.0,3366.0
IMO,87.14942164474728,429460.0,496945.0,2814.0,2802.0
BNY,87.13357629535732,2061560.0,2631360.0,1097.0,1002.0
PSMT,87.11773094596735,204140.0,253045.0,3555.0,3489.0
LPG,87.1018855965774,502980.0,608810.0,2651.0,2602.0
GRDN,87.08604024718744,358980.0,373870.0,3012.0,3119.0
KRNY,87.07019489779749,810820.0,592440.0,2101.0,2632.0
CCXIU,87.05434954840754,5480.0,18250.0,5778.0,5360.0
PHVS,87.03850419901758,808100.0,518865.0,2105.0,2756.0
CODI,87.02265884962763,891180.0,725615.0,1992.0,2404.0
USIO,87.00681350023768,1323480.0,502405.0,1517.0,2789.0
BBIO,86.99096815084772,2536260.0,2207240.0,921.0,1173.0
TPC,86.97512280145777,361960.0,1044280.0,2999.0,1957.0
QUAD,86.95927745206782,529220.0,453900.0,2592.0,2903.0
HSBC,86.94343210267786,837520.0,1279800.0,2059.0,1740.0
GEV,86.92758675328791,1921460.0,2529570.0,1163.0,1041.0
ATKR,86.91174140389796,861520.0,1447055.0,2032.0,1611.0
SBLK,86.895896054508,1555940.0,1430610.0,1358.0,1618.0
ALB,86.88005070511805,1924480.0,2319415.0,1159.0,1128.0
MPWR,86.8642053557281,651180.0,848290.0,2359.0,2230.0
SLB,86.84836000633814,7699160.0,11744455.0,293.0,198.0
PBYI,86.83251465694819,260940.0,308405.0,3316.0,3295.0
FISI,86.81666930755824,114200.0,154060.0,4113.0,3930.0
KOS,86.80082395816828,8856960.0,12738160.0,257.0,175.0
MEC,86.78497860877832,421520.0,663485.0,2831.0,2516.0
CHMG,86.76913325938837,33260.0,64750.0,4961.0,4601.0
BMO,86.7532879099984,635240.0,718845.0,2390.0,2417.0
ROST,86.73744256060846,2646160.0,2231620.0,883.0,1159.0
JFU,86.72159721121851,1592960.0,399815.0,1334.0,3057.0
BDL,86.70575186182855,50900.0,47550.0,4681.0,4817.0
AEVA,86.6899065124386,1584580.0,1916850.0,1344.0,1300.0
MRK,86.67406116304865,8994460.0,8397570.0,254.0,300.0
CORT,86.65821581365869,695320.0,1227220.0,2277.0,1791.0
REX,86.64237046426874,149560.0,167265.0,3861.0,3852.0
SDRL,86.62652511487879,561740.0,688650.0,2540.0,2473.0
SNDA,86.61067976548883,401460.0,460130.0,2895.0,2888.0
ICCC,86.59483441609888,55920.0,27630.0,4624.0,5151.0
LTH,86.57898906670893,2955480.0,3198780.0,784.0,822.0
AA,86.56314371731897,5226540.0,4991540.0,452.0,545.0
DGXX,86.54729836792902,5029320.0,3631605.0,469.0,733.0
DGICB,86.53145301853907,2420.0,11050.0,5970.0,5594.0
CLOV,86.5156076691491,4098560.0,4523245.0,581.0,614.0
GNK,86.49976231975916,384720.0,369785.0,2936.0,3131.0
FVR,86.48391697036921,111180.0,155510.0,4135.0,3914.0
MFG,86.46807162097925,2612200.0,3342095.0,893.0,790.0
RAL,86.45222627158928,904700.0,1742925.0,1976.0,1405.0
RILYT,86.43638092219933,19620.0,19465.0,5240.0,5336.0
BKSY,86.42053557280937,978920.0,1041215.0,1871.0,1961.0
VRA,86.40469022341942,89660.0,111090.0,4305.0,4220.0
RRBI,86.38884487402947,38220.0,75315.0,4863.0,4488.0
STGW,86.37299952463951,1108720.0,1647950.0,1732.0,1477.0
SCHL,86.35715417524956,271780.0,391600.0,3279.0,3081.0
XPO,86.34130882585961,836080.0,981855.0,2062.0,2041.0
SOTK,86.32546347646965,24160.0,36745.0,5149.0,4983.0
ATLC,86.3096181270797,142020.0,167055.0,3920.0,3854.0
PIII,86.29377277768975,44740.0,68805.0,4757.5,4550.0
ELVA,86.27792742829979,644240.0,659060.0,2371.0,2526.0
CLS,86.26208207890984,2969720.0,3444570.0,780.0,766.0
E,86.2462367295199,349640.0,404285.0,3037.0,3037.0
OBT,86.23039138012993,39940.0,58035.0,4829.0,4673.0
BNS,86.21454603073998,1484960.0,2049895.0,1405.0,1239.0
MGA,86.19870068135003,893460.0,1325875.0,1987.0,1704.0
FBYD,86.18285533196007,64620.0,98875.0,4529.0,4313.0
SXI,86.16700998257012,108340.0,143005.0,4158.5,3995.0
WYFI,86.15116463318017,2532960.0,1871310.0,925.0,1318.0
CDE,86.13531928379021,38803120.0,38812225.0,32.0,40.0
NAMMW,86.11947393440025,1440.0,3355.0,6040.0,5969.0
SMHI,86.1036285850103,85480.0,125710.0,4342.0,4121.0
PLX,86.08778323562034,1273100.0,747645.0,1561.0,2371.0
DRH,86.07193788623039,1763320.0,2577385.0,1236.0,1021.0
CYD,86.05609253684044,106200.0,100470.0,4179.0,4301.0
KELYB,86.04024718745048,1000.0,845.0,6087.0,6143.5
JRSH,86.02440183806053,121000.0,104875.0,4054.0,4266.0
RIO,86.00855648867058,2316940.0,2452585.0,997.0,1059.0
EGBN,85.99271113928062,217620.0,280790.0,3496.0,3379.0
LILA,85.97686578989067,433560.0,606635.0,2804.0,2609.0
WTBA,85.96102044050072,100540.0,73880.0,4223.0,4499.0
ASTC,85.94517509111076,90800.0,322245.0,4295.5,3255.0
EGY,85.9293297417208,1168680.0,1216955.0,1665.0,1800.0
MTZ,85.91348439233086,1758120.0,1598655.0,1241.0,1510.0
MRCY,85.8976390429409,857820.0,608085.0,2036.0,2603.0
KODK,85.88179369355095,820500.0,976190.0,2090.0,2047.0
JBL,85.865948344161,1058460.0,1061340.0,1784.0,1936.0
GGB,85.85010299477104,7358440.0,12826940.0,309.0,173.0
TDAY,85.83425764538109,3101800.0,2544550.0,751.0,1034.0
HRTG,85.81841229599114,300120.0,357000.0,3178.0,3161.0
ARQT,85.80256694660117,1512260.0,1554365.0,1388.0,1540.0
THC,85.78672159721123,646320.0,1218445.0,2369.0,1797.0
EFOI,85.77087624782126,2860.0,8335.0,5937.5,5711.0
CAH,85.7550308984313,2008260.0,2078505.0,1125.0,1227.0
PLRZ,85.73918554904135,104220.0,81075.0,4197.0,4442.0
DAC,85.7233401996514,122700.0,127490.0,4036.0,4106.0
SYNA,85.70749485026144,468480.0,664655.0,2724.0,2511.0
LB,85.69164950087149,285620.0,315885.0,3227.0,3272.0
PEBK,85.67580415148154,24860.0,46250.0,5137.0,4835.5
FF,85.65995880209158,519160.0,578280.0,2608.0,2655.0
MLAB,85.64411345270163,188640.0,150405.0,3641.0,3962.0
HQL,85.62826810331168,137440.0,168600.0,3952.5,3843.0
SUNC,85.61242275392172,569520.0,525100.0,2514.0,2744.0
VOXR,85.59657740453177,565620.0,441635.0,2525.0,2940.0
FCX,85.58073205514182,9197880.0,12792925.0,248.0,174.0
PDEX,85.56488670575186,74000.0,84710.0,4424.0,4414.0
BWLP,85.54904135636191,250460.0,279765.0,3353.0,3383.0
RLJ,85.53319600697196,1762680.0,1850190.0,1237.0,1334.0
PSTL,85.517350657582,375760.0,287545.0,2956.0,3354.0
OKTA,85.50150530819205,2795000.0,2546350.0,839.0,1033.0
BIXIW,85.4856599588021,28780.0,8890.0,5050.0,5682.0
RY,85.46981460941214,1264100.0,1298310.0,1569.5,1724.0
RDVT,85.45396926002219,283540.0,277505.0,3235.0,3393.0
PNTG,85.43812391063223,234300.0,267020.0,3429.0,3429.0
HALO,85.42227856124227,2288880.0,2401620.0,1009.0,1086.0
IDYA,85.40643321185232,493500.0,689065.0,2665.0,2472.0
FCFS,85.39058786246237,268100.0,456005.0,3291.0,2897.0
WAB,85.3747425130724,995840.0,1167055.0,1846.0,1842.0
CXW,85.35889716368246,1881420.0,1429545.0,1189.0,1620.0
EE,85.34305181429251,273900.0,317910.0,3272.0,3264.0
CMI,85.32720646490255,680020.0,988740.0,2305.0,2032.0
ALRS,85.3113611155126,156960.0,212920.0,3820.0,3643.0
SPB,85.29551576612265,441820.0,386385.0,2780.0,3094.0
XOM,85.27967041673269,13159560.0,14278440.0,163.0,153.0
ON,85.26382506734274,7493000.0,9986195.0,301.0,238.0
TFII,85.24797971795279,239140.0,357815.0,3408.0,3158.0
DNN,85.23213436856282,23205180.0,23348075.0,77.0,91.0
EXPD,85.21628901917288,760940.0,1100210.0,2161.0,1904.0
RMAX,85.20044366978293,911620.0,555835.0,1966.5,2692.0
RILYZ,85.18459832039296,31700.0,33450.0,4994.0,5040.0
EXPE,85.16875297100302,1412880.0,1631190.0,1452.0,1487.0
SFST,85.15290762161307,72260.0,104515.0,4448.0,4269.0
WEYS,85.1370622722231,26280.0,25695.0,5099.0,5183.0
BFRI,85.12121692283316,829060.0,503920.0,2073.0,2784.0
REI,85.1053715734432,2845640.0,3361490.0,823.0,784.0
ATEN,85.08952622405323,1040780.0,1412180.0,1799.0,1626.0
AKAM,85.07368087466328,2932240.0,3603480.0,790.0,741.0
TROX,85.05783552527333,2746520.0,2996655.0,852.0,874.0
SATL,85.04199017588337,5307940.0,5883975.0,445.0,453.0
HLIO,85.02614482649342,298020.0,313155.0,3185.0,3282.0
UNIT,85.01029947710347,2103900.0,2444780.0,1084.0,1061.0
IMTX,84.99445412771351,579620.0,471930.0,2497.0,2862.0
RDZN,84.97860877832356,275740.0,274635.0,3262.0,3405.0
DY,84.96276342893361,347440.0,411495.0,3044.0,3023.0
PLAB,84.94691807954365,702760.0,822140.0,2267.0,2269.0
NGS,84.9310727301537,143020.0,130225.0,3913.0,4084.0
HTLD,84.91522738076375,967860.0,797085.0,1882.0,2299.0
YPF,84.89938203137379,1209600.0,1139990.0,1628.0,1869.0
NVMI,84.88353668198384,495100.0,560760.0,2661.0,2681.0
BYFC,84.86769133259389,1480.0,9290.0,6036.0,5661.0
ISSC,84.85184598320393,238034.8,389459.3,3413.0,3090.0
AVBP,84.83600063381398,415520.0,442810.0,2851.0,2934.0
SI,84.82015528442403,130060.0,113970.0,3990.0,4207.0
ACU,84.80430993503407,39500.0,39955.0,4838.0,4932.0
ODC,84.78846458564412,118840.0,139245.0,4072.0,4021.0
JNJ,84.77261923625416,5566220.0,7147785.0,418.0,360.0
KOP,84.7567738868642,230880.0,196860.0,3447.0,3720.0
BIIB,84.74092853747425,702920.0,966505.0,2265.0,2061.0
VAC,84.7250831880843,356000.0,515190.0,3022.0,2763.0
INOD,84.70923783869434,1423820.0,1543090.0,1443.0,1548.0
IVZ,84.69339248930439,4534220.0,5082835.0,520.0,530.0
SN,84.67754713991444,1661660.0,1865330.0,1306.0,1321.0
GCTS,84.66170179052448,2515540.0,2505615.0,934.0,1051.0
MUR,84.64585644113453,1777200.0,1754360.0,1229.0,1397.0
PANL,84.63001109174458,399900.0,385130.0,2898.0,3095.0
IBTA,84.61416574235461,279440.0,332760.0,3245.0,3219.0
LILAK,84.59832039296467,1254440.0,1296730.0,1583.0,1726.0
TMP,84.58247504357472,103320.0,104305.0,4202.0,4272.0
ARMK,84.56662969418475,2832900.0,2758280.0,828.0,957.0
NKSH,84.5507843447948,40920.0,42810.0,4817.0,4889.0
CNL,84.53493899540486,88680.0,65750.0,4313.0,4579.0
VUZI,84.5190936460149,2052100.0,1114740.0,1103.0,1898.0
VTRS,84.50324829662495,10980540.0,11231535.0,207.0,210.0
FSEA,84.487402947235,1260.0,6740.0,6063.0,5783.0
GCT,84.47155759784503,512640.0,740630.0,2627.0,2385.0
MASS,84.45571224845509,568660.0,450200.0,2516.0,2912.0
CMT,84.43986689906512,21040.0,25220.0,5209.0,5197.0
RRGB,84.42402154967516,907240.0,392580.0,1972.0,3076.0
ICUI,84.40817620028521,245180.0,344525.0,3376.0,3187.0
UROY,84.39233085089526,2334640.0,3519505.0,994.0,753.0
ARGX,84.3764855015053,328120.0,316185.0,3091.0,3270.0
ACRV,84.36064015211535,634040.0,383380.0,2395.0,3099.0
CMPR,84.3447948027254,209800.0,199960.0,3532.5,3704.0
VERA,84.32894945333544,2500460.0,2130370.0,940.0,1204.0
AEI,84.31310410394549,145700.0,43375.0,3890.0,4883.0
MB,84.29725875455554,94420.0,1657905.0,4265.0,1465.0
APEI,84.28141340516558,256100.0,333425.0,3335.5,3216.0
AVBC,84.26556805577563,219820.0,155450.0,3493.0,3915.0
ZD,84.24972270638568,623840.0,655825.0,2413.0,2533.0
VLY,84.23387735699572,5030640.0,6714720.0,468.0,392.0
DD,84.21803200760577,1259820.0,1753905.0,1574.0,1398.0
CFG,84.20218665821582,2835780.0,3416720.0,827.0,777.0
FSBC,84.18634130882586,137260.0,233120.0,3954.0,3552.0
IX,84.17049595943591,294100.0,227720.0,3199.0,3575.0
NTRS,84.15465061004596,961540.0,1155320.0,1891.0,1856.0
SVCO,84.138805260656,399760.0,428925.0,2899.0,2980.0
CV,84.12295991126605,108280.0,97155.0,4160.0,4326.5
HG,84.10711456187609,369360.0,416635.0,2980.0,3010.0
CRI,84.09126921248613,791920.0,998805.0,2125.0,2025.0
GFS,84.07542386309618,3796040.0,4529990.0,625.0,611.0
AVIR,84.05957851370623,315580.0,376295.0,3129.0,3111.0
JWEL,84.04373316431627,105040.0,4354815.0,4186.0,628.0
CON,84.02788781492632,1093880.0,971010.0,1747.0,2053.0
SMFG,84.01204246553637,1176000.0,1590060.0,1658.0,1516.0
AMPX,83.9961971161464,6064480.0,6323355.0,382.0,421.0
PBR,83.98035176675646,14519540.0,15032830.0,149.0,150.0
BKR,83.96450641736651,6861380.0,8458045.0,334.0,297.0
NXT,83.94866106797654,1902500.0,2779755.0,1174.5,950.0
NXE,83.9328157185866,8073580.0,5403100.0,278.0,488.0
WSBF,83.91697036919665,67880.0,62340.0,4493.0,4626.0
MS,83.90112501980668,3387000.0,4681240.0,683.0,586.0
SHBI,83.88527967041674,161020.0,225160.0,3789.0,3590.0
CAC,83.86943432102679,80500.0,97145.0,4378.0,4328.0
SSP,83.85358897163682,514660.0,670960.0,2618.0,2501.0
FNWD,83.83774362224688,13460.0,29695.0,5433.0,5110.0
RXO,83.82189827285693,1422120.0,2107665.0,1444.0,1213.0
NET,83.80605292346696,3398240.0,3997405.0,679.0,689.0
SHG,83.79020757407702,141240.0,215275.0,3927.0,3635.0
FANG,83.77436222468705,1246620.0,1823180.0,1589.0,1356.0
FLS,83.75851687529709,1402700.0,1827395.0,1460.0,1348.0
EBC,83.74267152590714,1555120.0,2690595.0,1359.0,980.0
ACA,83.72682617651719,579660.0,641420.0,2496.0,2550.0
HASI,83.71098082712723,832780.0,945760.0,2069.0,2084.0
BBVA,83.69513547773728,1943140.0,1783680.0,1152.0,1372.0
TECX,83.67929012834733,324960.0,194735.0,3100.0,3733.0
PLBC,83.66344477895737,59940.0,52925.0,4588.0,4745.0
CSTL,83.64759942956742,376960.0,446905.0,2953.0,2927.0
ESI,83.63175408017747,2492900.0,4121545.0,945.0,664.0
HNGE,83.61590873078751,1113880.0,1696920.0,1728.0,1439.0
WWD,83.60006338139756,442700.0,659545.0,2779.0,2522.0
LYEL,83.58421803200761,147320.0,172120.0,3877.0,3830.0
PTCT,83.56837268261765,791000.0,1205480.0,2126.0,1811.0
FRAF,83.5525273332277,28660.0,37240.0,5054.5,4975.0
BEAM,83.53668198383775,1494060.0,1628805.0,1398.0,1491.0
PESI,83.52083663444779,779720.0,503130.0,2139.0,2786.0
MYFW,83.50499128505784,60760.0,60925.0,4574.0,4641.0
FRST,83.48914593566789,170240.0,185935.0,3739.0,3776.0
EAT,83.47330058627793,1348760.0,1189430.0,1503.0,1826.0
BPOP,83.45745523688798,363300.0,441515.0,2995.0,2941.0
TS,83.44160988749802,1511400.0,1510430.0,1391.0,1569.0
LIVN,83.42576453810806,656060.0,707610.0,2343.0,2436.0
GM,83.4099191887181,4065000.0,6367060.0,586.0,419.0
UPC,83.39407383932816,26460.0,2093010.0,5093.5,1220.0
CVEO,83.3782284899382,94220.0,132990.0,4266.0,4071.0
CGNX,83.36238314054825,3073820.0,2436700.0,760.0,1064.0
MIRM,83.3465377911583,562800.0,756205.0,2536.5,2352.0
THFF,83.33069244176833,86900.0,94725.0,4330.0,4342.0
LSH,83.31484709237839,20506055.4,,98.0,
WSFS,83.29900174298844,292080.0,393310.0,3206.0,3075.0
RANI,83.28315639359847,979960.0,1049800.0,1869.0,1950.0
NHPBP,83.26731104420853,13180.0,33245.0,5440.0,5044.0
MBBC,83.25146569481858,4940.0,1935.0,5811.0,6070.0
TGT,83.23562034542861,4750860.0,3778735.0,496.0,718.0
SLSR,83.21977499603867,107900.0,140050.0,4164.5,4015.0
NPO,83.20392964664872,131000.0,202505.0,3985.0,3691.0
FLNC,83.18808429725875,5530940.0,8176125.0,423.0,306.0
SAN,83.1722389478688,21575780.0,15071715.0,89.0,149.0
ZETA,83.15639359847886,6474140.0,9653175.0,359.0,250.0
CZFS,83.1405482490889,27600.0,36550.0,5075.0,4984.5
OSBC,83.12470289969895,363080.0,446285.0,2996.0,2929.0
FLYW,83.10885755030898,1520140.0,2236230.0,1384.0,1157.0
SUN,83.09301220091902,378860.0,485480.0,2949.0,2834.0
JAKK,83.07716685152907,112300.0,140350.0,4126.0,4012.0
LAUR,83.06132150213912,845660.0,955395.0,2048.0,2071.0
TRMD,83.04547615274916,495940.0,444670.0,2660.0,2932.0
ADAM,83.02963080335921,814420.0,913820.0,2098.0,2136.0
RS,83.01378545396926,231820.0,327475.0,3439.0,3237.0
LODE,82.9979401045793,1022620.0,1479930.0,1817.0,1590.0
HOFT,82.98209475518935,21300.0,43585.0,5202.0,4879.5
LXP,82.9662494057994,607100.0,797770.0,2438.0,2298.0
CCSI,82.95040405640944,182460.0,140535.0,3671.0,4010.0
SLDB,82.93455870701949,712580.0,908785.0,2253.0,2141.0
GEO,82.91871335762954,1872740.0,1642995.0,1194.0,1480.0
FVCB,82.90286800823958,57000.0,97155.0,4614.0,4326.5
NVCR,82.88702265884963,864860.0,1731080.0,2026.0,1415.0
BWNB,82.87117730945968,6620.0,13100.0,5723.5,5506.5
C,82.85533196006972,7684780.0,9447305.0,294.0,257.0
AMTB,82.83948661067977,455480.0,479410.0,2754.0,2848.0
BLMN,82.82364126128982,1579340.0,2216860.0,1348.0,1169.0
KVHI,82.80779591189986,150340.0,189270.0,3856.0,3759.0
PAAS,82.79195056250991,5405000.0,4125230.0,436.0,663.0
RMT,82.77610521311996,79940.0,113705.0,4382.0,4209.0
SMBK,82.76025986372998,118680.0,129070.0,4075.0,4093.0
LOCO,82.74441451434004,231060.0,249295.0,3446.0,3500.0
EONR,82.72856916495009,485960.0,602255.0,2681.0,2621.0
SLDE,82.71272381556012,745140.0,983295.0,2190.0,2040.0
OBK,82.69687846617018,202220.0,192335.0,3565.0,3747.0
ABNB,82.68103311678023,4636380.0,5102760.0,508.0,527.0
AEF,82.66518776739026,87000.0,99000.0,4329.0,4310.0
JOYY,82.64934241800032,235880.0,269115.0,3422.0,3420.0
CTS,82.63349706861037,144400.0,211275.0,3901.0,3651.0
DC,82.6176517192204,1183480.0,1300230.0,1653.0,1721.0
RTX,82.60180636983046,4237840.0,5335755.0,560.0,498.0
FN,82.58596102044051,1361720.0,904050.0,1493.0,2146.0
BAP,82.57011567105054,371760.0,295955.0,2973.0,3327.0
KMT,82.5542703216606,1906880.0,1585365.0,1169.0,1517.0
FTAI,82.53842497227065,1254420.0,1757710.0,1584.0,1393.0
APH,82.52257962288068,5547500.0,6802830.0,420.0,389.0
HCSG,82.50673427349074,759080.0,843620.0,2166.0,2243.0
HBT,82.49088892410079,149020.0,138715.0,3864.0,4024.0
NAVN,82.47504357471082,2096840.0,2562680.0,1086.0,1028.0
VIRT,82.45919822532088,1401360.0,1134045.0,1461.0,1872.0
KNOP,82.44335287593091,36360.0,43500.0,4901.0,4881.0
LINC,82.42750752654095,1281280.0,1023530.0,1552.0,1987.0
MUSA,82.411662177151,213360.0,297035.0,3517.0,3324.0
HST,82.39581682776105,7650500.0,10133195.0,298.0,235.0
BSTZ,82.37997147837109,175720.0,191665.0,3706.0,3749.0
HQH,82.36412612898114,205840.0,228695.0,3549.0,3570.0
PFG,82.34828077959119,827580.0,1446985.0,2079.0,1612.0
ILPT,82.33243543020123,336600.0,375175.0,3076.0,3116.0
CBK,82.31659008081128,32300.0,58905.0,4983.0,4665.0
QLYS,82.30074473142133,607720.0,808020.0,2437.0,2286.0
VSEC,82.28489938203137,366940.0,413670.0,2983.0,3018.0
ACNB,82.26905403264142,39180.0,67910.0,4842.5,4559.0
ATOM,82.25320868325147,474960.0,589895.0,2702.0,2635.0
HTFL,82.23736333386151,4240720.0,1751560.0,559.0,1402.0
ACDC,82.22151798447156,1585620.0,1933770.0,1339.0,1284.0
TSBK,82.20567263508161,27580.0,37280.0,5076.0,4974.0
SRCE,82.18982728569165,121760.0,142195.0,4047.0,3997.0
MFC,82.1739819363017,2927020.0,2391445.0,792.0,1091.0
CNO,82.15813658691175,588380.0,656145.0,2479.0,2532.0
OGN,82.14229123752179,2855580.0,2713130.0,820.0,971.0
LUNG,82.12644588813184,510420.0,886835.0,2632.5,2167.0
DBVT,82.11060053874189,181340.0,359895.0,3678.0,3154.0
NCSM,82.09475518935191,3900.0,7760.0,5869.5,5734.0
NPK,82.07890983996197,84180.0,91765.0,4355.0,4358.0
KEX,82.06306449057202,422900.0,558680.0,2828.0,2685.0
UI,82.04721914118205,126140.0,90230.0,4012.0,4373.0
RDW,82.0313737917921,15727380.0,17851590.0,133.0,126.0
TILE,82.01552844240216,487700.0,435440.0,2675.0,2954.0
ITRG,81.9996830930122,3118180.0,3060655.0,745.0,853.0
MOD,81.98383774362225,1238860.0,1620535.0,1601.0,1495.0
JCI,81.9679923942323,2684260.0,3548710.0,873.0,750.0
WELL,81.95214704484233,2848660.0,3169870.0,821.0,832.0
BY,81.93630169545239,214180.0,251420.0,3514.0,3496.0
ENTX,81.92045634606244,300420.0,4948175.0,3176.0,551.0
GCBC,81.90461099667247,21960.0,32970.0,5189.5,5050.0
RES,81.88876564728253,1324360.0,1428600.0,1516.0,1621.0
XHR,81.87292029789258,501460.0,708150.0,2652.0,2434.0
VOYG,81.85707494850261,1670540.0,1666410.0,1298.0,1457.0
ALSN,81.84122959911267,602400.0,867600.0,2450.0,2196.0
LSTR,81.82538424972272,466500.0,558240.0,2730.0,2686.0
MAN,81.80953890033275,924380.0,1129565.0,1947.0,1882.0
ORIC,81.7936935509428,1023520.0,1697950.0,1816.0,1437.0
FXNC,81.77784820155284,42740.0,34305.0,4784.0,5026.0
UVSP,81.76200285216288,169540.0,275225.0,3745.0,3404.0
APYX,81.74615750277293,150680.0,116575.0,3854.0,4185.0
FLOC,81.73031215338298,661000.0,562395.0,2336.0,2676.0
R,81.71446680399302,294040.0,339915.0,3200.0,3201.0
CFBK,81.69862145460307,39180.0,65605.0,4842.5,4583.0
UUUU,81.68277610521312,6083180.0,6916250.0,380.0,376.0
CHRD,81.66693075582316,638520.0,766975.0,2384.0,2342.0
SPAI,81.65108540643321,1777500.0,508355.0,1228.0,2778.0
NRC,81.63524005704326,130880.0,120820.0,3986.0,4152.0
KB,81.6193947076533,175360.0,235165.0,3708.0,3544.0
ABUS,81.60354935826335,1412420.0,1232640.0,1453.0,1786.0
BLFS,81.5877040088734,441100.0,1473430.0,2782.0,1594.0
HAFN,81.57185865948344,947560.0,989975.0,1912.0,2028.0
PDLB,81.55601331009349,71020.0,68905.0,4460.0,4548.0
EQX,81.54016796070354,10966780.0,16222610.0,208.0,134.0
TTE,81.52432261131358,1199300.0,1435620.0,1636.0,1617.0
AMGN,81.50847726192363,2470420.0,2742055.0,953.0,962.0
HVT-A,81.49263191253368,40.0,370.0,6234.5,6199.5
BTU,81.47678656314372,1945660.0,2521090.0,1148.0,1045.0
PBI,81.46094121375377,1276780.0,1722075.0,1556.0,1419.0
MCY,81.44509586436382,212060.0,290245.0,3525.5,3345.0
CNK,81.42925051497384,1954640.0,2679565.0,1141.0,985.0
ZM,81.4134051655839,2616760.0,3041120.0,891.0,864.0
FSM,81.39755981619395,5347840.0,5940805.0,441.0,444.0
RLGT,81.38171446680398,86200.0,104415.0,4336.0,4270.0
IBKR,81.36586911741404,3013620.0,4728985.0,770.0,579.0
UFPT,81.35002376802409,128580.0,195665.0,3999.0,3726.0
AROC,81.33417841863412,1368920.0,1684390.0,1483.0,1449.0
WKC,81.31833306924418,853620.0,1405745.0,2041.0,1629.0
MUFG,81.30248771985423,2516000.0,3054650.0,933.0,858.0
JXN,81.28664237046426,489580.0,587440.0,2673.0,2638.0
SNDR,81.27079702107432,516100.0,783255.0,2616.0,2322.0
BMHL,81.25495167168437,640.0,1345.0,6133.5,6102.0
GSL,81.2391063222944,386220.0,372350.0,2932.0,3122.0
PH,81.22326097290446,514540.0,647485.0,2619.0,2544.0
TTRX,81.2074156235145,59560.0,65660.0,4594.0,4581.0
GMED,81.19157027412454,1118140.0,1454600.0,1721.0,1605.0
ING,81.1757249247346,1530820.0,2281420.0,1377.0,1136.0
NDSN,81.15987957534465,391040.0,314610.0,2921.0,3274.0
INGM,81.14403422595468,591320.0,927205.0,2473.0,2118.0
GS,81.12818887656474,1622260.0,1874570.0,1321.0,1316.0
PNRG,81.11234352717477,113760.0,81925.0,4117.0,4435.0
KEN,81.09649817778481,15200.0,19455.0,5373.5,5337.0
WOLF,81.08065282839486,3607280.0,4522245.0,647.0,615.0
WASH,81.06480747900491,123840.0,135550.0,4025.0,4048.0
FBIZ,81.04896212961495,38100.0,63935.0,4869.0,4611.0
DAL,81.033116780225,3949660.0,5007190.0,597.0,542.0
BSAC,81.01727143083505,231640.0,259460.0,3441.0,3458.0
EBMT,81.00142608144509,28660.0,37585.0,5054.5,4968.0
PATH,80.98558073205514,77923740.0,66554035.0,10.0,10.0
NHPAP,80.96973538266519,40720.0,37550.0,4820.0,4969.0
IEX,80.95389003327523,504760.0,714075.0,2647.0,2424.0
CFFN,80.93804468388528,733220.0,862630.0,2209.0,2208.0
FMAO,80.92219933449533,56240.0,90580.0,4620.0,4368.0
BNED,80.90635398510537,172780.0,206025.0,3722.0,3674.0
NPKI,80.89050863571542,596200.0,855455.0,2464.0,2218.0
INCY,80.87466328632547,1180520.0,1836845.0,1655.0,1344.0
PFIS,80.85881793693551,37660.0,57330.0,4880.5,4686.0
FENC,80.84297258754556,195380.0,179000.0,3607.0,3808.0
DVN,80.82712723815561,11773700.0,10797145.0,186.0,220.0
MAC,80.81128188876565,2550840.0,3922140.0,915.0,700.0
DBRG,80.7954365393757,2810740.0,3409780.0,833.0,778.0
HLIT,80.77959118998575,3109020.0,1709430.0,748.0,1430.0
BWB,80.76374584059577,192760.0,202775.0,3618.0,3690.0
TKNO,80.74790049120583,525120.0,229120.0,2600.0,3568.0
DCOM,80.73205514181588,264260.0,342390.0,3305.0,3194.0
GLSI,80.71620979242591,117780.0,122965.0,4080.0,4138.0
MDGL,80.70036444303597,292340.0,390325.0,3203.0,3087.0
WETH,80.68451909364602,70340.0,134535.0,4472.0,4058.0
ESP,80.66867374425605,29020.0,37175.0,5047.0,4976.0
KINS,80.6528283948661,114060.0,110970.0,4114.0,4222.0
ORN,80.63698304547616,371900.0,722635.0,2972.0,2409.0
CIVB,80.6211376960862,136840.0,127555.0,3956.0,4103.5
CVLG,80.60529234669625,134840.0,218980.0,3963.0,3614.0
GMAB,80.5894469973063,3435560.0,2406830.0,673.0,1083.0
GRO,80.57360164791633,140940.0,145000.0,3932.0,3988.0
MSM,80.55775629852639,670380.0,622760.0,2319.0,2579.0
USB,80.54191094913644,4905680.0,6642525.0,475.0,395.0
REPX,80.52606559974647,158860.0,187975.0,3809.0,3764.0
SMBC,80.51022025035653,117100.0,97770.0,4088.0,4321.0
DJCO,80.49437490096658,85260.0,65310.0,4343.0,4590.0
ALLR,80.47852955157661,75020.0,70695.0,4415.0,4530.5
PK,80.46268420218667,3908380.0,4149275.0,605.0,657.0
EMF,80.4468388527967,28160.0,36215.0,5064.0,4992.0
QNST,80.43099350340674,825520.0,1045630.0,2086.0,1955.0
MLI,80.41514815401679,927700.0,1166480.0,1941.0,1843.0
EHLD,80.39930280462684,13300.0,5100.0,5437.0,5866.0
FTDR,80.38345745523688,465280.0,546710.0,2734.0,2709.0
CVI,80.36761210584693,660520.0,956615.0,2337.0,2069.0
WST,80.35176675645698,430940.0,745165.0,2810.0,2377.0
GFR,80.33592140706702,642640.0,360965.0,2375.0,3151.0
ANET,80.32007605767707,7438080.0,7873965.0,305.0,324.0
NTB,80.30423070828712,250160.0,197340.0,3355.0,3715.0
GPRK,80.28838535889716,241400.0,359620.0,3401.0,3155.0
SAFT,80.27254000950721,185520.0,401440.0,3657.0,3050.0
SRBK,80.25669466011726,20400.0,23635.0,5226.0,5235.0
WPM,80.2408493107273,1690840.0,1890770.0,1282.0,1308.0
MOB,80.22500396133735,162340.0,106100.0,3783.0,4256.0
ABX,80.2091586119474,743920.0,589080.0,2192.0,2636.0
RAMP,80.19331326255744,1171080.0,874180.0,1664.0,2188.0
BSRR,80.17746791316749,59980.0,67950.0,4585.5,4558.0
REAL,80.16162256377754,2756180.0,3438425.0,850.0,768.0
AROW,80.14577721438758,100740.0,88225.0,4222.0,4385.0
RGS,80.12993186499763,6300.0,5825.0,5738.5,5832.0
KGC,80.11408651560768,6179280.0,7582425.0,373.0,336.0
PEBO,80.0982411662177,224440.0,313355.0,3468.0,3281.0
BCH,80.08239581682776,248100.0,285575.0,3363.0,3362.0
NSYS,80.0665504674378,21020.0,16645.0,5210.5,5407.0
AEM,80.05070511804784,2943840.0,2983045.0,787.0,879.0
Q,80.0348597686579,1305840.0,1825525.0,1530.0,1351.0
ISTR,80.01901441926795,111140.0,132275.0,4136.0,4079.0
COMP,80.00316906987798,8620240.0,11189225.0,265.0,213.0
MGLD,79.98732372048804,9720.0,7400.0,5566.0,5752.0
GE,79.97147837109809,3665480.0,3450550.0,639.0,764.0
PRSU,79.95563302170812,221960.0,217305.0,3478.0,3627.0
TXN,79.93978767231818,5983780.0,7639935.0,387.0,331.0
WBI,79.92394232292823,526800.0,592105.0,2597.0,2633.0
WSBK,79.90809697353826,20740.0,8910.0,5220.5,5678.0
BG,79.89225162414832,793520.0,1353055.0,2122.0,1686.0
ACTG,79.87640627475837,278240.0,274235.0,3249.5,3406.0
IFS,79.8605609253684,346000.0,266475.0,3049.0,3433.0
GASS,79.84471557597846,148940.0,100595.0,3865.0,4298.0
PAGP,79.8288702265885,1676860.0,1620150.0,1292.0,1497.0
REGN,79.81302487719854,606140.0,844970.0,2440.0,2240.0
CTBI,79.7971795278086,105120.0,115230.0,4185.0,4197.0
ASTS,79.78133417841863,9509880.0,11980725.0,237.0,193.0
RBKB,79.76548882902867,90720.0,237515.7,4297.5,3541.0
CF,79.74964347963872,2180600.0,2229540.0,1053.0,1164.0
FNWB,79.73379813024877,26740.0,22810.0,5089.0,5251.0
TLSI,79.71795278085881,147120.0,214135.0,3878.0,3639.0
CLST,79.70210743146886,3860.0,2220.0,5873.5,6042.5
TRVG,79.68626208207891,115960.0,92790.0,4102.0,4353.0
BOKF,79.67041673268895,168680.0,224975.0,3753.0,3592.0
AIT,79.654571383299,366360.0,261750.0,2985.0,3447.0
QCRH,79.63872603390905,120640.0,124625.0,4058.0,4127.0
ELE,79.62288068451909,332880.0,262905.0,3083.0,3442.0
EQIX,79.60703533512914,521920.0,619845.0,2604.0,2584.0
HTHT,79.59118998573919,2033260.0,1561480.0,1112.0,1535.0
ULCC,79.57534463634923,2218720.0,3771070.0,1042.0,719.0
FBP,79.55949928695928,993280.0,1478335.0,1850.0,1591.0
CCNE,79.54365393756933,146340.0,164790.0,3886.0,3867.0
LMT,79.52780858817937,920260.0,1231320.0,1955.0,1788.0
GFF,79.51196323878942,326820.0,355265.0,3094.0,3166.0
WTS,79.49611788939947,141460.0,198160.0,3925.0,3710.0
ADUR,79.48027254000951,433540.0,441890.0,2805.0,2937.0
CW,79.46442719061956,294780.0,276060.0,3193.0,3401.0
EXEL,79.44858184122961,2178560.0,2691495.0,1055.0,979.0
COSO,79.43273649183965,90460.0,76030.0,4300.0,4482.0
USFD,79.41689114244969,2155700.0,2386225.0,1061.0,1096.0
TRV,79.40104579305974,1739980.0,1951655.0,1250.0,1278.0
TRDA,79.38520044366977,212180.0,423940.0,3524.0,2991.0
IRM,79.36935509427983,1115100.0,1772265.0,1726.0,1381.0
SLF,79.35350974488988,676920.0,683315.0,2310.0,2483.0
LUMN,79.33766439549991,12461180.0,14050750.0,179.0,157.0
CVS,79.32181904610997,7668580.0,8270260.0,297.0,303.0
CSX,79.30597369672002,8804240.0,12833155.0,259.0,172.0
HOPE,79.29012834733005,845420.0,1055335.0,2050.0,1942.0
RBC,79.2742829979401,160240.0,224480.0,3794.0,3595.0
VOD,79.25843764855016,3083860.0,4388555.0,756.0,625.0
TFIN,79.2425922991602,137780.0,221370.0,3948.0,3602.0
PAA,79.22674694977025,2030360.0,2650360.0,1114.0,997.0
FUSB,79.2109016003803,7580.0,6470.0,5671.5,5799.0
ADM,79.19505625099033,3312980.0,4044945.0,698.0,683.0
SUNE,79.17921090160038,95540.0,161125.0,4250.0,3884.0
SGMT,79.16336555221044,1502600.0,1246170.0,1394.0,1773.0
RBB,79.14752020282047,106320.0,160790.0,4175.5,3886.0
LXFR,79.13167485343052,154540.0,445360.0,3834.0,2931.0
VALE,79.11582950404056,18001220.0,22753925.0,117.0,95.0
CBC,79.09998415465061,854600.0,708195.0,2038.0,2432.0
AME,79.08413880526065,1406480.0,1275530.0,1458.0,1745.0
FNLC,79.0682934558707,27900.0,31150.0,5071.0,5075.5
PBFS,79.05244810648074,6580.0,9355.0,5725.5,5659.0
CNOB,79.03660275709079,332360.0,432625.0,3085.0,2966.0
FBLA,79.02075740770084,72120.0,76870.0,4450.0,4475.0
ELDN,79.00491205831088,848720.0,972720.0,2045.0,2050.0
WAT,78.98906670892093,632320.0,894230.0,2397.0,2158.0
WSBC,78.97322135953098,823220.0,911325.0,2089.0,2138.0
ODFL,78.95737601014102,1426940.0,1753155.0,1441.0,1400.0
FMX,78.94153066075107,401540.0,516005.0,2894.0,2762.0
RNGR,78.92568531136112,139240.0,241020.0,3944.0,3531.0
SFL,78.90983996197116,1092500.0,1315810.0,1752.0,1710.0
CRGY,78.89399461258121,5116680.0,5689025.0,463.0,470.0
PPTA,78.87814926319126,936160.0,1210280.0,1931.0,1805.0
MSGM,78.8623039138013,88220.0,54720.0,4318.0,4714.0
NWFL,78.84645856441135,51000.0,42020.0,4679.0,4902.0
FBIO,78.8306132150214,973080.0,748855.0,1876.0,2367.0
WERN,78.81476786563144,854180.0,1350985.0,2040.0,1688.0
IKT,78.79892251624149,343800.0,650965.0,3053.0,2539.0
PYPD,78.78307716685154,138460.0,195310.0,3945.0,3727.0
FFBC,78.76723181746158,575420.0,885990.0,2503.0,2169.0
FMBH,78.75138646807162,108520.0,130115.0,4155.0,4086.0
BAC,78.73554111868167,26561900.0,28702450.0,62.0,65.0
NIC,78.7196957692917,148740.0,181485.0,3868.0,3794.0
ASH,78.70385041990176,479900.0,851405.0,2691.0,2225.0
ALGT,78.6880050705118,501060.0,498265.0,2653.0,2797.0
NOVT,78.67215972112184,309640.0,431095.0,3147.0,2971.0
FDSB,78.6563143717319,6500.0,6590.0,5728.0,5793.0
CZNC,78.64046902234195,68780.0,67595.0,4482.0,4562.0
CRSR,78.62462367295198,1850720.0,2315510.0,1200.0,1129.0
STBA,78.60877832356203,197800.0,265910.0,3592.0,3434.0
NOVTU,78.59293297417209,3280.0,22225.0,5908.0,5268.0
FCBC,78.57708762478212,82280.0,96110.0,4368.0,4333.0
BIO-B,78.56124227539217,0.0,5.0,6287.0,6270.0
ESOA,78.54539692600223,251440.0,192220.0,3351.0,3748.0
BMY,78.52955157661226,8453620.0,12185135.0,272.0,189.0
CTW,78.51370622722231,28960.0,28720.0,5048.0,5125.0
GFI,78.49786087783237,3063220.0,3564910.0,761.0,747.0
IONS,78.4820155284424,1953300.0,2841175.0,1142.0,930.0
EME,78.46617017905245,304360.0,420520.0,3163.0,2998.0
BBCP,78.45032482966249,73880.0,124750.0,4425.0,4125.0
COP,78.43447948027254,6247940.0,6595520.0,369.0,399.0
HBCP,78.41863413088258,72300.0,98160.0,4447.0,4317.0
DSP,78.40278878149263,320100.0,327085.0,3116.0,3240.0
NVGS,78.38694343210267,418420.0,418525.0,2840.0,3003.0
OSUR,78.37109808271272,545580.0,446300.0,2572.0,2928.0
HAFC,78.35525273332277,173120.0,265660.0,3718.0,3436.0
KSS,78.33940738393281,3390560.0,3284365.0,681.0,800.0
CATY,78.32356203454286,322040.0,455790.0,3113.0,2898.0
WBS,78.30771668515291,10831940.0,6537320.0,209.0,404.0
KTCC,78.29187133576295,15040.0,13890.0,5380.0,5475.0
NGVT,78.276025986373,196420.0,244745.0,3599.0,3515.0
CNI,78.26018063698305,990960.0,1553330.0,1855.0,1542.0
MTUS,78.24433528759309,276400.0,413655.0,3259.0,3019.0
VVX,78.22848993820314,394240.0,918520.0,2912.0,2127.0
FHTX,78.21264458881319,196240.0,208755.0,3600.0,3661.0
GCO,78.19679923942323,253720.0,190545.0,3343.0,3754.0
SM,78.18095389003328,3525580.0,3788150.0,659.0,715.0
GWW,78.16510854064333,198460.0,288085.0,3587.0,3353.0
ST,78.14926319125337,1265820.0,1645345.0,1565.0,1478.0
CAF,78.13341784186342,10560.0,17685.0,5532.0,5375.0
CPF,78.11757249247347,157700.0,159545.0,3815.0,3890.0
VCYT,78.10172714308351,1343100.0,1354930.0,1505.0,1683.0
MPB,78.08588179369355,110940.0,170015.0,4138.0,3839.0
UNP,78.0700364443036,2051480.0,2932525.0,1105.0,895.0
CASS,78.05419109491363,63140.0,71980.0,4540.0,4517.0
LSBK,78.03834574552369,7720.0,10765.0,5658.0,5603.0
SPIR,78.02250039613374,618980.0,612810.0,2418.0,2596.0
SNDX,78.00665504674377,1125380.0,1383580.0,1712.0,1656.0
AVBH,77.99080969735382,67420.0,92715.0,4497.0,4354.0
GSBC,77.97496434796388,73040.0,86495.0,4434.5,4400.0
TDC,77.95911899857391,2718500.0,3382850.0,862.0,783.0
FDBC,77.94327364918396,9100.0,15940.0,5598.5,5423.0
BCS,77.92742829979402,2563480.0,4258770.0,905.0,645.0
CZWI,77.91158295040405,37260.0,48615.0,4895.0,4801.0
SPRU,77.8957376010141,159100.0,64535.0,3801.0,4605.0
BCAL,77.87989225162416,128620.0,193445.0,3998.0,3741.0
DDI,77.8640469022342,169740.0,101515.0,3744.0,4289.0
MRBK,77.84820155284424,87700.0,97620.0,4322.0,4323.0
LUV,77.8323562034543,3644120.0,5236525.0,642.0,512.0
NBN,77.81651085406433,84360.0,116190.0,4353.0,4186.0
FITB,77.80066550467438,5673740.0,5311400.0,409.0,504.0
CFR,77.78482015528442,460080.0,615305.0,2744.0,2592.0
NVST,77.76897480589447,2672420.0,3255765.0,877.0,809.0
MAR,77.75312945650451,1209360.0,1759280.0,1629.0,1390.0
TECH,77.73728410711456,2367600.0,3511190.0,984.0,754.0
GNT,77.7214387577246,78280.0,98365.0,4392.0,4315.0
RUSHA,77.70559340833465,493960.0,497025.0,2663.0,2801.0
MIAX,77.6897480589447,919660.0,1238890.0,1958.0,1780.0
PEO,77.67390270955474,47480.0,62425.0,4720.0,4625.0
ZION,77.65805736016479,1214700.0,1368610.0,1622.0,1672.0
BVFL,77.64221201077484,11460.0,14240.0,5501.0,5462.0
HWH,77.62636666138488,249660.0,393945.0,3356.0,3072.0
PBA,77.61052131199493,769560.0,824455.0,2147.0,2266.0
TFSL,77.59467596260498,661320.0,1004120.0,2334.5,2018.0
VTR,77.57883061321502,2771860.0,3464180.0,843.0,761.0
MVBF,77.56298526382507,52560.0,44170.0,4658.0,4871.0
AHR,77.54713991443512,3690380.0,2918020.0,637.0,901.0
SOBO,77.53129456504516,365760.0,481345.0,2986.0,2840.0
VRTX,77.51544921565521,1129840.0,1358075.0,1705.0,1680.0
BFST,77.49960386626526,178020.0,242325.0,3691.0,3524.0
RGLD,77.4837585168753,703340.0,744720.0,2264.0,2379.0
CMRE,77.46791316748535,384280.0,352065.0,2938.0,3171.0
TEO,77.4520678180954,215100.0,244035.0,3511.0,3518.0
RBCAA,77.43622246870544,104760.0,104590.0,4189.0,4268.0
PINE,77.42037711931548,82180.0,139355.0,4369.0,4020.0
CACI,77.40453176992553,279020.0,317935.0,3246.0,3263.0
RNR,77.38868642053556,235140.0,298530.0,3424.0,3317.0
LCNB,77.37284107114561,33080.0,50510.0,4966.0,4772.5
BEN,77.35699572175567,2531240.0,4342895.0,926.0,633.0
JOE,77.3411503723657,177760.0,203975.0,3697.0,3684.0
FUND,77.32530502297575,31600.0,26475.0,4995.0,5171.0
GLBE,77.3094596735858,1808400.0,1579155.0,1216.0,1520.0
XFOR,77.29361432419584,893420.0,689450.0,1988.0,2471.0
LYG,77.2777689748059,9677640.0,14033750.0,234.0,158.0
TUSK,77.26192362541595,304120.0,229945.0,3164.0,3565.0
WDS,77.24607827602598,403720.0,630760.0,2888.0,2569.0
OXY,77.23023292663603,7492020.0,8431615.0,302.0,298.0
EMBJ,77.21438757724609,1459380.0,1358275.0,1422.0,1679.0
IRON,77.19854222785612,317620.0,328760.0,3122.0,3234.0
AAPL,77.18269687846617,40355340.0,52454095.0,30.0,20.0
S,77.16685152907623,6785660.0,6390555.0,341.0,418.0
IHRT,77.15100617968626,953360.0,751845.0,1901.0,2362.0
ASTI,77.13516083029631,262900.0,376420.0,3308.0,3110.0
FCCO,77.11931548090635,37320.0,51750.0,4892.5,4759.0
HRI,77.1034701315164,275120.0,508460.0,3266.0,2777.0
PCB,77.08762478212644,31000.0,43585.0,5005.0,4879.5
BPRN,77.07177943273649,31780.0,28165.0,4992.0,5139.0
CURB,77.05593408334653,971080.0,1189690.0,1879.0,1825.0
IMKTA,77.04008873395658,122900.0,130565.0,4034.0,4082.0
CPBI,77.02424338456663,2500.0,2560.0,5965.5,6010.0
ACT,77.00839803517667,247560.0,360310.0,3366.0,3153.0
VOYA,76.99255268578672,830060.0,984025.0,2072.0,2039.0
RGEN,76.97670733639677,663180.0,1248895.0,2329.0,1770.0
KNTK,76.96086198700681,885460.0,1062355.0,2000.0,1935.0
JBSS,76.94501663761686,152840.0,134405.0,3846.0,4060.0
CBAN,76.92917128822691,128800.0,198435.0,3997.0,3708.0
LXU,76.91332593883695,750120.0,945625.0,2183.0,2085.0
DOW,76.897480589447,6834880.0,9615450.0,336.0,253.0
ASTH,76.88163524005705,477780.0,565900.0,2696.0,2672.0
NXDR,76.86578989066709,1417160.0,2379000.0,1448.0,1102.0
EWBC,76.84994454127714,582840.0,649140.0,2492.0,2543.0
AIRT,76.83409919188719,4240.0,17520.0,5848.0,5381.0
CORZ,76.81825384249723,11713920.0,14030600.0,188.0,159.0
BEP,76.80240849310728,983520.0,1209655.0,1864.0,1809.0
HUM,76.78656314371733,854340.0,1376640.0,2039.0,1660.0
ENIC,76.77071779432737,409700.0,520410.0,2872.0,2751.0
PHIN,76.7548724449374,363320.0,393850.0,2994.0,3073.0
RHP,76.73902709554746,1333780.0,967275.0,1508.0,2058.0
TCBK,76.7231817461575,232340.0,288515.0,3437.0,3350.0
KARO,76.70733639676754,70920.0,117330.0,4462.0,4177.0
AFRI,76.6914910473776,8660.0,14090.0,5615.5,5467.0
BUSE,76.67564569798763,654800.0,809515.0,2348.0,2282.0
YOU,76.65980034859768,1948260.0,1733295.0,1144.0,1411.0
AMBP,76.64395499920774,2314240.0,3151825.0,999.0,835.0
PNC,76.62810964981777,937240.0,1372815.0,1930.0,1666.0
UBS,76.61226430042782,1242980.0,1714720.0,1595.0,1426.0
KIDS,76.59641895103788,193900.0,223880.0,3613.0,3597.0
SD,76.58057360164791,319540.0,302630.0,3117.0,3308.0
SWK,76.56472825225796,1388440.0,2179135.0,1470.0,1186.0
EIX,76.54888290286802,3301820.0,3491195.0,701.0,758.0
XHLD,76.53303755347805,5530680.0,8889270.0,424.0,275.0
UAN,76.5171922040881,57720.0,51580.0,4604.0,4762.0
SLNG,76.50134685469816,74360.0,59730.0,4419.0,4653.0
CTO,76.48550150530819,296420.0,341465.0,3190.0,3195.0
AII,76.46965615591824,295140.0,155800.0,3192.0,3910.0
HWBK,76.45381080652828,14740.0,16200.0,5389.0,5414.5
VMD,76.43796545713833,441760.0,431405.0,2781.0,2969.0
MTB,76.42212010774838,749880.0,962370.0,2185.0,2066.0
AER,76.40627475835842,843660.0,1073145.0,2051.0,1929.0
CDP,76.39042940896846,630720.0,840845.0,2401.0,2247.0
UBSI,76.37458405957851,642060.0,877005.0,2377.0,2184.0
APLE,76.35873871018856,2058420.0,3139830.0,1100.0,838.0
PTRN,76.3428933607986,1739260.0,1844015.0,1252.0,1340.0
NN,76.32704801140865,2553080.0,3028835.0,911.0,868.0
MANU,76.3112026620187,474240.0,295035.0,2705.0,3329.0
RUSHB,76.29535731262874,74260.0,102195.0,4420.0,4284.0
MAX,76.27951196323879,434500.0,805775.0,2801.0,2289.0
BHB,76.26366661384884,93120.0,94580.0,4273.0,4343.0
ISOU,76.24782126445888,67820.0,86905.0,4494.0,4396.0
CLWT,76.23197591506893,27760.0,25095.0,5072.0,5200.0
CPSH,76.21613056567898,206080.0,286675.0,3547.0,3358.0
KRO,76.20028521628902,411320.0,497345.0,2869.0,2800.0
BCX,76.18443986689907,122660.0,157065.0,4037.0,3901.0
XPEL,76.16859451750912,168660.0,256045.0,3754.0,3474.0
AIZ,76.15274916811916,337280.0,402330.0,3073.0,3046.0
IHG,76.13690381872921,257380.0,275290.0,3328.5,3403.0
ELAN,76.12105846933926,6804940.0,8674435.0,338.0,286.0
ITT,76.1052131199493,639120.0,948875.0,2382.0,2079.0
HCHL,76.08936777055935,0.0,0.0,6287.0,6283.5
HSIC,76.07352242116939,1091900.0,1363485.0,1754.0,1674.0
HBIO,76.05767707177942,30620.0,18210.0,5014.0,5361.0
CPAY,76.04183172238947,462200.0,579205.0,2738.0,2653.0
MBWM,76.02598637299953,78480.0,127480.0,4390.0,4107.0
GL,76.01014102360956,459900.0,692780.0,2746.0,2466.0
MLR,75.99429567421961,121040.0,95630.0,4053.0,4334.0
CVX,75.97845032482967,7447820.0,7948540.0,304.0,319.0
DGX,75.9626049754397,617080.0,1054825.0,2421.0,1943.0
DVA,75.94675962604975,671820.0,1043675.0,2315.0,1958.0
CLH,75.9309142766598,546620.0,509400.0,2571.0,2775.0
UUU,75.91506892726984,35560.0,19565.0,4911.0,5332.0
PLD,75.8992235778799,2657300.0,5286740.0,880.0,507.0
TARA,75.88337822848995,342960.0,391350.0,3057.0,3084.0
FNV,75.86753287909998,736520.0,777190.0,2205.0,2328.0
TAYD,75.85168752971003,38160.0,30980.0,4867.0,5082.0
SRTA,75.83584218032009,691120.0,1120265.0,2288.0,1891.0
OKE,75.81999683093012,3704900.0,3953645.0,635.0,694.0
TPR,75.80415148154017,5335080.0,2888805.0,442.0,911.0
FULT,75.78830613215021,1300400.0,1661510.0,1536.0,1461.0
DTM,75.77246078276026,883540.0,926830.0,2003.0,2121.0
TARS,75.75661543337031,653500.0,784400.0,2351.0,2319.0
THG,75.74077008398035,304740.0,306730.0,3162.0,3301.0
TBPH,75.72492473459039,364560.0,574900.0,2991.0,2659.0
CODA,75.70907938520044,61840.0,71990.0,4550.0,4516.0
ACHC,75.69323403581049,1817840.0,2549125.0,1212.0,1031.0
FUNC,75.67738868642053,13200.0,23335.0,5439.0,5241.0
ERIC,75.66154333703058,7317740.0,11885220.0,310.0,195.0
NMR,75.64569798764063,564280.0,784925.0,2528.0,2317.0
WMB,75.62985263825067,5502260.0,6360745.0,427.0,420.0
HWC,75.61400728886072,606440.0,790535.0,2439.0,2311.0
NXG,75.59816193947077,80020.0,90285.0,4381.0,4372.0
ARVN,75.58231659008081,612660.0,908280.0,2427.0,2142.0
RSI,75.56647124069086,1712620.0,2916970.0,1269.0,902.0
UNM,75.55062589130091,1146760.0,1545540.0,1687.0,1547.0
USCB,75.53478054191095,56220.0,61430.0,4621.0,4635.0
VMI,75.518935192521,150100.0,211690.0,3857.0,3648.0
PFS,75.50308984313105,706640.0,988935.0,2260.0,2031.0
PCAR,75.48724449374109,2695820.0,3852485.0,869.0,705.0
UMBF,75.47139914435114,462980.0,631645.0,2736.0,2566.0
OVBC,75.45555379496119,47320.0,40480.0,4723.0,4924.0
GIII,75.43970844557123,467360.0,400995.0,2727.0,3052.0
KOF,75.42386309618128,121780.0,137310.0,4046.0,4035.0
STRW,75.40801774679132,33320.0,50040.0,4960.0,4779.0
BRC,75.39217239740135,183500.0,165260.0,3663.0,3865.0
RL,75.3763270480114,514480.0,606665.0,2620.0,2608.0
NWBI,75.36048169862146,609500.0,1024390.0,2435.0,1982.0
MCHB,75.3446363492315,423420.0,662900.0,2827.0,2517.0
GROW,75.32879099984154,16000.0,18715.0,5349.5,5350.0
NXTC,75.3129456504516,296540.0,433155.0,3188.0,2963.0
AZZ,75.29710030106163,210120.0,241295.0,3530.0,3530.0
PLOW,75.28125495167168,251320.0,335100.0,3352.0,3211.0
EXFY,75.26540960228174,1210900.0,1236135.0,1627.0,1783.0
GSK,75.24956425289177,3230300.0,4148500.0,723.0,658.0
CWBC,75.23371890350182,262740.0,255215.0,3309.0,3479.0
RGA,75.21787355411188,394060.0,375240.0,2913.0,3115.0
RELY,75.20202820472191,2957880.0,3094545.0,783.0,848.0
UTMD,75.18618285533196,24860.0,34410.0,5137.0,5023.0
VRDN,75.17033750594202,1664880.0,1824440.0,1302.0,1353.0
LARK,75.15449215655205,12040.0,10165.0,5478.5,5625.0
ORRF,75.1386468071621,72680.0,106815.0,4442.5,4250.0
CNR,75.12280145777214,460940.0,580615.0,2742.0,2649.0
CRD-B,75.10695610838219,21280.0,10215.0,5203.0,5622.0
UNH,75.09111075899224,3972460.0,4267060.0,593.0,643.0
WES,75.07526540960228,960460.0,920465.0,1893.0,2124.0
EQBK,75.05942006021232,85140.0,99160.0,4344.5,4306.0
GABC,75.04357471082237,143440.0,161070.0,3906.0,3885.0
PKG,75.02772936143242,392360.0,704900.0,2917.0,2441.0
MTLS,75.01188401204246,59900.0,57630.0,4589.0,4678.0
IPI,74.99603866265251,143400.0,177130.0,3907.5,3814.0
WLY,74.98019331326256,375722.4,431187.0,2957.0,2970.0
CRD-A,74.9643479638726,72900.0,65600.0,4437.0,4584.0
MCK,74.94850261448265,891700.0,1010410.0,1991.0,2007.0
INDB,74.9326572650927,237440.0,312215.0,3418.0,3284.0
GLNG,74.91681191570274,1727620.0,1494045.0,1258.0,1579.0
ATRC,74.90096656631279,642000.0,886085.0,2378.0,2168.0
BZH,74.88512121692284,673880.0,852205.0,2314.0,2223.0
HNVR,74.86927586753288,26440.0,61705.0,5096.0,4632.0
SLP,74.85343051814293,183760.0,277140.0,3662.0,3396.0
MEDP,74.83758516875298,195480.0,344620.0,3606.0,3186.0
BGR,74.82173981936302,67060.0,78200.0,4500.0,4466.0
WF,74.80589446997307,66180.0,115295.0,4506.0,4195.0
USAU,74.79004912058312,185280.0,241595.0,3659.0,3528.0
WILC,74.77420377119316,5160.0,11415.0,5795.0,5574.0
WLYB,74.75835842180321,167.4,3478.35,6203.0,5964.0
BFC,74.74251307241325,61520.0,78970.0,4557.5,4461.0
CCBG,74.72666772302328,61060.0,78905.0,4568.0,4462.0
CING,74.71082237363333,146860.0,138125.0,3882.0,4030.0
EPRX,74.69497702424339,229600.0,395190.0,3453.0,3068.0
CMP,74.67913167485342,414080.0,496565.0,2854.0,2803.0
BBT,74.66328632546347,912280.0,854795.0,1964.0,2219.0
ELV,74.64744097607353,804240.0,1022080.0,2107.0,1988.0
AUTL,74.63159562668356,3019320.0,2859600.0,768.0,924.0
W,74.61575027729361,2604220.0,4125370.0,895.0,662.0
BIP,74.59990492790367,554480.0,1176475.0,2554.0,1836.0
SCL,74.5840595785137,88540.0,149385.0,4314.0,3967.0
GEF,74.56821422912375,193980.0,283495.0,3611.0,3370.0
PHXE-P,74.5523688797338,6403.4,6756.5,5731.0,5781.0
INBK,74.53652353034384,35240.0,46290.0,4913.0,4834.0
HLF,74.5206781809539,1355040.0,1509430.0,1498.0,1570.0
CHCI,74.50483283156395,48460.0,30860.0,4706.0,5085.0
PEN,74.48898748217398,211120.0,323920.0,3528.0,3251.0
HL-PB,74.47314213278403,677.2,356.15,6126.0,6203.0
ALGM,74.45729678339407,1669840.0,2270620.0,1299.0,1139.0
SBFG,74.44145143400412,15140.0,17305.0,5376.5,5385.5
TEX,74.42560608461417,950580.0,1368950.0,1905.0,1671.0
CMC,74.40976073522421,818260.0,1010610.0,2095.0,2006.0
DCI,74.39391538583425,453800.0,596005.0,2759.0,2627.0
SHEL,74.3780700364443,4363776.8,6451278.1,542.0,415.0
BC,74.36222468705435,694900.0,754640.0,2278.0,2355.0
FIBK,74.34637933766439,869180.0,1195770.0,2022.0,1820.0
GRMN,74.33053398827444,688420.0,1012970.0,2289.0,1999.0
CSW,74.31468863888449,116380.0,163230.0,4097.0,3876.0
FCF,74.29884328949453,483560.0,879355.0,2685.0,2179.0
SACH-PA,74.28299794010458,2039.4,2776.25,5998.0,5991.0
NXDT,74.26715259071463,197120.0,193135.0,3597.0,3742.0
JILL,74.25130724132467,50020.0,59900.0,4690.0,4652.0
CFFI,74.23546189193472,8440.0,24265.0,5627.0,5220.5
THW,74.21961654254477,121440.0,118010.0,4049.0,4169.0
ITRN,74.20377119315481,170400.0,154500.0,3738.0,3927.0
BTG,74.18792584376486,22645040.0,23921245.0,82.0,85.0
OCGN,74.17208049437491,3021500.0,4156970.0,767.0,655.0
CHRS,74.15623514498495,1519260.0,1027745.0,1385.0,1977.0
MDV,74.140389795595,63823.8,72296.25,4534.0,4513.0
MCBS,74.12454444620505,62800.0,80855.0,4542.0,4443.0
FLR,74.10869909681509,2311260.0,2921545.0,1001.0,899.0
SEZL,74.09285374742514,725980.0,859245.0,2221.0,2212.0
FR,74.07700839803518,610960.0,967545.0,2431.0,2057.0
NWE,74.06116304864521,352680.0,365780.0,3028.0,3138.0
BKU,74.04531769925526,481920.0,910605.0,2688.0,2139.0
ASB,74.02947234986532,1287740.0,1641735.0,1547.0,1481.0
WEST,74.01362700047535,310860.0,407625.0,3141.0,3030.0
CLPT,73.9977816510854,364780.0,623235.0,2989.0,2578.0
ESQ,73.98193630169546,177180.0,151075.0,3699.5,3955.0
SPG,73.96609095230549,1118900.0,1347435.0,1720.0,1691.0
CEVA,73.95024560291554,1137400.0,928850.0,1699.0,2115.0
YETI,73.9344002535256,3533060.0,1770570.0,657.0,1382.0
CQP,73.91855490413563,108820.0,133010.0,4153.0,4070.0
MICC,73.90270955474568,766180.0,770895.0,2154.0,2338.0
RSVR,73.88686420535574,41960.0,56395.0,4801.0,4701.0
HBNC,73.87101885596577,446040.0,636785.0,2772.0,2557.0
FA,73.85517350657582,3263800.0,2646725.0,712.0,999.0
HFWA,73.83932815718588,256560.0,434810.0,3334.0,2958.0
PLUG,73.82348280779591,66658560.0,61778480.0,12.0,13.0
KO,73.80763745840596,11306680.0,15680765.0,199.0,137.0
CCJ,73.791792109016,2452060.0,3138845.0,963.0,839.0
NP,73.77594675962605,393360.0,711110.0,2916.0,2427.0
INFU,73.7601014102361,96640.0,176330.0,4243.0,3816.0
ABEV,73.74425606084614,23892920.0,30282800.0,75.0,63.0
GRWG,73.72841071145618,1331820.0,546500.0,1511.0,2710.0
MCB,73.71256536206623,90420.0,155005.0,4301.0,3921.0
EDUC,73.69672001267628,132260.0,134000.0,3980.0,4063.0
SPNT,73.68087466328632,682100.0,696240.0,2303.0,2459.0
ROK,73.66502931389637,579200.0,898965.0,2498.0,2150.0
AM,73.64918396450642,2640800.0,2527755.0,884.0,1042.0
ELPC,73.63333861511646,644840.0,463755.0,2370.0,2878.0
H,73.61749326572651,738040.0,915555.0,2203.0,2131.0
AGI,73.60164791633656,3315920.0,4907210.0,697.0,556.0
FBNC,73.5858025669466,200200.0,209290.0,3575.0,3659.0
HTO,73.56995721755665,294400.0,391650.0,3197.5,3080.0
BATL,73.5541118681667,4499240.0,8304970.0,524.0,302.0
POWI,73.53826651877674,510420.0,640130.0,2632.5,2551.0
AKO-A,73.52242116938679,800.0,685.0,6111.0,6164.0
BP,73.50657581999684,7431400.0,8066920.0,307.0,309.0
ACNT,73.49073047060688,49640.0,57725.0,4692.5,4675.0
TRNO,73.47488512121693,583820.0,674710.0,2490.0,2498.0
SEB,73.45903977182698,22500.0,13250.0,5177.0,5498.5
NWG,73.44319442243702,2551920.0,3795175.0,912.0,712.0
HVT,73.42734907304707,96180.0,141350.0,4247.0,4002.0
KEY,73.4115037236571,8666400.0,9237660.0,261.0,262.0
CHI,73.39565837426714,132880.0,154355.0,3975.0,3928.0
ASMB,73.3798130248772,438140.0,203240.0,2788.0,3687.0
ALL,73.36396767548725,1664800.0,1702255.0,1303.0,1435.0
RMBS,73.34812232609728,2035840.0,2526655.0,1111.0,1043.0
GENC,73.33227697670733,132640.0,55760.0,3976.5,4706.0
CP,73.31643162731739,2199260.0,2872820.0,1046.0,915.0
JLL,73.30058627792742,322220.0,352920.0,3110.0,3169.0
BUD,73.28474092853747,1721780.0,1932865.0,1261.0,1285.0
CCD,73.26889557914753,63780.0,63660.0,4535.0,4615.0
AUB,73.25305022975756,731320.0,873930.0,2211.0,2189.0
ABCB,73.23720488036761,261300.0,426875.0,3314.0,2985.0
IHD,73.22135953097767,58840.0,50670.0,4597.0,4770.0
BST,73.2055141815877,95940.0,94025.0,4248.0,4345.0
GLDG,73.18966883219775,775780.0,696755.0,2146.0,2458.0
CB,73.1738234828078,1717320.0,1832575.0,1264.0,1345.0
BCV,73.15797813341784,21000.0,21645.0,5212.0,5281.0
AEO,73.1421327840279,5086020.0,4147510.0,464.0,659.0
VLRS,73.12628743463793,563460.0,596120.0,2534.0,2626.0
NWN,73.11044208524798,199040.0,220520.0,3583.0,3607.0
ISBA,73.09459673585803,50980.0,64540.0,4680.0,4604.0
CNXN,73.07875138646807,136540.0,154900.0,3958.0,3925.0
NBTB,73.06290603707811,223760.0,361260.0,3472.0,3150.0
IQV,73.04706068768816,1025460.0,1516845.0,1813.0,1565.0
ASND,73.03121533829821,642220.0,528615.0,2376.0,2738.0
AEG,73.01536998890825,3366000.0,4778300.0,686.0,572.0
GD,72.9995246395183,638780.0,1059975.0,2383.0,1938.0
NML,72.98367929012835,142560.0,152445.0,3915.0,3941.0
TTC,72.96783394073839,557660.0,520695.0,2547.0,2749.0
COLB,72.95198859134844,3097740.0,3024360.0,752.0,869.0
TRP,72.93614324195849,1643580.0,2324420.0,1313.0,1127.0
RVTY,72.92029789256853,989640.0,1505920.0,1856.0,1574.0
UHAL,72.90445254317858,123740.0,162735.0,4027.0,3880.0
ABBV,72.88860719378863,4400660.0,5315730.0,533.0,503.0
EFSI,72.87276184439867,41900.0,59970.0,4802.0,4651.0
MYSE,72.85691649500872,118960.0,85890.0,4070.0,4406.0
HIVE,72.84107114561877,35149820.0,20262415.0,36.0,112.0
FRT,72.8252257962288,643900.0,911640.0,2373.0,2137.0
CATO,72.80938044683886,58780.0,71965.0,4598.0,4518.5
JCAP,72.79353509744891,662160.0,418475.0,2331.0,3004.0
LYTS,72.77768974805895,287220.0,239980.0,3218.0,3537.0
MCFT,72.761844398669,137560.0,167400.0,3950.0,3851.0
SIBN,72.74599904927904,352660.0,492495.0,3029.0,2812.0
MET,72.73015369988907,2180380.0,3855405.0,1054.0,704.0
JPM,72.71430835049912,5066300.0,6458650.0,467.0,414.0
ONB,72.69846300110918,2857080.0,3982605.0,819.0,691.0
BWMX,72.68261765171921,95480.0,109245.0,4251.0,4238.0
RDI,72.66677230232926,137440.0,71410.0,3952.5,4525.0
DTI,72.65092695293932,177980.0,237915.0,3692.0,3540.0
MRTN,72.63508160354935,549380.0,736620.0,2565.0,2390.0
NECB,72.6192362541594,31040.0,39580.0,5004.0,4936.0
WTFC,72.60339090476946,546900.0,606910.0,2570.0,2607.0
VABK,72.58754555537949,4160.0,6595.0,5850.0,5791.5
EOG,72.57170020598954,2264520.0,2865965.0,1019.0,921.0
HMY,72.5558548565996,2296180.0,2666770.0,1004.0,989.0
IDCC,72.54000950720963,191540.0,248250.0,3624.0,3501.0
TENB,72.52416415781968,2160120.0,3509285.0,1059.0,755.0
FFIV,72.50831880842973,498960.0,745325.0,2657.0,2376.0
VNDA,72.49247345903977,939500.0,1033805.0,1926.0,1970.0
EBF,72.47662810964982,161320.0,129925.0,3787.0,4090.0
OVLY,72.46078276025986,32760.0,28680.0,4974.0,5128.0
AUPH,72.44493741086991,999180.0,1133060.0,1835.0,1875.0
FIVN,72.42909206147996,2068560.0,3787295.0,1094.0,716.0
HELE,72.41324671209,302600.0,365090.0,3168.0,3141.0
PTHS,72.39740136270004,28280.0,96510.0,5063.0,4331.0
BTX,72.38155601331009,633580.0,519615.0,2396.0,2753.0
A,72.36571066392014,1228020.0,1661290.0,1613.0,1462.0
SBSW,72.34986531453018,4676940.0,5040740.0,506.0,539.0
CMCO,72.33401996514023,390940.0,785435.0,2922.0,2316.0
OFG,72.31817461575028,207080.0,258570.0,3542.0,3464.0
BNR,72.30232926636032,6880.0,6225.0,5709.5,5813.0
NVS,72.28648391697037,1639420.0,1556470.0,1314.0,1538.0
BKV,72.27063856758042,691340.0,904200.0,2287.0,2145.0
PRG,72.25479321819046,469600.0,565290.0,2719.0,2673.0
RILYG,72.23894786880051,7900.0,8790.0,5650.0,5686.0
IRMD,72.22310251941056,125200.0,133900.0,4017.0,4065.0
SIRI,72.2072571700206,4283300.0,4525595.0,554.0,613.0
TPL,72.19141182063065,358480.0,368485.0,3014.0,3135.0
ET,72.1755664712407,7937460.0,9752100.0,284.0,247.0
UNTY,72.15972112185074,51220.0,61370.0,4678.0,4637.0
MDU,72.14387577246079,1224080.0,1491905.0,1615.0,1582.0
SKY,72.12803042307084,599360.0,679275.0,2457.0,2490.0
RCON,72.11218507368088,84381740.0,45588190.0,9.0,29.0
SOLS,72.09633972429093,1485840.0,2994600.0,1404.0,876.0
FLNG,72.08049437490097,299840.0,277580.0,3180.0,3392.0
BANC,72.064649025511,2059080.0,3689535.0,1098.0,728.0
EGP,72.04880367612105,340200.0,538920.0,3069.0,2723.0
EPC,72.0329583267311,486980.0,604510.0,2678.0,2616.0
NRIM,72.01711297734114,107340.0,155990.0,4168.0,3909.0
AVGO,72.0012676279512,20286280.0,18661685.0,100.0,122.0
HNST,71.98542227856124,2221700.0,2924475.0,1040.0,898.0
NSSC,71.96957692917128,220460.0,252830.0,3489.0,3491.0
ECBK,71.95373157978133,9500.0,9610.0,5578.0,5647.0
BNL,71.93788623039138,2463460.0,2383450.0,955.0,1098.0
RF,71.92204088100142,7133820.0,8011900.0,318.0,314.0
OUST,71.90619553161147,3265980.0,3116880.0,711.0,844.0
HURC,71.89035018222152,16380.0,17540.0,5342.0,5380.0
AMX,71.87450483283156,2343200.0,2592180.0,993.0,1015.0
DKL,71.85865948344161,524120.0,204175.0,2601.0,3681.0
IART,71.84281413405166,559700.0,880840.0,2542.0,2174.0
SON,71.8269687846617,650300.0,1076785.0,2360.5,1927.0
CENT,71.81112343527175,117540.0,102930.0,4081.0,4279.0
GILT,71.79527808588179,553500.0,602725.0,2557.0,2620.0
NEU,71.77943273649184,122860.0,137735.0,4035.0,4031.0
RILYN,71.7635873871019,21120.0,13655.0,5206.5,5488.0
BHV,71.74774203771193,1240.0,3150.0,6065.0,5978.0
NINE,71.73189668832197,38980.0,60420.0,4847.5,4646.0
BMRC,71.71605133893202,145400.0,151970.0,3892.0,3948.0
BLDP,71.70020598954207,3144280.0,5622220.0,739.0,473.0
TDY,71.68436064015211,213540.0,378435.0,3515.0,3107.0
SBCF,71.66851529076216,813160.0,966825.0,2099.0,2059.0
BIO,71.65266994137221,207880.0,292380.0,3539.0,3334.0
FTV,71.63682459198225,1715000.0,2802835.0,1268.0,942.0
IBCP,71.6209792425923,171500.0,203525.0,3731.0,3685.0
CDZIP,71.60513389320235,4920.0,4830.0,5813.5,5887.0
BME,71.58928854381239,33060.0,44940.0,4967.0,4854.0
CUBI,71.57344319442244,233200.0,278330.0,3436.0,3385.0
LOB,71.55759784503249,226080.0,235080.0,3465.0,3546.0
TRMK,71.54175249564253,247720.0,418060.0,3365.0,3007.0
NBBK,71.52590714625258,327980.0,401190.0,3092.0,3051.0
NG,71.51006179686263,3796940.0,5931285.0,624.0,449.0
KMI,71.49421644747267,10648160.0,10610005.0,212.0,224.0
IBEX,71.47837109808272,138240.0,105530.0,3946.0,4259.0
GLRE,71.46252574869277,107500.0,147485.0,4166.0,3976.0
DBGI,71.4466803993028,96540.0,262201.75,4244.0,3444.0
SAIA,71.43083504991286,548140.0,549810.0,2567.0,2703.0
PRK,71.4149897005229,72540.0,105300.0,4445.0,4260.0
LAMR,71.39914435113293,595480.0,718575.0,2467.0,2418.0
IFF,71.38329900174298,1175200.0,1756600.0,1659.0,1394.0
CRT,71.36745365235303,21180.0,18935.0,5204.0,5344.0
NFJ,71.35160830296307,149620.0,185545.0,3860.0,3778.0
U,71.33576295357312,11095600.0,12447420.0,202.0,184.0
APPN,71.31991760418317,660240.0,935750.0,2338.0,2101.0
KRG,71.30407225479321,1883820.0,2726000.0,1187.0,968.0
ETN,71.28822690540326,1670660.0,2356645.0,1297.0,1113.0
CNX,71.27238155601331,1308420.0,1562885.0,1528.0,1534.0
URI,71.25653620662335,412080.0,501070.0,2863.0,2793.0
MCRI,71.2406908572334,107220.0,120435.0,4169.5,4156.0
SHO,71.22484550784345,2369700.0,2619645.0,983.0,1006.0
SCSC,71.20900015845349,239820.0,233925.0,3404.0,3548.0
ZVRA,71.19315480906354,792020.0,1451625.0,2124.0,1609.0
EPD,71.1773094596736,3477520.0,3354835.0,666.0,786.0
OPRT,71.16146411028363,303100.0,512285.0,3165.0,2768.0
GREE,71.14561876089368,426959.6,,2821.0,
AVNT,71.12977341150372,881320.0,895095.0,2005.0,2157.0
ALX,71.11392806211377,25160.0,33855.0,5125.0,5035.0
WAFD,71.09808271272382,446100.0,538700.0,2771.0,2724.0
CRON,71.08223736333386,1393780.0,1453115.0,1466.0,1606.0
ITIC,71.0663920139439,67400.0,58450.0,4498.0,4669.0
BH,71.05054666455395,221640.0,218570.0,3481.0,3618.0
KYN,71.034701315164,310320.0,317290.0,3144.0,3266.0
HLT,71.01885596577404,2250780.0,2131850.0,1027.0,1203.0
LYB,71.00301061638409,4406940.0,4652755.0,531.0,592.0
RNXT,70.98716526699414,839460.0,460195.0,2056.0,2887.0
NODK,70.97131991760418,17340.0,24050.0,5318.0,5224.5
FNB,70.95547456821423,3170060.0,4331155.0,736.0,634.0
ORA,70.93962921882428,652340.0,897115.0,2356.0,2154.0
RMNI,70.92378386943432,356220.0,413030.0,3020.0,3020.0
RGNX,70.90793852004437,828220.0,1158105.0,2075.0,1852.0
PACK,70.89209317065442,361020.0,611800.0,3008.0,2598.0
WKEY,70.87624782126446,46680.0,44460.0,4732.0,4865.0
AKO-B,70.86040247187451,5100.0,5085.0,5799.5,5868.0
RGT,70.84455712248456,25120.0,18780.0,5126.5,5348.0
VLGEA,70.8287117730946,57380.0,46035.0,4609.0,4837.0
MTDR,70.81286642370465,2192420.0,2421280.0,1048.0,1072.0
VCEL,70.7970210743147,384160.0,463495.0,2939.5,2879.0
SBH,70.78117572492474,1222760.0,1517260.0,1617.5,1564.0
CHY,70.76533037553479,130840.0,179345.0,3987.0,3805.0
JOUT,70.74948502614482,48560.0,47205.0,4705.0,4819.0
PDM,70.73363967675486,924840.0,868410.0,1946.0,2195.0
BLX,70.71779432736491,158940.0,151315.0,3806.0,3952.0
HTH,70.70194897797496,192400.0,245550.0,3620.0,3513.0
MOLN,70.686103628585,860.0,755.0,6105.5,6157.0
ESEA,70.67025827919505,55300.0,47950.0,4627.0,4808.0
UBXG,70.6544129298051,300216.2,,3177.0,
BBY,70.63856758041514,2911580.0,3196655.0,802.0,823.0
VTOL,70.6227222310252,184840.0,200705.0,3661.0,3702.0
KWR,70.60687688163524,170980.0,161755.0,3733.0,3882.0
UAMY,70.59103153224528,10800520.0,6552460.0,210.0,403.0
NVDA,70.57518618285533,95956060.0,120306570.0,5.0,2.0
CVCO,70.55934083346538,92400.0,124420.0,4283.0,4129.0
F,70.54349548407542,34307560.0,51608155.0,39.0,21.0
DBX,70.52765013468547,4531560.0,4589375.0,521.0,600.0
BILL,70.51180478529552,2662580.0,2327425.0,878.0,1125.0
MOH,70.49595943590556,650300.0,944275.0,2360.5,2087.0
AGM,70.48011408651561,73220.0,106470.0,4431.0,4253.0
EVT,70.46426873712565,92980.0,98960.0,4276.0,4311.0
CX,70.4484233877357,5752240.0,7828050.0,403.0,326.0
EOLS,70.43257803834575,741940.0,988940.0,2195.5,2030.0
WABC,70.41673268895579,119320.0,135640.0,4068.0,4047.0
SJ,70.40088733956583,24920.0,28095.0,5135.0,5140.0
NTR,70.38504199017588,2437340.0,2552460.0,968.0,1030.0
XIFR,70.36919664078593,626620.0,1053215.0,2407.0,1946.0
AURA,70.35335129139597,1428180.0,675350.0,1439.0,2497.0
BATRA,70.33750594200602,67940.0,68940.0,4491.0,4546.0
SNA,70.32166059261607,255380.0,365215.0,3338.0,3140.0
ICR-PA,70.3058152432261,5540.4,5249.75,5774.0,5857.0
RCAT,70.28996989383616,11056320.0,9983815.0,206.0,239.0
PRAA,70.27412454444621,374740.0,440520.0,2960.0,2944.0
BHRB,70.25827919505625,119560.0,124210.0,4066.0,4130.0
HIFS,70.2424338456663,56680.0,50335.0,4618.0,4776.0
ETR,70.22658849627635,1861900.0,2491090.0,1195.0,1053.0
APG,70.21074314688639,2347900.0,2904430.0,989.0,906.0
API,70.19489779749644,408440.0,297845.0,2874.0,3318.0
FBK,70.17905244810649,248500.0,324705.0,3361.0,3248.5
WTM,70.16320709871653,21980.0,20470.0,5187.5,5309.0
SEIC,70.14736174932658,466600.0,653400.0,2729.0,2535.0
SXC,70.13151639993663,1320480.0,1893615.0,1520.0,1307.0
GILD,70.11567105054667,4737000.0,6597650.0,497.0,398.0
DOO,70.09982570115672,246320.0,225040.0,3372.0,3591.0
TISI,70.08398035176675,31960.0,26010.0,4989.0,5176.0
VOC,70.0681350023768,187500.0,182760.0,3650.0,3786.0
CBIO,70.05228965298684,172140.0,238540.0,3725.0,3538.0
HTB,70.0364443035969,319020.0,183070.0,3118.0,3785.0
BOH,70.02059895420693,243080.0,399570.0,3393.0,3061.0
GNW,70.00475360481698,2290780.0,2771590.0,1008.0,953.0
LEA,69.98890825542703,483200.0,748340.0,2686.0,2368.0
JMSB,69.97306290603707,22200.0,32915.0,5185.0,5052.0
DLX,69.95721755664712,434660.0,420995.0,2799.0,2997.0
LEDS,69.94137220725717,47940.0,86230.0,4713.0,4403.0
BKTI,69.92552685786721,49080.0,37865.0,4700.0,4961.0
GBTG,69.90968150847726,945380.0,1280190.0,1918.0,1739.0
MXE,69.89383615908731,2200.0,2415.0,5980.0,6026.0
IAE,69.87799080969735,34280.0,34595.0,4938.0,5021.5
RIVN,69.8621454603074,22107480.0,23447260.0,85.0,90.0
NSC,69.84630011091745,1159200.0,1308020.0,1672.0,1715.0
OTGAW,69.83045476152749,140.0,5020.0,6207.0,5871.0
ACIU,69.81460941213754,185160.0,204250.0,3660.0,3679.0
MGM,69.79876406274758,1758520.0,2470455.0,1240.0,1055.0
RSKD,69.78291871335763,3752100.0,1395890.0,630.0,1642.0
GGZ,69.76707336396768,7300.0,7000.0,5692.5,5767.0
RVT,69.75122801457772,178320.0,215915.0,3690.0,3632.0
TMO,69.73538266518777,1329280.0,2108770.0,1514.0,1212.0
RHI,69.71953731579781,1689020.0,2335275.0,1284.0,1122.0
DE,69.70369196640786,928560.0,1032795.0,1939.0,1972.0
EXTR,69.6878466170179,1720720.0,1808390.0,1262.0,1363.0
SKWD,69.67200126762795,629200.0,495270.0,2404.0,2805.0
ETSY,69.656155918238,2551020.0,3117470.0,914.0,843.0
TAK,69.64031056884804,2673980.0,3819100.0,875.0,709.0
CLSK,69.62446521945809,19491040.0,20685350.0,107.0,109.0
THRM,69.60861987006814,364440.0,566475.0,2992.0,2671.0
BURL,69.59277452067818,926900.0,710305.0,1943.0,2428.0
AIRG,69.57692917128823,64640.0,74375.0,4527.0,4494.0
ALCO,69.56108382189828,18020.0,22110.0,5286.0,5272.0
TNL,69.54523847250832,566420.0,834710.0,2522.0,2255.0
CACC,69.52939312311837,94980.0,122860.0,4261.0,4140.0
FGNXP,69.51354777372842,200.0,210.0,6195.5,6223.0
APM,69.49770242433846,625696.2,,2409.0,
CLRO,69.48185707494851,95140.0,4426575.0,4260.0,621.0
EGAN,69.46601172555856,83540.0,113640.0,4357.0,4210.0
JOB,69.4501663761686,954500.0,332750.0,1900.0,3220.0
CLB,69.43432102677865,562420.0,702410.0,2539.0,2445.0
PAG,69.41847567738868,323540.0,561420.0,3105.0,2680.0
OSW,69.40263032799874,706780.0,936960.0,2259.0,2098.0
WNEB,69.38678497860877,39760.0,52875.0,4833.0,4747.0
SONO,69.37093962921882,1682440.0,1956670.0,1290.0,1276.0
UNCY,69.35509427982886,912100.0,766850.0,1965.0,2343.0
EMR,69.33924893043891,2294260.0,3188730.0,1005.0,824.0
RMR,69.32340358104896,110100.0,160525.0,4142.0,3888.0
HFRO,69.307558231659,106200.0,134015.0,4179.0,4062.0
OPRA,69.29171288226905,320680.0,314725.0,3114.5,3273.0
HEI,69.2758675328791,407620.0,416665.0,2878.0,3009.0
NAUT,69.26002218348914,542000.0,891700.0,2575.0,2161.0
AOUT,69.24417683409919,44360.0,53895.0,4760.5,4726.0
SOLV,69.22833148470924,1240200.0,1292390.0,1598.0,1729.0
TACT,69.21248613531928,21820.0,18320.0,5194.0,5356.5
RYTM,69.19664078592933,505600.0,691750.0,2644.0,2470.0
SFNC,69.18079543653938,1257360.0,1321130.0,1577.0,1706.0
ECF,69.16495008714942,17520.0,17215.0,5308.0,5388.0
CHRW,69.14910473775947,1331920.0,2380330.0,1510.0,1101.0
FRBA,69.13325938836951,139420.0,117300.0,3943.0,4179.0
NATL,69.11741403897956,649000.0,674370.0,2364.5,2499.0
HII,69.10156868958961,420400.0,566870.0,2835.5,2670.0
TFPM,69.08572334019965,504360.0,514290.0,2648.0,2764.0
NAAS,69.0698779908097,18800.0,20465.0,5263.5,5310.0
NTWOU,69.05403264141974,3534.6,883.65,5894.0,6135.0
LH,69.03818729202979,506040.0,759030.0,2643.0,2350.0
ACAD,69.02234194263983,1431020.0,1740350.0,1437.0,1409.0
BATRK,69.00649659324988,634540.0,563155.0,2393.0,2675.0
POR,68.99065124385993,1078240.0,1133825.0,1764.0,1874.0
NRXP,68.97480589446997,1092980.0,1278450.0,1750.0,1742.0
SIGI,68.95896054508002,351700.0,550030.0,3034.5,2701.0
MNSB,68.94311519569007,38540.0,34400.0,4853.0,5024.0
MCHP,68.9272698463001,9231880.0,11217415.0,246.0,211.0
LNG,68.91142449691016,1252680.0,1640435.0,1587.0,1484.0
AMRC,68.89557914752021,558400.0,712795.0,2544.0,2425.0
TCBI,68.87973379813025,322060.0,447085.0,3111.5,2925.0
FHI,68.8638884487403,561380.0,557705.0,2541.0,2688.0
CHE,68.84804309935035,160260.0,172330.0,3793.0,3829.0
LECO,68.83219774996039,584100.0,479225.0,2489.0,2849.0
TWO,68.81635240057044,1521640.0,3552350.0,1383.0,749.0
BSM,68.80050705118049,445520.0,466305.0,2773.0,2870.0
CEE,68.78466170179053,15900.0,22680.0,5353.0,5257.0
JOF,68.76881635240058,70480.0,86105.0,4469.0,4405.0
WSM,68.75297100301061,799180.0,857940.0,2117.0,2215.0
MMM,68.73712565362067,2858180.0,3303740.0,817.0,797.0
CHCO,68.7212803042307,84720.0,115875.0,4349.5,4190.5
MPLX,68.70543495484075,1198080.0,1620345.0,1638.0,1496.0
BKH,68.68958960545079,694880.0,765035.0,2279.0,2347.0
VTMX,68.67374425606084,72820.0,86605.0,4439.0,4399.0
ACV,68.6578989066709,34600.0,37340.0,4927.0,4973.0
PCG,68.64205355728093,22969820.0,26467020.0,79.0,75.0
AWR,68.62620820789098,204560.0,268650.0,3554.0,3423.0
FRPT,68.61036285850103,969760.0,1417295.0,1881.0,1622.0
HYNE,68.59451750911107,19460.0,10030.0,5245.0,5631.0
SKT,68.57867215972112,730680.0,967610.0,2212.0,2055.0
IVT,68.56282681033117,513840.0,607365.0,2621.0,2605.0
CCEP,68.54698146094121,1804380.0,2082785.0,1219.0,1224.0
ADX,68.53113611155126,252740.0,319540.0,3348.0,3259.0
LAD,68.51529076216131,177840.0,368170.0,3695.0,3136.0
CENTA,68.49944541277135,307000.0,304605.0,3156.0,3304.0
HCI,68.4836000633814,134080.0,167835.0,3967.0,3845.0
RJET,68.46775471399144,79820.0,115080.0,4383.0,4199.0
CAPL,68.45190936460149,87080.0,56270.0,4328.0,4703.0
L,68.43606401521154,624020.0,708170.0,2412.0,2433.0
SWX,68.42021866582158,373460.0,465320.0,2967.0,2874.0
IHS,68.40437331643163,802820.0,1237560.0,2108.0,1781.0
NREF,68.38852796704167,32960.0,45580.0,4970.0,4846.0
FOXA,68.37268261765172,5482940.0,4790325.0,429.0,569.0
NJR,68.35683726826176,526900.0,669815.0,2596.0,2504.0
GNL,68.34099191887181,2911680.0,2780770.0,801.0,949.0
FHN,68.32514656948186,3518680.0,5018795.0,661.0,541.0
PII,68.3093012200919,740760.0,864565.0,2198.5,2201.0
MTX,68.29345587070195,147660.0,261235.0,3874.0,3452.0
NCZ,68.277610521312,46100.0,53835.0,4741.0,4728.0
DOC,68.26176517192204,3844380.0,5753230.0,617.0,464.0
RRX,68.24591982253209,1293820.0,1363475.0,1543.0,1675.0
FORR,68.23007447314214,84460.0,121410.0,4352.0,4151.0
IOT,68.21422912375218,4346460.0,5209450.0,544.0,513.0
TFC,68.19838377436223,5787660.0,6524895.0,400.0,405.0
FCNCA,68.18253842497228,48740.0,63830.0,4704.0,4613.0
OPLN,68.16669307558232,2758460.0,1373320.0,848.0,1664.0
ALGN,68.15084772619237,764200.0,930050.0,2158.0,2114.0
PLUS,68.13500237680242,190800.0,259200.0,3631.0,3461.0
PRI,68.11915702741246,161740.0,181405.0,3785.0,3795.0
GGN,68.10331167802251,489920.0,538465.0,2672.0,2725.0
CBFV,68.08746632863254,4400.0,5375.0,5840.5,5849.0
TXRH,68.0716209792426,657840.0,859170.0,2340.0,2213.0
NAMSW,68.05577562985263,7400.0,2580.0,5683.5,6008.0
CHW,68.03993028046268,140960.0,245620.0,3930.5,3511.0
UAL,68.02408493107272,2656100.0,3407605.0,881.0,779.0
KELYA,68.00823958168277,330620.0,351655.0,3087.0,3173.0
PRU,67.99239423229282,1252720.0,1919875.0,1586.0,1298.0
CBOE,67.97654888290286,605680.0,939685.0,2441.0,2093.0
PECO,67.96070353351291,657040.0,847215.0,2341.0,2232.0
XOS,67.94485818412296,27531360.0,7103565.0,59.0,364.0
KRMN,67.929012834733,1902240.0,2627700.0,1176.0,1004.0
CSIQ,67.91316748534305,1294900.0,1758690.0,1542.0,1392.0
SHC,67.8973221359531,3262260.0,3227415.0,713.0,817.0
NHICU,67.88147678656314,240.0,105.0,6189.0,6240.5
BODI,67.86563143717319,91420.0,61445.0,4291.0,4634.0
BHF,67.84978608778324,1322720.0,893695.0,1518.0,2159.0
BDX,67.83394073839328,1528540.0,1827865.0,1379.0,1347.0
GANX,67.81809538900333,621800.0,510785.0,2415.0,2770.0
QSR,67.80225003961337,2045640.0,2234415.0,1107.0,1158.0
ECVT,67.78640469022342,1222760.0,1267620.0,1617.5,1752.0
RBRK,67.77055934083347,3412040.0,2933060.0,677.0,894.0
ITGR,67.75471399144351,754800.0,1652080.0,2176.0,1469.0
BLCO,67.73886864205356,374460.0,426855.0,2964.0,2986.0
UCB,67.7230232926636,838180.0,914355.0,2057.0,2134.0
EIG,67.70717794327365,144880.0,189910.0,3898.5,3755.0
EOD,67.69133259388369,45180.0,91080.0,4753.0,4366.0
PROV,67.67548724449374,17540.0,10595.0,5306.0,5609.5
NMIH,67.65964189510379,326380.0,440950.0,3096.5,2943.0
GTY,67.64379654571383,342860.0,448500.0,3058.0,2918.0
SBUX,67.62795119632388,4779720.0,7619680.0,494.0,332.0
DLR,67.61210584693393,1887660.0,2668955.0,1186.0,988.0
CZR,67.59626049754397,6273520.0,4041820.0,367.0,686.0
CVBF,67.58041514815402,842520.0,1345720.0,2053.0,1692.0
THQ,67.56456979876407,121560.0,148980.0,4048.0,3971.0
AOD,67.5487244493741,375340.0,438350.0,2958.0,2949.0
TOYO,67.53287909998416,746060.0,712250.0,2189.0,2426.0
AMPY,67.51703375059421,1977740.0,949235.0,1133.0,2078.0
APT,67.50118840120425,47680.0,40035.0,4718.0,4930.0
TCBX,67.4853430518143,73000.0,123660.0,4436.0,4132.0
IDR,67.46949770242435,233800.0,229860.0,3432.0,3566.0
SABR,67.45365235303439,3318760.0,4110575.0,696.0,669.0
ZUMZ,67.43780700364444,169120.0,247330.0,3748.5,3506.0
DPG,67.42196165425447,41600.0,51630.0,4803.0,4761.0
STHO,67.40611630486453,16900.0,14495.0,5328.0,5455.0
AXTA,67.39027095547456,1707740.0,1723945.0,1272.0,1417.0
CTKB,67.37442560608461,801600.0,799270.0,2110.0,2297.0
PFBC,67.35858025669465,61080.0,97700.0,4567.0,4322.0
BMRN,67.3427349073047,2150300.0,2359435.0,1065.0,1112.0
TBLA,67.32688955791475,3271960.0,3172980.0,708.0,829.0
SWAG,67.31104420852479,60280.0,42490.0,4580.0,4892.0
MXF,67.29519885913484,25880.0,34760.0,5113.0,5016.0
NSTS,67.2793535097449,5020.0,6915.0,5804.0,5776.0
MX,67.26350816035493,487320.0,879245.0,2677.0,2180.0
SUPN,67.24766281096498,559160.0,999525.0,2543.0,2023.0
EW,67.23181746157503,2603080.0,4267325.0,896.0,642.0
ASGI,67.21597211218507,191640.0,157115.0,3623.0,3900.0
BSVN,67.20012676279512,39700.0,37450.0,4834.5,4971.5
BBDO,67.18428141340517,81720.0,97935.0,4374.0,4320.0
CCK,67.16843606401521,920020.0,986485.0,1957.0,2035.0
SCHW,67.15259071462526,6001480.0,6941295.0,386.0,373.0
DXYZ,67.1367453652353,2042660.0,1303705.0,1109.0,1716.0
CDLR,67.12090001584535,52460.0,58360.0,4661.0,4671.0
ZTO,67.1050546664554,1510480.0,1867095.0,1392.0,1320.0
NGL-PB,67.08920931706544,8882.2,71864.7,5608.0,4522.0
KTB,67.07336396767549,1035240.0,731215.0,1803.0,2393.0
NBIX,67.05751861828554,1532280.0,1468985.0,1376.0,1595.0
PETZ,67.04167326889558,94060.0,88545.0,4269.0,4380.5
HR,67.02582791950562,3115660.0,3730085.0,746.0,723.0
VANI,67.00998257011567,188060.0,154655.0,3643.5,3926.0
INN,66.99413722072572,1198640.0,1010350.0,1637.0,2008.0
AAT,66.97829187133576,325300.0,418305.0,3099.0,3006.0
EVRG,66.96244652194581,1717080.0,1858260.0,1266.0,1326.0
RRC,66.94660117255586,1996180.0,2898325.0,1127.0,910.0
CTRE,66.9307558231659,1985280.0,2033980.0,1131.0,1246.0
HMN,66.91491047377595,312800.0,256940.0,3135.0,3471.0
BCRX,66.899065124386,3302780.0,3343270.0,700.0,789.0
HAS,66.88321977499604,1425880.0,1908965.0,1442.0,1304.0
BSET,66.86737442560609,23260.0,34605.0,5162.0,5019.0
NCV,66.85152907621614,44220.0,56245.0,4768.0,4704.0
GCV,66.83568372682618,68800.0,39885.0,4481.0,4933.0
AR,66.81983837743623,3443100.0,4442160.0,671.0,618.0
KFY,66.80399302804628,289040.0,337975.0,3211.0,3206.0
FLG,66.78814767865632,3371660.0,4669770.0,685.0,590.0
OMDA,66.77230232926637,1089820.0,1650325.0,1756.0,1472.0
BTO,66.7564569798764,33420.0,42440.0,4956.0,4893.0
TOI,66.74061163048646,2823736.2,,829.0,
ETG,66.7247662810965,132380.0,107395.0,3979.0,4245.0
WGRX,66.70892093170654,47167.8,,4725.0,
CBUS,66.69307558231658,201300.0,163575.0,3568.5,3872.0
ETO,66.67723023292663,17600.0,30740.0,5301.5,5086.0
FER,66.66138488353668,1115280.0,1584425.0,1725.0,1518.0
DAKT,66.64553953414672,367400.0,407985.0,2981.0,3029.0
RFL,66.62969418475677,88900.0,89655.0,4312.0,4376.0
AFL,66.61384883536682,1599780.0,1932120.0,1327.0,1286.0
AMR,66.59800348597686,339580.0,327300.0,3071.0,3238.0
ANIX,66.58215813658691,162100.0,218330.0,3784.0,3620.0
CODI-PA,66.56631278719696,7667.2,5155.0,5662.0,5863.0
BMEZ,66.550467437807,106240.0,111080.0,4177.0,4221.0
SSB,66.53462208841705,799320.0,933925.0,2116.0,2107.0
VFSWW,66.5187767390271,2740.0,2630.0,5948.0,5999.5
NGL-PC,66.50293138963714,1076.6,1713.3,6080.0,6085.0
ZBRA,66.48708604024719,687120.0,884250.0,2293.0,2172.0
FLG-PA,66.47124069085723,22924.4,27240.7,5168.0,5162.0
XERS,66.45539534146728,1684700.0,1719275.0,1287.0,1424.0
UPS,66.43954999207733,4381000.0,5467990.0,539.0,481.0
WMT,66.42370464268737,18437480.0,21384430.0,111.0,103.0
CNSP,66.40785929329742,11000.0,6710.0,5514.0,5785.0
PRHI,66.39201394390747,32740.0,10705.0,4975.0,5605.0
SMTI,66.37616859451751,373200.0,435035.0,2968.0,2957.0
GDV,66.36032324512755,70740.0,79915.0,4464.0,4450.0
DOV,66.3444778957376,781120.0,1249610.0,2138.0,1768.0
EFSC,66.32863254634765,182760.0,233315.0,3669.5,3551.0
NGG,66.31278719695769,944860.0,788400.0,1920.0,2313.0
DLTR,66.29694184756774,1800480.0,2046730.0,1220.0,1240.0
EPR-PC,66.28109649817779,6794.4,4491.45,5715.0,5913.0
ELLO,66.26525114878783,2600.0,4150.0,5956.0,5934.0
ONC,66.24940579939788,426440.0,418845.0,2822.0,3001.0
ATMU,66.23356045000793,815240.0,716780.0,2097.0,2422.0
EPR,66.21771510061797,724680.0,763430.0,2225.0,2349.0
QBTS,66.20186975122802,12058440.0,18074405.0,182.0,123.0
CREX,66.18602440183807,69820.0,33880.0,4475.0,5034.0
NSIT,66.1701790524481,324500.0,454570.0,3103.0,2902.0
FOX,66.15433370305816,783020.0,1097865.0,2137.0,1906.0
GOLF,66.13848835366821,418220.0,402630.0,2841.0,3043.0
ADAMN,66.12264300427825,15340.0,7870.0,5368.0,5729.5
LTM,66.1067976548883,679460.0,729800.0,2307.0,2398.0
BALL,66.09095230549833,1512680.0,1927935.0,1387.0,1294.0
CBU,66.07510695610839,158880.0,230475.0,3807.0,3564.0
ZIP,66.05926160671844,809600.0,800645.0,2104.0,2291.0
HGTY,66.04341625732847,141180.0,152035.0,3928.0,3947.0
ASIC,66.02757090793851,117200.0,73445.0,4086.0,4504.0
JFB,66.01172555854856,716500.0,377180.0,2243.0,3109.0
CDRE,65.99588020915861,294620.0,426450.0,3195.5,2987.0
CPSS,65.98003485976865,15220.0,17930.0,5372.0,5365.0
HQY,65.9641895103787,687360.0,684025.0,2292.0,2480.0
OSPN,65.94834416098875,447600.0,434670.0,2768.0,2959.0
ONL,65.93249881159879,186560.0,281250.0,3651.0,3376.0
NEE,65.91665346220884,8819260.0,10640655.0,258.0,223.0
EML,65.9008081128189,11560.0,13865.0,5497.0,5478.5
CBNK,65.88496276342893,49440.0,57125.0,4697.0,4690.0
CHNR,65.86911741403898,32860.0,45685.0,4971.0,4842.0
BRZE,65.85327206464903,2140520.0,2138240.0,1072.0,1201.0
CLAR,65.83742671525907,124440.0,117810.0,4020.0,4172.0
PSA,65.82158136586912,647560.0,1047245.0,2368.0,1953.0
KIM,65.80573601647916,3115340.0,4541330.0,747.0,608.0
OCFC,65.78989066708921,962220.0,938280.0,1889.0,2097.0
BKHAU,65.77404531769926,1062.8,763.95,6081.0,6156.0
FIGR,65.7581999683093,7201460.0,4047345.0,314.0,682.0
BANR,65.74235461891935,360520.0,382615.0,3009.0,3101.0
KRNT,65.7265092695294,416700.0,331050.0,2845.0,3226.0
CLF,65.71066392013944,12060240.0,24342280.0,181.0,83.0
GAM,65.69481857074948,9760.0,17720.0,5563.0,5374.0
SPXC,65.67897322135953,376880.0,491855.0,2954.0,2814.5
FVN,65.66312787196958,65260.0,82095.0,4515.0,4433.0
IGD,65.64728252257962,247220.0,266795.0,3369.0,3430.0
WS,65.63143717318967,168900.0,208290.0,3751.0,3663.0
YQ,65.61559182379972,2000.0,6210.0,6002.0,5817.0
GATX,65.59974647440976,164080.0,219550.0,3776.0,3612.0
MGY,65.5839011250198,2979780.0,5700825.0,777.0,469.0
NC,65.56805577562986,18120.0,13650.0,5283.0,5489.0
RDWR,65.5522104262399,126860.0,232355.0,4006.0,3553.0
GVA,65.53636507684995,564220.0,973980.0,2529.0,2048.0
AMPG,65.52051972746,5231080.0,2728310.0,451.0,966.0
BUDA,65.50467437807004,18940.0,21080.0,5258.0,5295.0
TRIN,65.48882902868009,923780.0,1097820.0,1951.0,1907.0
TJX,65.47298367929014,5425520.0,5062995.0,434.0,535.0
EMO,65.45713832990018,33540.0,34955.0,4951.0,5012.0
VG,65.44129298051023,15344960.0,15175555.0,139.0,144.0
HURN,65.42544763112026,180700.0,364260.0,3679.0,3142.0
NMAI,65.40960228173032,66300.0,82725.0,4505.0,4429.0
ULS,65.39375693234037,686880.0,1039445.0,2294.0,1962.0
BOOM,65.3779115829504,94800.0,231030.0,4262.0,3562.0
CR,65.36206623356044,314020.0,469890.0,3132.0,2865.0
KLTR,65.34622088417049,340460.0,1160910.0,3067.0,1849.0
SPFI,65.33037553478054,86580.0,129780.0,4331.0,4091.0
ADAML,65.31453018539058,19220.0,13215.0,5251.0,5501.5
URG,65.29868483600063,4388720.0,6053645.0,536.0,437.0
CAAS,65.28283948661068,64640.0,30735.0,4527.0,5087.5
COFS,65.26699413722072,75040.0,81225.0,4414.0,4440.0
OMCL,65.25114878783077,726240.0,845400.0,2219.5,2239.0
DMLP,65.23530343844082,157860.0,259340.0,3813.0,3459.0
FMNB,65.21945808905086,398040.0,438900.0,2902.0,2947.0
CINF,65.20361273966091,391280.0,652990.0,2920.0,2536.0
FURY,65.18776739027096,248760.0,217435.0,3359.0,3626.0
AGNC,65.171922040881,13173040.0,19182545.0,162.0,118.0
RNST,65.15607669149105,599860.0,572120.0,2456.0,2664.0
VNOM,65.14023134210109,1512120.0,1613815.0,1389.0,1502.0
DDS,65.12438599271114,167440.0,151795.0,3763.0,3950.5
WFC,65.10854064332119,11298580.0,12586330.0,200.0,181.0
OPBK,65.09269529393123,61620.0,58705.0,4556.0,4667.0
PNFP,65.07684994454128,827060.0,1217050.0,2081.0,1799.0
QQQX,65.06100459515133,101720.0,85825.0,4213.0,4407.0
SATA,65.04515924576137,106200.0,125055.0,4179.0,4124.0
IDA,65.0293138963714,581600.0,500645.0,2494.0,2795.0
OHI,65.01346854698146,1727180.0,1927990.0,1260.0,1293.0
HOVR,64.99762319759151,649720.0,1115295.0,2362.0,1897.0
HUBB,64.98177784820155,427342.2,620712.5,2820.0,2583.0
MTG,64.9659324988116,1460900.0,1662820.0,1419.0,1458.0
NTWO,64.95008714942165,2244260.0,561785.0,1030.0,2679.0
OMC,64.93424180003169,1968640.0,3014575.0,1134.0,871.0
OMF,64.91839645064174,788880.0,977325.0,2129.0,2046.0
CLNN,64.90255110125179,85940.0,84860.0,4338.0,4413.0
PAHC,64.88670575186183,132440.0,179300.0,3978.0,3806.0
PCYO,64.87086040247188,63620.0,73875.0,4538.0,4500.0
CSQ,64.85501505308193,140600.0,185710.0,3935.0,3777.0
GAIN,64.83916970369197,220940.0,215795.0,3487.0,3633.0
PM,64.82332435430202,4877180.0,5144270.0,482.0,522.0
WNC,64.80747900491207,932680.0,1130505.0,1936.0,1880.0
AEP,64.7916336555221,2561760.0,3769310.0,906.0,720.0
IOSP,64.77578830613216,166560.0,180780.0,3766.5,3798.0
EDU,64.7599429567422,601680.0,934250.0,2452.0,2104.0
LTC,64.74409760735224,510360.0,518965.0,2634.0,2755.0
GTES,64.7282522579623,1206380.0,2036860.0,1631.0,1245.0
NBHC,64.71240690857233,398320.0,486825.0,2901.0,2830.0
EURK,64.69656155918237,0.0,5060.0,6287.0,5870.0
ESNT,64.68071620979242,542120.0,536690.0,2574.0,2732.0
SYBT,64.66487086040247,123100.0,180650.0,4033.0,3799.0
IGIC,64.64902551101251,78840.0,108335.0,4388.0,4240.0
AESI,64.63318016162256,2725060.0,3932660.0,859.0,699.0
CASH,64.61733481223261,156040.0,185955.0,3825.0,3775.0
FAF,64.60148946284265,592220.0,732315.0,2472.0,2392.0
NLY,64.5856441134527,5375520.0,7541780.0,439.0,338.0
NNDM,64.56979876406275,1428920.0,2011850.0,1438.0,1258.0
ALLY,64.55395341467279,2456160.0,2956010.0,960.0,887.0
AMZN,64.53810806528284,33271620.0,48809335.0,44.0,24.0
SGHC,64.5222627158929,1666400.0,2290675.0,1300.0,1133.0
BSBR,64.50641736650293,6163360.0,4481650.0,375.0,616.0
D,64.49057201711298,2520120.0,3455710.0,929.0,763.0
CEV,64.47472666772302,20740.0,28675.0,5220.5,5129.0
CODI-PB,64.45888131833307,7510.4,10013.05,5675.0,5632.0
WFCF,64.44303596894312,10720.0,3885.0,5526.5,5944.0
BSAA,64.42719061955316,2680.0,7390.0,5951.5,5753.0
ACIW,64.41134527016321,944280.0,1094330.0,1921.0,1910.0
HPQ,64.39549992077326,12797440.0,14519915.0,170.0,152.0
UE,64.3796545713833,684480.0,808510.0,2297.0,2284.0
UTL,64.36380922199334,92180.0,99150.0,4287.0,4307.0
KYIV,64.34796387260339,193060.0,394100.0,3617.0,3071.0
EXG,64.33211852321344,469100.0,447805.0,2721.0,2923.0
BRX,64.31627317382348,2098400.0,2378365.0,1085.0,1104.0
SCCE,64.30042782443353,7420.0,4770.0,5681.5,5891.5
RMBI,64.28458247504358,31060.0,40615.0,5003.0,4921.0
MFIN,64.26873712565362,81760.0,70180.0,4373.0,4535.0
HUBG,64.25289177626367,1993640.0,1242700.0,1128.0,1775.0
CARG,64.23704642687372,797580.0,967580.0,2119.0,2056.0
STRS,64.22120107748376,28420.0,96330.0,5060.0,4332.0
MXC,64.2053557280938,17740.0,14375.0,5297.0,5459.0
CII,64.18951037870386,97360.0,104170.0,4238.5,4273.0
LYV,64.1736650293139,1770540.0,2114100.0,1230.0,1209.0
AMP,64.15781967992395,353560.0,478105.0,3026.0,2853.0
ATIIU,64.141974330534,100.0,50.0,6216.5,6250.0
AMBA,64.12612898114403,872780.0,1840570.0,2018.0,1341.0
DEA,64.11028363175409,358620.0,366235.0,3013.0,3137.0
HEI-A,64.09443828236412,229980.0,227780.0,3451.0,3574.0
MSA,64.07859293297417,245080.0,308075.0,3378.0,3298.0
LLYVK,64.06274758358423,274020.0,291545.0,3270.0,3338.0
BBNX,64.04690223419426,1264100.0,1441370.0,1569.5,1613.0
AKTS,64.0310568848043,189400.0,243800.0,3639.0,3520.0
MIY,64.01521153541435,53680.0,65630.0,4647.0,4582.0
SCCF,63.999366186024396,5180.0,2840.0,5792.5,5990.0
GIC,63.98352083663445,120500.0,133950.0,4060.0,4064.0
TRNS,63.96767548724449,131320.0,144165.0,3983.0,3991.0
CGO,63.951830137854536,30560.0,29880.0,5015.5,5107.0
MWYN,63.93598478846458,109480.0,355515.0,4147.0,3164.0
FGBI,63.92013943907463,20280.0,18905.0,5230.0,5345.0
MGYR,63.904294089684676,3140.0,3145.0,5919.0,5979.0
EGHT,63.88844874029472,1065900.0,1861305.0,1776.0,1324.0
CART,63.87260339090477,4460240.0,4354630.0,526.0,629.0
CDRO,63.856758041514816,25780.0,22880.0,5114.0,5248.0
TEI,63.84091269212486,171860.0,123280.0,3727.0,4134.5
EMN,63.82506734273491,725020.0,1155630.0,2224.0,1855.0
REYN,63.809221993344956,1255840.0,1243845.0,1580.0,1774.0
FRME,63.793376643955,299440.0,441030.0,3182.0,2942.0
FTS,63.77753129456505,683300.0,771830.0,2299.0,2336.0
SRV,63.761685945175095,44300.0,61785.0,4764.5,4631.0
CWEN,63.74584059578514,925440.0,1191720.0,1945.0,1824.0
DNP,63.72999524639519,446400.0,549635.0,2770.0,2704.0
CTRI,63.714149897005235,1388200.0,2200870.0,1471.0,1178.0
LNC,63.69830454761527,1702260.0,2176165.0,1276.0,1188.0
XBIO,63.68245919822532,9460.0,67125.0,5579.0,4566.0
FHB,63.66661384883536,1417640.0,2019650.0,1447.0,1252.0
FSUN,63.65076849944541,287300.0,302975.0,3217.0,3306.0
BDJ,63.63492315005546,405780.0,436615.0,2881.0,2953.0
VPV,63.6190778006655,36080.0,29490.0,4906.0,5112.0
LANDO,63.603232451275545,8960.0,15690.0,5605.0,5427.0
MSEX,63.5873871018856,136500.0,136680.0,3959.0,4040.0
GLQ,63.57154175249564,38200.0,48105.0,4864.5,4805.0
MAYS,63.555696403105685,60.0,2395.0,6227.5,6028.0
NNN,63.539851053715736,1421520.0,1373195.0,1445.0,1665.0
AX,63.52400570432578,293980.0,337390.0,3201.0,3207.0
NOA,63.508160354935825,116720.0,68910.0,4092.0,4547.0
EDD,63.492315005545876,345680.0,330110.0,3051.0,3231.0
OTTR,63.47646965615592,191480.0,230625.0,3625.0,3563.0
BOC,63.460624306765965,132960.0,107280.0,3974.0,4247.0
BCML,63.444778957376016,61000.0,57595.0,4569.0,4679.0
AENT,63.42893360798606,7580.0,12415.0,5671.5,5537.0
AXP,63.413088258596105,2151080.0,2816690.0,1062.0,937.0
SW,63.397242909206156,3827200.0,5113980.0,620.0,524.0
DBD,63.3813975598162,258080.0,320675.0,3325.0,3257.0
BBCQU,63.36555221042624,3740.0,1020.0,5881.0,6127.0
ETW,63.34970686103628,311740.0,297330.0,3138.0,3322.0
LLYVA,63.333861511646326,196160.0,146705.0,3602.0,3979.0
AES,63.31801616225638,4394580.0,6395045.0,535.0,417.0
WRLD,63.30217081286642,73820.0,130055.0,4426.0,4087.0
MARPS,63.286325463476466,2160.0,3665.0,5982.0,5958.0
EG,63.27048011408651,264180.0,340815.0,3306.0,3196.0
DXCM,63.25463476469656,4271880.0,5399335.0,557.0,489.0
CODI-PC,63.238789415306606,4490.4,9878.45,5839.0,5638.0
HEQ,63.22294406591665,26900.0,20950.0,5086.0,5302.0
AKR,63.2070987165267,996720.0,1337165.0,1840.0,1697.0
PB,63.191253367136746,735200.0,940765.0,2207.0,2090.5
BMA,63.17540801774679,284320.0,276360.0,3231.5,3399.5
RMI,63.15956266835684,6880.0,25250.0,5709.5,5196.0
SYF,63.143717318966885,2735300.0,3504015.0,857.0,756.0
BACCU,63.12787196957693,0.0,125.0,6287.0,6232.5
CIF,63.11202662018698,,,,
AFG,63.096181270797025,328420.0,370970.0,3090.0,3125.0
FFA,63.08033592140707,38080.0,31095.0,4870.0,5079.0
CTRM,63.06449057201712,60340.0,36920.0,4579.0,4980.0
TV,63.048645222627165,526660.0,844815.0,2598.0,2242.0
PSO,63.0327998732372,743240.0,780605.0,2193.0,2325.0
CNS,63.01695452384725,216360.0,235710.0,3502.0,3542.0
TXT,63.00110917445729,1157940.0,1766690.0,1673.0,1386.0
SSBI,62.98526382506734,3500.0,6190.0,5895.0,5818.0
RIGL,62.96941847567739,318900.0,314325.0,3119.5,3275.0
MUJ,62.95357312628743,78040.0,81605.0,4394.0,4439.0
CPA,62.937727776897475,220600.0,301015.0,3488.0,3310.0
USGO,62.921882427507526,57540.0,68005.0,4608.0,4556.0
BCPC,62.90603707811757,134040.0,186790.0,3968.0,3768.0
FFAI,62.890191728727615,1366020.0,4601580.25,1485.0,596.0
ES,62.874346379337666,1879420.0,2333875.0,1190.0,1124.0
ANF,62.85850102994771,998980.0,978560.0,1836.0,2043.0
CRC,62.842655680557755,714980.0,836425.0,2248.0,2254.0
GHC,62.826810331167806,31540.0,25325.0,4996.0,5193.0
TBLD,62.81096498177785,34420.0,44765.0,4933.0,4860.0
SBRA,62.795119632387895,1797240.0,2705740.0,1224.0,974.0
AYI,62.779274282997946,238360.0,276050.0,3411.0,3402.0
ZWS,62.76342893360799,670840.0,962945.0,2318.0,2065.0
XEL,62.747583584218035,3665200.0,4662510.0,640.0,591.0
ITW,62.731738234828086,1007960.0,1340105.0,1827.0,1695.0
SXT,62.71589288543813,309040.0,509975.0,3149.0,2774.0
FSLR,62.70004753604817,2244400.0,2658480.0,1029.0,993.0
ESTC,62.68420218665821,3103260.0,2120635.0,750.0,1208.0
ACCO,62.668356837268256,605220.0,660650.0,2442.0,2520.0
AWX,62.65251148787831,29960.0,126640.0,5032.5,4108.0
PBHC,62.63666613848835,3980.0,5340.0,5863.0,5851.0
SF,62.620820789098396,809960.0,1073370.0,2103.0,1928.0
DTSQU,62.60497543970844,0.0,5.0,6287.0,6270.0
WEX,62.58913009031849,506820.0,866825.0,2641.0,2197.0
DNOW,62.573284740928536,2518900.0,2686295.0,930.0,984.0
NMT,62.55743939153858,9700.0,13090.0,5569.0,5508.0
CRNT,62.54159404214863,476420.0,541935.0,2698.0,2719.0
JRS,62.525748692758675,42240.0,65700.0,4794.5,4580.0
PGNY,62.50990334336872,1040040.0,1151585.0,1801.0,1861.0
SCCG,62.49405799397877,2640.0,3335.0,5954.5,5971.0
ENSG,62.478212644588815,277100.0,395630.0,3257.0,3066.0
RGR,62.46236729519886,124200.0,119695.0,4021.0,4158.0
RJF,62.44652194580891,828140.0,1045525.0,2076.0,1956.0
AMPL,62.430676596418955,2482720.0,2429575.0,948.0,1067.0
MCR,62.414831247029,,,,
GLU,62.39898589763905,11460.0,8520.0,5501.0,5702.0
HOMB,62.383140548249095,1299740.0,1481905.0,1538.0,1587.0
WAL-PA,62.36729519885913,12046.4,21710.15,5477.0,5279.0
VZ,62.35144984946918,14791860.0,23857300.0,146.0,86.0
VFL,62.33560450007922,,,,
ORI,62.31975915068927,950900.0,1210225.0,1904.0,1806.0
SR,62.303913801299316,429300.0,448265.0,2815.0,2921.0
IONQ,62.28806845190936,18382540.0,20905640.0,113.0,106.0
TPCS,62.272223102519405,187920.0,64750.0,3646.0,4601.0
PNW,62.256377753129456,958220.0,1282915.0,1897.0,1735.0
ORLA,62.2405324037395,2448103.2,,964.0,
DMAC,62.224687054349545,121800.0,153890.0,4045.0,3932.0
USAC,62.208841704959596,355500.0,277825.0,3024.0,3391.0
CPK,62.19299635556964,150560.0,183815.0,3855.0,3783.0
CARL,62.177151006179685,146920.0,134640.0,3881.0,4057.0
IMCR,62.161305656789736,351840.0,433365.0,3032.0,2962.0
MCHPP,62.14546030739978,136280.0,104090.0,3960.0,4275.0
NU,62.129614958009824,86192180.0,71751230.0,8.0,7.0
NRK,62.113769608619876,336440.0,273980.0,3077.0,3408.0
RCKT,62.09792425922992,1164400.0,1504355.0,1668.0,1575.0
XPER,62.082078909839964,563640.0,503395.0,2533.0,2785.0
TOL,62.066233560450016,1043300.0,845570.0,1796.0,2236.0
RDNT,62.05038821106006,615700.0,784125.0,2422.0,2320.0
LOAR,62.0345428616701,555440.0,573780.0,2551.0,2660.0
TT,62.01869751228014,666980.0,1156725.0,2322.0,1854.0
JCE,62.002852162890186,32840.0,38175.0,4973.0,4957.0
VFC,61.98700681350024,5825920.0,8792750.0,395.0,280.0
ESS,61.97116146411028,356180.0,433070.0,3021.0,2964.0
EVAX,61.955316114720326,16600.0,13735.0,5334.0,5484.0
TFX,61.93947076533037,725140.0,635900.0,2222.5,2560.0
ALLT,61.92362541594042,420300.0,265885.0,2838.0,3435.0
FTW,61.907780066550465,113360.0,100510.0,4118.5,4300.0
TCBS,61.89193471716051,1260.0,770.0,6063.0,6153.0
TG,61.87608936777056,155840.0,180125.0,3828.0,3801.0
BOW,61.860244018380605,343240.0,430255.0,3056.0,2974.0
NTST,61.84439866899065,906480.0,1198585.0,1974.0,1817.0
ENB,61.8285533196007,7074420.0,5177665.0,320.0,517.0
ULBI,61.812707970210745,45540.0,45385.0,4746.0,4851.0
MLKN,61.79686262082079,435300.0,611140.0,2798.0,2599.0
TWO-PB,61.78101727143084,9239.8,30611.25,5590.0,5092.0
CYH,61.765171922040885,892360.0,1856615.0,1989.0,1329.0
CET,61.74932657265093,33520.0,32065.0,4952.5,5063.0
MNKD,61.73348122326098,3814740.0,4967740.0,622.0,547.0
WPC,61.717635873871025,946720.0,1266775.0,1914.0,1755.0
AEE,61.70179052448106,1434240.0,1506360.0,1435.0,1573.0
ETV,61.685945175091106,169820.0,152285.0,3742.0,3944.0
ACGL,61.67009982570115,1439760.0,1781270.0,1432.0,1375.0
WHG,61.6542544763112,17400.0,18975.0,5313.5,5343.0
SANA,61.638409126921246,2250820.0,2418960.0,1026.0,1073.0
AGD,61.62256377753129,61900.0,90530.0,4549.0,4369.0
CRBP,61.606718428141335,574380.0,351140.0,2508.0,3174.0
UGI,61.590873078751386,3813560.0,2067895.0,623.0,1231.0
NIE,61.57502772936143,40000.0,47885.0,4827.0,4811.0
MBINL,61.559182379971475,9280.0,9055.0,5587.5,5670.0
ARR,61.543337030581526,3921140.0,3597965.0,602.0,742.0
PRCH,61.52749168119157,1431480.0,1960555.0,1436.0,1274.0
FE,61.511646331801614,3422100.0,4536485.0,675.0,610.0
SFBS,61.495800982411666,203920.0,249875.0,3557.0,3499.0
AEXA,61.47995563302171,46300.0,63485.0,4735.5,4620.0
IVVD,61.464110283631754,3038220.0,3325840.0,764.0,794.0
CHYM,61.448264934241806,8041580.0,8963920.0,281.0,273.0
NWL,61.43241958485185,5750700.0,10241120.0,404.0,234.0
SELF,61.416574235461894,31760.0,28920.0,4993.0,5122.0
BOE,61.400728886071946,107380.0,101735.0,4167.0,4286.0
ANSCU,61.38488353668199,0.0,10.3,6287.0,6264.0
RAVE,61.36903818729203,26180.0,25940.0,5105.0,5180.0
BWMN,61.35319283790207,707120.0,491320.0,2258.0,2817.0
AZTA,61.337347488512115,513640.0,678960.0,2622.5,2491.0
CUE,61.32150213912217,234440.0,196960.0,3427.0,3719.0
PFE,61.30565678973221,31004720.0,39398225.0,51.0,38.0
SGU,61.289811440342255,22880.0,25050.0,5169.0,5202.0
AIO,61.2739660909523,63440.0,75835.0,4539.0,4484.0
LANDP,61.25812074156235,24840.0,24265.0,5140.0,5220.5
ED,61.242275392172395,2288580.0,2398435.0,1010.0,1088.0
TWO-PA,61.22643004278244,12497.0,15829.9,5467.0,5424.0
COLM,61.21058469339249,597280.0,717320.0,2462.0,2419.0
LNT,61.194739344002535,2918700.0,2678610.0,795.0,986.0
NAMS,61.17889399461258,1119280.0,1076900.0,1719.0,1926.0
TRN,61.16304864522263,611460.0,811990.0,2430.0,2280.0
SRL,61.147203295832675,26940.0,30425.0,5085.0,5095.0
NYT,61.13135794644272,1672940.0,2346075.0,1296.0,1118.0
SBSI,61.11551259705277,108420.0,139435.0,4157.0,4019.0
HHS,61.099667247662815,1102300.0,281055.0,1737.0,3377.0
DTSQ,61.08382189827286,440.0,2680.0,6154.5,5995.0
IDE,61.06797654888291,29540.0,40200.0,5041.0,4928.0
TLX,61.052131199492955,77040.0,102830.0,4403.0,4281.0
HNI,61.03628585010299,341100.0,594385.0,3065.0,2629.0
INDO,61.020440500713036,143280.0,231785.0,3910.5,3556.0
NTIC,61.00459515132308,1660.0,6000.0,6018.5,5826.0
CL,60.98874980193313,3669100.0,4574875.0,638.0,604.0
EOT,60.972904452543176,30560.0,24330.0,5015.5,5216.0
DSX-PB,60.95705910315322,1276.6,1773.05,6061.0,6082.0
ALISU,60.941213753763265,0.0,120.0,6287.0,6234.5
NTHI,60.925368404373316,569340.0,233915.0,2515.0,3549.0
NEPH,60.90952305498336,34560.0,22710.0,4931.0,5255.0
NREF-PA,60.893677705593404,5014.2,2619.65,5805.0,6004.0
TATT,60.877832356203456,157480.0,202070.0,3816.0,3695.0
DKI,60.8619870068135,53660.0,631575.0,4648.0,2567.0
COR,60.846141657423544,1540420.0,1484410.0,1369.0,1585.0
TR,60.830296308033596,165060.0,152770.0,3773.0,3939.0
YORW,60.81445095864364,112460.0,122115.0,4124.0,4147.0
ECCC,60.798605609253684,6140.0,3630.0,5747.5,5960.0
NCA,60.782760259863736,49600.0,70600.0,4694.0,4532.0
ENPH,60.76691491047378,3234840.0,4671115.0,721.0,589.0
NTIP,60.751069561083824,14980.0,23995.0,5384.5,5226.0
CSWC,60.735224211693875,590660.0,699420.0,2476.0,2450.0
IDT,60.71937886230392,159120.0,187775.0,3800.0,3765.0
PLMR,60.703533512913964,229400.0,257450.0,3454.0,3469.0
GBCI,60.687688163524,728080.0,1146110.0,2214.0,1864.0
CBT,60.671842814134045,344980.0,478230.0,3052.0,2851.0
CNET,60.6559974647441,306540.0,606175.0,3157.0,2611.0
GLV,60.64015211535414,64500.0,54515.0,4532.0,4716.0
BGC,60.624306765964185,3087400.0,2566845.0,754.0,1026.0
FEBO,60.60846141657423,7020.0,7215.0,5703.5,5758.0
STRT,60.59261606718428,108480.0,88415.0,4156.0,4383.0
UBCP,60.576770717794325,2980.0,3040.0,5931.0,5983.0
SHO-PI,60.56092536840437,4599.6,4151.5,5833.0,5933.0
CTVA,60.54508001901442,3509940.0,4807820.0,663.0,568.0
AGRO,60.529234669624465,1117720.0,813145.0,1722.0,2276.0
USAR,60.51338932023451,11487420.0,11969205.0,193.0,194.0
OIA,60.49754397084456,114980.0,125790.0,4107.0,4118.0
FSBW,60.481698621454605,14000.0,21305.0,5414.5,5289.0
CAAP,60.46585327206465,268600.0,183905.0,3288.0,3782.0
HSTM,60.4500079226747,178920.0,201305.0,3687.0,3701.0
EMA,60.434162573284745,294620.0,630160.0,3195.5,2570.0
RCG,60.41831722389479,6800.0,4855.0,5714.0,5882.0
ZTR,60.40247187450484,110580.0,111905.0,4140.0,4218.0
CHD,60.386626525114885,1551920.0,1845935.0,1362.0,1339.0
BKHA,60.37078117572493,660.0,900.0,6130.5,6132.0
AFB,60.354935826334966,57700.0,58940.0,4605.5,4664.0
ITUB,60.33909047694501,24309360.0,20841225.0,74.0,107.0
BPYPP,60.32324512755506,9440.0,11265.0,5581.5,5585.0
ARTNA,60.307399778165106,32120.0,31440.0,4985.0,5069.0
SAIC,60.29155442877515,312120.0,405150.0,3137.0,3035.0
NPB,60.275709079385194,179480.0,207760.0,3686.0,3665.0
KMDA,60.259863729995246,288200.0,109985.0,3213.0,4230.0
UYSC,60.24401838060529,300.0,395.0,6176.5,6196.0
SRE,60.228173031215334,3617940.0,3764350.0,645.0,721.0
REG,60.212327681825386,983360.0,1402625.0,1865.0,1631.0
BAX,60.19648233243543,6217800.0,7999220.0,372.0,315.0
AIRJ,60.180636983045474,1881500.0,2200295.0,1188.0,1179.0
CAPN,60.164791633655526,0.0,1780.0,6287.0,6080.0
MACIU,60.14894628426557,140.0,205.0,6207.0,6224.0
NEXN,60.133100934875614,585020.0,508985.0,2485.0,2776.0
CEPU,60.117255585485665,244640.0,223265.0,3379.0,3599.0
CWT,60.10141023609571,411380.0,480095.0,2868.0,2845.0
EXR,60.085564886705754,741940.0,1255850.0,2195.5,1765.0
PCG-PX,60.069719537315805,348869.8,197866.75,3040.0,3713.0
ACOG,60.05387418792585,205720.0,128545.0,3550.0,4095.0
IOR,60.038028838535894,880.0,405.0,6103.0,6192.0
NMI,60.02218348914593,20000.0,22635.0,5235.0,5259.0
DG,60.006338139755975,1878820.0,1947250.0,1192.0,1280.0
OGS,59.99049279036603,413980.0,484610.0,2855.0,2836.0
GDS,59.97464744097607,2840680.0,1915635.0,825.0,1301.0
BLBD,59.958802091586115,686260.0,607100.0,2296.0,2606.0
UTZ,59.94295674219616,1411020.0,6915675.0,1455.0,377.0
QRVO,59.92711139280621,1040360.0,1299170.0,1800.0,1723.0
AOSL,59.911266043416255,873260.0,593530.0,2015.0,2631.0
ACEL,59.8954206940263,274180.0,278110.0,3269.0,3389.0
DGICA,59.87957534463635,100160.0,117060.0,4227.0,4181.0
SPCB,59.863729995246395,121340.0,90300.0,4050.0,4371.0
CNTB,59.84788464585644,457640.0,364030.0,2750.0,3143.0
AFJK,59.83203929646649,3220.0,28270.0,5912.0,5136.5
KGEI,59.816193947076535,209800.0,153735.0,3532.5,3934.0
BRBS,59.80034859768658,2268140.0,755140.0,1017.0,2354.0
CNOBP,59.78450324829663,10900.0,8675.0,5519.0,5692.0
LYFT,59.768657898906675,9420480.0,12540450.0,241.0,182.0
GRVY,59.75281254951672,60560.0,50315.0,4578.0,4777.0
SJM,59.73696720012677,1046300.0,1258005.0,1792.0,1763.0
HIPO,59.721121850736814,148140.0,181620.0,3870.0,3793.0
GRF,59.70527650134686,460.0,2385.0,6151.5,6029.0
FSHP,59.689431151956896,17000.0,4250.0,5327.0,5928.0
IIM,59.67358580256694,104260.0,89775.0,4196.0,4375.0
UEIC,59.65774045317699,114960.0,88545.0,4108.0,4380.5
KCHVU,59.641895103787036,0.0,55.0,6287.0,6247.0
MIDD,59.62604975439708,879720.0,605940.0,2007.0,2612.0
GLO,59.610204405007124,80240.0,101235.0,4379.0,4293.0
IMMR,59.594359055617176,408500.0,708435.0,2873.0,2431.0
AYTU,59.57851370622722,33180.0,30620.0,4962.0,5091.0
CCEC,59.562668356837264,7820.0,10860.0,5652.5,5600.0
RDN,59.546823007447315,721480.0,1015605.0,2234.0,1996.0
DSGR,59.53097765805736,216760.0,243065.0,3501.0,3523.0
SPCE,59.515132308667404,13241760.0,8970410.0,160.0,272.0
AAL,59.499286959277455,45509400.0,61298000.0,23.0,15.0
CLLS,59.4834416098875,15560.0,17800.0,5364.0,5371.0
MTD,59.467596260497544,128060.0,167700.0,4002.0,3848.0
PFGC,59.451750911107595,2625120.0,1782575.0,888.0,1373.0
GUT,59.43590556171764,170180.0,188410.0,3740.0,3762.0
PMM,59.420060212327684,126680.0,110470.0,4007.0,4226.0
HBAN,59.404214862937735,16526980.0,26908040.0,126.0,72.0
FSHPU,59.38836951354778,0.0,5.0,6287.0,6270.0
BCBP,59.372524164157824,112680.0,184350.0,4123.0,3781.0
OSK,59.35667881476786,455540.0,906505.0,2753.0,2143.0
LBTYB,59.340833465377905,5260.0,2635.0,5789.0,5998.0
SOR,59.324988115987956,9280.0,9450.0,5587.5,5657.0
VGM,59.309142766598,155540.0,136155.0,3831.5,4045.0
DLNG,59.293297417208045,43180.0,95145.0,4779.0,4338.0
LGL,59.27745206781809,10440.0,8480.0,5536.5,5703.0
SNTG,59.26160671842814,27420.0,280815.0,5080.5,3378.0
GRX,59.245761369038185,13600.0,16470.0,5428.0,5412.0
HIG,59.22991601964823,1120740.0,1572105.0,1718.0,1525.0
IVA,59.21407067025828,565760.0,702695.0,2523.0,2442.0
GNRC,59.198225320868325,835040.0,1203145.0,2063.0,1813.0
FELE,59.18237997147837,190900.0,290860.0,3628.0,3343.0
O,59.16653462208842,6112880.0,5248320.0,377.0,510.0
RGTI,59.150689272698465,15476300.0,20359420.0,136.0,111.0
EFC-PB,59.13484392330851,2857.4,8899.0,5939.0,5680.0
CNP,59.11899857391856,4070580.0,6183505.0,584.0,430.0
IBOC,59.103153224528604,292040.0,307750.0,3207.0,3300.0
IQI,59.08730787513865,198240.0,154985.0,3589.0,3922.0
NEWT,59.0714625257487,181640.0,227215.0,3675.0,3580.0
TY,59.055617176358744,34240.0,28615.0,4940.5,5131.0
PAM,59.03977182696879,146760.0,173900.0,3883.0,3822.0
ELS,59.023926477578826,1320700.0,1609440.0,1519.0,1505.0
PGACU,59.00808112818887,1107.8,276.95,6074.0,6213.0
HON,58.99223577879892,2683000.0,3424105.0,874.0,774.0
DHCNI,58.976390429408966,17360.0,13070.0,5316.0,5510.0
SNFCA,58.96054508001901,46040.0,30415.0,4742.0,5096.0
LOBO,58.944699730629054,72240.0,60765.0,4449.0,4643.0
PCQ,58.928854381239105,140300.0,138710.0,3938.0,4025.0
VKI,58.91300903184915,53940.0,69645.0,4644.0,4538.0
RIBB,58.897163682459194,260.0,340.0,6187.5,6206.0
DRS,58.881318333069245,695740.0,821525.0,2275.0,2270.0
SHO-PH,58.86547298367929,12466.8,7438.7,5468.0,5749.0
VKQ,58.849627634289334,210060.0,175950.0,3531.0,3817.0
MKLYU,58.833782284899385,200.0,8150.0,6195.5,5721.0
MEGI,58.81793693550943,112000.0,138440.0,4128.0,4027.0
ETB,58.802091586119474,50120.0,50170.0,4688.0,4778.0
FOR,58.786246236729525,87140.0,116635.0,4326.0,4183.0
AXR,58.77040088733957,14220.0,13990.0,5407.0,5472.0
OPEN,58.754555537949614,64706960.0,50635250.0,13.0,22.0
BCAT,58.738710188559665,768300.0,657680.0,2149.0,2527.0
GPAT,58.72286483916971,0.0,22455.0,6287.0,5265.0
OLP,58.70701948977975,77560.0,93070.0,4399.0,4350.0
CCS,58.69117414038979,206620.0,263795.0,3544.0,3439.0
GCMG,58.675328790999835,461680.0,491105.0,2740.0,2818.0
NOEM,58.659483441609886,0.0,9000.0,6287.0,5672.0
LGI,58.64363809221993,19320.0,36495.0,5248.0,4987.0
SPXX,58.627792742829975,238000.0,219775.0,3414.0,3611.0
CUZ,58.61194739344002,1315840.0,1724740.0,1526.0,1416.0
MKTW,58.59610204405007,13400.0,12455.0,5434.0,5534.0
TNET,58.580256694660115,307200.0,452745.0,3153.0,2908.0
NVG,58.56441134527016,564900.0,494995.0,2526.0,2806.0
AGYS,58.54856599588021,361320.0,311490.0,3003.0,3287.0
IGA,58.532720646490255,103940.0,72265.0,4199.0,4515.0
AXS,58.5168752971003,600820.0,745090.0,2454.0,2378.0
OR,58.50102994771035,799460.0,942300.0,2115.0,2088.0
V,58.485184598320394,8481320.0,7105480.0,270.0,363.0
FERG,58.46933924893044,1594160.0,4417315.0,1333.0,622.0
CHAR,58.45349389954049,3860.0,18635.0,5873.5,5351.0
GSRFU,58.437648550150534,0.0,400.0,6287.0,6194.0
LXP-PC,58.42180320076058,2289.0,3862.4,5973.0,5945.0
BABA,58.40595785137063,10144100.0,9251780.0,225.0,261.0
PAYO,58.390112501980674,6040740.0,5435595.0,384.0,484.0
IE,58.37426715259072,1390740.0,1937190.0,1468.0,1282.0
GOODN,58.358421803200756,1600.0,2545.0,6024.5,6013.0
LZB,58.3425764538108,459940.0,390595.0,2745.0,3086.0
BMN,58.32673110442085,5180.0,7175.0,5792.5,5759.0
PRHIZ,58.310885755030895,1280.2,2126.15,6060.0,6048.0
PRTA,58.29504040564094,309020.0,493365.0,3150.0,2809.0
QETA,58.279195056250984,0.0,0.0,6287.0,6283.5
LEGH,58.263349706861035,118780.0,147385.0,4073.0,3977.0
DRI,58.24750435747108,1090840.0,1196780.0,1755.0,1818.0
NTLA,58.231659008081124,2468920.0,3314415.0,954.0,796.0
TRS,58.215813658691175,384340.0,452750.0,2937.0,2907.0
EPR-PE,58.19996830930122,1160.4,6416.4,6068.0,5802.0
GERN,58.184122959911264,7929720.0,11207085.0,285.0,212.0
IIPR,58.168277610521315,313440.0,311740.0,3134.0,3286.0
CC,58.15243226113136,2714220.0,3044000.0,863.0,862.0
MFM,58.136586911741404,317780.0,298790.0,3121.0,3315.0
CNA,58.120741562351455,322060.0,445375.0,3111.5,2930.0
ANSC,58.1048962129615,3171.4,17906.95,5914.0,5366.0
COLA,58.08905086357154,6040.0,10405.0,5758.5,5617.0
RMM,58.073205514181595,31880.0,39725.0,4990.0,4935.0
SKYX,58.05736016479164,1041100.0,950825.0,1798.0,2074.0
XPL,58.04151481540168,86320.0,87650.0,4334.0,4388.0
BRK-B,58.02566946601172,4289840.0,4296120.0,552.0,639.0
HIW,58.009824116621765,915540.0,1394165.0,1961.0,1644.0
RVLV,57.993978767231816,801500.0,963110.0,2111.0,2063.0
SCCD,57.97813341784186,1000.0,1215.0,6087.0,6110.0
SBS,57.962288068451905,14936580.0,8567645.0,144.0,291.0
BAC-PL,57.94644271906195,14716.6,10657.5,5390.0,5606.0
PERI,57.930597369672,301200.0,336440.0,3174.0,3209.0
PMO,57.914752020282044,61180.0,64875.0,4565.0,4596.0
PUK,57.89890667089209,1076360.0,1142090.0,1768.0,1867.0
HRMY,57.88306132150214,572500.0,769370.0,2511.0,2341.0
CRML,57.867215972112184,4890880.0,5935920.0,479.0,445.0
VTN,57.85137062272223,20300.0,24130.0,5228.5,5223.0
SMRT,57.83552527333228,1544320.0,1741545.0,1368.0,1407.0
STAG,57.819679923942324,1044640.0,1630955.0,1795.0,1489.0
RIBBU,57.80383457455237,220.0,115.0,6191.5,6236.0
CRUS,57.78798922516242,751440.0,807725.0,2181.0,2287.0
PNI,57.772143875772464,46780.0,48180.0,4731.0,4804.0
YIBO,57.75629852638251,17440.0,112640.0,5312.0,4213.0
LCCC,57.74045317699256,1620.0,4505.0,6022.0,5910.0
GTEN,57.724607827602604,2440.0,75695.0,5968.5,4485.0
DMB,57.70876247821265,74200.0,59290.0,4421.5,4660.0
TAL,57.6929171288227,3457680.0,5389250.0,667.0,491.0
QSEA,57.67707177943273,1040.0,8205.0,6082.0,5715.0
TDAC,57.66122643004278,114900.0,68960.0,4109.0,4545.0
UHT,57.645381080652825,89380.0,96940.0,4308.0,4329.0
BANFP,57.62953573126287,340.0,795.0,6170.0,6149.5
HAVAU,57.613690381872914,0.0,470.0,6287.0,6188.0
AQST,57.597845032482965,5199980.0,3338940.0,454.0,791.0
CE,57.58199968309301,1282920.0,2041900.0,1550.0,1244.0
NEE-PS,57.566154333703054,115268.4,65829.0,4105.0,4578.0
LEO,57.550308984313105,284020.0,277170.0,3233.0,3395.0
SIMA,57.53446363492315,960.0,655.0,6093.0,6166.0
BRK-A,57.518618285533194,140.0,160.0,6207.0,6227.5
AMCR,57.502772936143245,4272880.0,4044930.0,556.0,684.0
BACC,57.48692758675329,280.0,27220.0,6183.5,5164.0
LPLA,57.47108223736333,470340.0,695240.0,2717.0,2464.0
FWONA,57.455236887973385,133060.0,147235.0,3972.0,3978.0
SPKL,57.43939153858343,10140.0,27735.0,5548.0,5148.5
RILY,57.42354618919347,455400.0,587200.0,2755.0,2639.0
LINK,57.407700839803525,22800.0,15750.0,5171.0,5425.0
RANG,57.39185549041357,1900.0,970.0,6008.0,6129.0
RERE,57.37601014102361,792480.0,879470.0,2123.0,2178.0
CXDO,57.360164791633665,273980.0,502605.0,3271.0,2788.0
FAST,57.344319442243695,6578120.0,7931310.0,351.0,320.0
YHNA,57.328474092853746,1920.0,1925.0,6007.0,6072.0
PRQR,57.31262874346379,736260.0,739750.0,2206.0,2386.0
ARLP,57.296783394073834,437860.0,409905.0,2789.0,3024.0
NEE-PT,57.28093804468388,50627.4,261415.8,4682.0,3450.0
HTD,57.26509269529393,37940.0,53195.0,4874.0,4741.0
HOUR,57.249247345903974,13880.0,19570.0,5418.5,5330.5
WBS-PF,57.23340199651402,7314.2,8201.15,5691.0,5716.0
ASPCU,57.21755664712407,0.0,113.25,6287.0,6237.0
NHIC,57.201711297734114,61480.0,113255.0,4560.0,4211.0
GPUS-PD,57.18586594834416,5179.0,3512.45,5794.0,5963.0
SLG,57.17002059895421,841080.0,1057190.0,2055.0,1940.0
NXPL,57.154175249564254,65740.0,47100.0,4512.0,4821.0
PMTRU,57.1383299001743,0.0,50.0,6287.0,6250.0
XYZ,57.12248455078435,4120100.0,4938130.0,579.0,553.0
DX,57.106639201394394,4499400.0,5323345.0,523.0,500.0
NYAX,57.09079385200444,50440.0,22190.0,4684.0,5269.0
AVO,57.07494850261449,443040.0,729300.0,2777.0,2399.0
YUMC,57.059103153224534,1213660.0,1549875.0,1623.0,1544.0
DPRO,57.04325780383458,834280.0,779990.0,2064.0,2326.0
TVACU,57.02741245444463,0.0,105.0,6287.0,6240.5
STRR,57.01156710505466,4020.0,4105.0,5860.0,5936.0
EVER,56.99572175566471,509960.0,693000.0,2635.0,2465.0
STRA,56.979876406274755,257660.0,316540.0,3326.0,3269.0
ARCO,56.9640310568848,1613220.0,1133960.0,1324.0,1873.0
ATLCP,56.948185707494844,4780.0,4460.0,5819.0,5915.0
EEA,56.932340358104895,1800.0,14145.0,6012.5,5465.0
OACC,56.91649500871494,180.0,26815.0,6200.0,5168.0
WDFC,56.90064965932498,87940.0,110645.0,4320.0,4224.0
CHMI-PA,56.884804309935035,2199.4,2544.8,5981.0,6014.0
SCD,56.86895896054508,76640.0,80060.0,4406.0,4447.0
NUV,56.85311361115512,493540.0,518765.0,2664.0,2757.0
VMO,56.837268261765175,177180.0,182290.0,3699.5,3789.0
CCZ,56.82142291237522,40.0,110.0,6234.5,6238.5
KFII,56.80557756298526,720.0,9560.0,6119.0,5648.0
PGAC,56.789732213595315,400.0,860.0,6162.0,6141.0
AACB,56.77388686420536,222240.0,75505.0,3475.5,4487.0
BPYPN,56.7580415148154,17620.0,13840.0,5300.0,5481.0
INMD,56.742196165425455,396300.0,480170.0,2905.0,2844.0
NAC,56.7263508160355,429100.0,426890.0,2817.0,2984.0
LKSPU,56.71050546664554,0.0,130.0,6287.0,6231.0
LXEO,56.694660117255594,996000.0,1104545.0,1844.0,1900.0
FACTU,56.678814767865624,0.0,25.0,6287.0,6259.0
NSA-PB,56.662969418475676,,,,
CGNT,56.64712406908572,339860.0,440305.0,3070.0,2945.0
SCE-PM,56.631278719695764,47414.6,64405.55,4721.0,4606.0
BXC,56.61543337030581,141160.0,179550.0,3929.0,3803.0
TTWO,56.59958802091586,1637820.0,2150845.0,1316.0,1195.0
GIWWU,56.583742671525904,0.0,70.0,6287.0,6246.0
APD,56.56789732213595,661320.0,1003540.0,2334.5,2019.0
HPK,56.552051972746,467140.0,518665.0,2728.0,2758.0
MMSI,56.536206623356044,861220.0,1164495.0,2033.0,1847.0
WTG,56.52036127396609,25100.0,17020.0,5128.0,5393.0
DMAA,56.50451592457614,5060.0,6595.0,5802.0,5791.5
TRTX-PC,56.488670575186184,5767.6,4584.45,5767.0,5905.0
MYN,56.47282522579623,148880.0,203145.0,3866.0,3688.0
OGE,56.45697987640628,1157280.0,1398520.0,1675.0,1640.0
GTENU,56.441134527016324,40.0,215.0,6234.5,6222.0
PLMKU,56.42528917762637,0.0,20.0,6287.0,6260.5
NEA,56.40944382823642,1100260.0,854710.0,1741.0,2220.0
MHO,56.393598478846464,163460.0,218020.0,3777.0,3623.0
GTERA,56.37775312945651,680.0,5735.0,6124.0,5835.0
NAZ,56.36190778006656,11900.0,24050.0,5483.5,5224.5
NOG,56.34606243067659,2184900.0,2495260.0,1050.0,1052.0
AEAQU,56.33021708128664,0.0,5.0,6287.0,6270.0
MACI,56.314371731896685,960.0,1185.0,6093.0,6112.0
BDC,56.29852638250673,315080.0,491855.0,3131.0,2814.5
NBXG,56.28268103311677,180200.0,197065.0,3681.0,3717.0
NMP,56.266835683726825,0.0,48895.0,6287.0,4795.0
MATV,56.25099033433687,545460.0,612525.0,2573.0,2597.0
VHC,56.23514498494691,17360.0,16985.0,5316.0,5396.0
SGC,56.219299635556965,53100.0,64860.0,4650.0,4597.0
GEGGL,56.20345428616701,520.0,1245.0,6145.0,6108.0
TLNCU,56.18760893677705,0.0,35740.0,6287.0,4999.0
DB,56.171763587387105,1401200.0,1723345.0,1462.0,1418.0
BFS,56.15591823799715,123440.0,101140.0,4030.0,4294.0
NB,56.14007288860719,3194780.0,3695010.0,729.0,727.0
MDRR,56.124227539217244,720.0,6365.0,6119.0,5806.0
GPN,56.10838218982729,2652760.0,3175535.0,882.0,827.0
RFM,56.09253684043733,12540.0,8695.0,5465.0,5690.0
PCG-PD,56.076691491047384,2753.4,2741.2,5946.0,5992.0
ATII,56.06084614165743,100100.0,175715.0,4228.0,3818.0
LEVI,56.04500079226747,2332920.0,2160625.0,995.0,1193.0
NAD,56.029155442877524,601160.0,595360.0,2453.0,2628.0
KCHV,56.013310093487554,3940.0,18820.0,5865.0,5346.5
AFJKU,55.997464744097606,280.0,1950.0,6183.5,6067.5
CUBB,55.98161939470765,1080.0,1120.0,6078.5,6118.5
CHPG,55.965774045317694,0.0,870.0,6287.0,6138.5
COPL,55.94992869592774,36740.0,52290.0,4897.0,4754.0
OACCU,55.93408334653779,0.0,50.0,6287.0,6250.0
GSHR,55.918237997147834,260000.0,65455.0,3319.0,4587.0
TWO-PC,55.90239264775788,41003.4,35053.2,4814.0,5011.0
NBH,55.88654729836793,95460.0,85390.0,4252.0,4408.0
TVA,55.870701948977974,12620.0,20125.0,5462.0,5316.0
KMPB,55.85485659958802,5540.0,11505.0,5775.5,5569.0
SSEA,55.83901125019807,26140.0,18255.0,5106.5,5359.0
HCA,55.823165900808114,1128840.0,1388185.0,1707.0,1649.0
BLUW,55.80732055141816,12800.0,16920.0,5455.5,5399.0
MUC,55.79147520202821,395760.0,401470.0,2907.0,3049.0
TAVI,55.775629852638254,2780.0,2010.0,5944.0,6060.0
MGNI,55.7597845032483,3121960.0,2933765.0,743.0,893.0
KRP,55.74393915385835,1155640.0,936725.0,1680.0,2099.0
TVAIU,55.728093804468394,200.0,160.0,6195.5,6227.5
ALDF,55.71224845507844,300.0,27560.0,6176.5,5153.0
SVAQU,55.69640310568849,60.0,30.0,6227.5,6257.5
INR,55.68055775629852,213180.0,278295.0,3518.5,3386.0
PI,55.66471240690857,352800.0,517035.0,3027.0,2760.0
FACT,55.648867057518615,11480.0,57440.0,5499.0,4684.0
POLE,55.63302170812866,6140.0,39030.0,5747.5,4944.0
AACBU,55.6171763587387,120.0,35.0,6212.0,6255.5
SDHI,55.601331009348755,155080.0,57535.0,3833.0,4680.0
HVII,55.5854856599588,143260.0,103390.0,3912.0,4278.0
CDR-PC,55.56964031056884,7839.2,7452.35,5651.0,5747.0
SPEG,55.553794961178895,8220.0,10555.0,5632.5,5612.0
IBAC,55.53794961178894,1540.0,765.0,6032.0,6154.5
FOF,55.52210426239898,42380.0,45645.0,4791.0,4844.0
APACU,55.506258913009034,0.0,2235.0,6287.0,6040.0
NFGC,55.49041356361908,1309220.0,1391070.0,1527.0,1645.0
BHR-PB,55.47456821422912,12107.0,7810.75,5475.0,5733.0
KFIIU,55.458722864839174,0.0,35.0,6287.0,6255.5
CRWS,55.44287751544922,204900.0,104910.0,3552.0,4265.0
NPAC,55.42703216605926,109940.0,44725.0,4144.0,4861.0
MKLY,55.411186816669314,18720.0,110400.0,5265.0,4227.0
CUBWU,55.39534146727936,0.0,5.0,6287.0,6270.0
MHK,55.3794961178894,922920.0,1053105.0,1953.0,1947.0
DSM,55.363650768499454,153820.0,149890.0,3839.0,3964.0
SOCA,55.347805419109484,660.0,21450.0,6130.5,5283.0
KTF,55.331960069719536,169420.0,244350.0,3747.0,3516.0
SVCC,55.31611472032958,420.0,4850.0,6157.0,5884.0
DRDB,55.300269370939624,1780.0,71490.0,6014.5,4524.0
ORIQ,55.28442402154967,7660.0,4705.0,5663.0,5898.0
JACS,55.26857867215972,180.0,10595.0,6200.0,5609.5
CUBE,55.252733322769764,1900280.0,2253240.0,1178.0,1145.0
WPP,55.23688797337981,433420.0,583760.0,2808.0,2645.0
QSEAU,55.22104262398986,0.0,0.0,6287.0,6283.5
IPEXU,55.205197274599904,0.0,14.6,6287.0,6263.0
GJS,55.18935192520995,520.0,370.0,6145.0,6199.5
SHOP,55.17350657582,6792360.0,11717360.0,340.0,199.0
LWAC,55.157661226430044,26500.0,11105.0,5091.5,5592.0
OTGAU,55.14181587704009,0.0,6495.0,6287.0,5795.5
SCE-PN,55.12597052765014,34011.6,17484.4,4945.0,5383.0
TACH,55.11012517826018,9760.0,40350.0,5563.0,4926.0
LGVN,55.09427982887023,697140.0,441985.0,2273.0,2936.0
WHLRD,55.07843447948028,140.0,405.0,6207.0,6192.0
LPBB,55.06258913009032,9900.0,70060.0,5556.5,4536.0
FIGX,55.04674378070037,1620.0,6875.0,6022.0,5779.0
EVAC,55.03089843131042,3920.0,46415.0,5866.5,4831.0
INAC,55.01505308192045,840.0,2465.0,6108.5,6018.5
QUMS,54.9992077325305,13800.0,35985.0,5421.0,4994.0
EMD,54.983362383140545,199180.0,162760.0,3582.0,3879.0
TVAI,54.96751703375059,24040.0,38895.0,5152.0,4948.0
VZLA,54.95167168436063,4388680.0,5170890.0,537.0,519.0
EVN,54.935826334970685,70860.0,92555.0,4463.0,4355.0
CHPGU,54.91998098558073,0.0,0.0,6287.0,6283.5
SPEGU,54.90413563619077,0.0,6265.0,6287.0,5810.0
NZF,54.888290286800824,469620.0,553500.0,2718.0,2697.0
WMS,54.87244493741087,826960.0,744235.0,2083.0,2380.0
WEC,54.85659958802091,3231700.0,2448215.0,722.0,1060.0
CUB,54.840754238630964,44740.0,149225.0,4757.5,3969.0
NKTX,54.82490888924101,391920.0,619770.0,2918.0,2585.0
CCIIU,54.80906353985105,0.0,0.0,6287.0,6283.5
SZZL,54.793218190461104,117260.0,100570.0,4085.0,4299.0
ASPC,54.77737284107115,920.0,1915.0,6097.5,6073.5
OBA,54.76152749168119,2060.0,7070.0,5994.0,5765.0
COO,54.745682142291244,1808620.0,1882055.0,1215.0,1312.0
FTAIM,54.72983679290129,2760.0,2585.0,5945.0,6006.0
CRAQ,54.71399144351133,0.0,365.0,6287.0,6201.5
EGHA,54.698146094121384,413080.0,107655.0,2857.0,4243.0
OYSE,54.68230074473143,1620.0,2320.0,6022.0,6032.0
SBXD,54.666455395341465,3840.0,80010.0,5875.0,4448.0
SIG,54.65061004595151,512380.0,629785.0,2628.0,2571.0
SOCAU,54.634764696561554,400.0,550.0,6162.0,6179.0
SOUL,54.6189193471716,6060.0,75670.0,5755.5,4486.0
BEAG,54.60307399778165,1560.0,7065.0,6029.0,5766.0
IPGP,54.587228648391694,574600.0,470635.0,2506.0,2863.0
TBBK,54.57138329900174,277260.0,419345.0,3255.0,3000.0
GAMB,54.55553794961179,357165.8,,3017.0,
TLNC,54.539692600221834,7620.0,24360.0,5667.0,5214.0
OXLCZ,54.52384725083188,3640.0,4600.0,5888.5,5904.0
PAII,54.50800190144193,6120.0,11715.0,5750.5,5560.0
LHX,54.49215655205197,1749600.0,1709670.0,1244.0,1429.0
PACH,54.47631120266202,3260.0,30985.0,5910.0,5081.0
GROY,54.46046585327207,2210480.0,2378955.0,1043.0,1103.0
GPATU,54.44462050388211,20.0,10.0,6239.0,6265.5
WRAP,54.42877515449216,992060.0,730390.0,1853.0,2395.0
ECCV,54.41292980510221,9060.0,4850.0,5601.5,5884.0
CRAQU,54.39708445571225,0.0,40.0,6287.0,6254.0
SPG-PJ,54.3812391063223,705.4,1092.15,6122.0,6123.0
YCY,54.36539375693235,43320.0,11570.0,4777.0,5565.0
AXIN,54.34954840754239,7980.0,56750.0,5641.5,4696.0
LWACU,54.33370305815243,60.0,15.0,6227.5,6262.0
PKX,54.317857708762475,267380.0,326405.0,3294.0,3242.0
RFMZ,54.30201235937252,56700.0,51995.0,4616.5,4757.0
OXLCL,54.28616700998256,1420.0,1480.0,6043.0,6097.0
RMMZ,54.270321660592614,10720.0,8415.0,5526.5,5705.0
AAON,54.25447631120266,1280660.0,1268635.0,1553.0,1751.0
FERA,54.2386309618127,280.0,68385.0,6183.5,4554.0
IPEX,54.222785612422754,3420.0,35470.0,5899.0,5001.0
EVTV,54.2069402630328,,,,
ALF,54.19109491364284,120.0,815.0,6212.0,6147.0
IR,54.175249564252894,2872880.0,4300515.0,812.0,638.0
VCV,54.15940421486294,82660.0,103565.0,4364.0,4277.0
ATO,54.14355886547298,1249140.0,1031085.0,1588.0,1975.0
PINE-PA,54.127713516083034,3656.8,5424.35,5886.0,5848.0
HCMAU,54.11186816669308,60.0,85.0,6227.5,6244.0
NFBK,54.09602281730312,0.0,,6287.0,
AVTR,54.080177467913174,5388900.0,11547950.0,438.0,204.0
OXLCO,54.06433211852322,1420.0,1040.0,6043.0,6126.0
LPAA,54.04848676913326,780.0,21175.0,6113.5,5292.0
BEAGU,54.032641419743314,0.0,5.0,6287.0,6270.0
SYY,54.01679607035336,2658280.0,3621210.0,879.0,735.0
HSY,54.000950720963395,999840.0,1529565.0,1834.0,1556.0
TROW,53.98510537157344,1395820.0,1900695.0,1465.0,1305.0
AVA,53.969260022183484,557760.0,641760.0,2546.0,2549.0
MHD,53.95341467279353,340300.0,294335.0,3068.0,3330.0
CMRE-PC,53.93756932340358,3232.8,2659.65,5911.0,5997.0
HAVA,53.921723974013624,2000.0,9800.0,6002.0,5643.0
CRANU,53.90587862462367,880.0,465.0,6103.0,6189.0
TYG,53.89003327523372,97040.0,126325.0,4240.0,4110.0
APAC,53.87418792584376,2640.0,14970.0,5954.5,5447.0
VNME,53.85834257645381,10140.0,2910.0,5548.0,5986.5
GSHRU,53.84249722706386,0.0,5.0,6287.0,6270.0
KSPI,53.8266518776739,533260.0,543295.0,2585.0,2715.0
WTRG,53.81080652828395,1580920.0,1980670.0,1347.0,1268.0
FIGXU,53.794961178894,180.0,110.0,6200.0,6238.5
MPA,53.77911582950404,26820.0,26655.0,5087.0,5170.0
VACI,53.76327048011409,1240500.0,338835.0,1597.0,3203.0
FMN,53.74742513072414,23480.0,25460.0,5160.0,5189.0
BSAAU,53.73157978133418,0.0,90.0,6287.0,6243.0
STEW,53.71573443194423,57220.0,79125.0,4611.0,4458.0
VNMEU,53.69988908255428,0.0,0.0,6287.0,6283.5
PML,53.68404373316432,306340.0,370310.0,3158.0,3128.0
SEG,53.66819838377436,90400.0,77070.0,4302.0,4474.0
CRAC,53.652353034384404,45300.0,19860.0,4749.5,5322.0
RAC,53.63650768499445,40180.0,17905.0,4825.0,5367.0
PEB-PH,53.62066233560449,7495.2,7625.1,5679.0,5739.0
RNGTU,53.604816986214544,340.0,315.0,6170.0,6209.0
MBVIU,53.58897163682459,0.0,485.0,6287.0,6185.0
ACRE,53.57312628743463,302700.0,487810.0,3167.0,2826.0
ALIS,53.557280938044684,7940.0,46515.0,5643.0,4827.0
NMPAU,53.54143558865473,0.0,120.0,6287.0,6234.5
OZK,53.52559023926477,979760.0,1084530.0,1870.0,1920.0
NDMO,53.509744889874824,134940.0,164210.0,3962.0,3869.0
ADAMM,53.49389954048487,13660.0,13400.0,5425.0,5495.0
RLJ-PA,53.47805419109491,16215.0,17481.7,5345.0,5384.0
NEWTP,53.462208841704964,3080.0,2445.0,5925.0,6025.0
AIIA,53.44636349231501,1600.0,11460.0,6024.5,5572.5
HVMC,53.43051814292505,255200.0,153545.0,3339.0,3936.0
MSBIP,53.414672793535104,1820.0,2620.0,6009.5,6003.0
KOYNU,53.39882744414515,0.0,285.0,6287.0,6211.0
ETI-P,53.38298209475519,747.8,1646.2,6117.0,6088.0
HCACU,53.367136745365244,0.0,1750.0,6287.0,6084.0
COLAU,53.35129139597529,0.0,0.0,6287.0,6283.5
HVMCU,53.335446046585325,200.0,50.0,6195.5,6250.0
MYI,53.31960069719537,329800.0,276925.0,3088.0,3397.0
CEPF,53.303755347805414,145020.0,48835.0,3897.0,4799.0
ADAMZ,53.28790999841546,8340.0,6615.0,5630.0,5789.5
GTERU,53.27206464902551,680.0,540.0,6124.0,6181.5
BPYPO,53.25621929963555,16480.0,11325.0,5339.0,5580.0
PRDO,53.2403739502456,623600.0,741910.0,2414.0,2383.0
TDF,53.22452860085565,49880.0,52395.0,4691.0,4752.0
MMTX,53.20868325146569,27100.0,9540.0,5083.0,5649.5
SDHIU,53.19283790207574,120.0,30.0,6212.0,6257.5
BBD,53.17699255268579,29615120.0,29600515.0,55.0,64.0
BLZRU,53.16114720329583,1800.0,1915.0,6012.5,6073.5
BOX,53.14530185390588,2347560.0,2805100.0,990.0,940.0
ORIQU,53.12945650451593,0.0,0.0,6287.0,6283.5
LKSP,53.11361115512597,91380.0,33955.0,4292.0,5032.0
JENA,53.09776580573602,20360.0,8530.0,5227.0,5699.0
CHEC,53.08192045634607,10940.0,12500.0,5515.5,5531.0
NLY-PJ,53.06607510695611,32094.8,35265.1,4987.0,5005.0
ADUS,53.05022975756616,171820.0,214040.0,3728.5,3640.0
PLMK,53.03438440817621,1560.0,14295.0,6029.0,5461.0
PSTV,53.01853905878625,92437.8,,4282.0,
KOYN,53.00269370939629,3920.0,45555.0,5866.5,4847.0
EMIS,52.986848360006334,20.0,1885.0,6239.0,6075.0
NEWTI,52.97100301061638,2120.0,1410.0,5987.0,6100.0
FWONK,52.95515766122642,1605300.0,2029815.0,1325.0,1249.0
PGP,52.939312311836474,61520.0,70985.0,4557.5,4528.0
CHECU,52.92346696244652,0.0,0.0,6287.0,6283.5
MMI,52.90762161305656,122180.0,131150.0,4041.0,4080.0
MESO,52.891776263666614,231400.0,194595.0,3445.0,3736.0
GAINZ,52.87593091427666,4260.0,8655.0,5846.5,5694.0
WSTN,52.8600855648867,4620.0,47710.0,5830.5,4813.0
MDV-PA,52.844240215496754,3389.8,2556.75,5902.0,6011.0
SORNU,52.8283948661068,0.0,875.0,6287.0,6137.0
VRSN,52.81254951671684,692040.0,880625.0,2286.0,2176.0
RUM,52.796704167326894,5788100.0,3267585.0,399.0,803.0
BPAC,52.78085881793694,26200.0,22765.0,5103.0,5253.0
MMU,52.76501346854698,120500.0,115840.0,4060.0,4192.0
RITM-PD,52.749168119157034,39885.8,45820.2,4832.0,4838.0
CIX,52.73332276976708,7640.0,7705.0,5665.0,5736.0
TDS-PV,52.71747742037712,21411.8,27792.95,5199.0,5146.0
AVK,52.70163207098717,145240.0,136285.0,3893.0,4044.0
BPACU,52.68578672159722,0.0,45.0,6287.0,6253.0
DSACU,52.669941372207255,0.0,1110.0,6287.0,6120.0
HCMA,52.6540960228173,6580.0,7895.0,5725.5,5728.0
IVR-PC,52.63825067342734,8681.8,15399.25,5613.0,5438.0
IPCX,52.62240532403739,127134.2,62241.15,4004.0,4627.0
EP-PC,52.60655997464744,2013.4,3259.05,6000.0,5974.0
PFXNZ,52.59071462525748,4540.0,1380.0,5836.0,6101.0
BFH-PA,52.57486927586753,8386.6,8663.2,5628.0,5693.0
DMII,52.55902392647758,1100.0,27465.0,6076.0,5155.0
CRAN,52.54317857708762,20240.0,24980.0,5231.0,5207.0
LAFA,52.52733322769767,1660.0,4940.0,6018.5,5877.0
DTF,52.51148787830772,440.0,4790.0,6154.5,5890.0
TOWN,52.49564252891776,423500.0,614920.0,2826.0,2594.0
PVH,52.47979717952781,913660.0,869120.0,1962.0,2194.0
MNSBP,52.46395183013786,1340.0,845.0,6048.5,6143.5
AEBI,52.4481064807479,755120.0,395380.0,2174.0,3067.0
NSP,52.43226113135795,395620.0,603470.0,2908.0,2618.0
CMCL,52.416415781968,221700.0,192820.0,3479.0,3744.0
NPACU,52.40057043257804,2140.0,2990.0,5984.5,5985.0
PAY,52.38472508318809,939320.0,1295010.0,1927.0,1727.0
CPT,52.36887973379814,716400.0,880720.0,2244.0,2175.0
BLRKU,52.3451117097132,0.0,615.0,6287.0,6173.5
ADACU,52.3451117097132,0.0,0.0,6287.0,6283.5
RLTY,52.321343685628264,44180.0,52450.0,4769.0,4751.0
MNOV,52.30549833623831,39160.0,31830.0,4844.0,5065.0
ADC,52.28965298684835,1113300.0,1301490.0,1729.0,1718.0
GOODO,52.273807637458404,7340.0,6115.0,5690.0,5824.0
XRPNU,52.25796228806845,1300.0,345.0,6058.0,6204.5
PHAR,52.24211693867849,26220.0,22130.0,5100.5,5271.0
TDWD,52.226271589288544,1100.0,1810.0,6076.0,6076.0
POWWP,52.21042623989859,4280.0,2000.0,5844.5,6061.0
CBSH,52.19458089050863,836800.0,1011800.0,2061.0,2005.0
GJT,52.178735541118684,520.0,725.0,6145.0,6159.0
NUW,52.16289019172873,42860.0,46435.0,4782.0,4830.0
NEWTG,52.14704484233877,3640.0,3005.0,5888.5,5984.0
HVIIU,52.131199492948824,604.2,151.05,6136.0,6229.0
SMWB,52.11535414355887,2237640.0,987590.0,1035.0,2033.0
NDAQ,52.09950879416891,1926500.0,3143635.0,1158.0,837.0
UEC,52.08366344477896,5486520.0,7490885.0,428.0,344.0
ANGH,52.06781809538901,28140.0,36355.0,5065.5,4990.0
STRRP,52.05197274599905,7400.0,2625.0,5683.5,6002.0
WAFU,52.0361273966091,215740.0,2752385.0,3507.0,959.0
GIW,52.02028204721915,70520.0,65090.0,4468.0,4593.0
DT,52.004436697829185,9209100.0,6854280.0,247.0,382.0
SCI,51.98859134843923,719360.0,1166415.0,2236.0,1844.0
NNY,51.97274599904927,28020.0,44500.0,5068.0,4864.0
DMIIU,51.95690064965932,900.0,345.0,6099.0,6204.5
BIXIU,51.94105530026937,1420.0,1205.0,6043.0,6111.0
TSN,51.92520995087941,2928480.0,3262865.0,791.0,806.0
WSTNU,51.90936460148946,100.0,50.0,6216.5,6250.0
GNL-PB,51.89351925209951,3016.0,7474.25,5929.0,5745.0
SBR,51.87767390270955,22300.0,37790.0,5183.0,4963.5
LAC,51.8618285533196,11089560.0,9202980.0,204.0,263.0
WENN,51.84598320392965,47720.0,21345.0,4716.5,5287.0
ADSE,51.83013785453969,8300.0,19940.0,5631.0,5319.0
GPOR,51.81429250514974,307140.0,331980.0,3155.0,3223.0
EVOX,51.79844715575979,158800.0,54095.0,3810.0,4723.0
APXT,51.78260180636983,29260.0,437830.0,5045.0,2950.0
IRHOU,51.76675645697988,0.0,0.0,6287.0,6283.5
SCPQU,51.75091110758993,140.0,6360.0,6207.0,5807.0
BANC-PF,51.73506575819997,50588.0,34030.6,4683.0,5030.0
OXLCP,51.71922040881002,0.0,0.0,6287.0,6283.5
MSI,51.70337505942007,833080.0,919935.0,2067.0,2126.0
MMD,51.68752971003011,77880.0,56940.0,4395.0,4692.0
EDF,51.67168436064015,60020.0,89650.0,4583.5,4377.0
OCCIN,51.655839011250194,2700.0,2085.0,5950.0,6051.5
CIMP,51.63999366186024,6820.0,7495.0,5712.5,5744.0
ECCU,51.62414831247028,5860.0,4080.0,5763.5,5937.0
BIXI,51.608302963080334,33520.0,16610.0,4952.5,5408.0
TSLA,51.59245761369038,32562240.0,39197755.0,48.0,39.0
LAFAU,51.57661226430042,0.0,405.0,6287.0,6192.0
KBONU,51.560766914910474,80.0,240.0,6221.0,6217.0
PEB-PG,51.54492156552052,2066.4,4927.1,5993.0,5878.0
CCII,51.52907621613056,7680.0,19265.0,5660.5,5341.0
SMP,51.513230866740614,113320.0,135445.0,4120.0,4050.0
ARL,51.49738551735066,9520.0,12380.0,5577.0,5538.0
TWLV,51.4815401679607,62720.0,36500.0,4543.0,4986.0
DDL,51.46569481857075,362740.0,362025.0,2998.0,3147.0
BWBBP,51.4498494691808,3900.0,2260.0,5869.5,6039.0
HROW,51.43400411979084,615660.0,557990.0,2423.0,2687.0
SCIIU,51.41815877040089,0.0,395.0,6287.0,6196.0
DMAAU,51.40231342101094,0.0,71.15,6287.0,6245.0
ODV,51.38646807162098,2273443.6,,1014.0,
NKX,51.37062272223103,129320.0,155090.0,3992.0,3919.0
PEB-PE,51.35477737284108,1982.2,4718.8,6004.0,5896.0
GDOT,51.33893202345112,448280.0,403915.0,2767.0,3038.0
OXLCN,51.32308667406116,2040.0,2630.0,5996.5,5999.5
TKO,51.3072413246712,984500.0,1093455.0,1863.0,1911.0
NXP,51.29139597528125,167500.0,152490.0,3762.0,3940.0
BLK,51.2755506258913,415620.0,616400.0,2850.0,2591.0
ALUB,51.25970527650134,40.0,30180.0,6234.5,5101.0
LFACU,51.24385992711139,80.0,6310.0,6221.0,5809.0
IGACU,51.22801457772144,400.0,125.0,6162.0,6232.5
PMTR,51.21216922833148,12880.0,24275.0,5449.5,5219.0
MBNKO,51.19632387894153,1140.0,1135.0,6070.0,6117.0
AVY,51.18047852955158,776220.0,887805.0,2144.0,2164.0
RCI,51.16463318016162,1045960.0,1374090.0,1793.0,1662.0
UTG,51.14878783077167,224080.0,276745.0,3469.5,3398.0
LINE,51.13294248138172,723660.0,1053600.0,2229.5,1945.0
XRPN,51.11709713199176,73440.0,46250.0,4428.0,4835.5
EXC,51.10125178260181,4879640.0,7665680.0,480.0,329.0
TCBIO,51.08540643321186,9340.0,11550.0,5585.0,5566.0
ALV,51.0695610838219,429220.0,538420.0,2816.0,2726.0
GNSS,51.05371573443195,105820.0,82400.0,4181.0,4431.0
IGAC,51.037870385042,11980.0,53245.0,5481.0,4739.0
UMBFO,51.02202503565204,6620.0,7870.0,5723.5,5729.5
VIASP,51.00617968626209,0.0,3155.55,6287.0,5977.0
TWLVU,50.990334336872124,80.0,20.0,6221.0,6260.5
OTGA,50.97448898748217,40480.0,91820.0,4824.0,4357.0
APXTU,50.95864363809221,20.0,12695.0,6239.0,5521.0
BCSS,50.942798288702264,3280.0,36855.0,5908.0,4981.0
KEY-PI,50.92695293931231,46172.2,53735.7,4740.0,4731.0
RVSB,50.91110758992235,73060.0,56615.0,4433.0,4697.0
INVA,50.8952622405324,563740.0,678550.0,2532.0,2492.0
HRB,50.87941689114245,4179820.0,2781280.0,570.0,948.0
BTT,50.86357154175249,60220.0,68165.0,4581.0,4555.0
DAAQ,50.84772619236254,57600.0,30735.0,4607.0,5087.5
FUL,50.83188084297259,741600.0,670210.0,2197.0,2502.0
AQNB,50.81603549358263,30520.0,16840.0,5018.0,5402.0
EBAY,50.80019014419268,4633260.0,4575155.0,509.0,603.0
NMCO,50.78434479480273,197620.0,189390.0,3594.0,3757.0
RRR,50.76849944541277,653380.0,739015.0,2352.5,2387.0
PEB-PF,50.75265409602282,1778.0,2309.6,6016.0,6035.0
EICA,50.73680874663287,4200.0,2465.0,5849.0,6018.5
ARTCU,50.72096339724291,180.0,245.0,6200.0,6216.0
GLP,50.70511804785296,92380.0,88300.0,4284.0,4384.0
RNGT,50.68927269846301,300.0,815.0,6176.5,6147.0
SSD,50.67342734907305,239980.0,271530.0,3403.0,3413.0
BDCIU,50.65758199968309,720.0,765.0,6119.0,6154.5
QCOM,50.64173665029313,8256580.0,11411500.0,275.0,208.0
AUBN,50.62589130090318,780.0,1335.0,6113.5,6104.0
VNO,50.61004595151323,1049320.0,1692605.0,1790.0,1443.0
AGNCZ,50.59420060212327,49500.0,35955.0,4696.0,4997.0
FC,50.57835525273332,78440.0,78975.0,4391.0,4460.0
KRSP,50.56250990334337,7360.0,22515.0,5687.5,5264.0
III,50.54666455395341,249540.0,255535.0,3357.0,3478.0
EFC-PC,50.53081920456346,1359.2,3180.7,6047.0,5975.0
MBINM,50.51497385517351,3440.0,4350.0,5897.5,5921.0
EHC,50.49912850578355,858920.0,926860.0,2034.0,2120.0
GEG,50.4832831563936,8820.0,5690.0,5609.5,5837.0
GNL-PA,50.46743780700365,15788.4,9236.0,5355.0,5664.0
OCCIM,50.45159245761369,6240.0,3450.0,5742.0,5965.0
DYOR,50.43574710822374,137480.0,79090.0,3951.0,4459.0
NL,50.41990175883379,34820.0,40945.0,4923.0,4918.0
HE,50.40405640944383,1944360.0,1865130.0,1150.0,1322.0
RQI,50.38821106005388,477800.0,533500.0,2695.0,2736.0
PMTU,50.37236571066393,1480.0,1105.0,6036.0,6121.0
OIMAU,50.35652036127397,40.0,10.0,6234.5,6265.5
CIM-PC,50.34067501188402,11762.8,11169.75,5490.0,5589.0
WSBCO,50.324829662494054,29920.0,18480.0,5034.0,5352.5
SB-PC,50.3089843131041,0.0,247.55,6287.0,6215.0
PCG-PB,50.29313896371414,5557.8,4952.0,5772.0,5875.0
DDT,50.27729361432419,6240.0,8355.0,5742.0,5710.0
DYAI,50.26144826493424,284620.0,207415.0,3228.0,3667.0
GPACU,50.24560291554428,1020.0,1930.0,6084.5,6071.0
EVOXU,50.22975756615433,886.2,471.9,6101.0,6187.0
RDAG,50.21391221676438,4500.0,24345.0,5838.0,5215.0
DUK,50.19806686737442,3842080.0,4701520.0,619.0,583.0
EPRT,50.18222151798447,1255200.0,1451955.0,1581.0,1608.0
LRMR,50.16637616859452,1123760.0,1223400.0,1714.5,1794.0
PRIF-PL,50.15053081920456,1123.8,1787.7,6071.0,6078.0
FVNNU,50.13468546981461,0.0,492.0,6287.0,6184.0
HTFC,50.11884012042466,3440.0,4270.0,5897.5,5927.0
SBGI,50.1029947710347,421420.0,543275.0,2832.0,2716.0
GSRF,50.08714942164475,20160.0,21285.0,5234.0,5290.0
MBVI,50.0713040722548,1820.0,12740.0,6009.5,5518.5
PRVA,50.05545872286484,1064880.0,1266945.0,1777.0,1754.0
BPYPM,50.03961337347489,17280.0,21385.0,5321.0,5285.0
CCNEP,50.02376802408494,960.0,690.0,6093.0,6163.0
PED,50.00792267469498,22420.0,25575.0,5178.5,5186.0
COLD,49.992077325305026,3025140.0,4014250.0,766.0,687.0
RITM-PA,49.97623197591507,9142.0,13206.05,5594.0,5503.0
BXP,49.960386626525114,1077380.0,1484715.0,1767.0,1584.0
AFBI,49.944541277135166,0.0,,6287.0,
BIDU,49.92869592774521,5323360.0,2741815.0,443.0,963.0
ATLCL,49.91285057835525,7000.0,4735.0,5706.0,5894.0
TEL,49.8970052289653,1822820.0,2605365.0,1209.0,1012.0
OFSSO,49.88115987957534,1080.0,480.0,6078.5,6186.0
AZN,49.86531453018539,3559820.0,4132850.0,654.0,661.0
MMTXU,49.84946918079544,0.0,0.0,6287.0,6283.5
MESHU,49.83362383140548,1500.0,1415.0,6033.5,6099.0
CMRE-PD,49.81777848201553,3400.4,3851.65,5901.0,5947.0
INBKZ,49.80193313262558,2920.0,2150.0,5934.0,6044.5
MTCH,49.78608778323562,2772300.0,3114035.0,842.0,845.0
GJH,49.77024243384567,640.0,1265.0,6133.5,6107.0
UMH,49.75439708445572,738700.0,630940.0,2201.0,2568.0
SEAL-PA,49.738551735065755,2149.8,2682.7,5983.0,5994.0
TXNM,49.7227063856758,682280.0,771200.0,2302.0,2337.0
TAC,49.70686103628585,1879120.0,1766000.0,1191.0,1387.0
ADAMG,49.691015686895895,18800.0,14770.0,5263.5,5448.0
BGY,49.67517033750594,143860.0,203350.0,3904.0,3686.0
BUI,49.65932498811599,69400.0,68650.0,4478.0,4551.0
METCI,49.643479638726035,1460.0,2315.0,6038.0,6033.5
VNO-PM,49.62763428933608,15290.6,11662.05,5369.0,5563.0
MSCI,49.61178893994613,738940.0,773275.0,2200.0,2333.0
IIPR-PA,49.595943590556175,16547.0,31249.3,5335.0,5072.0
CHMI-PB,49.58009824116621,2313.4,2039.5,5972.0,6057.0
TACO,49.56425289177626,22660.0,41705.0,5174.0,4906.0
GNL-PE,49.54840754238631,8534.6,6922.15,5621.0,5774.0
LPCVU,49.53256219299635,440.0,420.0,6154.5,6190.0
SFBC,49.5167168436064,4600.0,17545.0,5832.0,5379.0
NIM,49.50087149421645,6960.0,14105.0,5707.0,5466.0
MTB-PH,49.48502614482649,34952.4,77463.5,4919.0,4472.0
JHX,49.46918079543654,5362320.0,7595220.0,440.0,335.0
PNFP-PB,49.45333544604659,4735.0,11383.6,5821.0,5576.0
RPT-PC,49.43749009665663,965.6,2143.95,6090.0,6046.0
AOMN,49.42164474726668,4840.0,5520.0,5817.0,5845.0
TACOU,49.40579939787672,60.0,395.0,6227.5,6196.0
MDLZ,49.389954048486764,5920200.0,8816640.0,391.0,279.0
UTF,49.374108699096816,236680.0,244100.0,3419.0,3517.0
DTE,49.35826334970686,1265160.0,1413200.0,1567.0,1625.0
DNMX,49.342418000316904,0.0,5695.0,6287.0,5836.0
PPG,49.326572650926956,1223940.0,1910815.0,1616.0,1302.0
ITHAU,49.310727301537,0.0,0.0,6287.0,6283.5
BUSEP,49.294881952147044,5540.0,12865.0,5775.5,5515.0
BSBK,49.279036602757095,14320.0,11525.0,5404.5,5567.0
EPSN,49.26319125336714,190400.0,141035.0,3635.0,4005.0
NOC,49.24734590397718,611780.0,701990.0,2429.0,2446.0
ADAMI,49.23150055458723,12780.0,8565.0,5457.5,5698.0
NEWTH,49.21565520519727,5440.0,4565.0,5779.0,5907.0
VHCPU,49.19980985580732,120.0,940.0,6212.0,6130.0
WAFDP,49.18396450641737,7500.0,12165.0,5677.0,5545.0
TVC,49.16811915702741,11740.0,12075.0,5491.0,5547.0
ROAD,49.15227380763746,674960.0,1227565.0,2312.0,1790.0
OFSSH,49.13642845824751,2920.0,8865.0,5934.0,5684.0
NMZ,49.12058310885755,567480.0,635470.0,2519.0,2561.0
CCID,49.1047377594676,3780.0,1485.0,5878.5,6096.0
ONCH,49.08889241007765,212300.0,128015.0,3522.0,4099.0
BANX,49.073047060687685,37740.0,35115.0,4877.0,5010.0
AOMD,49.05720171129773,7640.0,4500.0,5665.0,5911.0
MITT-PC,49.04135636190778,12674.8,10292.9,5461.0,5620.0
NLY-PI,49.025511012517825,27999.6,34246.5,5069.0,5029.0
PCAP,49.00966566312787,74680.0,77865.0,4417.0,4467.0
NAN,48.99382031373792,88420.0,87245.0,4315.5,4390.5
nan,48.977974964347965,88420.0,87245.0,4315.5,4390.5
HLN,48.96212961495801,5420360.0,10400135.0,435.0,230.0
BIPC,48.94628426556806,763620.0,1248150.0,2159.0,1771.0
ASUR,48.930438916178105,92020.0,111970.0,4288.0,4217.0
MQY,48.91459356678815,481100.0,389560.0,2689.0,3089.0
AGNCO,48.89874821739819,24580.0,22005.0,5144.0,5273.0
GNL-PD,48.88290286800824,4123.2,3751.25,5852.0,5953.0
RGCO,48.86705751861828,12800.0,16940.0,5455.5,5398.0
KEY-PL,48.85121216922833,31234.2,47612.2,4999.0,4815.0
CEPV,48.83536681983838,60.0,29025.0,6227.5,5121.0
ABXL,48.81952147044842,7920.0,4630.0,5647.0,5903.0
GRAF,48.80367612105847,201260.0,141415.0,3570.0,4000.5
AGNCN,48.78783077166852,13020.0,19120.0,5444.0,5342.0
PMTV,48.77198542227856,11420.0,17895.0,5503.0,5368.0
ATAT,48.75614007288861,940100.0,799750.0,1925.0,2294.0
OXLCI,48.74029472349865,3020.0,4770.0,5928.0,5891.5
HPI,48.724449374108694,37460.0,40045.0,4888.5,4929.0
NMRA,48.708604024718746,827900.0,699550.0,2078.0,2449.0
PW-PA,48.69275867532879,60.0,98.5,6227.5,6242.0
GDL,48.676913325938834,15140.0,8060.0,5376.5,5725.0
IPAR,48.661067976548885,261980.0,259510.0,3311.0,3457.0
YJ,48.64522262715893,191800.0,2845745.0,3622.0,929.0
LOGI,48.629377277768974,721500.0,1165900.0,2233.0,1845.0
EQT,48.613531928379025,6068420.0,6942895.0,381.0,372.0
DLNG-PA,48.59768657898907,3495.2,4238.9,5896.0,5929.0
USLM,48.581841229599114,112200.0,163350.0,4127.0,3874.0
ELSE,48.56599588020916,0.0,,6287.0,
AKA,48.5501505308192,6440.0,3685.0,5729.0,5957.0
INSM,48.53430518142925,1834700.0,3147455.0,1206.0,836.0
IMPPP,48.5184598320393,1320.0,885.0,6052.0,6134.0
SEAL-PB,48.50261448264934,2750.4,4018.55,5947.0,5941.0
RITM-PC,48.486769133259386,21133.6,28898.75,5205.0,5123.0
ZKPU,48.47092378386944,0.0,545.0,6287.0,6180.0
PYT,48.45507843447948,340.0,615.0,6170.0,6173.5
NLY-PF,48.439233085089526,25754.4,27745.8,5115.0,5147.0
GSL-PB,48.42338773569958,6728.6,6577.5,5718.0,5794.0
TMHC,48.407542386309615,,,,
NSA-PA,48.39169703691966,,,,
ET-PI,48.37585168752971,95391.2,64817.65,4255.0,4598.0
TEN-PF,48.360006338139755,5853.4,6864.45,5765.0,5780.0
AGNCM,48.3441609887498,13060.0,13100.0,5441.0,5506.5
SB-PD,48.32831563935985,9165.6,4190.6,5593.0,5931.0
NI,48.312470289969895,5172440.0,5759090.0,458.0,463.0
TFIN-P,48.29662494057994,4982.0,3846.7,5807.0,5948.0
HUN,48.28077959118999,2118940.0,3488120.0,1078.0,759.0
BPOPM,48.264934241800034,840.0,1235.0,6108.5,6109.0
FRMEP,48.24908889241008,540.0,2130.0,6141.5,6047.0
RITM-PB,48.23324354302012,22005.4,23129.4,5186.0,5243.0
LATA,48.21739819363017,3580.0,1995.0,5893.0,6063.0
PMTW,48.20155284424021,8640.0,9695.0,5617.0,5645.5
EA,48.18570749485026,9742739.6,,233.0,
CEPO,48.16986214546031,199700.0,119465.0,3578.0,4160.0
OXLCG,48.15401679607035,5780.0,3410.0,5766.0,5968.0
EXE,48.1381714466804,2219620.0,3242940.0,1041.0,813.0
ASBA,48.12232609729045,21120.0,17305.0,5206.5,5385.5
AGNCP,48.10648074790049,42240.0,45650.0,4794.5,4843.0
PENN,48.09063539851054,2547580.0,2664590.0,916.0,991.0
OXSQG,48.07479004912058,3620.0,1775.0,5890.0,6081.0
PRIF-PD,48.058944699730624,671.6,1162.75,6127.0,6114.0
MFAN,48.043099350340675,9620.0,16565.0,5571.0,5409.0
METCZ,48.02725400095072,2720.0,2495.0,5949.0,6017.0
OC,48.011408651560764,636680.0,831045.0,2387.0,2262.0
AAP,47.995563302170815,1693780.0,1333570.0,1280.0,1700.0
BEPC,47.97971795278086,1991580.0,2267620.0,1129.0,1141.0
TRINZ,47.963872603390904,5760.0,6100.0,5768.0,5825.0
WMK,47.948027254000955,145160.0,165715.0,3894.0,3863.0
DYORU,47.932181904611,0.0,0.0,6287.0,6283.5
BLZR,47.916336555221044,10800.0,28270.0,5521.5,5136.5
DRDBU,47.90049120583109,0.0,0.0,6287.0,6283.5
CCIX,47.88464585644113,0.0,,6287.0,
COF,47.868800507051176,2959840.0,3547190.0,782.0,752.0
SRG-PA,47.85295515766123,3985.4,6116.05,5862.0,5823.0
KTH,47.83710980827127,280.0,635.0,6183.5,6170.0
GRBK,47.821264458881316,187560.0,209600.0,3649.0,3657.0
AWP,47.80541910949137,105460.0,142565.0,4183.0,3996.0
GECCG,47.78957376010141,2140.0,1950.0,5984.5,6067.5
VLYPN,47.773728410711456,10220.0,11350.0,5544.0,5579.0
CHCT,47.75788306132151,348580.0,360460.0,3041.0,3152.0
GJP,47.742037711931545,0.0,695.0,6287.0,6162.0
GLP-PB,47.72619236254159,16732.6,,5332.0,
EIM,47.71034701315164,140840.0,157935.0,3933.0,3894.0
AUDC,47.694501663761685,140960.0,121785.0,3930.5,4149.0
WENNU,47.67865631437173,1300.0,895.0,6058.0,6133.0
SAT,47.66281096498178,7240.0,5945.0,5694.5,5829.0
AVNS,47.646965615591824,,,,
DX-PC,47.63112026620187,4708.2,7975.35,5823.0,5726.0
NLY-PG,47.61527491681192,22374.0,21722.9,5180.0,5277.0
HFRO-PA,47.599429567421964,6745.2,11776.0,5717.0,5556.0
EIIA,47.58358421803201,1560.0,3705.0,6029.0,5955.0
TRINI,47.56773886864205,11640.0,8160.0,5495.0,5718.5
IFBD,47.54397084455712,8360.0,6750.0,5629.0,5782.0
HKD,47.54397084455712,109300.0,112575.0,4149.0,4215.0
CAPNR,47.52020282047219,0.0,0.0,6287.0,6283.5
SCWO,47.49643479638726,95340.0,58475.0,4256.5,4668.0
OXSQH,47.49643479638726,3080.0,2085.0,5925.0,6051.5
WAI,47.345903977182694,0.0,,6287.0,
XOMAO,47.345903977182694,0.0,,6287.0,
CNTA,47.345903977182694,,,,
CCIXU,47.345903977182694,0.0,,6287.0,
BLD,47.345903977182694,,,,
NUVL,47.345903977182694,0.0,,6287.0,
LPRO,47.345903977182694,0.0,,6287.0,
CCRN,47.345903977182694,0.0,,6287.0,
TBRG,47.345903977182694,,,,
GTLS,47.345903977182694,,,,
XOMA,47.345903977182694,0.0,,6287.0,
JHG,47.345903977182694,,,,
ASRT,47.345903977182694,0.0,,6287.0,
XOMAP,47.345903977182694,0.0,,6287.0,
KALV,47.345903977182694,,,,
OLPX,47.345903977182694,0.0,,6287.0,
CPRX,47.345903977182694,0.0,,6287.0,
CMRE-PB,47.203295832673106,847.0,1144.15,6107.0,6116.0
FFC,47.18745048328316,121120.0,92805.0,4052.0,4352.0
EPR-PG,47.1716051338932,2123.6,4694.25,5986.0,5900.0
PCG-PG,47.155759784503246,537.8,650.2,6143.0,6167.0
TRTN-PA,47.1399144351133,1582.6,2461.9,6027.0,6020.0
SPE-PC,47.12406908572334,3167.0,1692.9,5915.0,6086.0
NXPI,47.108223736333386,3542880.0,4526015.0,655.0,612.0
DNMXU,47.09237838694344,400.0,1055.0,6162.0,6125.0
LEG,47.07653303755348,1388920.0,1720205.0,1469.0,1420.0
SARO,47.06068768816352,3917800.0,3606740.0,603.0,739.0
ADAMH,47.04484233877357,33000.0,23690.0,4969.0,5233.0
BIP-PB,47.028996989383614,13049.2,13883.6,5442.0,5477.0
SBI,47.01315163999366,42320.0,59025.0,4793.0,4663.0
MHF,46.99730629060371,70040.0,63910.0,4474.0,4612.0
FCRS,46.981460941213754,25360.0,30970.0,5119.0,5083.0
APO-PA,46.9656155918238,1066048.6,,1775.0,
LCII,46.94977024243385,176180.0,264750.0,3705.0,3438.0
SSSSL,46.933924893043894,1340.0,880.0,6048.5,6136.0
ADAMO,46.91807954365394,30260.0,33930.0,5024.0,5033.0
MS-PE,46.90223419426398,38049.6,50784.85,4871.0,4768.0
MAS,46.88638884487403,1906220.0,2930070.0,1171.0,897.0
DFP,46.87054349548407,32400.0,43470.0,4982.0,4882.0
SKYH,46.85469814609412,337000.0,196590.0,3075.0,3722.0
LUD,46.83885279670417,3700.0,12690.0,5883.5,5522.0
TEN-PE,46.82300744731421,4638.8,4114.95,5828.0,5935.0
NMS,46.80716209792426,19560.0,27435.0,5241.0,5157.0
NWSA,46.79131674853431,3192760.0,3945585.0,730.0,696.0
MITP,46.77547139914435,5860.0,13175.0,5763.5,5504.0
LIN,46.7596260497544,2009280.0,2171045.0,1124.0,1192.0
TDS-PU,46.74378070036445,21840.4,25983.45,5193.0,5178.0
BYD,46.727935350974484,678680.0,945340.0,2308.0,2086.0
ECL,46.712090001584535,1463660.0,1334040.0,1417.0,1699.0
OPP-PC,46.69624465219458,1027.4,770.55,6083.0,6152.0
MITN,46.680399302804624,4540.0,3110.0,5836.0,5980.5
AIN,46.664553953414675,271800.0,325665.0,3278.0,3245.0
CWK,46.64870860402472,1482600.0,1785810.0,1411.0,1371.0
GJR,46.63286325463476,0.0,280.0,6287.0,6212.0
TRTN-PC,46.617017905244815,4963.2,5178.65,5809.0,5862.0
CCLD,46.60117255585486,341440.0,398025.0,3063.0,3065.0
GDYN,46.5853272064649,1559700.0,2087160.0,1356.0,1221.0
MFAO,46.56948185707495,6240.0,9235.0,5742.0,5665.0
ALRM,46.55363650768499,347420.0,399780.0,3045.0,3058.0
HCXY,46.537791158295036,600.0,2015.0,6137.5,6058.0
IMXI,46.52194580890509,1912860.0,794620.0,1165.0,2305.0
UTSI,46.50610045951513,6320.0,7855.0,5737.0,5732.0
ATLCZ,46.490255110125176,9880.0,11460.0,5559.0,5572.5
LOB-PA,46.47440976073523,33407.4,28190.7,4957.0,5138.0
GAM-PB,46.45856441134527,19303.6,,5249.0,
GAU,46.442719061955316,3074200.0,3172525.0,759.0,830.0
WHFCL,46.42687371256537,4720.0,2405.0,5822.0,6027.0
NRP,46.41102836317541,40140.0,53780.0,4826.0,4730.0
GAINI,46.39518301378545,4760.0,5075.0,5820.0,5869.0
CIM-PD,46.3793376643955,11217.8,11127.95,5507.0,5591.0
TVE,46.363492315005544,9660.0,9435.0,5570.0,5658.0
CIMO,46.34764696561559,8820.0,7865.0,5609.5,5731.0
GLU-PB,46.33180161622564,410.4,1104.75,6159.0,6122.0
ODYS,46.315956266835684,37480.0,21355.0,4886.5,5286.0
MGRC,46.30011091744573,133180.0,178035.0,3971.0,3812.0
VNO-PL,46.28426556805578,12461.4,11262.75,5469.0,5586.0
FGBIP,46.268420218665824,5100.0,4300.0,5799.5,5925.0
BDCI,46.25257486927587,12880.0,39570.0,5449.5,4938.0
GECCI,46.23672951988591,320.0,375.0,6173.0,6198.0
HOG,46.22088417049596,2347540.0,2427915.0,991.0,1069.0
PBI-PB,46.205038821106,17400.0,17010.0,5313.5,5395.0
KMX,46.18919347171605,1756300.0,2292205.0,1242.0,1132.0
CIMN,46.1733481223261,8480.0,10275.0,5625.0,5621.0
DAAQU,46.15750277293614,500.0,335.0,6149.0,6207.0
ONCHU,46.14165742354619,1380.0,1585.0,6045.0,6092.0
PAYC,46.12581207415624,744960.0,1007815.0,2191.0,2011.0
PDPA,46.10996672476628,7500.0,4950.0,5677.0,5876.0
AQN,46.09412137537633,2914160.0,3957980.0,798.0,693.0
AVNW,46.078276025986376,111280.0,132415.0,4133.0,4077.0
TRTN-PB,46.06243067659641,2982.8,4685.7,5930.0,5901.0
TWOD,46.046585327206465,12780.0,21180.0,5457.5,5291.0
MS-PF,46.03073997781651,64835.6,98901.65,4522.0,4312.0
SPME,46.01489462842655,2540.0,1600.0,5960.0,6091.0
CRCT,45.999049279036605,717840.0,845445.0,2238.0,2238.0
LAES,45.98320392964665,10465180.0,13255355.0,217.0,164.0
OPK,45.96735858025669,2276560.0,4767190.0,1013.0,573.0
GRNT,45.951513230866745,765280.0,781040.0,2155.0,2323.0
WTW,45.93566788147679,609560.0,600575.0,2434.0,2624.0
SYF-PB,45.91982253208683,30753.2,51661.5,5010.0,4760.0
SEDG,45.903977182696885,2637860.0,3793105.0,885.0,713.0
RZC,45.88813183330692,33580.0,42110.0,4950.0,4900.5
ULTA,45.872286483916966,647640.0,570235.0,2366.0,2665.0
FLG-PU,45.85644113452702,10553.2,6216.95,5533.0,5815.0
VNO-PN,45.84059578513706,7381.0,7675.25,5686.0,5738.0
CME,45.824750435747106,1749240.0,2097410.0,1245.0,1216.0
PNFP-PA,45.80890508635716,10752.0,10834.75,5525.0,5601.0
WRB,45.7930597369672,1316460.0,1673470.0,1524.0,1453.0
CPS,45.777214387577246,198660.0,204215.0,3586.0,3680.0
RWTO,45.7613690381873,6420.0,5965.0,5730.0,5827.0
REXR-PB,45.74552368879734,719.8,1998.95,6121.0,6062.0
CURV,45.72967833940738,202720.0,262875.0,3561.5,3443.0
KIM-PN,45.71383299001743,465.4,234.35,6150.0,6219.0
NNI,45.697987640627474,145660.0,130045.0,3891.0,4088.5
MO,45.68214229123752,9956100.0,9952410.0,230.0,240.0
NMFCZ,45.66629694184757,5320.0,10870.0,5788.0,5599.0
BCO,45.650451592457614,385280.0,545800.0,2934.0,2711.0
BNTC,45.63460624306766,378940.0,156245.0,2948.0,3907.0
MDT,45.61876089367771,7114600.0,6909920.0,319.0,378.0
EFC,45.602915544287754,874280.0,1151775.0,2014.0,1860.0
VLYPP,45.5870701948978,8180.0,5505.0,5634.0,5846.0
CHSCN,45.57122484550785,14600.0,15715.0,5396.0,5426.0
EFC-PD,45.55537949611789,2090.0,719.0,5990.0,6160.0
WLKP,45.53953414672793,34580.0,38990.0,4929.0,4945.0
GEHC,45.52368879733798,2461940.0,4721700.0,957.0,581.0
GIL,45.50784344794803,1238660.0,1597160.0,1602.0,1511.0
GLOP-PA,45.49199809855807,3154.2,2540.85,5916.0,6015.0
COST,45.47615274916812,1377820.0,1797420.0,1476.0,1368.0
SPMA,45.460307399778166,11680.0,5270.0,5493.0,5855.5
TTEK,45.44446205038821,2587120.0,2991025.0,900.0,878.0
FT,45.42861670099826,64720.0,44130.0,4525.0,4873.0
ADVB,45.412771351608306,307740.0,2505905.0,3152.0,1050.0
VFF,45.39692600221834,1130060.0,1128920.0,1704.0,1884.0
MAA-PI,45.381080652828395,2804.4,2342.15,5940.0,6031.0
VHI,45.36523530343844,10800.0,12630.0,5521.5,5525.0
GSM,45.34938995404848,1319760.0,1805735.0,1521.0,1365.0
AGNCL,45.333544604658535,17360.0,12525.0,5316.0,5528.0
CHSCM,45.31769925526858,25920.0,25000.0,5111.0,5205.0
LKFN,45.30185390587862,199580.0,163430.0,3579.0,3873.0
GECCH,45.286008556488675,100.0,230.0,6216.5,6220.0
RWTN,45.27016320709872,7740.0,6665.0,5656.5,5786.0
TGS,45.25431785770876,231460.0,204020.0,3444.0,3682.5
MA,45.238472508318814,2895540.0,3030070.0,807.0,867.0
VLYPO,45.22262715892885,9440.0,8400.0,5581.5,5707.0
NRDS,45.206781809538896,717300.0,752310.0,2241.0,2359.0
MHH,45.19093646014895,12040.0,13250.0,5478.5,5498.5
PFD,45.17509111075899,24860.0,33375.0,5137.0,5042.0
STAK,45.159245761369036,1277720.0,6633715.0,1555.0,396.0
PCAPU,45.14340041197909,160.0,10145.0,6204.0,5628.0
PHG,45.12755506258913,715400.0,1353335.0,2247.0,1685.0
BTI,45.111709713199176,4686960.0,4056005.0,505.0,680.0
HOVNP,45.09586436380923,1940.0,5930.0,6006.0,5831.0
CFG-PI,45.08001901441927,15725.8,35278.65,5358.0,5004.0
RCD,45.06417366502931,7240.0,11230.0,5694.5,5587.0
HFRO-PB,45.04832831563936,8605.6,12048.4,5619.0,5548.0
UA,45.032482966249404,2672981.2,2875918.8,876.0,914.0
GALT,45.01663761685945,364580.0,382695.0,2990.0,3100.0
GBX,45.0007922674695,399440.0,385000.0,2900.0,3096.0
WM,44.984946918079544,1822680.0,1981765.0,1210.0,1266.0
BIP-PA,44.96910156868959,5250.0,5148.3,5790.0,5864.0
CICB,44.95325621929964,5520.0,4495.0,5777.0,5912.0
BZUN,44.937410869909684,133360.0,211320.0,3970.0,3650.0
NTWK,44.92156552051973,16360.0,13885.0,5343.0,5476.0
ASG,44.90572017112978,159020.0,283210.0,3803.5,3371.0
SCE-PL,44.88987482173982,21865.2,23731.15,5192.0,5232.0
BBDC,44.87402947234986,880280.0,755865.0,2006.0,2353.0
PCG-PH,44.85818412295991,500.4,1120.0,6148.0,6118.5
ONBPO,44.842338773569956,2860.0,5280.0,5937.5,5854.0
VNO-PO,44.82649342418,4915.8,8971.75,5815.0,5675.0
PAMT,44.81064807479005,23060.0,21040.0,5165.0,5298.0
RF-PC,44.794802725400096,61745.6,35638.8,4552.0,5000.0
TRTN-PD,44.77895737601014,3969.8,4193.6,5864.0,5930.0
RITM-PE,44.76311202662019,18660.4,31200.05,5266.0,5074.0
GLOP-PB,44.747266677230236,1305.8,2230.85,6056.0,6041.0
ONBPP,44.73142132784027,11820.0,8715.0,5488.0,5688.0
PERF,44.715575978450325,96240.0,340225.0,4245.0,3199.0
NWS,44.69973062906037,1144360.0,1120200.0,1689.0,1892.0
SWKHL,44.68388527967041,2540.0,3770.0,5960.0,5951.5
SLMBP,44.668039930280464,6120.0,3110.0,5750.5,5980.5
GJO,44.65219458089051,920.0,630.0,6097.5,6171.0
RWAYL,44.63634923150055,4920.0,4040.0,5813.5,5939.0
SKK,44.620503882110604,2800.0,6615.0,5942.0,5789.5
SIM,44.60465853272065,880.0,42570.0,6103.0,4891.0
CIM-PB,44.58881318333069,20871.2,25028.85,5216.0,5204.0
PVL,44.572967833940744,41000.0,45640.0,4815.0,4845.0
JXN-PA,44.55712248455078,21675.0,22538.7,5196.0,5262.0
RF-PF,44.541277135160826,34250.4,24751.2,4939.0,5208.0
CMS,44.52543178577088,4101140.0,4044260.0,580.0,685.0
MH,44.50958643638092,1178660.0,695300.0,1656.0,2463.0
BOH-PB,44.493741086990966,5142.8,11306.65,5796.0,5583.0
RSF,44.47789573760102,9400.0,9240.0,5583.0,5663.0
ALEC,44.46205038821106,1683560.0,1301220.0,1289.0,1720.0
MBAV,44.446205038821105,254084.0,,3342.0,
MBINN,44.43035968943116,9080.0,7165.0,5600.0,5760.0
MTB-PJ,44.4145143400412,29667.0,38721.9,5039.0,4951.0
LSAK,44.398668990651245,101160.0,115015.0,4216.5,4201.0
SMA,44.38282364126129,549540.0,697975.0,2564.0,2455.0
NHI,44.366978291871334,430920.0,391450.0,2811.0,3083.0
MBAVU,44.35113294248138,798.4,,6112.0,
ERC,44.33528759309143,31820.0,53925.0,4991.0,4724.0
WTFCN,44.319442243701474,30060.0,23875.0,5031.0,5227.0
UAA,44.30359689431152,8517620.0,9085525.0,267.0,269.0
SOMN,44.28775154492157,17460.0,39960.0,5309.5,4931.0
CRESY,44.27190619553161,162700.0,228570.0,3781.0,3571.0
JBK,44.25606084614166,300.0,235.0,6176.5,6218.0
FSS,44.24021549675171,367340.0,425540.0,2982.0,2988.0
RWT-PA,44.224370147361746,2116.0,3996.75,5988.0,5942.0
SAZ,44.20852479797179,7600.0,4170.0,5669.0,5932.0
REXR,44.19267944858184,1923960.0,2831855.0,1160.0,934.0
MITT-PA,44.176834099191886,3911.8,5188.7,5868.0,5861.0
TIC,44.16098874980193,2067500.0,2382545.0,1095.0,1100.0
HGV,44.14514340041198,927660.0,1167335.0,1942.0,1841.0
SAH,44.129298051022026,270620.0,317310.0,3283.0,3265.0
HPF,44.11345270163207,20760.0,27395.0,5219.0,5158.0
PHM,44.09760735224212,1256860.0,1649245.0,1578.0,1475.0
AXIA-PC,44.081762002852166,142071.6,106691.2,3918.0,4251.0
FFIN,44.06591665346221,577300.0,670105.0,2501.0,2503.0
FCPT,44.050071304072254,434220.0,687530.0,2803.0,2476.0
SO,44.0342259546823,3946420.0,5394025.0,598.0,490.0
PGZ,44.01838060529234,24700.0,17645.0,5141.0,5378.0
SAJ,44.002535255902394,5000.0,1640.0,5806.0,6089.0
GDRX,43.98668990651244,1411560.0,1576765.0,1454.0,1522.0
BIPJ,43.97084455712248,9720.0,7920.0,5566.0,5727.0
ABM,43.954999207732534,284560.0,384990.0,3229.0,3097.0
WAL,43.93915385834258,752600.0,955820.0,2180.0,2070.0
SCE-PG,43.92330850895262,9539.8,13859.4,5575.0,5480.0
CHSCL,43.907463159562674,26420.0,22890.0,5097.0,5247.0
YUM,43.89161781017271,2443040.0,2411660.0,966.0,1077.0
MSD,43.875772460782756,41360.0,46975.0,4808.0,4824.0
SAY,43.85992711139281,10180.0,5685.0,5545.0,5838.0
HBANL,43.84408176200285,18340.0,19415.0,5276.0,5339.0
MS-PQ,43.828236412612895,74027.8,54355.6,4423.0,4721.0
CTO-PA,43.81239106322295,2418.4,3413.7,5971.0,5967.0
GOOD,43.79654571383299,411980.0,442150.0,2865.5,2935.0
REGCP,43.780700364443035,860.0,1495.0,6105.5,6095.0
BBN,43.76485501505309,122080.0,120755.0,4042.0,4153.0
MTN,43.74900966566313,541980.0,603400.0,2576.0,2619.0
GGT,43.733164316273175,315960.0,299770.0,3128.0,3312.0
CAVA,43.71731896688322,4987340.0,4006130.0,471.0,688.0
TEAM,43.701473617493264,4337420.0,5550280.0,547.0,476.0
HIG-PG,43.68562826810331,21084.8,20221.65,5208.0,5313.0
BOOT,43.66978291871336,594620.0,752795.0,2470.0,2358.0
SEER,43.6539375693234,347500.0,939635.0,3042.0,2094.0
KTN,43.63809221993345,2440.0,1960.0,5968.5,6065.0
LFWD,43.6222468705435,8900.0,5625.0,5607.0,5841.0
LFMDP,43.60640152115354,2540.0,1940.0,5960.0,6069.0
FLC,43.59055617176359,11120.0,16025.0,5509.0,5419.0
VOYA-PB,43.57471082237364,17128.6,25161.95,5324.0,5198.0
EXPO,43.558865472983676,370020.0,491890.0,2979.0,2813.0
PCG-PA,43.54302012359372,4657.0,5349.8,5826.0,5850.0
JPM-PC,43.52717477420377,271538.8,186550.3,3280.0,3770.0
PPL,43.511329424813816,9002000.0,8621225.0,253.0,289.0
MS-PP,43.49548407542386,60590.2,69283.6,4577.0,4541.0
IPM,43.47963872603391,4100.0,6185.0,5855.0,5819.0
CIG,43.463793376643956,4805620.0,4886265.0,490.0,559.0
PMT-PC,43.447948027254,27742.6,21644.25,5073.0,5282.0
REXR-PC,43.43210267786405,806.8,2506.75,6110.0,6016.0
IVR,43.416257328474096,2012880.0,2621925.0,1123.0,1005.0
NBB,43.40041197908414,59040.0,54985.0,4595.0,4710.0
SHEN,43.384566629694184,361700.0,501785.0,3001.0,2791.0
AXIA,43.36872128030423,4199745.0,,564.0,
HESM,43.35287593091427,1127520.0,1162680.0,1710.0,1848.0
KVAC,43.337030581524324,963.0,,6091.0,
FRSH,43.32118523213437,8755400.0,9804355.0,260.0,246.0
ARKO,43.30533988274441,1537800.0,1120595.0,1371.0,1890.0
INVH,43.289494533354464,2945220.0,4061910.0,786.0,678.0
WBS-PG,43.27364918396451,7517.6,10072.55,5674.0,5630.0
BAC-PB,43.25780383457455,102497.2,91340.55,4209.0,4361.0
LDP,43.241958485184604,61420.0,65525.0,4561.0,4586.0
SWZ,43.22611313579464,20180.0,25270.0,5233.0,5195.0
TM,43.210267786404685,267700.0,392340.0,3292.0,3078.0
PFO,43.19442243701474,50140.0,30215.0,4687.0,5099.0
AIRTP,43.17857708762478,3280.0,4960.0,5908.0,5874.0
ATHS,43.162731738234825,18660.0,27090.0,5267.0,5166.0
ETX           ,43.14688638884488,17860.0,13505.0,5292.5,5492.0
RWTP,43.13104103945492,7580.0,5590.0,5671.5,5844.0
GLOP-PC,43.115195690064965,375.4,834.15,6165.0,6145.0
NPFD,43.09935034067502,61980.0,71895.0,4548.0,4520.0
DXR,43.08350499128506,2080.0,1550.0,5991.5,6093.0
UZF,43.067659641895105,6120.0,4575.0,5750.5,5906.0
SYF-PA,43.05181429250515,34486.8,49243.4,4932.0,4790.0
IBM,43.03596894311519,5565440.0,7979515.0,419.0,317.0
EVR,43.02012359372524,540860.0,572900.0,2577.0,2663.0
LUCD,43.00427824433529,963540.0,1080130.0,1888.0,1924.0
GAP,42.98843289494533,4783360.0,5192030.0,493.0,515.0
SAFE,42.97258754555538,244200.0,277415.0,3384.5,3394.0
BEPJ,42.95674219616543,5120.0,5600.0,5798.0,5843.0
CHMI,42.94089684677547,375140.0,580610.0,2959.0,2650.0
UHS,42.92505149738552,664280.0,957045.0,2328.0,2068.0
COHN,42.90920614799557,14660.0,18820.0,5393.0,5346.5
BNJ,42.89336079860561,8480.0,20065.0,5625.0,5318.0
STRC,42.87751544921565,1152500.0,1296925.0,1684.0,1725.0
SYPR,42.8616700998257,29760.0,30075.0,5036.0,5104.0
SDHY,42.845824750435746,70720.0,54590.0,4465.0,4715.0
PCRX,42.82997940104579,661640.0,730120.0,2332.0,2396.0
NPV,42.81413405165584,85140.0,74740.0,4344.5,4492.0
XNET,42.798288702265886,267620.0,250480.0,3293.0,3498.0
CSR,42.78244335287593,101900.0,140230.0,4212.0,4013.0
PLTR,42.76659800348598,29681320.0,46902995.0,54.0,27.0
AMH,42.750752654096026,1932340.0,2205180.0,1155.0,1175.0
AMH-PG,42.73490730470607,7600.4,6944.2,5668.0,5771.0
MTB-PK,42.719061955316114,31129.2,29531.05,5001.0,5111.0
GAB,42.70321660592616,653060.0,683345.0,2355.0,2482.0
CIM-PA,42.6873712565362,5634.2,5785.5,5771.0,5833.0
BNT,42.671525907146254,13520.0,15625.0,5431.0,5432.0
CRBG,42.6556805577563,4242980.0,4864855.0,558.0,563.0
BHR,42.63983520836634,257280.0,374545.0,3330.0,3117.0
ALH,42.623989858976394,1302640.0,720875.0,1534.0,2410.0
EFSCP,42.60814450958644,1320.0,1620.0,6052.0,6090.0
UZE,42.59229916019648,11860.0,6470.0,5485.5,5799.0
PMN,42.576453810806534,19900.0,140520.0,5237.0,4011.0
GF,42.56060846141658,19500.0,21115.0,5242.0,5294.0
CTA-PA,42.544763112026615,540.0,334.65,6141.5,6208.0
DUK-PA,42.52891776263667,86307.8,66760.95,4335.0,4573.0
MGEE,42.51307241324671,129220.0,183580.0,3994.5,3784.0
DLPN,42.497227063856755,20540.0,15055.0,5223.0,5444.0
APOG,42.481381714466806,118920.0,146655.0,4071.0,3980.0
LC,42.46553636507685,991900.0,1508295.0,1854.0,1571.0
J,42.449691015686895,829020.0,892850.0,2074.0,2160.0
BN,42.433845666296946,4799980.0,4601460.0,491.0,597.0
LNC-PD,42.41800031690699,32850.6,29295.25,4972.0,5114.0
PPIH,42.402154967517035,66460.0,67965.0,4504.0,4557.0
JBLU,42.38630961812708,20007820.0,35245460.0,102.0,46.0
NIQ,42.37046426873712,1934800.0,2005590.0,1154.0,1261.0
PSEC-PA,42.35461891934717,4339.0,4742.9,5843.0,5893.0
NTES,42.33877356995722,1071920.0,784510.0,1769.0,2318.0
VEON,42.32292822056726,76100.0,86785.0,4410.0,4397.0
XLO,42.30708287117731,18060.0,20285.0,5285.0,5312.0
ZBH,42.29123752178736,2092680.0,2541965.0,1087.0,1036.0
HNRG,42.2753921723974,694640.0,861745.0,2282.0,2209.0
REGCO,42.25954682300745,2080.0,2450.0,5991.5,6023.5
FMY,42.2437014736175,3780.0,3420.0,5878.5,5966.0
PNFP-PC,42.22785612422754,9141.2,14194.25,5595.0,5463.0
RLI,42.21201077483758,553900.0,865020.0,2555.0,2199.0
TTAM,42.19616542544763,284400.0,287065.0,3230.0,3356.0
GRND,42.180320076057676,1831960.0,1859305.0,1208.0,1325.0
IGI,42.16447472666772,9720.0,11305.0,5566.0,5584.0
UDR,42.14862937727777,2543260.0,3423695.0,918.0,775.0
MGIH,42.132784027887816,168440.0,853760.0,3756.0,2221.0
AUR,42.11693867849786,33118560.0,28592680.0,46.0,66.0
WEA,42.10109332910791,23760.0,25650.0,5156.0,5185.0
MS-PI,42.085247979717956,68479.6,66782.35,4488.0,4572.0
URBN,42.069402630328,976240.0,904570.0,1874.0,2144.0
TRTN-PF,42.053557280938044,6103.6,6653.15,5753.0,5787.0
ERH,42.03771193154809,22580.0,25040.0,5176.0,5203.0
HPS,42.02186658215813,47060.0,49865.0,4727.0,4781.0
RTO,42.006021232768184,1246140.0,1815055.0,1592.0,1360.0
UTI,41.99017588337823,1578900.0,1641125.0,1349.0,1483.0
WK,41.97433053398827,709120.0,794920.0,2256.0,2304.0
OPAL,41.958485184598324,155860.0,195260.0,3827.0,3728.0
STC,41.94263983520837,160340.0,245235.0,3792.0,3514.0
RA,41.92679448581841,188180.0,147600.0,3642.0,3974.0
ZKH,41.910949136428464,60020.0,118830.0,4583.5,4163.0
APO,41.89510378703851,3624540.0,3895315.0,644.0,702.0
BGSF,41.879258437648545,6160.0,8995.0,5746.0,5673.0
INDI,41.863413088258596,12396940.0,7501850.0,180.0,342.0
OPXS,41.84756773886864,30400.0,30335.0,5020.5,5098.0
LW,41.831722389478685,1056620.0,1837315.0,1785.0,1343.0
GGG,41.815877040088736,1232880.0,1452780.0,1609.0,1607.0
LND,41.80003169069878,80160.0,39550.0,4380.0,4939.0
RFI,41.784186341308825,90540.0,106340.0,4299.0,4254.0
PLG,41.768340991918876,1244760.0,984125.0,1593.0,2038.0
ECC-PD,41.75249564252892,10498.8,13564.15,5534.0,5491.0
OCSL,41.736650293138965,523300.0,557085.0,2602.0,2690.0
CDR-PB,41.72080494374901,3152.6,3636.5,5917.0,5959.0
TLIH,41.70495959435905,1320.0,3745.0,6052.0,5954.0
CFG-PH,41.6891142449691,28486.4,25063.55,5056.0,5201.0
NTNX,41.67326889557915,2203500.0,2464400.0,1044.0,1057.0
DERM,41.65742354618919,349520.0,228165.0,3038.0,3573.0
BRT,41.64157819679924,36380.0,41255.0,4900.0,4914.0
CHSCO,41.62573284740929,13240.0,19635.0,5438.0,5326.0
PCG-PE,41.60988749801933,562.6,869.95,6140.0,6140.0
LEU,41.59404214862938,499980.0,619105.0,2654.0,2586.0
SMG,41.57819679923943,768340.0,1016050.0,2148.0,1994.0
CLDT-PA,41.56235144984947,8807.6,11742.1,5611.0,5559.0
GPC,41.54650610045951,946320.0,1240780.0,1915.5,1776.0
GUG,41.53066075106956,143760.0,104750.0,3905.0,4267.0
MFA-PC,41.514815401679606,30626.4,23624.55,5013.0,5236.0
ELWT,41.49897005228965,16080.0,13960.0,5348.0,5473.5
HMC,41.4831247028997,811660.0,1184755.0,2100.0,1830.0
BEPI,41.467279353509745,14600.0,32370.0,5396.0,5061.0
STVN,41.45143400411979,535300.0,448390.0,2582.0,2920.0
TY-P,41.43558865472984,1808.4,2080.5,6011.0,6054.0
ALLE,41.419743305339885,1156820.0,1399260.0,1678.0,1637.0
TWFG,41.40389795594993,132640.0,157335.0,3976.5,3897.0
GNE,41.38805260655998,59580.0,72975.0,4593.0,4507.0
RCL,41.37220725717002,1415840.0,2126210.0,1449.0,1207.0
JHI,41.35636190778006,6820.0,13600.0,5712.5,5490.0
JBS,41.340516558390114,5983600.0,6321645.0,388.0,422.0
PRMB,41.32467120900016,3952540.0,4348825.0,596.0,630.0
AN,41.3088258596102,287420.0,451610.0,3216.0,2909.0
BALY,41.292980510220254,196200.0,80650.0,3601.0,4444.0
JKHY,41.2771351608303,939100.0,883630.0,1928.0,2173.0
BKNG,41.26128981144034,4455680.0,6050520.0,527.0,438.0
MUA,41.24544446205039,329520.0,327670.0,3089.0,3236.0
NFG,41.22959911266044,467860.0,664530.0,2726.0,2512.0
GRBK-PA,41.213753763270475,2095.8,2547.25,5989.0,6012.0
FINS,41.197908413880526,38360.0,39575.0,4859.5,4937.0
DEC,41.18206306449057,940800.0,898145.0,1924.0,2152.0
WIA,41.166217715100615,15060.0,25690.0,5378.5,5184.0
NX,41.150372365710666,248560.0,311400.0,3360.0,3288.0
KE,41.13452701632071,301280.0,209400.0,3173.0,3658.0
SPH,41.118681666930755,253640.0,220930.0,3344.0,3606.0
CLW,41.102836317540806,131760.0,220505.0,3981.0,3608.0
RTAC,41.08699096815085,264460.0,101475.0,3304.0,4290.0
BIPI,41.071145618760895,14020.0,17950.0,5413.0,5364.0
WFC-PL,41.055300269370946,8125.8,6998.45,5636.0,5768.0
PFX,41.03945491998098,2580.0,22580.0,5957.5,5260.0
WIW,41.02360957059103,247240.0,278120.0,3368.0,3388.0
FCT,41.00776422120108,265049.4,226146.55,3302.0,3588.0
RWTQ,40.99191887181112,16800.0,14335.0,5330.0,5460.0
IAF,40.97607352242117,14700.0,14610.0,5391.0,5453.0
JPC,40.96022817303122,1067540.0,920285.0,1773.0,2125.0
AIG,40.94438282364126,2623900.0,3118485.0,889.0,842.0
BAC-PK,40.92853747425131,63752.2,63747.55,4536.0,4614.0
BWXT,40.91269212486136,897820.0,887495.0,1982.0,2165.0
EDIT,40.8968467754714,1744580.0,1571510.0,1248.0,1527.0
PDT,40.88100142608144,103780.0,124440.0,4200.0,4128.0
ICLR,40.86515607669149,526960.0,847045.0,2595.0,2233.0
ARR-PC,40.849310727301535,14854.8,13720.2,5386.0,5485.0
ATR,40.83346537791158,412420.0,490970.0,2862.0,2820.0
BENF,40.81762002852163,39440.0,19595.0,4839.0,5329.0
VEL,40.801774679131675,99680.0,108140.0,4232.0,4241.0
UMH-PD,40.78592932974172,16396.8,17190.7,5341.0,5390.0
MWA,40.77008398035177,862740.0,1056475.0,2030.0,1941.0
NCZ-PA,40.754238630961815,7921.2,5320.65,5644.0,5852.0
MMT,40.73839328157186,242480.0,313505.0,3397.0,3279.0
OAK-PB,40.72254793218191,12362.6,11803.35,5473.0,5554.0
EOI,40.70670258279195,79660.0,79850.0,4384.5,4453.0
BEPH,40.69085723340199,18460.0,23815.0,5272.0,5230.0
BA,40.675011884012044,3755360.0,5787970.0,629.0,461.0
EQR,40.65916653462209,4859193.0,3285691.95,485.0,799.0
SHW,40.64332118523213,1604500.0,2093105.0,1326.0,1219.0
CHT,40.62747583584218,183140.0,174135.0,3667.0,3821.0
GIGM,40.61163048645223,7820.0,6170.0,5652.5,5822.0
CAE,40.59578513706227,891800.0,650835.0,1990.0,2540.0
AWK,40.57993978767232,2405680.0,2469830.0,972.0,1056.0
GEL,40.56409443828237,242980.0,250845.0,3394.0,3497.0
REZI,40.548249088892405,4715900.0,2676723.55,499.0,987.0
SOJF,40.532403739502456,52960.0,55115.0,4651.0,4709.0
STE,40.5165583901125,637460.0,758015.0,2385.0,2351.0
UZD,40.500713040722545,3100.0,3350.0,5922.0,5970.0
DHR,40.484867691332596,2495060.0,4998030.0,942.0,543.0
PLUT,40.46902234194264,0.0,595.0,6287.0,6176.0
CMS-PB,40.453176992552685,512.0,535.2,6147.0,6183.0
OAK-PA,40.437331643162736,7381.6,7148.75,5685.0,5761.0
IPHA,40.42148629377278,190540.0,415690.0,3633.0,3012.0
ETJ,40.405640944382824,128400.0,117680.0,4000.0,4174.0
PRGS,40.389795594992876,342440.0,490850.0,3060.0,2821.0
SEED,40.37395024560291,18580.0,432545.0,5268.5,2967.0
FORTY,40.35810489621296,620.0,365.0,6135.0,6201.5
PSF,40.34225954682301,37320.0,33850.0,4892.5,5036.0
EMP,40.32641419743305,11840.0,12900.0,5487.0,5514.0
PTA,40.3105688480431,122480.0,109800.0,4039.0,4232.0
VBF,40.29472349865315,48820.0,68505.0,4703.0,4552.5
FHN-PF,40.27887814926319,5968.4,11323.05,5761.0,5581.0
PMT-PB,40.26303279987324,7762.8,8158.85,5655.0,5720.0
PJT,40.24718745048329,540120.0,424895.0,2579.0,2989.0
WRBY,40.23134210109333,2264780.0,2725780.0,1018.0,969.0
NMAX,40.21549675170337,2488440.0,1177030.0,946.0,1835.0
RFAI,40.19965140231342,7200.0,38060.0,5697.5,4958.0
INTA,40.183806052923465,532640.0,806065.0,2586.0,2288.0
OMAB,40.16796070353351,49560.0,57805.0,4695.0,4674.0
PIM,40.15211535414356,38980.0,42940.0,4847.5,4888.0
MRP,40.136270004753605,961820.0,1084570.0,1890.0,1919.0
EQH,40.12042465536365,1889860.0,3031575.0,1185.0,866.0
MCGA,40.1045793059737,21940.0,77505.0,5191.0,4470.0
STIM,40.088733956583745,2795860.0,3058175.0,838.0,856.0
BFS-PD,40.07288860719379,599.2,1784.35,6139.0,6079.0
PDO,40.05704325780384,849400.0,636430.0,2044.0,2559.0
APOS,40.04119790841388,25240.0,57030.0,5122.5,4691.0
NIO,40.02535255902392,20997080.0,25354655.0,96.0,79.0
AFGB,40.00950720963397,4640.0,7120.0,5827.0,5764.0
PMT-PA,39.99366186024402,5327.2,7614.4,5787.0,5740.0
MKL,39.97781651085406,48040.0,63335.0,4710.5,4621.0
MLP,39.96197116146411,25280.0,21680.0,5120.0,5280.0
IGR,39.94612581207416,401820.0,485730.0,2893.0,2833.0
PSHG,39.9302804626842,31320.0,35975.0,4998.0,4995.0
BOSC,39.91443511329425,17320.0,27920.0,5319.0,5143.0
MCO,39.8985897639043,624040.0,799300.0,2411.0,2296.0
WEAV,39.882744414514335,11092700.0,3664500.0,203.0,731.0
SUI,39.866899065124386,1592660.0,1776390.0,1335.0,1378.0
FPF,39.85105371573443,116520.0,105050.0,4095.0,4264.0
ECF-PA,39.835208366344474,4078.4,2010.15,5859.0,6059.0
CARS,39.819363016954526,564200.0,692115.0,2530.0,2468.0
IRT,39.80351766756457,2636560.0,2958970.0,886.0,885.0
FMS,39.787672318174614,583620.0,795655.0,2491.0,2302.0
TRC,39.771826968784666,217900.0,156745.0,3495.0,3904.0
CARR,39.75598161939471,4495560.0,6918790.0,525.0,375.0
HNNA,39.740136270004754,8960.0,5755.0,5605.0,5834.0
MATW,39.724290920614806,945140.0,622525.0,1919.0,2580.0
PFN,39.70844557122484,333420.0,346400.0,3081.0,3180.0
TXO,39.69260022183489,309900.0,178595.0,3145.0,3811.0
BNH,39.67675487244494,10780.0,29475.0,5523.5,5113.0
BHK,39.66090952305498,177780.0,291375.0,3696.0,3339.0
AGO,39.64506417366503,298340.0,344395.0,3184.0,3188.0
EVG,39.62921882427508,59700.0,47990.0,4590.0,4806.0
CI,39.61337347488512,1128280.0,1813685.0,1709.0,1361.0
JHS,39.59752812549517,8680.0,9515.0,5614.0,5653.0
SAIL,39.58168277610522,3328480.0,3155150.0,693.0,833.0
JRI,39.56583742671526,154160.0,135260.0,3838.0,4053.0
SFB,39.54999207732531,10380.0,12710.0,5541.0,5520.0
FPH,39.53414672793535,178600.0,196535.0,3688.0,3723.0
GTLB,39.518301378545395,4892340.0,4312490.0,478.0,636.0
IONR,39.50245602915544,76700.0,73775.0,4405.0,4502.0
PAI,39.48661067976549,12260.0,15680.0,5474.0,5428.0
LEXX,39.470765330375535,38380.0,27673.0,4857.5,5150.0
BIPH,39.45491998098558,10620.0,17845.0,5530.0,5370.0
FRT-PC,39.43907463159563,12813.6,10653.25,5453.0,5607.0
ONMD,39.423229282205675,534300.0,2759990.0,2584.0,956.0
FHN-PE,39.40738393281572,9901.6,7446.7,5555.0,5748.0
TRTN-PE,39.39153858342577,4549.0,6481.3,5834.0,5797.0
MAGN,39.37569323403581,405520.0,493375.0,2882.5,2808.0
CBRL,39.35984788464585,740760.0,808750.0,2198.5,2283.0
FRHC,39.3440025352559,101160.0,83905.0,4216.5,4424.0
AFGE,39.32815718586595,4120.0,7460.0,5853.0,5746.0
AON,39.31231183647599,754280.0,1270910.0,2179.0,1748.0
IPWR,39.29646648708604,432820.0,206940.0,2809.0,3670.0
USB-PA,39.28062113769609,411.2,582.35,6158.0,6177.0
PPT,39.26477578830613,116020.0,127555.0,4101.0,4103.5
BTZ,39.24893043891618,337040.0,286055.0,3074.0,3361.0
PAGS,39.23308508952623,3629960.0,2763405.0,643.0,954.0
NXDT-PA,39.21723974013627,3143.0,2593.95,5918.0,6005.0
AFRM,39.201394390746316,3085460.0,2992960.0,755.0,877.0
CSL,39.18554904135636,471840.0,474865.0,2715.0,2856.0
PHK,39.169703691966404,873180.0,773115.0,2016.0,2334.0
QRHC,39.153858342576456,44320.0,29905.0,4762.5,5106.0
KRC,39.1380129931865,1195380.0,1313345.0,1639.0,1712.0
BANF,39.122167643796544,95340.0,128250.0,4256.5,4096.0
MXCT,39.106322294406596,1581660.0,917300.0,1345.5,2129.0
PRIF-PK,39.09047694501664,948.8,1063.45,6095.0,6124.0
OSIS,39.074631595626684,153240.0,152925.0,3843.0,3938.0
EQH-PC,39.058786246236735,15903.0,22690.3,5352.0,5256.0
JPM-PD,39.04294089684677,204733.8,161191.7,3553.0,3883.0
ORC,39.02709554745682,2946200.0,4940375.0,785.0,552.0
DIT,39.01125019806687,180.0,3560.0,6200.0,5962.0
BCC,38.99540484867691,237520.0,340560.0,3417.0,3197.0
CRWV,38.97955949928696,48313100.0,33287215.0,20.0,50.0
SVV,38.96371414989701,4411520.0,1980860.0,530.0,1267.0
RSG,38.94786880050705,1303320.0,1402720.0,1532.0,1630.0
PEP,38.9320234511171,5732920.0,7059870.0,405.0,366.0
VMC,38.91617810172715,683220.0,1035275.0,2300.0,1968.0
PSA-PN,38.90033275233719,26453.6,27807.4,5095.0,5144.0
ONIT,38.88448740294724,61500.0,62060.0,4559.0,4629.0
PSA-PK,38.86864205355728,9908.2,13490.35,5554.0,5493.0
SOHU,38.852796704167325,95440.0,49995.0,4254.0,4780.0
DNUT,38.83695135477737,3594340.0,3060155.0,651.0,855.0
EAI,38.82110600538742,11360.0,20560.0,5505.0,5307.0
CTA-PB,38.805260655997465,1594.4,2625.8,6026.0,6001.0
BFS-PE,38.78941530660751,3300.0,2342.9,5906.0,6030.0
FATN,38.77356995721756,92760.0,124700.0,4279.0,4126.0
LGCY,38.757724607827605,39620.0,49145.0,4837.0,4792.0
AFGC,38.74187925843765,9540.0,9095.0,5573.5,5667.0
IRS,38.7260339090477,139860.0,153860.0,3940.0,3933.0
ETY,38.71018855965774,205220.0,266530.0,3551.0,3432.0
RIV-PA,38.69434321026778,9898.0,6235.8,5558.0,5812.0
AGIO,38.67849786087783,1088740.0,1200465.0,1757.0,1814.0
MITT-PB,38.66265251148788,9714.2,10159.3,5568.0,5627.0
BAC-PP,38.64680716209792,65816.0,66837.45,4510.0,4571.0
POCI,38.63096181270797,60200.0,49455.0,4582.0,4786.0
PG,38.61511646331802,8909760.0,8707280.0,255.0,284.0
FGN,38.59927111392806,18420.0,18320.0,5273.0,5356.5
VALU,38.58342576453811,3120.0,3320.0,5920.5,5972.0
CWCO,38.56758041514816,88160.0,87025.0,4319.0,4394.0
CVNA,38.5517350657582,8494560.0,10755685.0,269.0,222.0
NDRA,38.535889716368246,18360.0,16545.0,5274.5,5410.0
RNP,38.52004436697829,87800.0,93830.0,4321.0,4348.0
MFA,38.504199017588334,1067700.0,1466580.0,1772.0,1599.0
BBAR,38.488353668198386,894480.0,605675.0,1985.0,2613.0
DBL,38.47250831880843,42380.0,53225.0,4791.0,4740.0
SSNC,38.456662969418474,1240100.0,1919980.0,1599.0,1297.0
CNMD,38.440817620028525,360160.0,539965.0,3010.0,2721.0
WSC,38.42497227063857,3290580.0,2866580.0,703.0,919.0
ACGLN,38.409126921248614,32640.0,40235.0,4978.0,4927.0
CBRE,38.393281571858665,1131140.0,1697075.0,1703.0,1438.0
LAND,38.3774362224687,746240.0,667740.0,2188.0,2506.0
PSA-PI,38.36159087307875,17148.4,22308.2,5323.0,5266.0
CFR-PB,38.3457455236888,17297.8,14740.55,5320.0,5450.0
EL,38.32990017429884,2722240.0,2367780.0,860.0,1106.0
ARBB,38.31405482490889,3720.0,2880.0,5882.0,5988.0
GAB-PK,38.29820947551894,11615.0,6880.45,5496.0,5777.0
MSFT,38.28236412612898,24390720.0,37834840.0,73.0,42.0
DHF,38.26651877673903,343300.0,312190.0,3054.0,3285.0
NATH,38.25067342734908,34640.0,23475.0,4926.0,5237.0
WYNN,38.23482807795912,1304460.0,1615840.0,1531.0,1500.0
MIN,38.218982728569166,89400.0,158675.0,4307.0,3892.0
GNT-PA,38.20313737917921,1945.6,993.0,6005.0,6128.0
RTACU,38.187292029789255,60.0,2670.0,6227.5,5996.0
KIM-PM,38.1714466803993,12806.6,17769.9,5454.0,5373.0
BAC-PS,38.15560133100935,61187.6,63543.9,4564.0,4619.0
TKC,38.139755981619395,1484540.0,2713060.0,1407.0,972.0
AFGD,38.12391063222944,13360.0,11910.0,5435.0,5549.0
RGP,38.10806528283949,278240.0,497495.0,3249.5,2799.0
INN-PE,38.092219933449535,6376.4,8439.75,5735.0,5704.0
MFA-PB,38.07637458405958,10070.2,8407.8,5551.0,5706.0
MAA,38.06052923466963,777880.0,1054010.0,2142.0,1944.0
SLG-PI,38.044683885279674,6235.2,8933.7,5744.0,5676.0
RNR-PF,38.02883853588971,18360.0,15536.3,5274.5,5433.0
MANH,38.01299318649976,954960.0,1042825.0,1899.0,1959.0
MC,37.99714783710981,759500.0,971075.0,2165.0,2052.0
LE,37.98130248771985,146940.0,189150.0,3880.0,3760.0
TOON,37.9654571383299,516600.0,269040.0,2614.0,3421.0
WLK,37.94961178893995,798880.0,1227055.0,2118.0,1792.0
ELC,37.93376643954999,12900.0,15120.0,5447.0,5441.0
WFC-PA,37.91792109016004,111226.0,99229.15,4134.0,4305.0
MCHX,37.90207574077009,25260.0,19765.0,5121.0,5325.0
RNR-PG,37.88623039138013,20900.4,22805.3,5214.0,5252.0
BAC-PO,37.870385041990176,159068.4,97294.2,3802.0,4325.0
NCV-PA,37.85453969260022,5545.8,5623.25,5773.0,5842.0
EVCM,37.838694343210264,142700.0,144520.0,3914.0,3989.0
DTK,37.822848993820315,27080.0,37490.0,5084.0,4970.0
LSE,37.80700364443036,10420.0,10585.0,5538.5,5611.0
SCHW-PD,37.791158295040404,53811.4,49680.0,4646.0,4785.0
JGH,37.775312945650455,61640.0,60365.0,4555.0,4648.0
MGRD,37.7594675962605,6380.0,11760.0,5733.5,5558.0
PCN,37.743622246870544,373860.0,333475.0,2966.0,3215.0
DOLE,37.727776897480595,1107760.0,1183235.0,1733.0,1831.0
VGI,37.71193154809064,43660.0,39490.0,4775.0,4940.0
FDUS,37.69608619870068,341260.0,344990.0,3064.0,3185.0
CTAS,37.68024084931073,1655180.0,2180225.0,1308.0,1184.0
BAC-PM,37.66439549992077,95455.0,105201.6,4253.0,4262.0
CHSCP,37.648550150530816,15200.0,16720.0,5373.5,5404.0
GTIM,37.63270480114087,131220.0,84070.0,3984.0,4422.5
IDAI,37.61685945175091,36160.0,35770.0,4904.0,4998.0
MGRB,37.601014102360956,13880.0,16865.0,5418.5,5401.0
BEKE,37.58516875297101,2766220.0,2810510.0,846.0,939.0
CMSC,37.56932340358105,10660.0,13215.0,5529.0,5501.5
KEY-PJ,37.553478054191096,26073.6,44543.9,5109.0,4863.0
MGF,37.53763270480114,59660.0,49245.0,4591.0,4789.0
PIPR,37.521787355411185,430880.0,537550.0,2812.0,2728.0
WFC-PC,37.50594200602123,92898.4,76588.6,4278.0,4478.0
BWIN,37.49009665663128,1256580.0,1252180.0,1579.0,1766.0
MS-PK,37.474251307241325,100800.0,84544.25,4219.5,4416.0
STT-PG,37.45840595785137,33797.0,43685.7,4948.0,4878.0
HAYW,37.44256060846142,1545740.0,2713220.0,1366.0,970.0
DLY,37.426715259071464,181620.0,178770.0,3676.0,3810.0
BCV-PA,37.41086990968151,2801.2,1318.1,5941.0,6105.0
BF-A,37.39502456029156,76220.0,128765.0,4409.0,4094.0
BAC-PN,37.379179210901604,125393.0,120738.4,4016.0,4154.0
FPI,37.36333386151164,374220.0,422880.0,2965.0,2995.0
GGN-PB,37.34748851212169,10144.4,4925.05,5546.0,5879.0
HY,37.33164316273174,117460.0,120470.0,4082.0,4155.0
BAC-PQ,37.31579781334178,237728.8,149519.7,3415.0,3965.0
ECAT,37.29995246395183,588420.0,545585.0,2478.0,2712.0
MTH,37.28410711456188,584160.0,788880.0,2488.0,2312.0
FTHY,37.26826176517192,100060.0,94950.0,4229.0,4341.0
PCOR,37.25241641578197,2921180.0,3800605.0,793.0,711.0
BML-PL,37.23657106639202,29663.8,27317.2,5040.0,5160.0
JMM,37.22072571700206,13340.0,9160.0,5436.0,5666.0
ASTE,37.204880367612105,186220.0,289050.0,3654.5,3347.0
KIM-PL,37.18903501822215,11044.0,11104.45,5512.0,5593.0
WFC-PZ,37.173189668832194,189269.8,187029.35,3640.0,3767.0
HIX,37.157344319442245,302280.0,326560.0,3169.0,3241.0
PSA-PO,37.14149897005229,20777.8,22814.6,5218.0,5250.0
CCL,37.125653620662334,12859920.0,17966595.0,169.0,125.0
ADTN,37.109808271272385,2235680.0,2828815.0,1036.0,936.0
MGR,37.09396292188243,18220.0,17515.0,5279.0,5382.0
GAB-PH,37.078117572492474,12747.4,8252.8,5459.0,5713.0
MS-PO,37.062272223102525,261029.0,166005.85,3315.0,3860.0
BSL,37.04642687371257,29960.0,36450.0,5032.5,4988.0
PSA-PJ,37.030581524322606,7352.6,21045.55,5689.0,5297.0
GBAB,37.01473617493266,71580.0,95370.0,4456.0,4336.0
CRAI,36.9988908255427,98800.0,145430.0,4234.0,3982.0
FCN,36.983045476152746,416560.0,447865.0,2846.0,2922.0
OZKAP,36.9672001267628,21980.0,21820.0,5187.5,5275.0
SSYS,36.95135477737284,894160.0,536515.0,1986.0,2733.0
PSA-PR,36.935509427982886,23354.8,25360.0,5161.0,5192.0
CLPS,36.91966407859294,4980.0,10160.0,5808.0,5626.0
CKX,36.90381872920298,3320.0,4540.0,5905.0,5908.0
BA-PA,36.887973379813026,547433.4,724365.65,2568.0,2406.0
PSA-PS,36.87212803042307,10057.2,16313.3,5552.0,5413.0
CCU,36.856282681033115,94100.0,102885.0,4267.5,4280.0
WY,36.84043733164316,4384660.0,5464805.0,538.0,482.0
GUT-PC,36.82459198225321,4007.4,3318.8,5861.0,5973.0
GAB-PG,36.808746632863254,8115.0,4713.0,5638.0,5897.0
ENO,36.7929012834733,6700.0,6630.0,5719.0,5788.0
WGO,36.77705593408335,468000.0,467245.0,2725.0,2867.0
PSA-PQ,36.761210584693394,13925.8,13294.65,5417.0,5497.0
GGT-PE,36.74536523530344,3080.8,1275.75,5923.0,6106.0
NRO,36.72951988591349,221660.0,231710.0,3480.0,3557.0
AWF,36.713674536523534,352420.0,279790.0,3030.0,3382.0
MRKR,36.69782918713357,47540.0,47085.0,4719.0,4822.5
MS-PL,36.68198383774362,39625.4,33085.3,4836.0,5047.0
AWI,36.66613848835367,287600.0,546790.0,3215.0,2708.0
ACGLO,36.65029313896371,17540.0,25555.0,5306.0,5187.0
PSA-PP,36.63444778957376,41459.0,45417.5,4805.0,4850.0
LMNR,36.61860244018381,50320.0,65855.0,4685.0,4577.0
MCGAU,36.60275709079385,280.0,1545.0,6183.5,6094.0
BCE,36.5869117414039,2698700.0,3968700.0,868.0,692.0
KT,36.57106639201395,1595380.0,1732015.0,1332.0,1413.0
BBUC,36.55522104262399,282540.0,301685.0,3239.0,3309.0
EFR,36.539375693234035,108160.0,122760.0,4162.0,4141.0
KAI,36.52353034384408,92960.0,115875.0,4277.0,4190.5
USPH,36.507684994454124,201300.0,257125.0,3568.5,3470.0
PSA-PM,36.491839645064175,104506.8,36250.6,4191.0,4991.0
JPM-PJ,36.47599429567422,89792.0,91607.05,4304.0,4359.0
XP,36.460148946284264,5514280.0,3791110.0,426.0,714.0
GLPI,36.444303596894315,3083240.0,2413095.0,757.0,1076.0
ENJ,36.42845824750436,360.0,1435.0,6166.5,6098.0
USA,36.4126128981144,1260460.0,1389515.0,1573.0,1648.0
AVB,36.396767548724455,716590.4,963070.65,2242.0,2064.0
VIV,36.3809221993345,3000320.0,1825555.0,774.0,1350.0
JPM-PL,36.365076849944536,197021.6,221786.05,3598.0,3600.0
HWCPZ,36.34923150055459,6900.0,6930.0,5708.0,5773.0
MNDO,36.33338615116463,64140.0,55410.0,4533.0,4708.0
PSA-PL,36.317540801774676,33087.0,34719.9,4965.0,5017.0
XELLL,36.30169545238473,82880.0,57210.0,4363.0,4687.0
FULTP,36.28585010299477,14980.0,16120.0,5384.5,5417.0
TITN,36.270004753604816,171000.0,188525.0,3732.0,3761.0
JFR,36.25415940421487,640480.0,549935.0,2379.0,2702.0
JD,36.23831405482491,15416580.0,9427420.0,138.0,258.0
CMSA,36.222468705434956,10340.0,12285.0,5542.0,5541.0
LBTYA,36.206623356045,2058900.0,2868025.0,1099.0,918.0
DTG,36.190778006655044,16400.0,21070.0,5340.0,5296.0
SDGR,36.17493265726509,967400.0,1052495.0,1884.0,1949.0
CLMB,36.15908730787514,104360.0,149410.0,4195.0,3966.0
TCPA,36.143241958485184,17580.0,21030.0,5303.5,5300.0
NTGR,36.12739660909523,310720.0,411965.0,3142.5,3022.0
ABLV,36.11155125970528,33340.0,31405.0,4959.0,5070.5
NTRSO,36.095705910315324,33120.0,38510.0,4963.5,4955.0
JSM,36.07986056092537,8960.0,12420.0,5605.0,5536.0
EOS,36.06401521153542,116700.0,152205.0,4093.0,3946.0
LRE,36.048169862145464,14680.0,8525.0,5392.0,5701.0
AIZN,36.0323245127555,11660.0,12230.0,5494.0,5542.0
ALTI,36.01647916336555,136920.0,223445.0,3955.0,3598.0
BLW,36.0006338139756,210480.0,129185.0,3529.0,4092.0
USB-PH,35.98478846458564,44163.6,50709.6,4770.0,4769.0
FTF,35.96894311519569,179500.0,192510.0,3685.0,3746.0
MCN,35.95309776580574,70980.0,57360.0,4461.0,4685.0
WFC-PY,35.93725241641578,72654.8,60373.85,4444.0,4647.0
MNTK,35.92140706702583,124740.0,187715.0,4019.0,3766.0
AUST,35.90556171763588,118320.0,155230.0,4078.0,3918.0
HPP-PC,35.88971636824592,2255.2,5246.05,5976.0,5858.0
JPM-PK,35.873871018855965,193797.2,170259.85,3615.0,3838.0
INN-PF,35.85802566946601,7008.8,11514.2,5705.0,5568.0
KEY-PK,35.842180320076054,25741.4,38598.65,5116.0,4954.0
TYGO,35.826334970686105,1023540.0,1821685.0,1815.0,1357.0
RIV,35.81048962129615,315140.0,125735.0,3130.0,4119.0
OPP-PB,35.79464427190619,5365.0,7411.75,5784.0,5750.0
BML-PJ,35.778798922516245,18819.2,19918.45,5262.0,5320.0
CWST,35.76295357312629,343260.0,587925.0,3055.0,2637.0
KTOS,35.74710822373633,3529780.0,3935890.0,658.0,698.0
GDV-PK,35.731262874346385,12822.2,11878.7,5452.0,5551.0
SWKS,35.71541752495643,4371560.0,5707735.0,541.0,467.0
GGT-PG,35.699572175566466,3348.0,2583.65,5904.0,6007.0
SREA,35.68372682617652,68760.0,53295.0,4483.0,4737.0
CDNS,35.66788147678656,2144560.0,2389675.0,1070.0,1093.0
CPHC,35.652036127396606,2280.0,1770.0,5974.0,6083.0
VSTM,35.63619077800666,1921720.0,2014120.0,1162.0,1256.0
DUKB,35.6203454286167,47340.0,41505.0,4722.0,4909.5
SNY,35.604500079226746,2592560.0,3184730.0,898.0,826.0
WFG,35.5886547298368,196080.0,234700.0,3604.0,3547.0
EAD,35.57280938044684,296500.0,299210.0,3189.0,3314.0
MGRE,35.556964031056886,14160.0,19570.0,5409.5,5330.5
SENS,35.54111868166693,818480.0,702490.0,2094.0,2444.0
DAIO,35.525273332276974,73120.0,52150.0,4432.0,4755.0
PHAT,35.50942798288702,1274220.0,1778465.0,1559.0,1377.0
UL,35.49358263349707,3080800.0,4722835.0,758.0,580.0
AMRN,35.477737284107114,52220.0,51250.0,4664.0,4765.0
GDV-PH,35.46189193471716,4920.6,6213.4,5812.0,5816.0
HMR,35.44604658532721,64560.0,53810.0,4531.0,4729.0
EVF,35.430201235937254,28760.0,48725.0,5051.0,4800.0
HITI,35.4143558865473,402820.0,344075.0,2890.0,3189.0
TFC-PR,35.39851053715735,59961.6,66862.35,4587.0,4570.0
LAW,35.382665187767394,259440.0,258555.0,3321.0,3465.0
PFL,35.36681983837743,143360.0,145395.0,3909.0,3983.0
PSA-PF,35.35097448898748,10813.0,15943.1,5520.0,5422.0
AOMR,35.33512913959753,142060.0,100935.0,3919.0,4296.0
PSA-PG,35.31928379020757,14346.0,16721.8,5402.0,5403.0
USB-PP,35.30343844081762,30937.6,40389.2,5007.0,4925.0
EVV,35.28759309142767,417680.0,415560.0,2842.0,3014.0
IBN,35.27174774203771,4053080.0,5274320.0,587.0,509.0
FBRT-PE,35.25590239264776,15773.4,15650.65,5356.0,5431.0
MITT,35.240057043257806,265260.0,284075.0,3301.0,3367.0
HIO,35.22421169386785,302080.0,427585.0,3171.0,2983.0
WFC-PD,35.208366344477895,145120.8,106976.85,3896.0,4248.0
DIS,35.19252099508794,7155060.0,11272265.0,316.0,209.0
EFT,35.17667564569798,103240.0,95450.0,4204.0,4335.0
COF-PI,35.160830296308035,176607.4,126441.5,3701.0,4109.0
TMDE,35.14498494691808,104660.0,214795.0,4190.0,3636.0
TMUSI,35.12913959752812,16860.0,42155.0,5329.0,4899.0
RVP,35.113294248138175,65800.0,27190.0,4511.0,5165.0
NNVC,35.09744889874822,248280.0,324705.0,3362.0,3248.5
BWG,35.08160354935826,39340.0,59335.0,4840.0,4658.0
AFYA,35.065758199968315,156100.0,109440.0,3824.0,4236.0
TFC-PO,35.04991285057836,45297.6,43261.55,4751.0,4885.0
MRSH,35.0340675011884,1488520.0,2289975.0,1403.0,1134.0
PAXS,35.01822215179845,204080.0,196010.0,3556.0,3724.0
TJGC,35.00237680240849,1860620.0,1129685.0,1196.0,1881.0
ASTL,34.986531453018536,1001980.0,1221655.0,1833.0,1795.0
JLS,34.97068610362859,42420.0,30530.0,4788.0,5093.0
DTB,34.95484075423863,26100.0,20335.0,5108.0,5311.0
UG,34.938995404848676,5200.0,11775.0,5791.0,5557.0
APAM,34.92315005545873,948560.0,914625.0,1910.0,2133.0
BJ,34.90730470606877,1511540.0,1416395.0,1390.0,1624.0
UNMA,34.891459356678816,28460.0,28060.0,5057.5,5141.0
RPM,34.87561400728886,831180.0,1026345.0,2070.0,1980.0
KKRS,34.859768657898904,20220.0,32235.0,5232.0,5062.0
KHC,34.84392330850895,11687940.0,15118805.0,190.0,146.0
USB-PQ,34.828077959119,41415.6,39106.8,4806.0,4943.0
FAX,34.812232609729044,122040.0,130495.0,4043.0,4083.0
DSU,34.79638726033909,230220.0,287285.0,3450.0,3355.0
TSI,34.78054191094914,158980.0,169810.0,3805.0,3840.0
DLR-PL,34.764696561559184,15196.0,19522.7,5375.0,5334.0
WCN,34.74885121216923,960120.0,1328205.0,1895.5,1702.0
MVO,34.73300586277928,0.0,,6287.0,
MCI,34.717160513389324,57300.0,34600.0,4610.0,5020.0
CMSD,34.70131516399937,89620.0,50445.0,4306.0,4774.0
PDX,34.68546981460941,142380.0,133230.0,3916.0,4068.0
BGB,34.66962446521946,107160.0,132325.0,4171.0,4078.0
ICFI,34.6537791158295,217300.0,241860.0,3498.0,3525.0
AB,34.63793376643955,292280.0,268145.0,3204.0,3425.0
BML-PG,34.622088417049596,5328.6,4454.6,5786.0,5916.0
AXS-PE,34.60624306765964,38802.0,44875.7,4851.0,4856.0
VTEX,34.59039771826969,872880.0,949575.0,2017.0,2076.0
USB-PR,34.574552368879736,68734.0,65165.55,4484.0,4591.0
ORLY,34.55870701948978,4024860.0,6304585.0,589.0,423.0
TMUSL,34.542861670099825,25500.0,23255.0,5117.0,5242.0
JEF,34.52701632070987,1908580.0,1964055.0,1168.0,1272.0
DSWL,34.51117097131991,8580.0,8765.0,5620.0,5687.0
IBP,34.495325621929965,286200.0,349860.0,3224.0,3176.0
VLT,34.47948027254001,14200.0,29275.0,5408.0,5115.0
ADP,34.46363492315005,2232540.0,2433420.0,1037.0,1065.0
BKT,34.447789573760105,109700.0,126125.0,4146.0,4114.0
CRBD,34.43194422437015,26200.0,36945.0,5103.0,4979.0
VLTO,34.41609887498019,1025840.0,1570040.0,1812.0,1529.0
BF-B,34.400253525590244,1581660.0,2096460.0,1345.5,1217.0
GPJA,34.38440817620029,15260.0,17665.0,5371.0,5377.0
SRI,34.36856282681033,119040.0,152235.0,4069.0,3945.0
DFIN,34.35271747742038,174200.0,245615.0,3713.0,3512.0
HHH,34.33687212803042,390900.0,419580.0,2923.0,2999.0
VINP,34.321026778640466,61120.0,37450.0,4566.0,4971.5
OPP-PA,34.30518142925052,10918.4,7345.65,5518.0,5755.0
BML-PH,34.28933607986056,31182.0,19595.8,5000.0,5328.0
XELB,34.273490730470606,30960.0,43200.0,5006.0,4886.0
SFD,34.25764538108066,2003680.0,1466805.0,1126.0,1598.0
VFS,34.2418000316907,361300.0,386820.0,3004.0,3093.0
DLR-PK,34.225954682300745,11056.6,14769.25,5511.0,5449.0
CDZI,34.21010933291079,557640.0,858215.0,2548.0,2214.0
GWRS,34.194263983520834,213520.0,110190.0,3516.0,4228.0
CAPR,34.17841863413088,22714720.0,11433395.0,81.0,207.0
CFG-PE,34.16257328474093,34331.4,39821.3,4937.0,4934.0
JPM-PM,34.146727935350974,285704.2,256512.0,3226.0,3472.0
CATX,34.13088258596102,1086160.0,1063705.0,1759.0,1934.0
GHY,34.11503723657107,159540.0,154080.0,3798.0,3929.0
TDG,34.099191887181114,310720.0,435175.0,3142.5,2956.0
NPCT,34.08334653779116,95180.0,101570.0,4259.0,4288.0
HBANP,34.06750118840121,45400.0,45705.0,4748.0,4841.0
SF-PC,34.051655839011254,18143.2,16942.25,5282.0,5397.0
RACE,34.0358104896213,341060.0,517265.0,3066.0,2759.0
RF-PE,34.01996514023134,54343.6,44442.7,4640.0,4866.0
HBANM,34.004119790841386,17460.0,12635.0,5309.5,5524.0
KBDC,33.98827444145143,480440.0,403775.0,2690.0,3040.0
TDS,33.97242909206148,864620.0,1164835.0,2027.0,1846.0
GXO,33.956583742671526,1153680.0,1650700.0,1681.0,1471.0
LADR,33.94073839328157,995900.0,1311840.0,1845.0,1713.0
LBRDP,33.92489304389162,13620.0,9280.0,5426.5,5662.0
SABA,33.909047694501666,34580.0,31150.0,4929.0,5075.5
CRSP,33.89320234511171,946240.0,1384470.0,1917.0,1654.0
KVUE,33.877356995721755,18384240.0,20699600.0,112.0,108.0
GBDC,33.8615116463318,1157500.0,1130865.0,1674.0,1878.0
AVPT,33.84566629694184,1650560.0,2085170.0,1311.0,1223.0
SLM,33.829820947551895,1987680.0,2657170.0,1130.0,994.0
PEG,33.81397559816194,2362440.0,2858330.0,985.0,926.0
SIGIP,33.79813024877198,7500.0,6470.0,5677.0,5799.0
BOH-PA,33.782284899382034,12594.0,9531.85,5463.0,5651.0
HGLB,33.76643954999208,86140.0,69830.0,4337.0,4537.0
WAVE,33.75059420060212,10780.0,16710.0,5523.5,5405.0
NATR,33.734748851212174,259360.0,204675.0,3322.0,3677.0
BGH,33.71890350182222,82020.0,80000.0,4370.0,4449.0
KDP,33.70305815243226,13199680.0,13145360.0,161.0,165.0
LGPS,33.68721280304231,42080.0,53565.0,4798.0,4732.0
LUXE,33.67136745365235,154340.0,138315.0,3836.0,4028.0
SKYW,33.655522104262396,243100.0,421760.0,3392.0,2996.0
KKRT,33.63967675487245,49640.0,66960.0,4692.5,4568.0
CGABL,33.62383140548249,15580.0,14070.0,5363.0,5469.0
USB-PS,33.607986056092535,33490.0,42364.2,4954.0,4894.0
SWIM,33.59214070670259,885200.0,933130.0,2001.0,2108.0
VYGR,33.57629535731263,424820.0,506100.0,2824.0,2782.0
NXST,33.560450007922675,322580.0,331200.0,3109.0,3225.0
SLGN,33.54460465853272,918820.0,1572340.0,1959.0,1524.0
UNB,33.52875930914277,5380.0,8165.0,5783.0,5717.0
COF-PJ,33.51291395975281,117912.0,91317.8,4079.0,4363.0
CAR,33.49706861036286,256740.0,446935.0,3332.0,2926.0
GS-PC,33.481223260972904,22832.2,21325.8,5170.0,5288.0
AEFC,33.46537791158295,34800.0,40980.0,4924.0,4917.0
KPRX,33.449532562193,19940.0,19795.0,5236.0,5324.0
GS-PD,33.433687212803044,118732.0,126266.4,4074.0,4112.0
DMO,33.41784186341309,38200.0,43955.0,4864.5,4876.0
BHR-PD,33.40199651402314,6047.6,7279.15,5757.0,5757.0
EHI,33.38615116463318,122560.0,102470.0,4038.0,4283.0
LCTX,33.37030581524323,938560.0,950680.0,1929.0,2075.0
CAL,33.35446046585327,395380.0,484980.0,2909.0,2835.0
RM,33.338615116463316,120860.0,111390.0,4055.5,4219.0
COF-PK,33.32276976707336,15753.6,8689.55,5357.0,5691.0
DLR-PJ,33.30692441768341,9525.4,12303.75,5576.0,5540.0
C-PN,33.291079068293456,217610.0,490320.55,3497.0,2822.0
TRU,33.2752337189035,1746980.0,2230910.0,1246.0,1162.0
EQH-PA,33.25938836951355,54307.4,51250.4,4641.0,4764.0
BGT,33.243543020123596,123940.0,139810.0,4024.0,4016.0
CLIR,33.22769767073364,13620.0,14620.0,5426.5,5452.0
PSA-PH,33.211852321343684,16788.2,20072.1,5331.0,5317.0
BON,33.196006971953736,9120.0,9900.0,5596.5,5637.0
COF-PL,33.18016162256377,71636.8,63651.35,4455.0,4616.0
CCM,33.164316273173824,208760.0,103790.0,3535.0,4276.0
GSBD,33.14847092378387,891140.0,968175.0,1993.0,2054.0
LBTYK,33.13262557439391,1077920.0,1613895.0,1765.0,1501.0
DHI,33.116780225003964,1904940.0,2410695.0,1173.0,1079.0
ALHC,33.10093487561401,4586720.0,5920895.0,515.0,450.0
MPV,33.08508952622405,26340.0,28600.0,5098.0,5132.0
WRB-PE,33.069244176834104,17875.4,11708.6,5291.0,5562.0
ANIP,33.05339882744415,316120.0,357580.0,3127.0,3160.0
KIO,33.03755347805419,231760.0,227550.0,3440.0,3577.0
CHH,33.02170812866424,358240.0,520865.0,3015.0,2748.0
RARE,33.00586277927428,1364440.0,1958495.0,1487.0,1275.0
TTAN,32.990017429884325,1101720.0,1269395.0,1738.0,1750.0
SOJE,32.97417208049438,46280.0,52725.0,4737.5,4749.0
LOVE,32.95832673110442,115760.0,205590.0,4103.0,3676.0
WOR,32.942481381714465,216300.0,201570.0,3503.0,3699.0
WDI,32.92663603232452,197840.0,209270.0,3591.0,3660.0
GEN,32.91079068293456,4225060.0,4825435.0,561.0,566.0
LOMA,32.894945333544605,547000.0,449090.0,2569.0,2916.0
NMRK,32.87909998415465,1068080.0,1379030.0,1771.0,1659.0
ALGS,32.8632546347647,102680.0,159390.0,4207.0,3891.0
RNW,32.84740928537474,3954480.0,2916845.0,595.0,903.0
ARCC,32.83156393598479,3857660.0,4390960.0,614.0,624.0
SF-PD,32.81571858659483,18160.0,17672.45,5280.5,5376.0
CBZ,32.79987323720488,1103300.0,2178985.0,1736.0,1187.0
CCEL,32.78402788781493,146300.0,45130.0,3888.0,4853.0
AGCO,32.76818253842497,653380.0,900720.0,2352.5,2149.0
CMS-PC,32.75233718903502,15407.2,20134.75,5367.0,5315.0
MET-PF,32.73649183964507,83405.8,79889.4,4359.0,4451.0
MNR,32.72064649025511,472280.0,305270.0,2714.0,3303.0
DMA,32.70480114086516,19760.0,19450.0,5238.0,5338.0
ACET,32.6889557914752,68640.0,89460.0,4485.0,4378.0
ARDT,32.673110442085246,257420.0,478255.0,3327.0,2850.0
OPP,32.65726509269529,91740.0,79260.0,4289.0,4456.0
BRSP,32.64141974330534,1052900.0,1458545.0,1787.0,1602.0
ACP,32.625574393915386,492700.0,534380.0,2666.0,2734.0
ICL,32.60972904452543,897060.0,1100990.0,1984.0,1903.0
ZDGE,32.59388369513548,48440.0,67430.0,4707.0,4563.0
TPGXL,32.578038345745526,19360.0,15670.0,5247.0,5430.0
MAIN,32.56219299635557,513260.0,606200.0,2626.0,2610.0
LIEN,32.546347646965614,72320.0,54470.0,4446.0,4718.0
EPAC,32.530502297575666,221980.0,370220.0,3477.0,3129.0
DSL,32.5146569481857,479760.0,473475.0,2692.0,2861.0
KMRK,32.498811598795754,53320.0,79645.0,4649.0,4455.0
MET-PE,32.4829662494058,123965.2,75966.55,4023.0,4483.0
HYI,32.46712090001584,54540.0,60520.0,4637.0,4645.0
LMND,32.451275550625894,1066640.0,1571610.0,1774.0,1526.0
HTGC,32.43543020123594,1694120.0,1659945.0,1279.0,1464.0
FLGT,32.41958485184598,177860.0,308135.0,3694.0,3297.0
POLA,32.403739502456034,169120.0,2660525.0,3748.5,992.0
NCI,32.38789415306608,755620.0,605620.0,2173.0,2614.0
PYPL,32.37204880367612,10111580.0,11475505.0,227.0,205.0
GGAL,32.35620345428617,717560.0,766185.0,2239.0,2344.0
ALKT,32.34035810489621,981300.0,1322785.0,1867.0,1705.0
OCUL,32.324512755506255,4789880.0,2690380.0,492.0,981.0
DASH,32.30866740611631,3956800.0,4413880.0,594.0,623.0
VC,32.29282205672635,361180.0,466330.0,3006.0,2869.0
MSIF,32.276976707336395,215900.0,319450.0,3506.0,3260.0
NVO,32.26113135794645,11462600.0,13592240.0,194.0,162.0
SRTS,32.24528600855649,42560.0,23680.0,4787.0,5234.0
TRTX,32.229440659166535,788500.0,847640.0,2130.0,2231.0
BGX,32.21359530977658,57020.0,54420.0,4613.0,4719.5
TMUSZ,32.19774996038663,9760.0,47970.0,5563.0,4807.0
FGSN,32.18190461099667,15540.0,18085.0,5365.0,5363.0
DORM,32.16605926160672,159320.0,345575.0,3799.0,3182.0
DLO,32.15021391221676,3442220.0,2101890.0,672.0,1215.0
ACIC,32.13436856282681,277500.0,286570.0,3254.0,3359.0
SOJD,32.11852321343686,73340.0,76585.0,4429.0,4479.0
TPB,32.1026778640469,198900.0,398980.0,3584.0,3063.0
RNA,32.08683251465695,141580.0,125995.0,3924.0,4115.0
FCNCP,32.070987165267,14400.0,10740.0,5401.0,5604.0
PACB,32.05514181587704,6903060.0,7129620.0,328.0,361.0
PRKS,32.03929646648709,458440.0,709440.0,2747.5,2429.0
GRRR,32.02345111709713,1124700.0,934040.0,1713.0,2105.0
FCNCO,32.007605767707176,10140.0,13475.0,5548.0,5494.0
MS-PA,31.991760418317224,117430.0,86207.95,4084.0,4404.0
DECK,31.975915068927268,2514220.0,2520795.0,936.0,1046.0
T-PA,31.960069719537316,305478.0,221000.35,3159.0,3605.0
GS-PA,31.94422437014736,81880.6,71594.5,4372.0,4523.0
GPMT-PA,31.928379020757408,4146.2,7604.3,5851.0,5741.0
AMRZ,31.912533671367456,3405640.0,3591200.0,678.0,743.0
ATHE,31.8966883219775,18580.0,8905.0,5268.5,5679.0
STAA,31.880842972587548,1332940.0,1019020.0,1509.0,1993.0
AS,31.864997623197596,7673300.0,5085095.0,296.0,529.0
HLLY,31.849152273807636,1021600.0,934385.0,1819.0,2103.0
ASO,31.83330692441768,1664600.0,1229085.0,1304.0,1789.0
ENOV,31.81746157502773,985240.0,1212215.0,1861.0,1801.0
SYK,31.801616225637773,2474880.0,2408320.0,952.0,1081.0
OLN,31.78577087624782,2121080.0,3263190.0,1076.0,805.0
WVVIP,31.769925526857868,50280.0,17860.0,4686.0,5369.0
PAYX,31.754080177467912,2201860.0,2931370.0,1045.0,896.0
VLN,31.73823482807796,1687460.0,973400.0,1286.0,2049.0
KREF-PA,31.722389478688008,8024.8,22524.65,5640.0,5263.0
MAIA,31.706544129298052,285880.0,349315.0,3225.0,3177.0
JQC,31.6906987799081,666820.0,550995.0,2323.0,2698.0
SF-PB,31.67485343051814,17444.0,9804.75,5311.0,5642.0
GNTX,31.65900808112819,2089560.0,2572140.0,1089.0,1024.0
BEP-PA,31.643162731738233,10272.8,10953.75,5543.0,5597.0
MSDL,31.62731738234828,494220.0,497875.0,2662.0,2798.0
PCM,31.611472032958325,61340.0,48960.0,4562.0,4794.0
VEEV,31.595626683568373,1665820.0,1714230.0,1301.0,1427.0
VSNT,31.57978133417842,1561040.0,1821355.0,1354.0,1358.0
MCD,31.563935984788465,3821840.0,4591695.0,621.0,598.0
CHDN,31.548090635398513,786500.0,1131610.0,2133.0,1877.0
NRUC,31.53224528600856,10940.0,15315.0,5515.5,5439.0
ABEO,31.5163999366186,3189020.0,1610580.0,731.5,1504.0
BHVN,31.500554587228645,1769800.0,1805990.0,1231.0,1364.0
HLMN,31.484709237838693,1399500.0,1512880.0,1463.0,1567.0
T-PC,31.468863888448737,164280.6,202180.55,3775.0,3694.0
KLXE,31.453018539058785,726480.0,555760.0,2217.0,2693.0
T,31.437173189668833,33200520.0,59571965.0,45.0,16.0
WU,31.421327840278877,9263120.0,13098290.0,245.0,166.0
MET-PA,31.405482490888925,66497.2,41542.65,4503.0,4908.0
PFH,31.389637141498973,21600.0,32385.0,5198.0,5059.0
TPVG,31.373791792109017,217000.0,226750.0,3499.0,3581.0
ICE,31.357946442719065,2458940.0,4114450.0,959.0,667.0
IIIN,31.342101093329106,123820.0,227585.0,4026.0,3576.0
CIM,31.326255743939154,656920.0,769930.0,2342.0,2340.0
COF-PN,31.310410394549198,57961.2,45510.85,4602.0,4848.0
ADSK,31.294565045159246,1651800.0,2032480.0,1310.0,1247.0
SCHW-PJ,31.27871969576929,81045.0,83130.2,4376.0,4427.0
LGIH,31.262874346379338,234500.0,343005.0,3426.0,3193.0
ISD,31.247028996989386,172120.0,150990.0,3726.0,3956.0
TDOC,31.23118364759943,3851040.0,6067980.0,615.0,436.0
UFPI,31.215338298209478,290540.0,462435.0,3210.0,2882.0
BLIV,31.199492948819525,1120.0,795.0,6072.5,6149.5
HYT,31.183647599429566,810380.0,851170.0,2102.0,2227.0
GBLI,31.16780225003961,3760.0,4800.0,5880.0,5889.0
VRTS,31.151956900649658,103140.0,145245.0,4206.0,3985.0
OFLX,31.136111551259702,38860.0,41660.0,4850.0,4907.0
IP,31.12026620186975,3609940.0,5074400.0,646.0,531.0
SPE,31.104420852479798,26540.0,26800.0,5090.0,5169.0
AUNA,31.088575503089842,270740.0,172480.0,3282.0,3828.0
CLX,31.07273015369989,2534640.0,2696765.0,924.0,977.0
EXP,31.056884804309938,331700.0,484090.0,3086.0,2838.0
KBH,31.041039454919982,766840.0,935595.0,2151.0,2102.0
SOJC,31.02519410553003,27460.0,30720.0,5079.0,5089.0
GDO,31.00934875614007,51980.0,53340.0,4665.5,4735.0
RC-PE,30.99350340675012,5710.0,8623.65,5769.0,5696.0
SERA,30.977658057360163,22680.0,37790.0,5173.0,4963.5
MLM,30.96181270797021,562800.0,617005.0,2536.5,2590.0
CTGO,30.945967358580255,312280.0,358455.0,3136.0,3156.0
QGEN,30.930122009190303,3266120.0,2746685.0,710.0,960.0
GYRE,30.91427665980035,58680.0,52980.0,4599.5,4744.0
TFC-PI,30.898431310410395,22696.8,22262.65,5172.0,5267.0
BAC-PE,30.882585961020443,24842.0,28531.45,5139.0,5134.0
BRN,30.86674061163049,20560.0,65380.0,5222.0,4589.0
CRK,30.85089526224053,1637100.0,2208615.0,1317.0,1171.0
PCTY,30.835049912850575,713200.0,845555.0,2252.0,2237.0
MED,30.819204563460623,103260.0,201365.0,4203.0,3700.0
LOW,30.803359214070667,2541800.0,2792865.0,919.0,945.0
MKTX,30.787513864680715,1203140.0,1570610.0,1632.0,1528.0
ABT,30.771668515290763,7791220.0,8868850.0,292.0,276.0
RLX,30.755823165900807,5175800.0,2354375.0,455.0,1115.0
DKS,30.739977816510855,1327940.0,1350095.0,1515.0,1689.0
HRL,30.724132467120903,3740360.0,3433410.0,632.0,770.0
MPAA,30.708287117730947,141360.0,117825.0,3926.0,4171.0
RDY,30.692441768340995,2478980.0,3037225.0,950.0,865.0
PRME,30.676596418951036,1534940.0,2364400.0,1374.0,1107.0
LWAY,30.660751069561083,390520.0,171760.0,2926.5,3833.0
VVV,30.644905720171128,2071920.0,2245660.0,1093.0,1149.0
ALL-PH,30.629060370781175,160218.4,115936.25,3795.0,4189.0
LZM,30.61321502139122,292560.0,399170.0,3202.0,3062.0
DTW,30.597369672001268,20800.0,22555.0,5217.0,5261.0
ASIX,30.581524322611315,382240.0,296585.0,2941.0,3326.0
FIP,30.56567897322136,1015760.0,1629390.0,1821.0,1490.0
TRSG,30.549833623831407,4100.0,4075.0,5855.0,5938.0
FRPH,30.533988274441455,86540.0,99130.0,4332.0,4308.0
ALMU,30.518142925051496,412460.0,476605.0,2861.0,2854.0
MDBH,30.50229757566154,3880.0,2450.0,5871.5,6023.5
IIF,30.486452226271588,32120.0,33770.0,4985.0,5037.0
IDXX,30.470606876881632,573100.0,637495.0,2509.0,2556.0
GEVO,30.45476152749168,2443240.0,3276065.0,965.0,801.0
ITP,30.438916178101728,374580.0,682255.0,2963.0,2486.0
LMAT,30.423070828711772,388340.0,448455.0,2930.0,2919.0
COOK,30.40722547932182,55720.0,64770.0,4625.0,4599.0
AFCG,30.391380129931868,180040.0,99110.0,3682.0,4309.0
CD,30.375534780541912,404540.0,225820.0,2887.0,3589.0
AJG,30.35968943115196,1104640.0,1314225.0,1735.0,1711.0
ABAT,30.343844081762,2387480.0,3107870.0,979.0,847.0
CVR,30.32799873237205,1720.0,2460.0,6017.0,6021.0
DVLT,30.312153382982093,41667520.0,28243950.0,29.0,67.0
ABG,30.29630803359214,222280.0,271350.0,3474.0,3415.0
CLM,30.280462684202185,4311000.0,2325630.0,550.0,1126.0
LVS,30.264617334812232,3334600.0,5535300.0,692.0,477.0
ARDC,30.24877198542228,70460.0,87980.0,4470.0,4387.0
WYHG,30.232926636032325,363800.0,4203510.0,2993.0,649.0
VNET,30.217081286642372,6610640.0,4748905.0,347.0,577.0
RMCF,30.20123593725242,42302380.0,10600100.0,27.0,225.0
DOCU,30.185390587862464,3275120.0,3077600.0,707.0,851.0
AERT,30.169545238472505,11280.0,14380.0,5506.0,5458.0
OGI,30.153699889082553,1150560.0,1661890.0,1686.0,1460.0
HD,30.137854539692597,4331560.0,3918225.0,548.0,701.0
PDYN,30.122009190302645,1116060.0,927890.0,1723.0,2116.0
KNSL,30.106163840912693,186460.0,303605.0,3652.0,3305.0
FNF,30.090318491522737,1567960.0,1660500.0,1352.0,1463.0
WDAY,30.074473142132785,7486500.0,5296880.0,303.0,506.0
AOS,30.058627792742833,996480.0,1600150.0,1842.0,1509.0
QTWO,30.042782443352877,783180.0,991835.0,2136.0,2027.0
TBB,30.026937093962925,102580.0,109615.0,4208.0,4234.0
CMTL,30.011091744572965,384160.0,356195.0,2939.5,3162.0
PRS,29.995246395183013,37700.0,38835.0,4878.5,4949.0
GWRE,29.979401045793058,947040.0,1125245.0,1913.0,1886.0
CRF,29.963555696403105,3143240.0,1542895.0,740.0,1549.0
BBOT,29.94771034701315,275720.0,261540.0,3263.0,3449.0
DLB,29.931864997623197,661520.0,926990.0,2333.0,2119.0
PRH,29.916019648233245,45740.0,44210.0,4743.0,4870.0
AIRI,29.90017429884329,22340.0,17200.0,5182.0,5389.0
ALC,29.884328949453337,1735180.0,2173015.0,1255.0,1190.0
PGR,29.868483600063385,2786160.0,2383255.0,840.0,1099.0
PCF,29.85263825067343,89080.0,70270.0,4310.0,4534.0
BAM,29.83679290128347,3016700.0,2785365.0,769.0,947.0
HEPS,29.820947551893518,203820.0,151255.0,3558.0,3953.0
DV,29.805102202503562,4315980.0,5324595.0,549.0,499.0
EXLS,29.78925685311361,1761500.0,2589140.0,1239.0,1016.0
CXM,29.773411503723658,2241180.0,2760685.0,1033.0,955.0
INGR,29.757566154333702,567080.0,678160.0,2521.0,2493.0
HUDI,29.74172080494375,181520.0,3354030.0,3677.0,787.0
PTY,29.725875455553798,1427380.0,1266595.0,1440.0,1756.0
AMT,29.710030106163842,1910960.0,2956845.0,1166.0,886.0
CMCSA,29.69418475677389,21525760.0,30295550.0,90.0,62.0
TCRT,29.67833940738393,10440.0,9065.0,5536.5,5669.0
ALTG,29.662494057993978,149320.0,165275.0,3863.0,3864.0
TLN,29.646648708604022,933100.0,808280.0,1934.0,2285.0
RAIL,29.63080335921407,208000.0,199545.0,3538.0,3706.0
LSPD,29.614958009824115,604400.0,888890.0,2444.0,2163.0
WHF,29.599112660434162,44240.0,47085.0,4766.5,4822.5
SMSI,29.58326731104421,36520.0,31235.0,4898.0,5073.0
INMB,29.567421961654254,302160.0,324720.0,3170.0,3247.0
SNN,29.551576612264302,879320.0,1526085.0,2008.0,1557.0
VKTX,29.53573126287435,1816020.0,1929675.0,1213.0,1292.0
IHT,29.519885913484394,12880.0,16060.0,5449.5,5418.0
MDLN,29.504040564094435,5173620.0,7207130.0,456.0,358.0
MEGL,29.488195214704483,9120.0,13750.0,5596.5,5483.0
AMTM,29.472349865314527,3240720.0,2408265.0,718.0,1082.0
XWEL,29.456504515924575,19000.0,27355.0,5256.0,5159.0
ADT,29.440659166534623,7291040.0,8031290.0,311.0,311.0
RYAAY,29.424813817144667,960600.0,1127205.0,1892.0,1885.0
JBTM,29.408968467754715,846720.0,677130.0,2047.0,2495.0
UVV,29.393123118364763,411980.0,327155.0,2865.5,3239.0
BHC,29.377277768974807,2690520.0,5442130.0,870.0,483.0
EDN,29.361432419584855,111760.0,86940.0,4129.0,4395.0
ENGS,29.345587070194895,1528600.0,1240310.0,1378.0,1779.0
RITM,29.329741720804943,3175320.0,5857875.0,734.0,456.0
FRA,29.313896371414987,153680.0,150950.0,3840.0,3957.0
TIMB,29.298051022025035,535140.0,561875.0,2583.0,2678.0
JVA,29.28220567263508,47040.0,54325.0,4728.0,4722.0
AXIL,29.266360323245127,45700.0,19485.0,4744.0,5335.0
BHFAL,29.250514973855175,29280.0,30090.0,5044.0,5102.0
CEG,29.23466962446522,2632940.0,2857500.0,887.0,927.0
APWC,29.218824275075267,18260.0,14655.0,5277.0,5451.0
NVAX,29.202978925685315,2453460.0,3060595.0,962.0,854.0
SYBX,29.18713357629536,24940.0,200095.0,5134.0,3703.0
CULP,29.1712882269054,19120.0,12905.0,5254.0,5513.0
EYE,29.155442877515448,2913280.0,2078925.0,800.0,1226.0
PHI,29.139597528125492,123500.0,115835.0,4029.0,4193.0
OPCH,29.12375217873554,1851120.0,2653815.0,1199.0,995.0
GTN,29.107906829345588,986420.0,1301370.0,1860.0,1719.0
WH,29.092061479955632,1260940.0,1371590.0,1571.0,1669.0
SLVM,29.07621613056568,301780.0,286185.0,3172.0,3360.0
SRPT,29.060370781175727,1955380.0,2866515.0,1140.0,920.0
RICK,29.04452543178577,72080.0,50825.0,4452.0,4766.0
CTSH,29.02868008239582,7557100.0,9602630.0,300.0,254.0
SBAC,29.01283473300586,726920.0,1155045.0,2215.0,1857.0
ADNT,28.996989383615908,1097380.0,1014820.0,1744.0,1997.0
SMCI,28.981144034225952,91622620.0,63565705.0,6.0,11.0
CGBD,28.965298684836,587320.0,621770.0,2480.0,2582.0
BIT,28.949453335446044,472760.0,320070.0,2713.0,3258.0
CDW,28.933607986056092,1260520.0,1854890.0,1572.0,1330.0
STRF,28.91776263666614,41100.0,72955.0,4812.0,4508.0
UPBD,28.901917287276184,723880.0,1118675.0,2228.0,1894.0
IRIX,28.886071937886232,100760.0,62115.0,4221.0,4628.0
DHY,28.87022658849628,972200.0,659535.0,1877.0,2523.0
CNH,28.854381239106324,11992040.0,15660900.0,183.0,138.0
CLPR,28.838535889716365,172680.0,72285.0,3723.0,4514.0
AXON,28.822690540326413,726240.0,948390.0,2219.5,2080.0
CLFD,28.806845190936457,135560.0,240915.0,3961.0,3532.0
CNNE,28.790999841546505,598160.0,485940.0,2461.0,2832.0
RPT,28.775154492156553,58060.0,116595.0,4601.0,4184.0
PAC,28.759309142766597,73040.0,132890.0,4434.5,4074.0
FSSL,28.743463793376645,284320.0,258850.0,3231.5,3462.5
CRH,28.727618443986692,4283520.0,4710750.0,553.0,582.0
GORO,28.711773094596737,1183080.0,1462290.0,1654.0,1601.0
DEO,28.695927745206784,922980.0,1375420.0,1952.0,1661.0
VIPS,28.680082395816832,1765400.0,1719565.0,1233.0,1423.0
BGS,28.664237046426873,2620340.0,2425970.0,890.0,1071.0
BX,28.648391697036917,3875120.0,5172085.0,611.0,518.0
BRID,28.632546347646965,4540.0,4030.0,5836.0,5940.0
PAX,28.61670099825701,1194600.0,1276285.0,1640.0,1744.0
ALT,28.600855648867057,3942460.0,4886005.0,599.0,560.0
JMIA,28.585010299477105,2914560.0,2030200.0,797.0,1248.0
STWD,28.56916495008715,3875400.0,4587325.0,610.0,601.0
JACK,28.553319600697197,1452580.0,949395.0,1425.0,2077.0
BXSL,28.537474251307245,1544780.0,1684905.0,1367.0,1448.0
BNTX,28.52162890191729,696120.0,932375.0,2274.0,2110.0
GFL,28.50578355252733,2029620.0,2240595.0,1115.0,1155.0
BPRE,28.489938203137378,778000.0,879660.0,2141.0,2177.0
IBO,28.474092853747422,30700.0,30430.0,5012.0,5094.0
IGACR,28.45824750435747,100.0,2095.0,6216.5,6049.0
PMVP,28.442402154967517,165140.0,315910.0,3772.0,3271.0
LAZ,28.42655680557756,1351980.0,1765450.0,1499.0,1388.0
WMG,28.41071145618761,2462960.0,2364180.0,956.0,1108.0
NHS,28.394866106797657,168540.0,172745.0,3755.0,3826.0
SONY,28.3790207574077,4431980.0,5585030.0,529.0,474.0
MOGU,28.36317540801775,2920.0,4395.0,5934.0,5919.0
ISRG,28.347330058627797,2405320.0,3261540.0,975.0,807.0
KKR-PD,28.331484709237838,930474.8,348301.6,1938.0,3178.0
INVE,28.315639359847882,530160.0,257885.0,2591.0,3466.0
GRNQ,28.29979401045793,39700.0,11607.0,4834.5,5564.0
GIFT,28.283948661067974,21660.0,80195.0,5197.0,4445.0
TNC,28.268103311678022,322960.0,253130.0,3108.0,3488.0
ARLO,28.25225796228807,1351080.0,1400475.0,1500.0,1635.0
KEP,28.236412612898114,1404460.0,1079820.0,1459.0,1925.0
LKQ,28.220567263508162,3237360.0,3727925.0,720.0,724.0
SCOR,28.20472191411821,56020.0,19840.0,4622.0,5323.0
TIPT,28.188876564728254,207240.0,219310.0,3541.0,3613.0
NEOV,28.173031215338295,1892740.0,1573280.0,1184.0,1523.0
DLHC,28.157185865948342,18960.0,17030.0,5257.0,5392.0
OSRH,28.141340516558387,104496940.0,26414090.0,3.0,76.0
RZLV,28.125495167168435,9442380.0,8779655.0,240.0,282.0
SAM,28.109649817778482,169800.0,264755.0,3743.0,3437.0
TPG,28.093804468388527,4529140.0,3187225.0,522.0,825.0
KMB,28.077959118998574,2244080.0,3421570.0,1031.0,776.0
EDTK,28.062113769608622,4680.0,12520.0,5825.0,5529.0
TOST,28.046268420218667,9340440.0,10474825.0,244.0,229.0
CAG,28.030423070828714,9458700.0,12006625.0,239.0,191.0
CIK,28.014577721438762,412620.0,435435.0,2859.0,2955.0
XYL,27.998732372048803,1566720.0,1851240.0,1353.0,1332.0
CPZ,27.982887022658847,42000.0,69415.0,4800.0,4539.0
CRM,27.967041673268895,13006860.0,12642095.0,166.0,179.0
COOT,27.95119632387894,8120.0,149055.0,5637.0,3970.0
OTLY,27.935350974488987,62180.0,226375.0,4546.0,3583.0
MSN,27.919505625099035,27520.0,23750.0,5078.0,5231.0
KR,27.90366027570908,5242180.0,6227760.0,450.0,427.0
TW,27.887814926319127,996680.0,1613790.0,1841.0,1503.0
LDOS,27.871969576929175,1417900.0,1601635.0,1446.0,1508.0
BLLN,27.85612422753922,570480.0,821495.0,2513.0,2271.0
OBDC,27.84027887814926,4148000.0,4429220.0,576.0,620.0
LNN,27.824433528759307,91040.0,105985.0,4294.0,4257.0
SBC,27.80858817936935,282960.0,130150.0,3237.0,4085.0
MBUU,27.7927428299794,127120.0,173190.0,4005.0,3824.0
MORN,27.776897480589447,307160.0,409775.0,3154.0,3025.0
WOOF,27.76105213119949,1633940.0,1466840.0,1319.0,1597.0
NGEN,27.74520678180954,476640.0,391500.0,2697.0,3082.0
JCTC,27.729361432419587,67700.0,28550.0,4495.0,5133.0
UBER,27.71351608302963,15317500.0,21090585.0,140.0,105.0
PRTS,27.69767073363968,19480.0,25490.0,5244.0,5188.0
EVTC,27.681825384249727,473660.0,406075.0,2707.0,3033.0
VVR,27.665980034859768,528660.0,528195.0,2593.0,2739.0
CGTX,27.650134685469812,508620.0,559500.0,2638.0,2684.0
RNAC,27.63428933607986,93080.0,117430.0,4274.5,4176.0
INKT,27.618443986689904,7700.0,8850.0,5659.0,5685.0
CMPX,27.602598637299952,3443660.0,3332275.0,670.0,792.0
AGPU,27.58675328791,830620.0,734845.0,2071.0,2391.0
ESLA,27.570907938520044,32120.0,27735.0,4985.0,5148.5
OTIS,27.55506258913009,3498280.0,3786880.0,664.0,717.0
ATCH,27.53921723974014,1193360.0,3439375.0,1646.0,767.0
CXT,27.523371890350184,413780.0,586655.0,2856.0,2641.0
SPPL,27.507526540960225,200140.0,109900.0,3576.0,4231.0
FICO,27.491681191570272,291840.0,389025.0,3208.0,3091.0
ULH,27.475835842180317,38480.0,49815.0,4854.0,4782.0
COYA,27.459990492790364,94100.0,156250.0,4267.5,3906.0
XRAY,27.444145143400412,4274220.0,4957305.0,555.0,549.0
STRD,27.428299794010456,68600.0,123280.0,4486.0,4134.5
BCSF,27.412454444620504,486300.0,351735.0,2680.0,3172.0
HOOD,27.396609095230552,13895620.0,17207650.0,154.0,130.0
DRIO,27.380763745840596,10580.0,30345.0,5531.0,5097.0
NWTG,27.364918396450644,234260.0,75015.0,3430.0,4491.0
SCYX,27.349073047060692,76420.0,252525.0,4408.0,3493.0
ENR,27.333227697670733,967740.0,1118065.0,1883.0,1896.0
MRT,27.317382348280777,36020.0,38770.0,4908.0,4950.0
TAP,27.301536998890825,2111400.0,2830950.0,1081.0,935.0
BMEA,27.28569164950087,474420.0,465440.0,2704.0,2873.0
OXBR,27.269846300110917,265900.0,80170.0,3299.0,4446.0
KRMD,27.254000950720965,390600.0,277930.0,2925.0,3390.0
WEN,27.23815560133101,15574680.0,9951090.0,135.0,241.0
WINA,27.222310251941057,44360.0,47945.0,4760.5,4809.5
JJSF,27.206464902551105,224080.0,259965.0,3469.5,3456.0
KC,27.19061955316115,1267000.0,1491940.0,1564.0,1581.0
HOV,27.174774203771197,126060.0,147770.0,4013.0,3973.0
SGI,27.158928854381237,2935680.0,2942720.0,789.0,888.0
RWT,27.14308350499128,1470220.0,1969390.0,1415.0,1271.0
MAT,27.12723815560133,3291660.0,3839630.0,702.0,706.0
VICI,27.111392806211377,9170380.0,9909170.0,250.0,243.0
TMC,27.09554745682142,6882480.0,4988395.0,330.0,546.0
TSQ,27.07970210743147,76540.0,86465.0,4407.0,4401.0
SFWL,27.063856758041517,6520.0,29065.0,5727.0,5118.0
MTRX,27.04801140865156,143280.0,179010.0,3910.5,3807.0
YMM,27.03216605926161,5480500.0,5933215.0,430.0,447.0
ELF,27.016320709871657,1584600.0,2540980.0,1343.0,1037.0
OZ,27.000475360481698,12100.0,8300.0,5476.0,5712.0
RDCM,26.984630011091742,239740.0,215790.0,3405.0,3634.0
DMRC,26.96878466170179,173400.0,122355.0,3717.0,4146.0
TBCH,26.952939312311834,268920.0,345110.0,3285.0,3184.0
SPGI,26.93709396292188,1805520.0,2109865.0,1217.0,1210.0
AEC,26.92124861353193,30860.0,41505.0,5008.5,4909.5
SUZ,26.905403264141974,3871360.0,2815345.0,612.0,938.0
G,26.88955791475202,2072240.0,2244435.0,1092.0,1151.0
ASR,26.87371256536207,45580.0,65060.0,4745.0,4594.0
AMC,26.857867215972114,15038980.0,31844425.0,141.0,55.0
CVLT,26.84202186658216,421400.0,705790.0,2833.0,2438.0
RENT,26.826176517192202,39300.0,48880.0,4841.0,4796.5
MKC,26.810331167802246,2294160.0,2872585.0,1006.0,916.0
TLS,26.794485818412294,490920.0,449200.0,2670.0,2915.0
LAKE,26.778640469022342,54800.0,56545.0,4635.0,4700.0
MBI,26.762795119632386,555220.0,553715.0,2552.0,2696.0
PSEC,26.746949770242434,2879260.0,4105780.0,811.0,671.0
BV,26.731104420852482,1078780.0,1351460.0,1763.0,1687.0
RYN,26.715259071462526,2725520.0,2779200.0,858.0,951.0
BHFAO,26.699413722072574,39960.0,53400.0,4828.0,4734.0
KREF,26.683568372682622,718220.0,1182010.0,2237.0,1833.0
NEN,26.667723023292663,660.0,565.0,6130.5,6178.0
PDI,26.651877673902707,5320940.0,3347525.0,444.0,788.0
RC-PC,26.636032324512755,293.0,852.5,6180.0,6142.0
OXM,26.6201869751228,216100.0,274020.0,3505.0,3407.0
ZIONP,26.604341625732847,3641.6,4696.65,5887.0,5899.0
CRBU,26.588496276342894,911620.0,1042365.0,1966.5,1960.0
ELTK,26.57265092695294,7200.0,15020.0,5697.5,5445.0
BTBD,26.556805577562987,37460.0,44875.0,4888.5,4857.0
CLBT,26.540960228173034,12685500.0,3984205.0,171.0,690.0
DEI,26.52511487878308,1497260.0,1852050.0,1397.0,1331.0
BETR,26.509269529393126,872460.0,753845.0,2019.0,2356.0
GDEV,26.493424180003167,2580.0,12470.0,5957.5,5533.0
CCIIW,26.47757883061321,220.0,5105.0,6191.5,5865.0
JYNT,26.46173348122326,63060.0,64655.0,4541.0,4603.0
ARHS,26.445888131833307,1370660.0,1641600.0,1480.0,1482.0
GLXY,26.43004278244335,5906700.0,6607230.0,393.0,397.0
GME,26.4141974330534,5223360.0,6893080.0,453.0,379.0
SUPV,26.398352083663447,603740.0,514245.0,2447.0,2765.0
CSBR,26.38250673427349,12400.0,11360.0,5471.0,5578.0
EARN,26.36666138488354,358140.0,418450.0,3016.0,3005.0
STEP,26.350816035493587,1027560.0,1416485.0,1811.0,1623.0
STZ,26.334970686103627,1782080.0,1779900.0,1226.0,1376.0
PBH,26.31912533671367,568500.0,561880.0,2517.0,2677.0
ONCY,26.30327998732372,750080.0,814475.0,2184.0,2275.0
NRG,26.287434637933764,1901540.0,3220280.0,1177.0,820.0
BRW,26.27158928854381,261680.0,232035.0,3313.0,3555.0
RSSS,26.25574393915386,42140.0,32655.0,4797.0,5055.0
BKE,26.239898589763904,372520.0,400535.0,2970.0,3055.0
GIB,26.22405324037395,327940.0,504070.0,3093.0,2783.0
SLRC,26.208207890984,281240.0,437310.0,3241.0,2951.0
PMT,26.192362541594044,1159960.0,1349015.0,1671.0,1690.0
BHFAP,26.17651719220409,29700.0,38020.0,5038.0,4959.0
RXST,26.160671842814132,674460.0,878150.0,2313.0,2182.0
ATHM,26.144826493424176,553020.0,745650.0,2558.0,2375.0
AZ,26.128981144034224,1235940.0,474475.0,1606.0,2857.0
ACFN,26.113135794644272,38160.0,42110.0,4867.0,4900.5
FDS,26.097290445254316,694520.0,844965.0,2283.0,2241.0
RMD,26.081445095864364,1302720.0,1440955.0,1533.0,1614.0
FBIN,26.065599746474412,2051660.0,2506235.0,1104.0,1049.0
PHUN,26.049754397084456,75320.0,96595.0,4412.0,4330.0
LOAN,26.033909047694504,18240.0,33135.0,5278.0,5046.0
ASPN,26.01806369830455,941320.0,1767715.0,1923.0,1385.0
SYM,26.002218348914592,1370800.0,1731125.0,1479.0,1414.0
CITR,25.986372999524637,24280.0,24735.0,5147.0,5209.0
GLIBA,25.970527650134684,38360.0,47755.0,4859.5,4812.0
DRVN,25.95468230074473,907900.0,748305.0,1971.0,2369.0
BROS,25.938836951354777,4341300.0,4179200.0,546.0,653.0
APPF,25.922991601964824,393720.0,474290.0,2914.0,2858.0
HCM,25.90714625257487,99700.0,56565.0,4231.0,4699.0
XZO,25.891300903184916,252880.0,169270.0,3346.0,3841.0
BLRX,25.875455553794964,11860.0,8880.0,5485.5,5683.0
EIC,25.85961020440501,96220.0,93090.0,4246.0,4349.0
VRNS,25.843764855015056,1031340.0,1791645.0,1806.0,1370.0
BHFAN,25.827919505625097,52940.0,78640.0,4652.0,4463.0
AZO,25.81207415623514,236260.0,166535.0,3421.0,3855.0
GIS,25.79622880684519,7828060.0,8705260.0,291.0,285.0
DSGX,25.780383457455237,498380.0,489610.0,2658.0,2823.0
DXC,25.76453810806528,2739400.0,3938710.0,855.0,697.0
TSLX,25.74869275867533,462280.0,492550.0,2737.0,2811.0
NCDL,25.732847409285377,146380.0,194120.0,3885.0,3739.0
SLI,25.71700205989542,1369820.0,1622950.0,1481.0,1494.0
EPM,25.70115671050547,282760.0,308250.0,3238.0,3296.0
DOUG,25.685311361115517,465080.0,350640.0,2735.0,3175.0
BBLGW,25.66946601172556,340.0,200.0,6170.0,6225.0
CRVL,25.6536206623356,162360.0,181670.0,3782.0,3792.0
ZTEK,25.63777531294565,92360.0,138305.0,4285.0,4029.0
MDAI,25.621929963555694,229960.0,191465.0,3452.0,3750.0
IT,25.60608461416574,1570020.0,1619890.0,1350.0,1498.0
LFT-PA,25.59023926477579,6087.4,2562.1,5754.0,6009.0
OTEX,25.574393915385834,1499340.0,1917020.0,1396.0,1299.0
ITRI,25.55854856599588,664680.0,1199535.0,2326.0,1815.0
CGC,25.54270321660593,4608120.0,3210770.0,514.0,821.0
VRCA,25.526857867215973,74200.0,47690.0,4421.5,4814.0
TCI,25.51101251782602,11140.0,52855.0,5508.0,4748.0
PSKY,25.495167168436062,11584320.0,12672855.0,192.0,178.0
IFN,25.479321819046106,129220.0,133165.0,3994.5,4069.0
TLF,25.463476469656154,47240.0,25955.0,4724.0,5179.0
NOMD,25.4476311202662,2841540.0,1649165.0,824.0,1476.0
NVR,25.431785770876246,28460.0,33760.0,5057.5,5038.0
KBR,25.415940421486294,1115060.0,1676360.0,1727.0,1450.0
GXAI,25.40009507209634,26352700.0,6825680.0,63.0,385.0
SAP,25.384249722706386,2547400.0,3450500.0,917.0,765.0
CMG,25.368404373316434,15766040.0,19311910.0,132.0,117.0
OTF,25.35255902392648,2936340.0,2850630.0,788.0,928.0
CG,25.336713674536526,4187760.0,4180110.0,568.0,652.0
IGC,25.320868325146566,1410620.0,723580.0,1456.0,2408.0
TREX,25.305022975756614,1493360.0,2185935.0,1399.0,1183.0
FOA,25.28917762636666,38780.0,50510.0,4852.0,4772.5
WSO,25.273332276976706,449520.0,579045.0,2766.0,2654.0
MP,25.257486927586754,6799000.0,7310860.0,339.0,352.0
CPHI,25.2416415781968,2982760.0,2651410.0,776.0,996.0
COLL,25.225796228806846,1008660.0,688055.0,1826.0,2475.0
VISN,25.209950879416894,6874020.0,7617065.0,332.0,333.0
CRTO,25.19410553002694,413020.0,581195.0,2858.0,2647.0
RKT,25.178260180636986,24779940.0,28157560.0,70.0,68.0
MNRO,25.162414831247027,1275940.0,1177715.0,1558.0,1834.0
NXRT,25.14656948185707,233440.0,281880.0,3433.0,3373.0
TWI,25.13072413246712,585420.0,548115.0,2484.0,2707.0
OWLT,25.114878783077167,346680.0,188315.0,3047.0,3763.0
MLSS,25.09903343368721,397940.0,207745.0,2903.0,3666.0
MDWD,25.08318808429726,57920.0,59585.0,4603.0,4656.0
KKR,25.067342734907307,6177100.0,5129975.0,374.0,523.0
YELP,25.05149738551735,1156940.0,1105850.0,1676.0,1899.0
GSHD,25.0356520361274,297280.0,534370.0,3187.0,2735.0
SRG,25.019806686737446,110660.0,154050.0,4139.0,3931.0
PD,25.00396133734749,1077560.0,1263375.0,1766.0,1759.0
BXMT,24.988115987957535,2461340.0,2728790.0,958.0,965.0
INGN,24.972270638567583,223780.0,255900.0,3471.0,3475.0
ARTW,24.956425289177623,169460.0,1706845.0,3746.0,1432.0
MFIC,24.94057993978767,530860.0,615165.0,2588.0,2593.0
GOOS,24.92473459039772,578580.0,832965.0,2500.0,2260.0
PRSO,24.908889241007763,393580.0,332205.0,2915.0,3222.0
CCGWW,24.89304389161781,40.0,1690.0,6234.5,6087.0
GBR,24.87719854222786,32460.0,30885.0,4981.0,5084.0
SUNS,24.8613531928379,138000.0,81835.0,3947.0,4437.0
ETD,24.845507843447947,434540.0,470260.0,2800.0,2864.0
WLDN,24.829662494057995,207540.0,269350.0,3540.0,3418.0
GITS,24.81381714466804,150080.0,116025.0,3858.5,4188.0
NICE,24.797971795278087,563780.0,697310.0,2531.0,2457.0
BIRK,24.78212644588813,5877260.0,2628335.0,394.0,1003.0
ROCK,24.766281096498176,243480.0,352405.0,3389.0,3170.0
ARES,24.750435747108224,2077680.0,2427115.0,1090.0,1070.0
AMTX,24.73459039771827,754380.0,927725.0,2178.0,2117.0
PATK,24.718745048328316,412560.0,491055.0,2860.0,2819.0
MITQ,24.70289969893836,18540.0,18420.0,5270.0,5354.0
RBA,24.687054349548408,2605720.0,1960895.0,894.0,1273.0
BDTX,24.671209000158452,465920.0,613340.0,2733.0,2595.0
MIR,24.6553636507685,3278360.0,4432485.0,706.0,619.0
XTIA,24.639518301378548,950520.0,601030.0,1906.0,2623.0
GLIBK,24.62367295198859,453700.0,466280.0,2760.0,2871.0
DPZ,24.607827602598636,563080.0,787220.0,2535.0,2315.0
CIA,24.591982253208684,156360.0,157740.0,3823.0,3896.0
WALD,24.57613690381873,147420.0,332900.0,3876.0,3218.0
ACR,24.560291554428776,27960.0,35190.0,5070.0,5008.0
ROP,24.544446205038824,725140.0,864585.0,2222.5,2200.0
PSBD,24.528600855648865,159020.0,122505.0,3803.5,4144.0
ZH,24.512755506258912,166500.0,168705.0,3768.0,3842.0
VNT,24.49691015686896,1259220.0,1548380.0,1576.0,1545.0
MELI,24.481064807479004,437200.0,456040.0,2791.0,2896.0
FINW,24.465219458089052,23160.0,29260.0,5163.5,5116.0
BETA,24.449374108699097,2801980.0,1826470.0,837.0,1349.0
LPL,24.43352875930914,2978160.0,3228410.0,779.0,816.0
SOFI,24.41768340991919,47166440.0,67606495.0,22.0,9.0
YEXT,24.401838060529236,653980.0,800605.0,2349.0,2292.0
BCG,24.38599271113928,175700.0,59605.0,3707.0,4655.0
LOPE,24.370147361749325,244500.0,320690.0,3382.0,3256.0
PLRX,24.354302012359373,733820.0,457555.0,2208.0,2895.0
ALBT,24.338456662969417,527507.4,,2594.0,
ADBE,24.322611313579465,4182480.0,5065015.0,569.0,534.0
PWP,24.306765964189513,848140.0,1285300.0,2046.0,1731.0
JL,24.290920614799557,19040.0,14045.0,5255.0,5470.0
BDN,24.2750752654096,1385720.0,2276665.0,1472.0,1138.0
BHFAM,24.25922991601965,51980.0,52555.0,4665.5,4750.0
FG,24.243384566629693,720700.0,633500.0,2235.0,2562.0
ALK,24.22753921723974,2272780.0,2795560.0,1015.0,944.0
BZ,24.21169386784979,4690100.0,3493510.0,504.0,757.0
SPOT,24.19584851845983,1656960.0,2095000.0,1307.0,1218.0
XRX,24.180003169069877,1895840.0,4174475.0,1182.0,654.0
SAR,24.164157819679925,123280.0,139570.0,4031.0,4017.0
KYNB,24.14831247028997,13040.0,7570.0,5443.0,5743.0
MNST,24.132467120900017,10493760.0,7014660.0,215.0,368.0
LSF,24.11662177151006,49000.0,45270.0,4702.0,4852.0
RMTI,24.100776422120106,37780.0,28630.0,4876.0,5130.0
REFI,24.084931072730154,193460.0,167585.0,3616.0,3849.0
OCS,24.0690857233402,198200.0,292130.0,3590.0,3335.0
NOAH,24.053240373950246,112840.0,114175.0,4122.0,4206.0
FLWS,24.03739502456029,126460.0,207410.0,4009.5,3668.0
PRTH,24.021549675170338,614720.0,484320.0,2424.0,2837.0
HPP,24.005704325780382,667260.0,816745.0,2321.0,2273.0
TUYA,23.98985897639043,371480.0,510400.0,2975.0,2772.0
POST,23.974013627000478,851040.0,1087830.0,2042.0,1914.0
CCC,23.958168277610522,11420700.0,10280085.0,196.0,232.0
CPRI,23.942322928220566,4872120.0,4099750.0,484.0,672.0
RCS,23.926477578830614,144860.0,135305.0,3900.0,4051.0
EFX,23.910632229440658,994040.0,1386850.0,1849.0,1651.0
CALM,23.894786880050706,631720.0,914020.0,2398.0,2135.0
PDD,23.878941530660754,6521080.0,5676290.0,357.0,471.0
KROS,23.863096181270794,238420.0,213875.0,3410.0,3641.0
VIRC,23.847250831880842,18920.0,30080.0,5259.0,5103.0
GNLX,23.83140548249089,334680.0,309465.0,3080.0,3293.0
CIGL,23.815560133100934,766640.0,,2153.0,
MSB,23.799714783710982,30300.0,37095.0,5023.0,4977.0
LIXT,23.783869434321026,171640.0,377905.0,3730.0,3108.0
FBRT,23.76802408493107,1451760.0,1411980.0,1427.0,1627.0
RR,23.75217873554112,5433620.0,5362350.0,433.0,495.0
CCI,23.736333386151166,2362060.0,4216315.0,986.0,648.0
TLK,23.72048803676121,531100.0,720070.0,2587.0,2411.0
NCNO,23.70464268737126,2405480.0,2171255.0,974.0,1191.0
YALA,23.688797337981303,434400.0,288705.0,2802.0,3348.0
HWKN,23.672951988591347,111640.0,166000.0,4130.0,3861.0
BRO,23.657106639201395,1905420.0,2530905.0,1172.0,1040.0
RH,23.641261289811442,478600.0,682565.0,2694.0,2485.0
KNF,23.625415940421487,580720.0,792405.0,2495.0,2307.0
AERO,23.60957059103153,318900.0,243675.0,3119.5,3521.0
BLIN,23.59372524164158,114040.0,66870.0,4115.0,4569.0
CERT,23.577879892251623,3356240.0,4108800.0,688.0,670.0
SEVN,23.56203454286167,123120.0,165840.0,4032.0,3862.0
IEP,23.54618919347172,2296960.0,1273305.0,1003.0,1746.0
ADV,23.53034384408176,104380.0,115005.0,4194.0,4202.0
BEEP,23.514498494691807,34920.0,56575.0,4921.0,4698.0
NCLH,23.498653145301855,12951340.0,15578050.0,167.0,140.0
THO,23.4828077959119,603920.0,573030.0,2446.0,2662.0
LFS,23.466962446521947,6352200.0,2410325.0,365.0,1080.0
NMFC,23.45111709713199,438260.0,565185.0,2786.5,2674.0
NPT,23.435271747742036,18880.0,36170.0,5261.0,4993.0
GRFS,23.419426398352083,299680.0,661915.0,3181.0,2518.0
ACB,23.40358104896213,2513520.0,1847185.0,937.0,1336.0
VERU,23.387735699572175,157400.0,288435.0,3817.0,3351.0
RZLT,23.371890350182223,1059300.0,1174945.0,1782.0,1837.0
EEFT,23.356045000792268,552120.0,743310.0,2560.0,2382.0
GLAD,23.340199651402312,166560.0,178835.0,3766.5,3809.0
YTRA,23.32435430201236,41140.0,31405.0,4811.0,5070.5
GSIW,23.308508952622407,23940.0,15225.0,5153.0,5440.0
RELX,23.29266360323245,1951260.0,2705435.0,1143.0,975.0
DCBO,23.276818253842496,71380.0,101470.0,4457.0,4291.0
HDL,23.260972904452544,300.0,645.0,6176.5,6168.0
ARKR,23.245127555062588,2960.0,2085.0,5932.0,6051.5
CHKP,23.229282205672636,928380.0,1249290.0,1940.0,1769.0
WSO-B,23.213436856282684,400.0,225.0,6162.0,6221.0
OFIX,23.197591506892724,263720.0,370065.0,3307.0,3130.0
MHLA,23.181746157502772,1000.0,3080.0,6087.0,5982.0
ADXN,23.16590080811282,80.0,740.0,6221.0,6158.0
TMUS,23.150055458722864,3435040.0,5032910.0,674.0,540.0
IRTC,23.134210109332912,664960.0,699355.0,2325.0,2451.0
NGVC,23.118364759942956,147460.0,157130.0,3875.0,3899.0
VRME,23.102519410553,71080.0,43325.0,4458.0,4884.0
ALG,23.08667406116305,177900.0,140730.0,3693.0,4008.0
CRNC,23.070828711773096,694840.0,726395.0,2281.0,2403.0
ESAB,23.05498336238314,757020.0,645805.0,2169.0,2546.0
BBSI,23.039138012993188,257380.0,292005.0,3328.5,3336.0
LPX,23.023292663603232,1028520.0,1210815.0,1810.0,1803.0
ZLAB,23.007447314213277,1489700.0,1084840.0,1402.0,1918.0
FBGL,22.991601964823325,171820.0,206380.0,3728.5,3672.0
PFLT,22.975756615433372,960160.0,1139430.0,1894.0,1870.0
MOMO,22.959911266043417,461700.0,455300.0,2739.0,2901.0
AMPH,22.94406591665346,424180.0,481940.0,2825.0,2839.0
HRZN,22.92822056726351,924260.0,695370.0,1948.0,2462.0
INSE,22.912375217873553,139660.0,133885.0,3942.0,4066.0
CCAP,22.8965298684836,242000.0,231285.0,3399.0,3559.0
SNAP,22.88068451909365,37749160.0,41253900.0,34.0,34.0
INFY,22.86483916970369,15429380.0,24079140.0,137.0,84.0
TCOM,22.848993820313737,2114340.0,2858940.0,1080.0,925.0
MTEX,22.833148470923785,17600.0,11400.0,5301.5,5575.0
FSV,22.81730312153383,228760.0,243100.0,3458.0,3522.0
RDACU,22.801457772143877,0.0,0.0,6287.0,6283.5
BAFN,22.785612422753925,23620.0,26090.0,5158.0,5175.0
PRIM,22.769767073363965,1021280.0,1259495.0,1820.0,1762.0
PXED,22.753921723974013,112420.0,123990.0,4125.0,4131.0
VST,22.73807637458406,3378620.0,4603710.0,684.0,595.0
MDIA,22.722231025194105,8140.0,14990.0,5635.0,5446.0
HUHU,22.706385675804153,69280.0,34850.0,4479.0,5013.5
PTC,22.690540326414197,1096360.0,1566750.0,1745.0,1531.0
NEXT,22.67469497702424,2231600.0,2964180.0,1038.0,884.0
CSV,22.65884962763429,292220.0,215980.0,3205.0,3631.0
ACCL,22.643004278244337,15020.0,59230.0,5381.5,4662.0
TMDX,22.62715892885438,626220.0,999340.0,2408.0,2024.0
BRSL,22.611313579464426,1846920.0,2109690.0,1202.0,1211.0
PAL,22.595468230074474,1254140.0,704975.0,1585.0,2440.0
CURI,22.579622880684518,6566100.0,1856915.0,352.0,1327.0
IZEA,22.563777531294566,182180.0,79825.0,3673.0,4454.0
ATRA,22.547932181904613,75640.0,54790.0,4411.0,4712.0
GRPN,22.532086832514654,1140240.0,1507495.0,1694.0,1572.0
JKS,22.516241483124702,397040.0,580945.0,2904.0,2648.0
WWR,22.50039613373475,3242020.0,8979115.0,717.0,271.0
CNM,22.484550784344794,2031560.0,1823755.0,1113.0,1354.0
KTTA,22.468705434954842,104460.0,254260.0,4193.0,3484.0
JRVR,22.45286008556489,338700.0,261875.0,3072.0,3445.0
RDIB,22.43701473617493,768.4,7355.1,6115.0,5754.0
CBAT,22.421169386784978,212240.0,260835.0,3523.0,3453.0
MBC,22.405324037395026,1336160.0,1846300.0,1507.0,1338.0
DBRG-PJ,22.38947868800507,64781.8,32380.85,4523.0,5060.0
AVAV,22.373633338615118,1071100.0,1217995.0,1770.0,1798.0
HURA,22.357787989225162,461300.0,267370.0,2741.0,3428.0
XGN,22.341942639835207,335420.0,438405.0,3079.0,2948.0
SANG,22.326097290445254,940.0,8985.0,6096.0,5674.0
TZOO,22.310251941055302,69620.0,114195.0,4476.0,4205.0
NAVI,22.294406591665346,1156860.0,1232880.0,1677.0,1785.0
PFSI,22.27856124227539,405180.0,699140.0,2885.0,2452.0
MLCI,22.26271589288544,42400.0,41825.0,4789.0,4905.0
FOXF,22.246870543495483,536260.0,637965.0,2581.0,2555.0
BTQ,22.23102519410553,1856900.0,1531975.0,1197.0,1555.0
SPT,22.21517984471558,1193880.0,1225435.0,1642.0,1793.0
CPB,22.199334495325623,4122240.0,5056885.0,578.0,537.0
SID,22.183489145935667,2248880.0,4538565.0,1028.0,609.0
FIZZ,22.167643796545715,260740.0,343040.0,3318.0,3192.0
GUTS,22.15179844715576,924220.0,1284665.0,1949.0,1732.0
EVMN,22.135953097765807,411600.0,501010.0,2867.0,2794.0
BNZI,22.120107748375855,179831.4,,3683.0,
EVLV,22.104262398985895,2536060.0,2053485.0,922.0,1238.0
ERIE,22.088417049595943,226240.0,270265.0,3463.0,3416.0
BLKB,22.07257170020599,458280.0,720010.0,2749.0,2412.0
INEO,22.056726350816035,16500.0,117015.0,5337.5,4182.0
XBIT,22.040881001426083,41520.0,35120.0,4804.0,5009.0
APP,22.025035652036127,6646480.0,7520430.0,343.0,339.0
ACN,22.00919030264617,6458180.0,6800905.0,361.0,390.0
FSI,21.99334495325622,28380.0,23420.0,5061.0,5240.0
MYND,21.977499603866267,30860.0,16015.0,5008.5,5420.0
FSCO,21.96165425447631,948820.0,861110.0,1908.0,2210.0
WIT,21.945808905086356,3908900.0,6845150.0,604.0,383.0
OSTX,21.929963555696403,516780.0,318115.0,2613.0,3262.0
NMG,21.914118206306448,272640.0,404350.0,3275.0,3036.0
SGA,21.898272856916495,22420.0,17100.0,5178.5,5391.0
BBWI,21.882427507526543,6240860.0,5154145.0,371.0,521.0
STN,21.866582158136588,509880.0,422955.0,2636.0,2994.0
GT,21.850736808746632,10123700.0,9188840.0,226.0,264.0
SACH,21.83489145935668,96980.0,112070.0,4241.0,4216.0
AMTD,21.819046109966724,7980.0,11785.0,5641.5,5555.0
MMLP,21.80320076057677,9780.0,11835.0,5561.0,5553.0
ATS,21.78735541118682,187760.0,258850.0,3647.0,3462.5
WWW,21.77151006179686,1202280.0,917440.0,1634.0,2128.0
SCKT,21.755664712406908,6868740.0,13527480.0,333.0,163.0
LII,21.739819363016956,446540.0,627735.0,2769.0,2574.0
AIXC,21.723974013627,12903580.0,3256170.0,168.0,808.0
BKKT,21.708128664237048,1377140.0,1012815.0,1477.0,2000.0
FENG,21.692283314847092,3700.0,2220.0,5883.5,6042.5
NPWR,21.676437965457136,1547500.0,791495.0,1363.0,2309.0
BAH,21.660592616067184,1743900.0,2266040.0,1249.0,1142.0
RYAN,21.644747266677232,1349660.0,2244330.0,1501.0,1152.0
TRMB,21.628901917287276,3707680.0,2838015.0,634.0,932.0
META,21.61305656789732,16067740.0,17021790.0,130.0,132.0
XFLT,21.59721121850737,71960.0,84140.0,4453.0,4421.0
SPSC,21.581365869117413,655160.0,639000.0,2345.0,2553.0
ARX,21.56552051972746,21207960.0,7249860.0,94.0,354.0
PLBY,21.54967517033751,726520.0,942095.0,2216.0,2089.0
AMBO,21.533829820947552,12880.0,27800.0,5449.5,5145.0
NOW,21.517984471557597,17661700.0,25032830.0,119.0,80.0
BAK,21.502139122167645,2555020.0,1800900.0,910.0,1367.0
CLNE,21.48629377277769,1931780.0,1948105.0,1156.0,1279.0
TELO,21.470448423387737,54880.0,82900.0,4633.0,4428.0
CALX,21.454603073997784,594800.0,1024950.0,2468.0,1981.0
DBRG-PH,21.438757724607825,15986.2,14083.0,5351.0,5468.0
MHNC,21.422912375217873,2220.0,5090.0,5978.5,5867.0
SKYQ,21.40706702582792,1393560.0,5203255.0,1467.0,514.0
WAY,21.391221676437965,1958960.0,2973055.0,1136.0,881.0
PXLW,21.375376327048013,79320.0,41240.0,4387.0,4915.0
ONON,21.359530977658057,11799400.0,8466880.0,185.0,296.0
WORX,21.3436856282681,668.4,784.3,6128.0,6151.0
BILI,21.32784027887815,2407900.0,2062340.0,971.0,1233.0
NTSK,21.311994929488197,4148560.0,4362105.0,575.0,627.0
SFHG,21.29614958009824,2184440.0,549515.0,1052.0,2705.0
CION,21.28030423070829,513540.0,610330.0,2624.0,2601.0
HUYA,21.264458881318333,1297400.0,638925.0,1540.0,2554.0
QXO-PB,21.248613531928378,33888.4,105074.9,4947.0,4263.0
UONEK,21.232768182538425,12020.0,9860.0,5480.0,5641.0
AQMS,21.216922833148473,25120.0,30650.0,5126.5,5090.0
GOF,21.201077483758517,1799500.0,1311635.0,1222.0,1714.0
FSK,21.18523213436856,1702760.0,2584170.0,1275.0,1017.0
KRKR,21.16938678497861,9540.0,12345.0,5573.5,5539.0
DBRG-PI,21.153541435588654,60645.0,35190.7,4575.0,5007.0
BHM,21.1376960861987,5400.0,9695.0,5780.5,5645.5
DTST,21.12185073680875,37640.0,18330.0,4882.5,5355.0
ARI,21.10600538741879,4826860.0,3613975.0,488.0,736.0
ASLE,21.090160038028838,361280.0,418800.0,3005.0,3002.0
AEYE,21.074314688638886,342560.0,132925.0,3059.0,4072.0
JANX,21.05846933924893,613140.0,680010.0,2426.0,2488.0
ZS,21.042623989858978,2255800.0,2245535.0,1023.0,1150.0
UIS,21.026778640469022,595620.0,751600.0,2465.0,2363.0
AORT,21.010933291079066,742880.0,716210.0,2194.0,2423.0
WBX,20.995087941689114,34940.0,29055.0,4920.0,5119.0
LPCN,20.979242592299162,32700.0,42195.0,4977.0,4898.0
BMI,20.963397242909206,379300.0,501210.0,2945.0,2792.0
BBW,20.947551893519254,375960.0,297500.0,2955.0,3320.0
FWRG,20.931706544129298,1123760.0,1234280.0,1714.5,1784.0
GSRFR,20.915861194739342,220.0,1960.0,6191.5,6065.0
SITE,20.90001584534939,686720.0,986275.0,2295.0,2036.0
GRAB,20.884170495959438,32147060.0,48129205.0,49.0,25.0
BTDR,20.868325146569482,15632500.0,14064780.0,134.0,156.0
FND,20.852479797179527,1929240.0,2581225.0,1157.0,1018.0
OPFI,20.836634447789574,1132860.0,1082860.0,1702.0,1923.0
DSS,20.82078909839962,16500.0,41030.0,5337.5,4916.0
AIHS,20.804943749009666,206640.0,1883070.0,3543.0,1311.0
CPRT,20.789098399619714,14249980.0,11982560.0,152.0,192.0
TEM,20.773253050229755,3208320.0,4679080.0,727.0,587.0
WTF,20.757407700839803,10400.0,5285.0,5540.0,5853.0
SMID,20.74156235144985,19200.0,15430.0,5252.0,5437.0
HSAI,20.725717002059895,1814140.0,1634090.0,1214.0,1486.0
MMS,20.709871652669943,554960.0,664380.0,2553.0,2514.0
VRSK,20.69402630327999,1174380.0,1675135.0,1661.0,1452.0
RAND,20.67818095389003,2220.0,2070.0,5978.5,6055.0
ARQQ,20.66233560450008,250420.0,296820.0,3354.0,3325.0
RNTX,20.646490255110127,266860.0,428485.0,3296.0,2982.0
SDHC,20.63064490572017,35740.0,37725.0,4910.0,4966.0
KEQU,20.61479955633022,1780.0,4520.0,6014.5,5909.0
RPAY,20.598954206940263,602120.0,495565.0,2451.0,2804.0
CINT,20.583108857550307,92600.0,73975.0,4280.0,4496.0
HLI,20.567263508160355,750620.0,1008605.0,2182.0,2010.0
RUN,20.551418158770403,7879220.0,9862425.0,288.0,244.0
JBDI,20.535572809380447,13760.0,50810.0,5423.5,4767.0
HYFT,20.51972745999049,173420.0,247475.0,3716.0,3505.0
PNBK,20.50388211060054,286860.0,229230.0,3222.0,3567.0
QNRX,20.488036761210584,33380.0,18760.0,4958.0,5349.0
LMFA,20.47219141182063,259346.4,,3323.0,
DNMXW,20.45634606243068,2520.0,2280.0,5962.0,6037.0
SHAK,20.44050071304072,1128780.0,1998990.0,1708.0,1263.0
XBP,20.424655363650768,17580.0,26925.0,5303.5,5167.0
CIGI,20.408810014260816,200460.0,232215.0,3573.0,3554.0
ONEW,20.39296466487086,84780.0,115290.0,4348.0,4196.0
WB,20.377119315480908,834200.0,741460.0,2065.0,2384.0
SFIX,20.361273966090955,1349160.0,1480085.0,1502.0,1589.0
DOX,20.345428616700996,964960.0,1283335.0,1885.0,1733.0
GROV,20.329583267311044,35480.0,27225.0,4912.0,5163.0
QSI,20.31373791792109,3364080.0,2864020.0,687.0,922.0
RYM,20.297892568531136,5400.0,10330.0,5780.5,5619.0
ASAN,20.282047219141184,4731740.0,5359860.0,498.0,496.0
EXOZ,20.266201869751228,6060.0,6175.0,5755.5,5821.0
QXO,20.250356520361272,20098040.0,18994070.0,101.0,121.0
DOYU,20.23451117097132,17640.0,19865.0,5299.0,5321.0
ANVS,20.218665821581368,655100.0,584995.0,2346.5,2644.0
ARDX,20.202820472191412,4199300.0,4673225.0,565.0,588.0
GDDY,20.186975122801456,2057220.0,2237210.0,1101.0,1156.0
VALN,20.171129773411504,642660.0,173870.0,2374.0,3823.0
SE,20.15528442402155,4951520.0,5112390.0,473.0,525.0
APTV,20.139439074631596,3517460.0,4346200.0,662.0,631.0
SNPS,20.123593725241644,1278660.0,1708675.0,1554.0,1431.0
AIOT,20.107748375851685,2535040.0,2385110.0,923.0,1097.0
INSP,20.091903026461733,526100.0,799930.0,2599.0,2293.0
LUCK,20.07605767707178,37600.0,65440.0,4884.0,4588.0
GRCE,20.060212327681825,183340.0,256265.0,3665.0,3473.0
CSPI,20.044366978291873,13520.0,10965.0,5431.0,5596.0
KRRO,20.02852162890192,81100.0,115055.0,4375.0,4200.0
BSY,20.01267627951196,2423280.0,2870085.0,969.0,917.0
BR,19.99683093012201,1255060.0,1277900.0,1582.0,1743.0
ACVA,19.980985580732057,5670060.0,4884610.0,410.0,561.0
MOS,19.9651402313421,6998000.0,7605485.0,324.0,334.0
MGX,19.94929488195215,125580.0,132870.0,4014.0,4075.0
PASG,19.933449532562193,6340.0,15980.0,5736.0,5421.0
HLNE,19.917604183172237,586980.0,752890.0,2481.0,2357.0
KRUS,19.901758833782285,153000.0,174790.0,3844.0,3820.0
LNSR,19.885913484392333,591200.0,182730.0,2474.0,3787.0
LMRI,19.870068135002377,694860.0,463185.0,2280.0,2881.0
PPSI,19.85422278561242,228420.0,105625.0,3460.0,4258.0
JG,19.83837743622247,9800.0,7715.0,5560.0,5735.0
INO,19.822532086832513,7887600.0,6182405.0,286.0,431.0
OMSE,19.80668673744256,26200.0,20715.0,5103.0,5305.0
HYPR,19.79084138805261,664380.0,580110.0,2327.0,2651.0
PINS,19.774996038662653,8501440.0,11705100.0,268.0,200.0
MPLT,19.759150689272698,518980.0,1480880.0,2609.0,1588.0
FWRD,19.743305339882745,468960.0,676980.0,2722.0,2496.0
LEN,19.72745999049279,2176000.0,2334570.0,1056.0,1123.0
ACHR,19.711614641102837,44021720.0,41297160.0,25.0,33.0
COCP,19.695769291712885,44020.0,74190.0,4772.0,4495.0
EVI,19.679923942322926,156020.0,130960.0,3826.0,4081.0
WLTH,19.664078592932974,863620.0,866305.0,2029.0,2198.0
RDDT,19.64823324354302,14951080.0,8953985.0,143.0,274.0
HERZ,19.632387894153066,40940.0,21170.0,4816.0,5293.0
ECX,19.616542544763114,604100.0,683285.0,2445.0,2484.0
MZTI,19.600697195373158,274400.0,283990.0,3268.0,3368.0
VTS,19.584851845983202,444700.0,480265.0,2776.0,2843.0
WIX,19.56900649659325,2527000.0,1896090.0,928.0,1306.0
TMCI,19.553161147203298,381880.0,409575.0,2942.0,3026.0
ALZN,19.537315797813342,57700.0,46390.0,4605.5,4832.0
ATNM,19.521470448423386,313620.0,171880.0,3133.0,3831.0
PW,19.505625099033434,1500.0,13720.0,6033.5,5486.0
QS,19.48977974964348,16408400.0,23576910.0,128.0,89.0
GTEC,19.473934400253526,1282080.0,1053075.0,1551.0,1948.0
ACI,19.458089050863574,5579440.0,11011415.0,416.0,214.0
EPAM,19.44224370147362,1193680.0,1710520.0,1643.0,1428.0
MLCO,19.426398352083663,1635240.0,1566115.0,1318.0,1533.0
IOTR,19.41055300269371,7420.0,16900.0,5681.5,5400.0
ROL,19.394707653303755,4618340.0,6476540.0,512.0,413.0
GHI,19.378862303913802,106320.0,84070.0,4175.5,4422.5
SG,19.36301695452385,5576000.0,6593500.0,417.0,400.0
MBLY,19.34717160513389,3898500.0,7126360.0,608.0,362.0
SGRY,19.33132625574394,2347220.0,1991860.0,992.0,1264.0
ESRT,19.315480906353987,1590680.0,2012700.0,1336.0,1257.0
CNTX,19.29963555696403,1693140.0,1846340.0,1281.0,1337.0
RYET,19.28379020757408,21320.0,13815.0,5201.0,5482.0
IMRN,19.267944858184123,18100.0,21970.0,5284.0,5274.0
CRMD,19.252099508794167,2864840.0,1385805.0,815.0,1653.0
INTR,19.236254159404215,4397780.0,5493200.0,534.0,480.0
TTGT,19.220408810014263,420780.0,468935.0,2834.0,2866.0
ARBE,19.204563460624307,1093940.0,1122865.0,1746.0,1888.0
HCWC,19.18871811123435,13645080.0,37278230.0,156.0,43.0
HSCS,19.1728727618444,38380.0,61870.0,4857.5,4630.0
ARRY,19.157027412454443,5614260.0,7365980.0,413.0,349.0
STRK,19.14118206306449,80960.0,84250.0,4377.0,4420.0
MIST,19.12533671367454,2737820.0,1627090.0,856.0,1492.0
KOSS,19.109491364284583,13780.0,15075.0,5422.0,5442.0
HIHO,19.093646014894627,51280.0,550270.0,4676.0,2700.0
HGBL,19.077800665504675,391680.0,255180.0,2919.0,3480.0
NFLX,19.06195531611472,31164180.0,35888480.0,50.0,45.0
WPRT,19.046109966724767,167600.0,83390.0,3760.5,4426.0
FLX,19.030264617334815,130120.0,123085.0,3988.0,4137.0
SVC,19.014419267944856,1361820.0,1604285.0,1492.0,1507.0
EOSE,18.998573918554904,19315840.0,26810115.0,108.0,74.0
ILAG,18.98272856916495,760.0,2315.0,6116.0,6033.5
ANNA,18.966883219774996,214340.0,240865.0,3513.0,3533.0
SAMG,18.951037870385044,83200.0,66325.0,4361.0,4575.0
TOMZ,18.935192520995088,42620.0,27480.0,4785.5,5154.0
OBTC,18.919347171605132,11100.0,6725.0,5510.0,5784.0
BARK,18.90350182221518,40800.0,57155.0,4818.5,4689.0
OXSQ,18.887656472825228,2405600.0,1761035.0,973.0,1389.0
PTON,18.871811123435272,7432920.0,9162645.0,306.0,266.0
MQ,18.85596577404532,903820.0,1122585.0,1977.0,1889.0
FUTU,18.840120424655364,757960.0,1144965.0,2168.0,1866.0
YCBD,18.824275075265408,213180.0,201915.0,3518.5,3696.0
STKS,18.808429725875456,22940.0,20755.0,5167.0,5304.0
WGS,18.792584376485504,486960.0,834455.0,2679.0,2256.0
INM,18.776739027095548,89200.0,2797035.0,4309.0,943.0
PTLO,18.760893677705592,1597180.0,1361105.0,1329.0,1677.0
GLE,18.74504832831564,1224140.0,7898020.0,1614.0,323.0
IQ,18.729202978925684,7425800.0,6124935.0,308.0,432.0
PCTTU,18.713357629535732,0.0,0.0,6287.0,6283.5
CHGG,18.69751228014578,996920.0,1269700.0,1838.0,1749.0
HDB,18.68166693075582,6754840.0,8191745.0,342.0,305.0
PEGA,18.66582158136587,1689540.0,3113125.0,1283.0,846.0
BOLT,18.649976231975916,55260.0,23445.0,4628.0,5238.5
FUN,18.63413088258596,1588500.0,2354875.0,1337.0,1114.0
OYSER,18.61828553319601,1480.0,930.0,6036.0,6131.0
UPWK,18.602440183806053,4544220.0,4343080.0,518.0,632.0
FEDU,18.586594834416097,2260.0,2875.0,5975.0,5989.0
PLTK,18.570749485026145,2272420.0,1676280.0,1016.0,1451.0
AHCO,18.554904135636193,2978340.0,4095020.0,778.0,674.0
CMCM,18.539058786246237,3820.0,5425.0,5876.0,5847.0
FTLF,18.523213436856285,14800.0,12765.0,5387.0,5517.0
RWAY,18.50736808746633,677260.0,617475.0,2309.0,2589.0
SNAL,18.491522738076373,311160.0,192815.0,3140.0,3745.0
MDXG,18.47567738868642,978120.0,1522675.0,1873.0,1560.0
PGY,18.45983203929647,2149420.0,3052355.0,1066.0,859.0
SNDL,18.443986689906513,1238340.0,1931525.0,1604.0,1288.0
OWL,18.428141340516557,18013640.0,21532950.0,116.0,101.0
PETS,18.412295991126605,224680.0,122520.0,3467.0,4143.0
MGPI,18.39645064173665,195800.0,189615.0,3605.0,3756.0
BCARU,18.380605292346697,4100.0,20980.0,5855.0,5301.0
ATEC,18.364759942956745,1545980.0,2306525.0,1365.0,1130.0
VYX,18.348914593566786,2184860.0,2127835.0,1051.0,1206.0
SPRO,18.333069244176833,717500.0,1652985.0,2240.0,1467.0
TRUP,18.31722389478688,488940.0,543695.0,2674.0,2714.0
PNR,18.301378545396926,2167380.0,2937365.0,1057.0,890.0
FKWL,18.285533196006973,9920.0,21035.0,5553.0,5299.0
TOUR,18.269687846617018,7800.0,6180.0,5654.0,5820.0
WRD,18.253842497227062,4372460.0,2443475.0,540.0,1062.0
DQ,18.23799714783711,946320.0,1021740.0,1915.5,1989.0
GO,18.222151798447157,4203720.0,2899630.0,563.0,909.0
MMYT,18.2063064490572,356800.0,720000.0,3019.0,2413.0
BCIC,18.19046109966725,46920.0,57460.0,4729.0,4683.0
XPOF,18.174615750277294,599320.0,1182070.0,2458.0,1832.0
OEC,18.158770400887338,372480.0,440105.0,2971.0,2946.0
VS,18.142925051497386,6300.0,13160.0,5738.5,5505.0
TNYA,18.127079702107434,2379700.0,2025490.0,980.0,1250.0
ARE,18.111234352717478,1735600.0,1910700.0,1254.0,1303.0
LCFY,18.095389003327522,8620.0,13055.0,5618.0,5511.0
LULU,18.07954365393757,3051620.0,2574790.0,762.0,1022.0
HDSN,18.063698304547614,992460.0,626305.0,1852.0,2576.0
KBSX,18.047852955157662,9040.0,13690.0,5603.0,5487.0
BAER,18.03200760576771,1276580.0,1538820.0,1557.0,1552.0
BFAM,18.01616225637775,662860.0,775680.0,2330.0,2329.0
OLED,18.0003169069878,714920.0,772090.0,2249.5,2335.0
CLRB,17.984471557597846,37480.0,40795.0,4886.5,4919.0
XPEV,17.96862620820789,6629840.0,6481610.0,345.0,411.0
SPOK,17.95278085881794,202120.0,172740.0,3566.0,3827.0
BLNK,17.936935509427983,903340.0,1381530.0,1979.0,1657.0
RPID,17.921090160038027,206200.0,227250.0,3545.0,3579.0
HIMS,17.905244810648075,11380780.0,15326210.0,198.0,143.0
BL,17.889399461258122,1185380.0,1194340.0,1652.0,1821.0
LFCR,17.873554111868167,104480.0,136640.0,4192.0,4041.0
SYNX,17.857708762478214,23660.0,34295.0,5157.0,5027.0
PPC,17.84186341308826,1704540.0,1555960.0,1273.0,1539.0
EQS,17.826018063698303,7740.0,9970.0,5656.5,5634.0
SGRP,17.81017271430835,34240.0,354230.0,4940.5,3168.0
CSAN,17.7943273649184,2239440.0,1439090.0,1034.0,1615.0
RPD,17.778482015528443,2122860.0,2484140.0,1075.0,1054.0
GMHS,17.762636666138487,42020.0,23850.0,4799.0,5228.0
CHWY,17.746791316748535,5728020.0,6815215.0,406.0,387.0
IDN,17.73094596735858,1200460.0,434335.0,1635.0,2961.0
HXHX,17.715100617968627,8297740.0,2665105.0,274.0,990.0
BGSI,17.699255268578675,73280.0,58845.0,4430.0,4666.0
OFAL,17.683409919188716,39883560.0,10820320.0,31.0,219.0
NYC,17.667564569798763,17720.0,38400.0,5298.0,4956.0
TU,17.65171922040881,5527080.0,9557825.0,425.0,255.0
REAX,17.635873871018855,6579460.0,5415260.0,349.0,486.0
TRI,17.620028521628903,2196680.0,2417745.0,1047.0,1075.0
FLL,17.604183172238947,90040.0,114465.0,4303.0,4204.0
CNDT,17.58833782284899,1029360.0,960525.0,1808.0,2067.0
VOR,17.57249247345904,827980.0,837810.0,2077.0,2252.0
AMSF,17.556647124069087,701380.0,408390.0,2269.0,3028.0
MWG,17.54080177467913,4960.0,5210.0,5810.0,5860.0
BRIA,17.52495642528918,4360.0,9540.0,5842.0,5649.5
QTRX,17.509111075899224,1115820.0,833615.0,1724.0,2259.0
YHGJ,17.493265726509268,1200.0,5000.0,6066.0,5872.0
SCLX,17.477420377119316,40640.0,68505.0,4822.5,4552.5
HCAT,17.461575027729364,920100.0,939190.0,1956.0,2095.0
STNE,17.445729678339408,7582740.0,4197255.0,299.0,651.0
TSSI,17.429884328949452,1896520.0,930255.0,1181.0,2113.0
PROK,17.4140389795595,1259260.0,1021290.0,1575.0,1992.0
AMSC,17.398193630169544,551780.0,812200.0,2561.0,2279.0
LEGN,17.382348280779592,2516620.0,2839635.0,931.0,931.0
BIVI,17.36650293138964,27874160.0,7866550.0,58.0,325.0
MNTN,17.350657581999684,1539880.0,1210445.0,1370.0,1804.0
SCM,17.33481223260973,151860.0,240250.0,3849.0,3536.0
PSN,17.318966883219776,903160.0,2045880.0,1980.0,1241.0
ROOT,17.30312153382982,317440.0,285425.0,3123.0,3363.0
SPHL,17.287276184439868,15000.0,29235.0,5383.0,5117.0
FTHM,17.271430835049912,78580.0,134930.0,4389.0,4054.0
POOL,17.255585485659957,614640.0,851215.0,2425.0,2226.0
PMCB,17.239740136270004,113160.0,136700.0,4121.0,4039.0
OKLO,17.223894786880052,7990700.0,9685205.0,282.0,249.0
TYL,17.208049437490097,724440.0,862650.0,2226.0,2207.0
TRIP,17.192204088100144,3004860.0,3624925.0,772.0,734.0
GENI,17.17635873871019,4437720.0,7520025.0,528.0,340.0
AHG,17.160513389320233,39920.0,16660.0,4830.0,5406.0
VTSI,17.14466803993028,74460.0,42740.0,4418.0,4890.0
JBGS,17.12882269054033,820000.0,878110.0,2092.0,2183.0
INLX,17.112977341150373,280.0,680.0,6183.5,6165.0
FIS,17.097131991760417,4344940.0,6562225.0,545.0,401.0
ETOR,17.081286642370465,2044540.0,1210150.0,1108.0,1807.0
GAME,17.06544129298051,1526480.0,1299605.0,1381.0,1722.0
AMS,17.049595943590557,31080.0,19275.0,5002.0,5340.0
ZJK,17.033750594200605,15020.0,12450.0,5381.5,5535.0
ORCL,17.01790524481065,26186220.0,30934680.0,64.0,57.0
CAI,17.002059895420693,3446500.0,4829600.0,669.0,565.0
NCMI,16.98621454603074,4192280.0,1280430.0,566.0,1738.0
TSCO,16.970369196640785,11758620.0,13005070.0,187.0,170.0
EVEX,16.954523847250833,755700.0,1007635.0,2172.0,2013.0
NCTY,16.938678497860877,242240.0,261335.0,3398.0,3451.0
XTLB,16.92283314847092,24380.0,8930.0,5146.0,5677.0
INCR,16.90698779908097,6220.0,14430.0,5745.0,5456.0
LBRDA,16.891142449691017,148400.0,206720.0,3869.0,3671.0
MARA,16.87529710030106,41743860.0,42858865.0,28.0,31.0
PRGO,16.85945175091111,2254500.0,2996275.0,1025.0,875.0
OSG,16.843606401521154,476220.0,463475.0,2699.0,2880.0
INTS,16.827761052131198,28140.0,26345.0,5065.5,5173.0
OLLI,16.811915702741246,1362000.0,1343200.0,1490.0,1694.0
TCPC,16.796070353351293,630940.0,793610.0,2400.0,2306.0
HFFG,16.780225003961338,186020.0,393495.0,3656.0,3074.0
AARD,16.764379654571385,118520.0,122730.0,4076.0,4142.0
OKYO,16.74853430518143,51260.0,88040.0,4677.0,4386.0
LBRDK,16.732688955791474,2039040.0,1923095.0,1110.0,1296.0
FULC,16.716843606401522,2886080.0,1756410.0,809.0,1395.0
LVO,16.70099825701157,104880.0,65545.0,4188.0,4585.0
KVYO,16.685152907621614,6838220.0,6788865.0,335.0,391.0
OMEX,16.669307558231658,326660.0,369300.0,3095.0,3134.0
AXG,16.653462208841706,84500.0,172765.0,4351.0,3825.0
CJMB,16.63761685945175,374660.0,3055885.0,2962.0,857.0
BGI,16.621771510061798,1362420.0,516690.0,1488.0,2761.0
GPI,16.605926160671842,199760.0,226370.0,3577.0,3584.0
REKR,16.590080811281886,2146860.0,1209960.0,1067.0,1808.0
RDAC,16.574235461891934,1180.0,10170.0,6067.0,5624.0
EP,16.558390112501982,23540.0,24985.0,5159.0,5206.0
BZFD,16.542544763112026,550620.0,698255.0,2562.0,2454.0
ECC           ,16.526699413722074,864200.0,874300.0,2028.0,2187.0
ATXG,16.51085406433212,18500.0,35425.0,5271.0,5003.0
TSOL,16.495008714942163,1320.0,9090.0,6052.0,5668.0
ADMA,16.47916336555221,1840080.0,2418270.0,1205.0,1074.0
GLOB,16.46331801616226,3539200.0,2158635.0,656.0,1194.0
PLBL,16.447472666772303,162980.0,211480.0,3779.0,3649.0
CIIT,16.43162731738235,100300.0,110020.0,4226.0,4229.0
LIVE,16.415781967992395,11960.0,11840.0,5482.0,5552.0
TLSA,16.39993661860244,1619680.0,940765.0,1322.0,2090.5
FOUR-PA,16.384091269212487,92474.0,75045.65,4281.0,4490.0
ADIL,16.368245919822535,87440.0,77230.0,4323.0,4473.0
COTY,16.35240057043258,6137220.0,8243605.0,376.0,304.0
QUBT,16.336555221042623,7840540.0,8516715.0,290.0,294.0
ERII,16.32070987165267,1105220.0,999675.0,1734.0,2022.0
WDH,16.304864522262715,192620.0,197945.0,3619.0,3712.0
CHTR,16.289019172872763,1738900.0,3041735.0,1253.0,863.0
CPNG,16.273173823482807,13385140.0,18047095.0,158.0,124.0
AI,16.25732847409285,4153140.0,4754300.0,573.0,575.0
FLY,16.2414831247029,3587360.0,3254465.0,652.0,810.0
TURB,16.225637775312947,157220.0,788310.0,3819.0,2314.0
LTRN,16.20979242592299,113900.0,75085.0,4116.0,4489.0
WBTN,16.19394707653304,377620.0,383450.0,2951.0,3098.0
PRT,16.178101727143083,28440.0,25365.0,5059.0,5191.0
SFM,16.162256377753128,1329580.0,1942755.0,1513.0,1281.0
SSII,16.146411028363175,29360.0,71965.0,5043.0,4518.5
PDCC,16.130565678973223,3120.0,8160.0,5920.5,5718.5
GBFH,16.114720329583267,78060.0,126185.0,4393.0,4113.0
ISPR,16.098874980193315,14340.0,24315.0,5403.0,5217.0
GYRO,16.08302963080336,2680.0,2085.0,5951.5,6051.5
MNYWW,16.067184281413404,1440.0,5270.0,6040.0,5855.5
EAF,16.05133893202345,193920.0,293095.0,3612.0,3332.0
LIF,16.0354935826335,1442860.0,1015785.0,1430.0,1995.0
BRCC,16.019648233243544,1138780.0,1173765.0,1696.0,1838.0
MCRP,16.003802883853588,415660.0,247195.0,2849.0,3507.0
SIEB,15.987957534463634,201200.0,62830.0,3571.0,4623.0
OXLC,15.97211218507368,1447380.0,951070.0,1428.0,2073.0
WVE,15.956266835683728,4178780.0,3173880.0,571.0,828.0
DFSC,15.940421486293774,30398920.0,7645020.0,53.0,330.0
ELBM,15.924576136903818,219080.0,370360.0,3494.0,3127.0
MNSO,15.908730787513864,884660.0,671865.0,2002.0,2500.0
EPOW,15.89288543812391,507900.0,389840.0,2639.0,3088.0
TCX,15.877040088733956,82320.0,125450.0,4367.0,4122.0
BCAR,15.861194739344004,129240.0,339335.0,3993.0,3202.0
LAB,15.84534938995405,1356860.0,1687780.0,1496.0,1446.0
BCYC,15.829504040564094,403100.0,313000.0,2889.0,3283.0
CTM,15.81365869117414,855860.0,1398905.0,2037.0,1639.0
CNTY,15.797813341784186,51840.0,72660.0,4668.0,4510.0
RXRX,15.781967992394232,11694480.0,15090585.0,189.0,147.0
GENK,15.76612264300428,141900.0,510155.0,3921.0,2773.0
DKNG,15.750277293614323,8658600.0,13794345.0,262.0,160.0
IPX,15.734431944224369,164540.0,243885.0,3774.0,3519.0
LPA,15.718586594834417,46580.0,34595.0,4733.0,5021.5
BRLT,15.702741245444463,143400.0,156575.0,3907.5,3905.0
THCH,15.686895896054509,7020.0,8360.0,5703.5,5709.0
LASE,15.671050546664553,2140260.0,2045740.0,1073.0,1242.0
LAFAR,15.655205197274599,660.0,4430.0,6130.5,5917.0
HTT,15.639359847884645,36180.0,109485.0,4903.0,4235.0
HUIZ,15.623514498494693,188000.0,1519290.0,3645.0,1562.0
SINT,15.607669149104739,151540.0,245760.0,3851.0,3510.0
CMMB,15.591823799714783,26140.0,61220.0,5106.5,4638.0
ASBP,15.575978450324829,21020.0,37740.0,5210.5,4965.0
NAII,15.560133100934875,17080.0,78580.0,5326.0,4464.0
LZ,15.544287751544921,3169340.0,3224455.0,737.0,819.0
SKIL,15.528442402154969,37980.0,50380.0,4873.0,4775.0
GECC,15.512597052765015,67920.0,60970.0,4492.0,4640.0
YB,15.49675170337506,34200.0,23030.0,4942.0,5244.0
LU,15.480906353985105,933020.0,924990.0,1935.0,2122.0
EBS,15.465061004595151,1139320.0,1259545.0,1695.0,1761.0
RBBN,15.449215655205197,497340.0,727285.0,2659.0,2400.0
CDIO,15.433370305815245,117440.0,110820.0,4083.0,4223.0
ZKIN,15.417524956425288,9580.0,13385.0,5572.0,5496.0
YI,15.401679607035334,1300.0,2910.0,6058.0,5986.5
PTLE,15.385834257645381,14160.0,9500.0,5409.5,5654.0
NTRB,15.369988908255428,4280.0,6995.0,5844.5,5769.0
IMTE,15.354143558865474,2551660.0,664255.0,913.0,2515.0
XTNT,15.338298209475518,643920.0,246995.0,2372.0,3508.0
PSIG,15.322452860085564,1061040.0,309740.0,1779.0,3292.0
LRN,15.30660751069561,826040.0,1240430.0,2084.0,1777.0
RADX,15.290762161305658,51700.0,147560.0,4670.5,3975.0
GDTC,15.274916811915704,20300.0,214205.0,5228.5,3638.0
CELH,15.259071462525748,11676560.0,13089660.0,191.0,167.0
AHT,15.243226113135794,79660.0,32545.0,4384.5,5057.0
NKE,15.22738076374584,34759380.0,24548110.0,37.0,82.0
COCH,15.211535414355886,168740.0,145250.0,3752.0,3984.0
GHG,15.195690064965934,7180.0,7575.0,5699.0,5742.0
HCKT,15.17984471557598,212820.0,381705.0,3521.0,3103.0
QDEL,15.163999366186024,1385700.0,1540770.0,1473.0,1550.0
PCT,15.14815401679607,4070640.0,4283760.0,583.0,641.0
ACM,15.132308667406116,2597400.0,2085915.0,897.0,1222.0
STLA,15.116463318016162,15894700.0,21694990.0,131.0,100.0
HUBS,15.10061796862621,1898980.0,2270525.0,1179.0,1140.0
NRDY,15.084772619236253,65641.0,32464.8,4513.0,5058.0
PNNT,15.068927269846299,475120.0,573445.0,2701.0,2661.0
IIIV,15.053081920456346,635740.0,512690.0,2388.0,2766.0
BGMSP,15.037236571066392,0.0,286.0,6287.0,6210.0
FOUR,15.021391221676438,1694320.0,1693810.0,1278.0,1442.0
PRCT,15.005545872286483,992920.0,1769980.0,1851.0,1383.0
ASPS,14.989700522896529,14520.0,26400.0,5400.0,5172.0
BCDA,14.973855173506575,201660.0,252330.0,3567.0,3494.0
DFH,14.958009824116623,572960.0,717255.0,2510.0,2420.0
HTLM,14.942164474726669,4900.0,4875.0,5816.0,5880.0
AACG,14.926319125336715,2711060.0,680140.0,864.0,2487.0
MIRA,14.910473775946759,57200.0,98220.0,4612.0,4316.0
LOT,14.894628426556805,299400.0,143060.0,3183.0,3993.0
ALNY,14.878783077166851,1547160.0,2284010.0,1364.0,1135.0
LFMD,14.862937727776899,698680.0,1138740.0,2272.0,1871.0
NNE,14.847092378386945,2150940.0,2015280.0,1063.0,1254.0
JBI,14.831247028996989,1898960.0,1502590.0,1180.0,1577.0
BBAI,14.815401679607035,17258200.0,23781235.0,122.0,88.0
EVO,14.799556330217081,33660.0,67330.0,4949.0,4565.0
YSXT,14.783710980827127,9100.0,52110.0,5598.5,4756.0
COE,14.767865631437175,22360.0,21720.0,5181.0,5278.0
BLND,14.752020282047217,3311500.0,2613985.0,699.0,1007.0
ATLX,14.736174932657264,158160.0,210510.0,3812.0,3655.0
VIA,14.720329583267311,683640.0,856890.0,2298.0,2216.0
BMRA,14.704484233877357,5640.0,6415.0,5770.0,5803.5
ADGM,14.688638884487403,511720.0,25471280.0,2631.0,78.0
KDK,14.672793535097448,1171220.0,978545.0,1663.0,2044.0
INSG,14.656948185707494,458440.0,460810.0,2747.5,2886.0
MYGN,14.64110283631754,1553180.0,2647475.0,1361.0,998.0
TGLS,14.625257486927588,197660.0,272370.0,3593.0,3412.0
SPMC,14.609412137537634,66820.0,29875.0,4501.0,5108.0
LI,14.59356678814768,2144920.0,2934115.0,1069.0,892.0
VERX,14.577721438757724,2314100.0,2881875.0,1000.0,913.0
MNDY,14.56187608936777,1434640.0,1868770.0,1434.0,1319.0
PLCE,14.53810806528284,283600.0,186400.0,3234.0,3772.0
BRNS,14.53810806528284,33120.0,34390.0,4963.5,5025.0
TOVX,14.50641736650293,679500.0,537655.0,2306.0,2727.0
REBN,14.50641736650293,177720.0,155375.0,3698.0,3916.0
MIND,14.482649342418,124080.0,89880.0,4022.0,4374.0
CDXS,14.466803993028046,1271260.0,1691675.0,1562.0,1445.0
STXS,14.450958643638092,759820.0,841425.0,2164.0,2246.0
CCIF,14.43511329424814,168280.0,118820.0,3757.0,4164.0
MTR,14.419267944858182,11720.0,5940.0,5492.0,5830.0
CTEV,14.403422595468228,154420.0,117855.0,3835.0,4170.0
PLNT,14.387577246078276,2150600.0,2293710.0,1064.0,1131.0
BEEM,14.371731896688322,352180.0,325775.0,3031.0,3244.0
HTOO,14.355886547298368,13840.0,8380.0,5420.0,5708.0
BULL,14.340041197908416,10637960.0,8415825.0,213.0,299.0
DNA,14.324195848518459,1087020.0,1027610.0,1758.0,1979.0
BRAG,14.308350499128505,36960.0,21795.0,4896.0,5276.0
TRAK,14.292505149738552,51600.0,57185.0,4672.0,4688.0
BLDR,14.276659800348598,1471700.0,2215980.0,1414.0,1170.0
LTBR,14.260814450958645,556040.0,933945.0,2549.0,2106.0
EYPT,14.244969101568689,14886020.0,5061610.0,145.0,536.0
FTEK,14.229123752178735,165160.0,143090.0,3771.0,3992.0
KMPR,14.21327840278878,837680.0,856005.0,2058.0,2217.0
LANV,14.197433053398829,46240.0,61375.0,4739.0,4636.0
VGAS,14.181587704008875,23160.0,493200.0,5163.5,2810.0
EVH,14.165742354618919,3352100.0,4576635.0,690.0,602.0
ALVO,14.149897005228965,671100.0,903015.0,2317.0,2148.0
KNDI,14.134051655839011,69260.0,85365.0,4480.0,4409.0
LIDR,14.118206306449057,558340.0,985290.0,2545.0,2037.0
TREE,14.102360957059105,405520.0,480470.0,2882.5,2842.0
AWRE,14.086515607669147,27700.0,44055.0,5074.0,4874.0
METC,14.070670258279193,2293460.0,2344340.0,1007.0,1121.0
SES,14.054824908889241,12571540.0,19127885.0,175.0,119.0
FGMC,14.038979559499287,190860.0,376005.0,3630.0,3112.0
MTEK,14.023134210109333,56900.0,54420.0,4615.0,4719.5
EBON,14.007288860719381,3360.0,5680.0,5903.0,5839.5
NEUP,13.991443511329424,65980.0,455590.0,4507.5,2899.0
TKLF,13.97559816193947,4620.0,12200.0,5830.5,5543.0
EDHL,13.959752812549517,4800.0,38710.0,5818.0,4952.0
PZZA,13.943907463159563,1361880.0,1823565.0,1491.0,1355.0
MRM,13.92806211376961,16280.0,42000.0,5344.0,4903.0
MYPS,13.912216764379654,378060.0,263060.0,2950.0,3440.0
KULR,13.8963714149897,1730980.0,1146205.0,1256.0,1863.0
BSX,13.880526065599746,16508400.0,19876610.0,127.0,113.0
INTU,13.864680716209794,3561840.0,3641955.0,653.0,732.0
PONY,13.84883536681984,3734700.0,3613800.0,633.0,737.0
DXLG,13.832990017429884,17860.0,33995.0,5292.5,5031.0
OPRX,13.81714466803993,438880.0,254535.0,2784.0,3482.0
GPK,13.801299318649976,3242860.0,4915785.0,716.0,555.0
CMTG,13.785453969260022,618000.0,659690.0,2420.0,2521.0
SJT,13.76960861987007,191220.0,198775.0,3626.0,3707.0
ORIO,13.753763270480112,36100.0,42280.0,4905.0,4895.0
SER,13.737917921090158,84800.0,54780.0,4347.0,4713.0
SMMT,13.722072571700206,6893400.0,4684530.0,329.0,585.0
MNY,13.706227222310252,14240.0,9985.0,5406.0,5633.0
BTBT,13.690381872920298,28444700.0,23815340.0,56.0,87.0
PHIO,13.674536523530346,83160.0,115825.0,4362.0,4194.0
BBBY,13.658691174140388,1922500.0,2536995.0,1161.0,1039.0
CNXC,13.642845824750435,1048980.0,1152425.0,1791.0,1858.0
CRCL,13.627000475360482,9347400.0,10911635.0,243.0,217.0
ZTS,13.611155125970528,5914520.0,6890770.0,392.0,380.0
CNVS,13.595309776580574,222720.0,119070.0,3473.0,4162.0
KDKRW,13.579464427190619,2660.0,9945.0,5953.0,5635.0
IMSR,13.563619077800665,1135400.0,1810155.0,1701.0,1362.0
OGEN,13.54777372841071,52660.0,31950.0,4656.0,5064.0
BDMD,13.531928379020759,52500.0,50635.0,4659.0,4771.0
COUR,13.516083029630805,4126980.0,6919915.0,577.0,374.0
BCTX,13.500237680240849,62340.0,88555.0,4544.0,4379.0
WD,13.484392330850895,417340.0,429005.0,2843.0,2978.0
ATER,13.46854698146094,182440.0,481220.0,3672.0,2841.0
PSFE,13.452701632070987,784360.0,406635.0,2134.0,3032.0
MBOT,13.436856282681035,1212680.0,743730.0,1624.0,2381.0
OI,13.42101093329108,2758000.0,3359185.0,849.0,785.0
NKLR,13.405165583901123,160360.0,451170.0,3791.0,2910.0
INAB,13.389320234511171,120800.0,72650.0,4057.0,4511.0
WVVI,13.373474885121217,21380.0,8080.0,5200.0,5723.0
LFVN,13.357629535731263,48060.0,59240.0,4709.0,4661.0
CRGO,13.341784186341311,1460400.0,392375.0,1420.0,3077.0
SSTI,13.325938836951353,362800.0,150190.0,2997.0,3963.0
PEW,13.3100934875614,405160.0,298635.0,2886.0,3316.0
FLO,13.294248138171447,4540380.0,5282895.0,519.0,508.0
SSM,13.278402788781493,44320.0,125730.0,4762.5,4120.0
FINV,13.26255743939154,618640.0,432675.0,2419.0,2965.0
SERV,13.246712090001584,5658180.0,4779625.0,411.0,570.0
AD,13.23086674061163,120500.0,141460.0,4060.0,3999.0
ENGN,13.215021391221676,874800.0,698475.0,2013.0,2453.0
JXG,13.199176041831723,680.0,870.0,6124.0,6138.5
CHPT,13.18333069244177,384920.0,373570.0,2935.0,3120.0
FJET,13.167485343051814,700640.0,618295.0,2270.0,2588.0
BEAT,13.15163999366186,653160.0,479720.0,2354.0,2847.0
NAMM,13.135794644271906,409800.0,399640.0,2871.0,3059.0
LGO,13.119949294881952,574820.0,498495.0,2505.0,2796.0
HTCO,13.104103945492,55140.0,94160.0,4632.0,4344.0
PODD,13.088258596102046,1460000.0,1748095.0,1421.0,1404.0
CCB,13.072413246712088,222240.0,451110.0,3475.5,2911.0
COIN,13.056567897322136,6627820.0,7450355.0,346.0,345.0
JOBY,13.040722547932182,23089080.0,35070200.0,78.0,47.0
XRTX,13.024877198542228,6400.0,12090.0,5732.0,5546.0
FMST,13.009031849152276,116420.0,118095.0,4096.0,4168.0
BULLW,12.993186499762318,12380.0,9735.0,5472.0,5644.0
WFF,12.977341150372364,22822280.0,7500380.0,80.0,343.0
MMA,12.961495800982412,77340.0,106605.0,4402.0,4252.0
PLAG,12.945650451592458,7011460.0,16185710.0,323.0,135.0
PSNYW,12.929805102202504,17540.0,41290.0,5306.0,4913.0
SY,12.913959752812548,107220.0,184925.0,4169.5,3779.0
BRFH,12.898114403422595,70680.0,25795.0,4466.0,5181.0
GURE,12.88226905403264,7640.0,9520.0,5665.0,5652.0
TCRX,12.866423704642688,323580.0,489490.0,3104.0,2824.0
EGG,12.850578355252734,26500.0,1372420.0,5091.5,1667.0
AAME,12.83473300586278,24960.0,14520.0,5133.0,5454.0
LSTA,12.818887656472825,30120.0,98525.0,5029.0,4314.0
UPST,12.80304230708287,3998400.0,4542265.0,591.0,607.0
AHT-PH,12.787196957692917,19499.0,6418.1,5243.0,5801.0
MLGO,12.771351608302965,30240.0,32935.0,5025.5,5051.0
CHA,12.75550625891301,517260.0,478190.0,2612.0,2852.0
NSRX,12.739660909523053,11900.0,15065.0,5483.5,5443.0
NTZ,12.7238155601331,1640.0,3170.0,6020.0,5976.0
ELUT,12.707970210743147,70180.0,53260.0,4473.0,4738.0
PSNY,12.692124861353193,120180.0,136365.0,4063.0,4042.0
ZVIA,12.67627951196324,371680.0,402005.0,2974.0,3047.0
CCIXW,12.660434162573283,347466.6,,3043.0,
ACCS,12.64458881318333,44240.0,25375.0,4766.5,5190.0
SOUN,12.628743463793377,22527100.0,36098535.0,83.0,44.0
SQFTP,12.612898114403423,7360.0,4965.0,5687.5,5873.0
AMCI,12.59705276501347,148780.0,152300.0,3867.0,3943.0
AURE,12.581207415623513,12580.0,16140.0,5464.0,5416.0
SLDP,12.56536206623356,2516300.0,3814770.0,932.0,710.0
WHR,12.549516716843605,1715460.0,2349430.0,1267.0,1117.0
CMRC,12.533671367453653,885680.0,1156850.0,1999.0,1853.0
NABL,12.5178260180637,3267140.0,2363380.0,709.0,1110.0
BLNE,12.501980668673745,540100.0,362400.0,2580.0,3145.0
RC,12.486135319283791,951580.0,1169455.0,1903.0,1840.0
TIGR,12.470289969893836,2479220.0,2019245.0,949.0,1253.0
IH,12.454444620503882,3060.0,3855.0,5927.0,5946.0
SOS,12.43859927111393,316360.0,100645.0,3126.0,4297.0
GPRO,12.422753921723974,8896120.0,5841325.0,256.0,457.0
CLVT,12.40690857233402,3238620.0,5635235.0,719.0,472.0
OCCI,12.391063222944066,262640.0,217195.0,3310.0,3628.0
BTMD,12.375217873554112,180680.0,210980.0,3680.0,3653.0
RTACW,12.359372524164158,2500.0,10975.0,5965.5,5595.0
DJT,12.343527174774204,4405400.0,4695380.0,532.0,584.0
LDI,12.32768182538425,1639340.0,2940340.0,1315.0,889.0
SPRY,12.311836475994294,2557640.0,2580995.0,907.0,1019.0
PSIX,12.295991126604342,406340.0,555630.0,2879.0,2694.0
USNA,12.280145777214388,251720.0,218320.0,3350.0,3621.0
DWTX,12.264300427824432,52920.0,49215.0,4653.5,4791.0
TLRY,12.24845507843448,3004520.0,4896250.0,773.0,557.0
ZG,12.232609729044526,1242540.0,1463555.0,1596.0,1600.0
QH,12.21676437965457,13520.0,35965.0,5431.0,4996.0
BMBL,12.200919030264618,3697560.0,2969590.0,636.0,882.0
AGMH,12.185073680874662,89000.0,76280.0,4311.0,4481.0
GOTU,12.169228331484709,202700.0,295055.0,3563.0,3328.0
WW,12.153382982094756,175200.0,212230.0,3709.0,3645.0
LOCL,12.1375376327048,18000.0,22990.0,5287.0,5245.0
AIRS,12.121692283314847,1232300.0,864365.0,1610.0,2202.0
OFS,12.105846933924894,35220.0,54505.0,4914.0,4717.0
CTXR,12.090001584534939,933680.0,891395.0,1933.0,2162.0
EVGN,12.074156235144985,351700.0,610900.0,3034.5,2600.0
TASK,12.05831088575503,658740.0,1096515.0,2339.0,1908.0
PCLA,12.042465536365077,110040.0,369655.0,4143.0,3133.0
DUOL,12.026620186975123,1346420.0,1380660.0,1504.0,1658.0
NIXX,12.010774837585169,1358700.0,1101640.0,1494.0,1902.0
BFRG,11.994929488195215,107100.0,137315.0,4172.5,4034.0
KPLT,11.979084138805261,99600.0,70695.0,4233.0,4530.5
NXL,11.963238789415307,61740.0,157770.0,4553.0,3895.0
BMR,11.947393440025353,34660.0,69185.0,4925.0,4542.0
ABR,11.931548090635397,3417800.0,4059660.0,676.0,679.0
TGEN,11.915702741245445,261700.0,231190.0,3312.0,3560.0
ORBS,11.899857391855491,12632020.0,11866940.0,173.0,196.0
ARCT,11.884012042465535,555520.0,525780.0,2550.0,2743.0
CNCK,11.868166693075583,12460.0,156045.0,5470.0,3908.0
RDHL,11.85232134368563,25240.0,38610.0,5122.5,4953.0
BKYI,11.836475994295673,60620.0,217730.0,4576.0,3624.0
DUO,11.820630644905721,51700.0,104410.0,4670.5,4271.0
UAVS,11.804785295515765,3351380.0,2231220.0,691.0,1161.0
AVD,11.788939946125812,621760.0,300875.0,2416.0,3311.0
DTSS,11.77309459673586,87200.0,459155.0,4325.0,2889.0
ICG,11.757249247345904,24660.0,36840.0,5142.0,4982.0
RGC,11.74140389795595,151840.0,194865.0,3850.0,3731.0
CTOR,11.725558548565996,159820.0,134860.0,3797.0,4056.0
ICU,11.709713199176042,77680.0,73930.0,4398.0,4498.0
ASPI,11.693867849786088,2803820.0,3426005.0,835.0,772.0
ZENA,11.678022500396134,6536360.0,6504685.0,355.0,408.0
AISP,11.66217715100618,390760.0,380520.0,2924.0,3104.0
BQ,11.646331801616226,24642920.0,6207790.0,71.0,428.0
SRAD,11.630486452226272,1956220.0,2908250.0,1139.0,905.0
KD,11.614641102836318,3928960.0,4589740.0,601.0,599.0
ATCX,11.598795753446362,13540.0,11135.0,5429.0,5590.0
LOOP,11.58295040405641,44900.0,60220.0,4755.0,4649.0
NHTC,11.567105054666456,47080.0,49800.0,4726.0,4783.0
SNT,11.5512597052765,7920.0,12740.0,5647.0,5518.5
NCNA,11.535414355886548,35160.0,34655.0,4916.0,5018.0
PRZO,11.519569006496594,402560.0,1267065.0,2891.0,1753.0
HTZ,11.503723657106638,55653420.0,54440120.0,17.0,18.0
TELA,11.487878307716686,247760.0,163160.0,3364.0,3878.0
NIU,11.47203295832673,226100.0,211855.0,3464.0,3646.0
NUS,11.456187608936776,593980.0,607410.0,2471.0,2604.0
GLOO,11.440342259546824,131500.0,140610.0,3982.0,4009.0
Z,11.424496910156869,3743800.0,4054275.0,631.0,681.0
AIRO,11.408651560766915,1286240.0,568130.0,1548.0,2668.0
SORA,11.392806211376962,416740.0,228510.0,2844.0,3572.0
AIMD,11.376960861987007,61240.0,216170.0,4563.0,3630.0
AAPG,11.361115512597053,3680.0,4860.0,5885.0,5881.0
SEAT,11.345270163207099,44440.0,69330.0,4759.0,4540.0
GPMT,11.329424813817145,323480.0,218680.0,3106.0,3617.0
GP,11.31357946442719,499600.0,259275.0,2655.0,3460.0
IMA,11.297734115037237,7300.0,9905.0,5692.5,5636.0
NTRP,11.281888765647283,59980.0,56365.0,4585.5,4702.0
GELS,11.266043416257327,24140.0,81220.0,5150.0,4441.0
DOMH,11.250198066867375,291720.0,195100.0,3209.0,3729.0
SPWH,11.234352717477421,254420.0,334690.0,3341.0,3213.0
PHR,11.218507368087465,816720.0,791695.0,2096.0,2308.0
FOXX,11.202662018697513,7920.0,6495.0,5647.0,5795.5
APRE,11.186816669307559,25040.0,45720.0,5131.0,4839.5
NEXM,11.170971319917603,18160.0,24410.0,5280.5,5213.0
BRBI,11.155125970527651,1440.0,610.0,6040.0,6175.0
MSC,11.139280621137695,15720.0,49440.0,5359.5,4787.0
FVRR,11.123435271747741,755820.0,1030195.0,2171.0,1976.0
AIFF,11.10758992235779,95900.0,142050.0,4249.0,3998.0
FLUX,11.091744572967833,379100.0,197515.0,2947.0,3714.0
XYF,11.07589922357788,46820.0,45720.0,4730.0,4839.5
STEM,11.060053874187927,211640.0,141000.0,3527.0,4006.0
CNF,11.044208524797972,8480.0,6880.0,5625.0,5778.0
EVGO,11.028363175408018,2755560.0,3827385.0,851.0,708.0
ATHR,11.012517826018064,1020.0,9460.0,6084.5,5656.0
TTEC,10.99667247662811,758720.0,568975.0,2167.0,2667.0
CVRX,10.980827127238156,1233880.0,1437355.0,1608.0,1616.0
EU,10.964981777848202,4611580.0,3581420.0,513.0,744.0
PCSA,10.949136428458248,56700.0,645595.0,4616.5,2547.0
PLAY,10.933291079068294,1246580.0,1390660.0,1590.0,1647.0
BNGO,10.91744572967834,126620.0,128150.0,4008.0,4097.0
OPTT,10.901600380288386,3644360.0,6019070.0,641.0,439.0
BGIN,10.88575503089843,394540.0,106170.0,2911.0,4255.0
FTCI,10.869909681508478,166980.0,231515.0,3764.0,3558.0
FISV,10.854064332118524,7019740.0,8387180.0,322.0,301.0
DOCS,10.838218982728568,4151940.0,7984645.0,574.0,316.0
NMTC,10.822373633338616,100800.0,67805.0,4219.5,4560.0
GWH,10.80652828394866,704040.0,773935.0,2261.0,2332.0
SLQT,10.790682934558706,731860.0,746240.0,2210.0,2373.0
SEATW,10.774837585168754,8500.0,2300.0,5622.5,6036.0
LMB,10.758992235778798,421540.0,403890.0,2830.0,3039.0
ORGO,10.743146886388844,703660.0,947365.0,2262.0,2081.0
HKPD,10.727301536998892,221560.0,1281740.0,3483.0,1737.0
VERI,10.711456187608936,7189560.0,3578305.0,315.0,745.0
SMPL,10.695610838218983,1780780.0,2247975.0,1227.0,1148.0
SCNX,10.679765488829029,13075400.0,3464165.0,165.0,762.0
QFIN,10.663920139439075,1447100.0,1069620.0,1429.0,1932.0
HYPD,10.64807479004912,215680.0,216670.0,3508.0,3629.0
PAVM,10.632229440659167,91280.0,46445.0,4293.0,4828.0
TWAV,10.616384091269213,36320.0,46440.0,4902.0,4829.0
PAR,10.600538741879259,1052260.0,1012050.0,1788.0,2004.0
ANGX,10.584693392489305,2721020.0,1590140.0,861.0,1515.0
EMBC,10.56884804309935,1698000.0,1662005.0,1277.0,1459.0
DFLI,10.553002693709395,244600.0,400495.0,3380.0,3056.0
UPB,10.537157344319443,603220.0,625030.0,2448.0,2577.0
NBP,10.521311994929489,259940.0,241790.0,3320.0,3526.0
GTM,10.505466645539533,6881860.0,7806560.0,331.0,327.0
GEOS,10.489621296149581,188060.0,156785.0,3643.5,3903.0
METCB,10.473775946759627,85680.0,73270.0,4340.0,4506.0
CWH,10.457930597369671,1464780.0,2180145.0,1416.0,1185.0
CRDF,10.442085247979719,710680.0,859425.0,2255.0,2211.0
MAMO,10.426239898589763,28680.0,58385.0,5053.0,4670.0
KLC,10.41039454919981,2773600.0,1021585.0,841.0,1991.0
CGTL,10.394549199809857,3600920.0,971615.0,649.0,2051.0
SBDS,10.378703850419901,1100.0,1960.0,6076.0,6065.0
EHTH,10.362858501029947,238160.0,240315.0,3412.0,3535.0
CSGP,10.347013151639995,5404040.0,7381690.0,437.0,347.0
BYSI,10.33116780225004,8050960.0,2045290.0,280.0,1243.0
ACON,10.315322452860086,94500.0,60680.0,4264.0,4644.0
SWVL,10.299477103470132,6040.0,12775.0,5758.5,5516.0
BLSH,10.283631754080178,2327420.0,1649860.0,996.0,1473.0
WLFC,10.267786404690224,346720.0,260005.0,3046.0,3455.0
OPTU,10.25194105530027,1299760.0,2735925.0,1537.0,964.0
KLAR,10.236095705910316,11073340.0,4992155.0,205.0,544.0
NSPR,10.22025035652036,235860.0,98045.0,3423.0,4319.0
INTZ,10.204405007130408,245200.0,226325.0,3375.0,3585.0
SIGA,10.188559657740454,585620.0,841810.0,2483.0,2244.0
TAOX,10.172714308350498,65080.0,82015.0,4518.0,4434.0
LVWR,10.156868958960546,870420.0,12194225.0,2020.0,188.0
DARE,10.141023609570592,3523060.0,978515.0,660.0,2045.0
ATGL,10.125178260180636,13960.0,48880.0,5416.0,4796.5
LUCY,10.109332910790684,190260.0,202965.0,3636.0,3689.0
NLOP,10.093487561400728,100840.0,135805.0,4218.0,4046.0
CELZ,10.077642212010774,670300.0,19619465.0,2320.0,114.0
MAPS,10.061796862620822,126460.0,338615.0,4009.5,3204.0
YXT,10.045951513230866,1518600.0,3700865.0,1386.0,726.0
FEAM,10.030106163840912,436880.0,1188860.0,2794.5,1827.0
TME,10.01426081445096,12623720.0,9634425.0,174.0,251.0
WALDW,9.998415465061004,26220.0,10790.0,5100.5,5602.0
BIRD,9.98257011567105,316480.0,332665.0,3125.0,3221.0
FUFU,9.966724766281096,366920.0,181220.0,2984.0,3796.0
ORKT,9.950879416891143,7220.0,28725.0,5696.0,5124.0
CDLX,9.935034067501189,49060.0,45455.0,4701.0,4849.0
WING,9.919188718111235,1288540.0,1399895.0,1546.0,1636.0
CTSO,9.90334336872128,61700.0,63550.0,4554.0,4618.0
SST,9.887498019331327,837080.0,254920.0,2060.0,3481.0
FLYX,9.871652669941373,453460.0,458030.0,2762.0,2894.0
TEAD,9.855807320551419,150080.0,155550.0,3858.5,3913.0
HOLO,9.839961971161463,176420.0,247540.0,3702.0,3504.0
SAGT,9.82411662177151,3908020.0,1409090.0,606.0,1628.0
FWDI,9.808271272381557,1202580.0,874930.0,1633.0,2186.0
ANY,9.792425922991601,146440.0,987500.0,3884.0,2034.0
GNTA,9.776580573601649,39900.0,56905.0,4831.0,4693.5
TRAW,9.760735224211693,93860.0,108440.0,4271.0,4239.0
AIV,9.74488987482174,823900.0,816035.0,2088.0,2274.0
LUCYW,9.729044525431787,2020.0,4420.0,5999.0,5918.0
PULM,9.713199176041831,11520.0,10485.0,5498.0,5616.0
ADCT,9.697353826651877,2255480.0,1158470.0,1024.0,1851.0
AMST,9.681508477261925,51720.0,66965.0,4669.0,4567.0
PLUR,9.66566312787197,15620.0,17785.0,5362.0,5372.0
FIG,9.649817778482015,14961960.0,22410655.0,142.0,96.0
PMEC,9.633972429092061,24540.0,190700.0,5145.0,3753.0
KPTI,9.618127079702107,1396560.0,2756750.0,1464.0,958.0
YDDL,9.602281730312153,7160.0,11475.0,5700.0,5571.0
SAFX,9.5864363809222,3137740.0,4117165.0,742.0,665.0
YSG,9.570591031532246,64760.0,86235.0,4524.0,4402.0
STUB,9.554745682142292,12502340.0,6436570.0,177.0,416.0
ANTA,9.538900332752338,2000.0,3690.0,6002.0,5956.0
AHMA,9.523054983362384,25180.0,46305.0,5124.0,4833.0
MBIO,9.507209633972428,30180.0,32975.0,5027.0,5049.0
AVXL,9.491364284582476,612080.0,938420.0,2428.0,2096.0
RBLX,9.475518935192522,10181860.0,15581820.0,222.0,139.0
NRSN,9.459673585802566,246480.0,403365.0,3371.0,3041.0
GGR,9.443828236412614,20920.0,15445.0,5213.0,5436.0
AEON,9.42798288702266,324700.0,686735.0,3101.0,2478.0
JELD,9.412137537632704,1005540.0,1591215.0,1828.0,1513.0
ETS,9.396292188242752,29900.0,99845.0,5035.0,4303.0
EH,9.380446838852796,436880.0,536910.0,2794.5,2730.0
SBET,9.364601489462842,6598500.0,6960880.0,348.0,371.0
FLUT,9.34875614007289,2506980.0,3745000.0,938.0,722.0
BMNR,9.332910790682934,24828440.0,30806180.0,67.0,59.0
ELTX,9.31706544129298,215600.0,272870.0,3509.0,3411.0
VRM,9.301220091903026,9200.0,10910.0,5591.5,5598.0
OM,9.285374742513072,198300.0,137650.0,3588.0,4032.0
NVX,9.269529393123118,173100.0,176705.0,3719.0,3815.0
SONM,9.253684043733164,6760.0,13080.0,5716.0,5509.0
FSP,9.23783869434321,279760.0,324595.0,3244.0,3250.0
SOWG,9.221993344953257,7040.0,10375.0,5702.0,5618.0
CUPR,9.206147995563303,37640.0,61140.0,4882.5,4639.0
WIMI,9.190302646173349,63680.0,138870.0,4537.0,4023.0
EMPD,9.174457296783393,802180.0,461475.0,2109.0,2884.0
HUMA,9.15861194739344,20000720.0,7507510.0,103.0,341.0
MKZR,9.142766598003487,10920.0,155655.0,5517.0,3912.0
BUR,9.126921248613531,1415400.0,1752960.0,1450.0,1401.0
FUSEW,9.111075899223579,440.0,4330.0,6154.5,5922.0
ICMB,9.095230549833625,30440.0,34805.0,5019.0,5015.0
HOWL,9.079385200443669,244100.0,604135.0,3386.0,2617.0
ENVX,9.063539851053717,17543260.0,8722420.0,120.0,283.0
STG,9.047694501663761,3600.0,4655.0,5891.5,5902.0
NAGE,9.031849152273807,454240.0,717135.0,2757.0,2421.0
SDA,9.016003802883855,44300.0,51975.0,4764.5,4758.0
UONE,9.0001584534939,3200.0,4850.0,5913.0,5884.0
ARQ,8.984313104103945,212900.0,235090.0,3520.0,3545.0
INV,8.968467754713991,12541580.0,4115860.0,176.0,666.0
MLTX,8.952622405324037,1451800.0,1257510.0,1426.0,1764.0
RNAZ,8.936777055934083,37280.0,22825.0,4894.0,5249.0
OTLK,8.92093170654413,63299300.0,28071480.0,15.0,69.0
GFAI,8.905086357154175,116820.0,194495.0,4090.0,3737.0
YDES,8.889241007764221,52640.0,41300.0,4657.0,4912.0
NWGL,8.873395658374267,516480.0,3155115.0,2615.0,834.0
CCOI,8.857550308984314,1805400.0,1645155.0,1218.0,1479.0
SILO,8.841704959594358,438520.0,136960.0,2785.0,4038.0
HSDT,8.825859610204406,133020.0,107430.0,3973.0,4244.0
OPENZ,8.810014260814452,268660.0,292830.0,3286.0,3333.0
IXHL,8.794168911424496,85640.0,91305.0,4341.0,4364.0
DCGO,8.778323562034544,1340260.0,656975.0,1506.0,2530.0
EEIQ,8.76247821264459,9900.0,11380.0,5556.5,5577.0
UXIN,8.746632863254634,95200.0,322375.0,4258.0,3254.0
BBLG,8.730787513864682,3287600.0,850745.0,704.0,2229.0
KG,8.714942164474726,11800.0,13865.0,5489.0,5478.5
YOUL,8.699096815084772,1533020.0,921230.0,1375.0,2123.0
TGE,8.68325146569482,51480.0,37820.0,4674.5,4962.0
BGLC,8.667406116304864,21960.0,20165.0,5189.5,5314.0
ALDX,8.65156076691491,924000.0,897110.0,1950.0,2155.0
MGRX,8.635715417524956,10560080.0,39682405.0,214.0,37.0
BRLS,8.619870068135002,4080.0,22640.0,5858.0,5258.0
RSVRW,8.604024718745048,16520.0,,5336.0,
REFR,8.588179369355094,48220.0,81900.0,4708.0,4436.0
SION,8.57233401996514,4567080.0,4199155.0,517.0,650.0
EUDA,8.556488670575186,2500.0,5215.0,5965.5,5859.0
TENX,8.540643321185232,10455220.0,8669615.0,218.0,287.0
HIT,8.524797971795278,160920.0,69170.0,3790.0,4543.0
GRAN,8.508952622405324,1260.0,2150.0,6063.0,6044.5
BRCB,8.49310727301537,416240.0,329590.0,2847.0,3232.0
SNTI,8.477261923625417,287840.0,196965.0,3214.0,3718.0
CAN,8.46141657423546,7146380.0,11574815.0,317.0,203.0
MATH,8.445571224845509,45480.0,35250.0,4747.0,5006.0
ACXP,8.429725875455555,483580.0,186450.0,2684.0,3771.0
HAIN,8.413880526065599,755080.0,727120.0,2175.0,2402.0
LICN,8.398035176675647,27560.0,1504230.0,5077.0,1576.0
MVST,8.382189827285693,6903720.0,6487310.0,327.0,410.0
SKIN,8.366344477895737,280240.0,622340.0,3243.0,2581.0
SNES,8.350499128505785,37380.0,148635.0,4891.0,3972.0
LFT,8.334653779115829,300900.0,268870.0,3175.0,3422.0
ABTS,8.318808429725875,33040.0,293105.0,4968.0,3331.0
ELOG,8.302963080335921,2900.0,5950.0,5936.0,5828.0
HCAI,8.287117730945967,41280.0,46560.0,4809.5,4826.0
TLSIW,8.271272381556013,600.0,3770.0,6137.5,5951.5
SQFT,8.25542703216606,9240.0,6415.0,5589.0,5803.5
AEHL,8.239581682776105,517480.0,9170425.0,2611.0,265.0
BRBR,8.223736333386151,3088840.0,4295330.0,753.0,640.0
GAIA,8.207890983996197,273120.0,154950.0,3274.0,3923.0
FMC,8.192045634606243,2741740.0,3669325.0,853.0,730.0
INTJ,8.17620028521629,3880.0,11485.0,5871.5,5570.0
UWMC,8.160354935826335,19509400.0,24721825.0,106.0,81.0
TDUP,8.144509586436381,2898380.0,3391515.0,805.0,781.0
WBUY,8.128664237046426,49200.0,9119065.0,4699.0,268.0
CISO,8.112818887656474,119500.0,94960.0,4067.0,4340.0
LIQT,8.09697353826652,144100.0,128085.0,3903.0,4098.0
QCLS,8.081128188876564,105200.0,153290.0,4184.0,3937.0
WLDS,8.065282839486612,221280.0,4742700.0,3486.0,578.0
CWD,8.049437490096658,420400.0,313500.0,2835.5,3280.0
DOMO,8.033592140706702,647580.0,2772895.0,2367.0,952.0
RGNT,8.01774679131675,46520.0,78265.0,4734.0,4465.0
LCID,8.001901441926794,6257400.0,11440205.0,368.0,206.0
RECT,7.98605609253684,10420.0,56905.0,5538.5,4693.5
MDXH,7.970210743146887,69697480.0,17589545.0,11.0,127.0
GENVR,7.954365393756932,27260.0,44365.0,5082.0,4867.5
SEV,7.938520044366978,145140.0,221105.0,3895.0,3604.0
ABVC,7.922674694977025,141820.0,101715.0,3923.0,4287.0
SGLY,7.90682934558707,3163980.0,1021612.5,738.0,1990.0
AKBA,7.890983996197116,3389440.0,4155680.0,682.0,656.0
RAIN,7.875138646807161,252800.0,1592735.0,3347.0,1512.0
CETY,7.859293297417208,17940.0,24195.0,5288.0,5222.0
CANF,7.843447948027254,47840.0,36970.0,4715.0,4978.0
MCRB,7.8276025986372995,55640.0,61525.0,4626.0,4633.0
AMIX,7.811757249247346,215160.0,11634685.0,3510.0,201.0
SITC,7.7959118998573915,841392.8,903354.4,2054.0,2147.0
HYFM,7.780066550467438,212060.0,8129725.0,3525.5,308.0
SQNS,7.7642212010774845,47960.0,64750.0,4712.0,4601.0
KSCP,7.74837585168753,1146640.0,2398720.0,1688.0,1087.0
TIL,7.732530502297576,7480.0,8710.0,5680.0,5689.0
KAPA,7.716685152907623,280340.0,2255480.0,3242.0,1144.0
CNEY,7.700839803517667,61780.0,180220.0,4551.0,3800.0
TTD,7.684994454127714,23727180.0,31175350.0,76.0,56.0
NYXH,7.669149104737759,97360.0,122955.0,4238.5,4139.0
CRVO,7.653303755347805,379160.0,362830.0,2946.0,3144.0
TGHL,7.637458405957852,349800.0,1343655.0,3036.0,1693.0
HTCR,7.621613056567897,17920.0,34850.0,5289.0,5013.5
ANGI,7.605767707177943,879040.0,863730.0,2009.0,2204.0
MSTR,7.58992235778799,17529240.0,15901505.0,121.0,136.0
ZJYL,7.574077008398035,155760.0,2144600.0,3829.0,1199.0
SSTK,7.558231659008081,903520.0,1390850.0,1978.0,1646.0
APUS,7.542386309618126,407820.0,141153.0,2876.5,4003.0
AEMD,7.526540960228173,35120.0,123155.0,4917.0,4136.0
CFND,7.510695610838219,134740.0,49685.0,3964.0,4784.0
IMNN,7.494850261448264,36460.0,90435.0,4899.0,4370.0
UPLD,7.479004912058311,60920.0,31135.0,4571.5,5077.0
BTCS,7.463159562668357,764920.0,639505.0,2157.0,2552.0
SMR,7.4473142132784025,30681320.0,30896130.0,52.0,58.0
SNOA,7.431468863888449,127540.0,226320.0,4003.0,3586.0
JSPR,7.4156235144984946,1002260.0,719690.0,1832.0,2416.0
HERE,7.399778165108541,16200.0,21435.0,5346.0,5284.0
LNZA,7.3839328157185875,68320.0,68970.0,4489.0,4544.0
DRMA,7.368087466328632,3772940.0,2144840.0,627.0,1198.0
ZEO,7.352242116938679,103180.0,2197965.0,4205.0,1180.0
DAVA,7.336396767548724,190880.0,261790.0,3629.0,3446.0
ORIS,7.32055141815877,1309.8,2451.6,6055.0,6022.0
NIPG,7.304706068768817,68060.0,60190.0,4490.0,4650.0
IMMP,7.288860719378862,116920.0,167800.0,4089.0,3847.0
COSM,7.273015369988908,1727220.0,3327005.0,1259.0,793.0
VITL,7.257170020598955,1235160.0,1560010.0,1607.0,1537.0
FUBO,7.241324671209,1945100.0,1687435.0,1149.0,1447.0
ARAY,7.225479321819046,878260.0,1455585.0,2010.0,1604.0
SLSN,7.209633972429091,14780.0,31055.0,5388.0,5080.0
BHST,7.193788623039138,65200.0,91160.0,4516.0,4365.0
FTRK,7.177943273649184,1936889.4,10065823.4,1153.0,236.0
HRTX,7.162097924259229,3118620.0,2834495.0,744.0,933.0
PROP,7.146252574869276,4975440.0,2230760.0,472.0,1163.0
UK,7.130407225479322,77540.0,66095.0,4400.5,4576.0
AMBR,7.114561876089367,16680.0,13960.0,5333.0,5473.5
ATOS,7.098716526699414,92200.0,57485.0,4286.0,4681.0
TPET,7.0828711773094595,1238580.0,1792195.0,1603.0,1369.0
XCH,7.0670258279195055,1317520.0,1272135.0,1522.0,1747.0
BMGL,7.051180478529552,13760.0,6975.0,5423.5,5770.0
EXOD,7.035335129139597,140100.0,59370.0,3939.0,4657.0
CDTG,7.019489779749644,9174580.0,2568300.0,249.0,1025.0
CALC,7.0036444303596905,194040.0,291360.0,3610.0,3340.0
PAPL,6.987799080969735,40800.0,157265.0,4818.5,3898.0
INBS,6.971953731579782,233300.0,105210.0,3434.0,4261.0
MSGY,6.956108382189827,388260.0,3226355.0,2931.0,818.0
VEEA,6.940263032799873,637140.0,1616145.0,2386.0,1499.0
GOGO,6.92441768340992,1596920.0,1754700.0,1330.0,1396.0
TRON,6.908572334019965,605040.0,467115.0,2443.0,2868.0
MFI,6.892726984630011,3080.0,3970.0,5925.0,5943.0
SXTP,6.876881635240056,87280.0,118780.0,4324.0,4165.0
TAOP,6.861036285850103,140420.0,447475.0,3936.5,2924.0
TNXP,6.845190936460149,389780.0,464005.0,2929.0,2877.0
CELU,6.829345587070194,25060.0,44295.0,5129.5,4869.0
MTVA,6.813500237680241,111060.0,79860.0,4137.0,4452.0
SUPX,6.797654888290287,114880.0,181175.0,4110.0,3797.0
XCUR,6.781809538900332,34900.0,47945.0,4922.0,4809.5
IVDA,6.765964189510379,57489900.0,14594900.0,16.0,151.0
GTBP,6.750118840120424,590880.0,474190.0,2475.0,2859.0
ODD,6.73427349073047,799960.0,752055.0,2114.0,2360.0
ZYBT,6.718428141340517,144880.0,5977820.0,3898.5,441.0
BYRN,6.702582791950562,511780.0,869400.0,2630.0,2193.0
GVH,6.6867374425606085,170600.0,1039265.0,3736.0,1963.0
INVZ,6.6708920931706555,3849220.0,5109300.0,616.0,526.0
GIBO,6.6550467437807,460.0,6345.0,6151.5,5808.0
FOFO,6.639201394390747,6660.0,18480.0,5721.0,5352.5
INUV,6.623356045000792,371200.0,330810.0,2976.0,3228.0
NNOX,6.607510695610838,1844400.0,1147935.0,1203.0,1862.0
ZBAO,6.591665346220885,13380440.0,61601140.0,159.0,14.0
LX,6.57581999683093,1958020.0,1719895.0,1137.0,1422.0
DTCX,6.559974647440976,76980.0,79240.0,4404.0,4457.0
ACH,6.544129298051023,2883600.0,1735250.0,810.0,1410.0
YRD,6.528283948661068,52240.0,56170.0,4663.0,4705.0
USBC,6.512438599271114,153340.0,149350.0,3842.0,3968.0
WKSP,6.496593249881159,165860.0,285405.0,3769.0,3364.0
AKTX,6.480747900491206,102060.0,46905.0,4211.0,4825.0
OLB,6.464902551101252,653620.0,318505.0,2350.0,3261.0
GDHG,6.449057201711297,6120.0,8650.0,5750.5,5695.0
MLEC,6.433211852321344,24980.0,10520.0,5132.0,5613.5
GWAV,6.41736650293139,38300.0,286985.0,4862.0,3357.0
NOMA,6.401521153541435,355140.0,93940.0,3025.0,4347.0
OPENL,6.385675804151482,309120.0,279445.0,3148.0,3384.0
LPSN,6.3698304547615265,247540.0,241490.0,3367.0,3529.0
ZDAI,6.3539851053715735,34120.0,57470.0,4944.0,4682.0
DSY,6.33813975598162,45300.0,1803825.0,4749.5,1366.0
BRR,6.322294406591665,575200.0,436720.0,2504.0,2952.0
DEFT,6.306449057201712,2861480.0,1850270.0,816.0,1333.0
CRE,6.290603707811757,59640.0,67675.0,4592.0,4561.0
ENSC,6.274758358421803,5754540.0,43264600.0,402.0,30.0
BTCT,6.25891300903185,194580.0,240810.0,3609.0,3534.0
VIOT,6.243067659641896,51960.0,58255.0,4667.0,4672.0
TANH,6.227222310251941,2441920.0,747225.0,967.0,2372.0
BTOC,6.211376960861987,72680.0,226550.0,4442.5,3582.0
REED,6.195531611472033,14100.0,11710.0,5411.0,5561.0
VRRM,6.179686262082079,3037280.0,5800615.0,765.0,460.0
GLXG,6.163840912692125,105680.0,358350.0,4182.0,3157.0
ALIT,6.147995563302171,444840.0,591675.0,2774.0,2634.0
CVM,6.132150213912216,157280.0,213010.0,3818.0,3642.0
TC,6.116304864522263,457460.0,1035105.0,2751.0,1969.0
CABO,6.100459515132309,234520.0,204470.0,3425.0,3678.0
VWAV,6.084614165742354,6473380.0,2226715.0,360.0,1166.0
NVNI,6.0687688163524,25900.0,37945.0,5112.0,4960.0
MSAI,6.052923466962447,42820.0,24675.0,4783.0,5210.0
LITS,6.037078117572492,71760.0,116165.0,4454.0,4187.0
MREO,6.021232768182538,3009620.0,9685900.0,771.0,248.0
PMNT,6.005387418792584,58920.0,49290.0,4596.0,4788.0
PSQH,5.9895420694026305,1676220.0,550895.0,1294.0,2699.0
BJDX,5.9736967200126765,281660.0,6192640.0,3240.0,429.0
CYN,5.9578513706227225,256620.0,166345.0,3333.0,3857.0
XXI,5.942006021232768,975980.0,1535330.0,1875.0,1553.0
STKH,5.926160671842815,6109020.0,9264285.0,378.0,260.0
NXXT,5.910315322452861,5609940.0,3251180.0,414.0,811.0
FRMI,5.894469973062906,25452000.0,21403280.0,65.0,102.0
NEGG,5.878624623672952,64920.0,91460.0,4520.0,4360.0
PDSB,5.862779274282998,3217240.0,2363245.0,725.0,1111.0
IQST,5.846933924893044,1762480.0,1362580.0,1238.0,1676.0
BAOS,5.83108857550309,18977900.0,6975175.0,110.0,370.0
GCL,5.815243226113136,342100.0,863340.0,3062.0,2206.0
BCAB,5.799397876723181,120340.0,57670.0,4062.0,4677.0
JFIN,5.783552527333228,25420.0,42240.0,5118.0,4896.0
WETO,5.767707177943274,21377880.0,6296000.65,92.0,424.0
XPON,5.751861828553319,2803780.0,725385.0,836.0,2405.0
DH,5.736016479163365,269120.0,209635.0,3284.0,3656.0
UP,5.720171129773412,109000.0,93000.0,4152.0,4351.0
CAPS,5.704325780383457,2898160.0,838360.0,806.0,2250.0
OPENW,5.688480430993503,242800.0,330375.0,3395.5,3230.0
MNTS,5.672635081603549,1558240.0,1290505.0,1357.0,1730.0
FNGR,5.656789732213595,1789500.0,4093565.0,1225.0,676.0
DFDVW,5.640944382823641,11380.0,10515.0,5504.0,5615.0
DFDV,5.6250990334336874,736640.0,575760.0,2204.0,2657.0
EHGO,5.609253684043733,193860.0,4555170.0,3614.0,605.0
EMAT,5.5934083346537795,1490040.0,519005.0,1401.0,2754.0
NNNN,5.5775629852638255,305040.0,110550.0,3160.0,4225.0
ZEPP,5.561717635873871,52480.0,41450.0,4660.0,4911.0
HIND,5.545872286483917,8780.0,9035.0,5612.0,5671.0
SOHOB,5.530026937093964,300.0,640.0,6176.5,6169.0
SLND,5.514181587704009,492680.0,629405.0,2667.0,2573.0
UFG,5.498336238314055,119720.0,91985.0,4065.0,4356.0
ANEB,5.482490888924101,260.0,260.0,6187.5,6214.0
NXGL,5.466645539534147,1092300.0,400960.0,1753.0,3053.0
VIVS,5.450800190144193,1676820.0,7243725.0,1293.0,355.0
WSHP,5.434954840754239,64600.0,65140.0,4530.0,4592.0
WKHS,5.419109491364284,172980.0,108025.0,3721.0,4242.0
CVKD,5.40326414197433,44800.0,40635.0,4756.0,4920.0
MERC,5.387418792584377,390520.0,431575.0,2926.5,2968.0
STEX,5.371573443194422,1289160.0,830330.0,1545.0,2263.0
FEMY,5.355728093804468,273280.0,182310.0,3273.0,3788.0
AIRE,5.339882744414514,72100.0,65015.0,4451.0,4595.0
SOBR,5.32403739502456,229120.0,593850.0,3455.0,2630.0
EVTL,5.308192045634606,8446820.0,9122535.0,273.0,267.0
SDST,5.292346696244652,216140.0,1698125.0,3504.0,1436.0
BZAI,5.2765013468546975,22163960.0,7909665.0,84.0,322.0
SRFM,5.260655997464744,2857560.0,2082565.0,818.0,1225.0
ZOOZ,5.2448106480747905,1160.0,3835.0,6069.0,5949.5
GETY,5.228965298684836,3449940.0,4819840.0,668.0,567.0
ASST,5.213119949294882,2913680.0,2700900.0,799.0,976.0
GNS,5.197274599904929,2497240.0,2428370.0,941.0,1068.0
THRY,5.181429250514974,1092880.0,1007465.0,1751.0,2014.0
QNTM,5.16558390112502,437160.0,283600.0,2792.0,3369.0
SMTK,5.149738551735066,9050580.0,4143095.0,252.0,660.0
SCNI,5.133893202345112,104960.0,403010.0,4187.0,3042.0
SPRC,5.118047852955158,208820.0,512540.0,3534.0,2767.0
AREN,5.102202503565204,67100.0,137200.0,4499.0,4036.0
FRSX,5.086357154175249,36060.0,52900.0,4907.0,4746.0
STKE,5.070511804785296,99740.0,127515.0,4230.0,4105.0
SOC,5.054666455395342,10666300.0,8138565.0,211.0,307.0
BTAI,5.038821106005387,1653280.0,765410.0,1309.0,2346.0
TONX,5.022975756615433,419520.0,311045.0,2839.0,3290.0
SVRN,5.00713040722548,9060.0,12575.0,5601.5,5527.0
WXM,4.991285057835525,220280.0,2197220.0,3490.0,1181.0
SNGX,4.975439708445571,167600.0,218300.0,3760.5,3622.0
VRAX,4.959594359055617,34340.0,87320.0,4936.0,4389.0
VEEE,4.943749009665663,70380.0,382410.0,4471.0,3102.0
BIOX,4.927903660275709,271900.0,150470.0,3277.0,3961.0
SOHON,4.912058310885755,360.0,140.0,6166.5,6230.0
MODD,4.8962129614958005,1207020.0,430380.0,1630.0,2973.0
BRTX,4.880367612105847,244320.0,375915.0,3383.0,3114.0
PRFX,4.8645222627158935,1246380.0,448780.0,1591.0,2917.0
TOPS,4.848676913325939,130060.0,231150.0,3990.0,3561.0
BRRWW,4.832831563935985,7580.0,8065.0,5671.5,5724.0
RIME,4.816986214546031,1299160.0,458945.0,1539.0,2891.0
AIFU,4.801140865156077,41380.0,16495.0,4807.0,5411.0
GPUS,4.785295515766123,33580380.0,26928580.0,43.0,71.0
TWG,4.769450166376169,46300.0,34260.0,4735.5,5028.0
SPWR,4.753604816986214,4913400.0,7055580.0,474.0,367.0
FUSE,4.737759467596261,152980.0,4317340.0,3845.0,635.0
NCEL,4.721914118206307,14000.0,11310.0,5414.5,5582.0
MDCX,4.706068768816352,2057160.0,1880040.0,1102.0,1313.0
LHAI,4.690223419426398,124860.0,177600.0,4018.0,3813.0
SNWV,4.674378070036445,90800.0,137430.0,4295.5,4033.0
RMSG,4.65853272064649,146320.0,795055.0,3887.0,2303.0
CLIK,4.642687371256536,19140.0,38915.0,5253.0,4946.0
ACTU,4.626842021866582,175060.0,186175.0,3710.0,3773.0
SURG,4.610996672476628,64598760.0,32498685.0,14.0,52.0
TVGN,4.595151323086674,8220.0,12515.0,5632.5,5530.0
SOHOO,4.57930597369672,120.0,540.0,6212.0,6181.5
UCL,4.5634606243067655,19736440.0,4953380.0,104.0,550.0
NFE,4.547615274916812,1817880.0,1758795.0,1211.0,1391.0
LENZ,4.531769925526858,1121700.0,851715.0,1716.0,2224.0
VNTG,4.515924576136904,19660.0,29035.0,5239.0,5120.0
XAIR,4.50007922674695,31400.0,44040.0,4997.0,4875.0
CLGN,4.484233877356996,54600.0,64025.0,4636.0,4608.5
SVRE,4.468388527967042,37700.0,40545.0,4878.5,4922.0
INDP,4.452543178577088,239040.0,150665.0,3409.0,3960.0
AIIO,4.436697829187134,429080.0,657550.0,2818.0,2528.0
LXEH,4.420852479797179,12520.0,99615.0,5466.0,4304.0
SHPH,4.405007130407226,49400.0,317190.0,4698.0,3267.0
AZTR,4.389161781017272,1012340.0,1394470.0,1824.0,1643.0
VENU,4.373316431627317,509700.0,429960.0,2637.0,2975.0
GNLN,4.357471082237363,153420.0,55425.0,3841.0,4707.0
SUIG,4.34162573284741,203360.0,272885.0,3559.0,3410.0
ANPA,4.325780383457455,8660.0,27275.0,5615.5,5161.0
SOAR,4.309935034067501,4580520.0,23109145.0,516.0,93.0
ALPS,4.294089684677547,93780.0,51355.0,4272.0,4763.0
NCPL,4.278244335287593,4009360.0,1071130.0,590.0,1930.0
MOBX,4.262398985897639,1834060.0,1973415.0,1207.0,1269.0
BGMS,4.246553636507685,14320.0,31775.0,5404.5,5067.0
GV,4.23070828711773,27420.0,376000.0,5080.5,3113.0
TGL,4.214862937727777,820320.0,218755.0,2091.0,3616.0
HPAI,4.199017588337823,982700.0,302705.0,1866.0,3307.0
FLD,4.1831722389478685,111620.0,134450.0,4131.0,4059.0
LNAI,4.1673268895579145,69560.0,486400.0,4477.0,2831.0
BOXL,4.151481540167961,14627180.0,3948800.0,147.0,695.0
SLE,4.135636190778007,14276580.0,3578210.0,151.0,746.0
GCDT,4.119790841388053,2020600.0,668305.0,1121.0,2505.0
GEMI,4.103945491998099,2588960.0,1448175.0,899.0,1610.0
SKYE,4.088100142608145,3594980.0,1012675.0,650.0,2001.0
GSUN,4.072254793218191,4290520.0,19322230.0,551.0,116.0
JYD,4.056409443828237,361940.0,157050.0,3000.0,3902.0
PN,4.040564094438282,225480.0,2149675.0,3466.0,1196.0
ALAR,4.024718745048329,121880.0,135450.0,4044.0,4049.0
REVB,4.008873395658375,35180.0,26295.0,4915.0,5174.0
NAMI,3.99302804626842,244520.0,3131165.0,3381.0,840.0
KNRX,3.977182696878466,14540.0,25290.0,5399.0,5194.0
MVIS,3.9613373474885125,5248560.0,1840176.7,448.0,1342.0
UPXI,3.945491998098558,1384940.0,936195.0,1474.0,2100.0
ERNA,3.929646648708604,30740.0,44780.0,5011.0,4859.0
DXF,3.9138012993186497,420320.0,3272290.0,2837.0,802.0
CENN,3.8979559499286958,4400.0,4840.0,5840.5,5886.0
THH,3.8821106005387422,43260.0,309205.0,4778.0,3294.0
CXAI,3.866265251148788,473064.4,186138.35,2710.0,3774.0
ATYR,3.8504199017588334,712040.0,707800.0,2254.0,2435.0
ENVB,3.8345745523688795,178500.0,145205.0,3689.0,3986.0
ONEG,3.818729202978926,39080.0,43820.0,4845.5,4877.0
SLGB,3.8028838535889715,2404900.0,6836280.0,976.0,384.0
TPST,3.7870385041990176,450620.0,311280.0,2765.0,3289.0
BNC,3.771193154809063,117160.0,164795.0,4087.0,3866.0
TOPP,3.7553478054191096,765240.0,1191990.0,2156.0,1823.0
FBLG,3.7395024560291557,258100.0,182040.0,3324.0,3791.0
AMOD,3.7236571066392012,9300.0,17015.0,5586.0,5394.0
OWLS,3.7078117572492473,16120.0,22955.0,5347.0,5246.0
QNCX,3.6919664078592938,34380.0,36550.0,4935.0,4984.5
ICCM,3.6761210584693393,100340.0,82170.0,4225.0,4432.0
ELME,3.660275709079385,268140.0,738220.0,3290.0,2389.0
AGIG,3.644430359689431,44080.0,100050.0,4771.0,4302.0
RKDA,3.6285850102994774,796560.0,218810.0,2120.0,3615.0
AGRZ,3.612739660909523,24424020.0,12603720.0,72.0,180.0
IZM,3.596894311519569,5606240.0,1534370.0,415.0,1554.0
IPDN,3.5810489621296147,2305500.0,659210.0,1002.0,2525.0
RCT,3.565203612739661,1101120.0,709340.0,1740.0,2430.0
ICON,3.549358263349707,22280.0,35430.0,5184.0,5002.0
LESL,3.5335129139597528,3842400.0,2103355.0,618.0,1214.0
CYCU,3.5176675645697983,28219140.0,53880205.0,57.0,19.0
PASW,3.5018222151798453,86400.0,1540130.0,4333.0,1551.0
YAAS,3.485976865789891,30540.0,155250.0,5017.0,3917.0
AIM,3.4701315163999364,1143040.0,1483790.0,1691.0,1586.0
AUID,3.4542861670099825,422720.0,261585.0,2829.0,3448.0
MPU,3.438440817620028,72740.0,163625.0,4440.5,3871.0
WCT,3.4225954682300745,6819280.0,1774245.0,337.0,1379.0
DXST,3.4067501188401206,60920.0,884380.0,4571.5,2171.0
FCUV,3.390904769450166,230640.0,6013650.0,3449.0,440.0
HCWB,3.375059420060212,305020.0,132895.0,3161.0,4073.0
MTNB,3.3592140706702587,1050180.0,15085700.0,1789.0,148.0
DLXY,3.3433687212803043,54840.0,64025.0,4634.0,4608.5
VTAK,3.32752337189035,2063580.0,6816795.0,1096.0,386.0
FLYE,3.311678022500396,5140.0,15465.0,5797.0,5435.0
APVO,3.2958326731104424,72860.0,28685.0,4438.0,5127.0
TVRD,3.279987323720488,179620.0,429670.0,3684.0,2976.0
RENX,3.264141974330534,120100.0,73755.0,4064.0,4503.0
SUGP,3.2482966249405796,412060.0,430627.0,2864.0,2972.0
FGNX,3.232451275550626,96720.0,119620.0,4242.0,4159.0
YMAT,3.216605926160672,20500.0,84470.0,5224.0,4418.0
AVX,3.2007605767707177,17800.0,17265.0,5296.0,5387.0
LHSW,3.1849152273807633,77540.0,132580.0,4400.5,4076.0
SBFM,3.16906987799081,174540.0,863950.0,3711.0,2203.0
FEED,3.153224528600856,5802240.0,1627000.0,398.0,1493.0
IPST,3.1373791792109014,27369480.0,6861365.0,60.0,381.0
GOSS,3.121533829820948,12485400.0,42305295.0,178.0,32.0
ABTC,3.1056884804309934,1120760.0,1281955.0,1717.0,1736.0
GRABW,3.0898431310410395,38460.0,33210.0,4855.5,5045.0
DOGZ,3.0739977816510855,8181920.0,2078080.0,276.0,1228.0
VTGN,3.0581524322611315,1060720.0,7349355.0,1781.0,350.0
EPSM,3.042307082871177,11460.0,16200.0,5501.0,5414.5
OMH,3.0264617334812236,6034620.0,49227565.0,385.0,23.0
TDTH,3.010616384091269,260840.0,93990.0,3317.0,4346.0
VVOS,2.9947710347013152,887120.0,2918330.0,1997.0,900.0
SCAG,2.9789256853113613,237560.0,194645.0,3416.0,3735.0
CRMT,2.9630803359214073,187580.0,211825.0,3648.0,3647.0
CANG,2.947234986531453,202320.0,137065.0,3564.0,4037.0
BIAF,2.931389637141499,34249400.0,8789030.0,40.0,281.0
PPBT,2.915544287751545,28300.0,77820.0,5062.0,4468.0
NVNO,2.8996989383615905,7680.0,13225.0,5660.5,5500.0
SHFS,2.883853588971637,199380.0,329485.0,3580.0,3233.0
CCTG,2.8680082395816826,147980.0,423710.0,3873.0,2992.0
SBEV,2.8521628901917286,10394600.0,6512940.0,219.0,406.0
NCT,2.8363175408017747,2144120.0,1399020.0,1071.0,1638.0
MASK,2.8204721914118207,116800.0,164050.0,4091.0,3870.0
RAY,2.8046268420218663,4260.0,7320.0,5846.5,5756.0
FAMI,2.7887814926319128,21830080.0,7796340.0,87.0,328.0
GAUZ,2.7729361432419584,506260.0,12272145.0,2642.0,187.0
GCTK,2.7570907938520044,5940340.0,25618160.0,389.0,77.0
SRXH,2.7412454444620504,1265060.0,1317080.0,1568.0,1709.0
SLMT,2.7254000950720965,25060.0,41990.0,5129.5,4904.0
IBG,2.709554745682142,29720.0,71865.0,5037.0,4521.0
EJH,2.6937093962921885,4191760.0,1058235.0,567.0,1939.0
AUUD,2.677864046902234,3781020.0,8045695.0,626.0,310.0
ENLV,2.66201869751228,351760.0,449930.0,3033.0,2913.0
SDOT,2.646173348122326,140760.0,218435.0,3934.0,3619.0
CURX,2.630327998732372,208200.0,127855.0,3537.0,4102.0
STFS,2.614482649342418,1215760.0,1635220.0,1621.0,1485.0
VSME,2.5986372999524643,220120.0,166515.0,3491.0,3856.0
MNDR,2.58279195056251,722740.0,370825.0,2231.0,3126.0
AKAN,2.566946601172556,5243440.0,1667690.0,449.0,1456.0
DDC,2.551101251782602,479500.0,336860.0,2693.0,3208.0
ISPC,2.535255902392648,65980.0,64365.0,4507.5,4607.0
RETO,2.5194105530026936,2917460.0,1032800.0,796.0,1971.0
CRIS,2.50356520361274,910700.0,316975.0,1968.0,3268.0
FRGT,2.4877198542227856,3105520.0,832495.0,749.0,2261.0
MENS,2.4718745048328317,30400.0,49125.0,5020.5,4793.0
PMAX,2.4560291554428777,55220.0,68830.0,4630.0,4549.0
DCOY,2.4401838060529233,23000.0,85225.0,5166.0,4412.0
GRI,2.4243384566629693,161660.0,398045.0,3786.0,3064.0
POAS,2.4084931072730154,400200.0,328490.0,2897.0,3235.0
ARBK,2.3926477578830614,19280.0,11905.0,5250.0,5550.0
TNMG,2.376802408493107,214780.0,15134295.0,3512.0,145.0
NCRA,2.3609570591031535,152200.0,7401245.0,3848.0,346.0
RVPH,2.345111709713199,30094.0,38904.0,5030.0,4947.0
CPOP,2.329266360323245,3929500.0,9310145.0,600.0,259.0
ARAI,2.313421010933291,655860.0,649525.0,2344.0,2542.0
BNKK,2.297575661543337,183360.0,90970.0,3664.0,4367.0
KUST,2.2817303121533827,1528380.0,7008565.0,1380.0,369.0
GIPR,2.265884962763429,7684220.0,2070660.0,295.0,1230.0
ZONE,2.250039613373475,17028200.0,13033595.0,123.0,168.0
BURU,2.234194263983521,3278640.0,5710725.0,705.0,466.0
SEGG,2.218348914593567,52320.0,135292.8,4662.0,4052.0
BDRX,2.202503565203613,23840.0,266590.0,5154.0,3431.0
IMCC,2.1866582158136585,9083780.0,6510400.0,251.0,407.0
ATPC,2.170812866423705,82420.0,369765.0,4366.0,3132.0
NEON,2.1549675170337506,122300.0,112755.0,4040.0,4212.0
BGM,2.1391221676437966,925840.0,257500.0,1944.0,3468.0
MSS,2.1232768182538426,1472240.0,2913075.0,1413.0,904.0
BNBX,2.1074314688638887,73700.0,53500.0,4427.0,4733.0
MBRX,2.0915861194739342,1135780.0,2349790.0,1700.0,1116.0
JZXN,2.0757407700839803,93080.0,1129045.0,4274.5,1883.0
PBM,2.0598954206940263,200980.0,106910.0,3572.0,4249.0
GOVX,2.0440500713040723,267140.0,192880.0,3295.0,3743.0
VNRX,2.0282047219141184,941860.0,1006150.0,1922.0,2015.0
JZ,2.0123593725241644,62240.0,109295.0,4545.0,4237.0
UCAR,1.99651402313421,166840.0,453435.0,3765.0,2905.0
KWM,1.9806686737442563,75240.0,560229.55,4413.0,2682.0
LIMN,1.964823324354302,115873220.0,32351885.0,2.0,53.0
FMFC,1.9489779749643479,454040.0,11580435.0,2758.0,202.0
SNYR,1.933132625574394,42422280.0,10760205.0,26.0,221.0
CCHH,1.9172872761844397,116240.0,412060.0,4098.0,3021.0
MRNO,1.9014419267944858,287160.0,227505.0,3219.0,3578.0
CHOW,1.8855965774045316,49493900.0,12673220.0,19.0,177.0
HAO,1.8697512280145778,2372140.0,5068825.0,982.0,532.0
VSEE,1.8539058786246236,1014600.0,21164510.0,1822.0,104.0
PFSA,1.8380605292346697,11399800.0,3425605.0,197.0,773.0
DRCT,1.8222151798447155,17820.0,14035.0,5295.0,5471.0
FTFT,1.8063698304547615,64880.0,179770.0,4521.0,3802.0
RNWWW,1.7905244810648073,1292520.0,357745.0,1544.0,3159.0
NTCL,1.7746791316748536,111400.0,77755.0,4132.0,4469.0
BTOG,1.7588337822848992,38160.0,441735.0,4867.0,2938.0
NXTT,1.7429884328949454,67620.0,9844350.0,4496.0,245.0
TRUG,1.7271430835049912,21615960.0,5521930.0,88.0,478.0
BTTC,1.7112977341150373,5149400.0,1301650.0,459.0,1717.0
MIMI,1.695452384725083,84900.0,117530.0,4346.0,4175.0
SMX,1.6796070353351293,16000.0,28395.0,5349.5,5135.0
ARTL,1.663761685945175,1568360.0,503105.0,1351.0,2787.0
AIXI,1.6479163365552212,2700500.0,1516550.0,867.0,1566.0
GMM,1.632070987165267,53840.0,1355335.0,4645.0,1682.0
DGNX,1.616225637775313,2391520.0,1668690.0,978.0,1454.0
JTAI,1.6003802883853588,189840.0,248185.0,3638.0,3502.0
IVF,1.584534938995405,24812540.0,6258040.0,68.0,426.0
IPW,1.5686895896054507,485020.0,4265730.0,2683.0,644.0
SXTC,1.5528442402154967,6056120.0,119384475.0,383.0,4.0
CHAI,1.5369988908255428,522880.0,12103990.0,2603.0,190.0
MGN,1.5211535414355886,1141980.0,59266440.0,1693.0,17.0
RBNE,1.5053081920456346,51540.0,151875.0,4673.0,3949.0
RAYA,1.4894628426556806,24600.0,37625.0,5143.0,4967.0
YHC,1.4736174932657264,43800.0,314095.0,4774.0,3276.0
RITR,1.4577721438757725,5085820.0,128697145.0,465.0,1.0
MYSEW,1.4419267944858185,17100.0,5680.0,5325.0,5839.5
BIYA,1.4260814450958643,136680.0,7215345.0,3957.0,357.0
BGL,1.4102360957059104,355660.0,323200.0,3023.0,3252.0
LZMH,1.3943907463159564,120860.0,1005555.0,4055.5,2016.0
GNPX,1.3785453969260022,995560.0,449225.0,1847.0,2914.0
KXIN,1.3627000475360482,469420.0,133565.0,2720.0,4067.0
NCL,1.3468546981460943,0.0,0.0,6287.0,6283.5
PPCB,1.33100934875614,37880.0,150745.0,4875.0,3959.0
WNW,1.315163999366186,47720.0,122010.0,4716.5,4148.0
LIDRW,1.2993186499762321,365380.0,154925.0,2987.0,3924.0
TMCWW,1.283473300586278,755960.0,399620.0,2170.0,3060.0
CLDI,1.267627951196324,176220.0,487009.7,3704.0,2829.0
RVSN,1.25178260180637,37660.0,18190.0,4880.5,5362.0
CETX,1.2359372524164158,37580.0,63230.0,4885.0,4622.0
CREG,1.2200919030264616,30161.8,33454.85,5028.0,5039.0
KITT,1.2042465536365077,372980.0,299300.0,2969.0,3313.0
PMI,1.1884012042465535,43100.0,70409.7,4780.0,4533.0
JAGX,1.1725558548565995,370840.0,175185.0,2978.0,3819.0
INHD,1.1567105054666456,867180.0,822820.0,2024.0,2267.0
POM,1.1408651560766914,34000.0,134865.0,4946.0,4055.0
BYAH,1.1250198066867374,98280.0,966754.55,4236.0,2060.0
PHGE,1.1091744572967834,776980.0,1932045.0,2143.0,1287.0
CHR,1.0933291079068292,29500.0,53900.0,5042.0,4725.0
TRNR,1.0774837585168753,56360.0,28020.0,4619.0,5142.0
LGCL,1.0616384091269213,25297360.0,10568715.0,66.0,228.0
AZI,1.0457930597369671,167960.0,4380425.0,3758.0,626.0
NOTE,1.0299477103470132,468500.0,335520.0,2723.0,3210.0
JDZG,1.0141023609570592,565660.0,405175.0,2524.0,3034.0
CDT,0.998257011567105,28880.0,67380.0,5049.0,4564.0
ASNS,0.982411662177151,167820.0,347790.0,3759.0,3179.0
NAKA,0.966566312787197,77780.0,127920.0,4397.0,4101.0
LNKS,0.9507209633972429,849580.0,361720.0,2043.0,3148.0
AMZE,0.9348756140072889,6445400.0,9505330.0,362.0,256.0
KIDZ,0.9190302646173348,1193120.0,34402650.0,1647.0,49.0
CMCT,0.9031849152273808,40640.0,29735.0,4822.5,5109.0
NUWE,0.8873395658374268,440300.0,9014650.0,2783.0,270.0
XXII,0.8714942164474727,14060.0,10520.0,5412.0,5613.5
SLXN,0.8556488670575186,1453960.0,581565.0,1424.0,2646.0
RBOT,0.8398035176675647,38460.0,42230.0,4855.5,4897.0
TDIC,0.8239581682776106,147000.0,219930.0,3879.0,3609.0
BNRG,0.8081128188876565,948409.6,705873.0,1911.0,2437.0
ONCO,0.7922674694977025,275960.0,269460.0,3260.0,3417.0
ELAB,0.7764221201077484,277580.0,409070.0,3253.0,3027.0
YMT,0.7605767707177943,827220.0,5159645.0,2080.0,520.0
LYRA,0.7447314213278403,1360.6,1145.65,6046.0,6115.0
DAIC,0.7288860719378862,1357020.0,585580.0,1495.0,2642.0
CMND,0.7130407225479322,233240.0,141095.0,3435.0,4004.0
RDGT,0.6971953731579782,275940.0,4082990.0,3261.0,677.0
JEM,0.6813500237680241,38880.0,2278070.0,4849.0,1137.0
CTNT,0.66550467437807,568180.0,476360.0,2518.0,2855.0
HCTI,0.6496593249881161,9579240.0,2607650.0,235.0,1010.0
VSA,0.633813975598162,35940.0,228960.0,4909.0,3569.0
YDKG,0.6179686262082079,14600.0,26005.0,5396.0,5177.0
NVVE,0.6021232768182538,22600.0,685890.0,5175.0,2479.0
CHSN,0.5862779274282998,65000.0,184405.0,4519.0,3780.0
ZSPC,0.5704325780383457,116200.0,43180.0,4099.0,4887.0
FGL,0.5545872286483917,4896480.0,1862345.0,476.0,1323.0
GDC,0.5387418792584376,206140.0,333290.0,3546.0,3217.0
KALA,0.5228965298684836,70560.0,84485.0,4467.0,4417.0
LGHL,0.5070511804785296,2258000.0,6496465.0,1022.0,409.0
EDBL,0.4912058310885755,1142580.0,3430130.0,1692.0,771.0
NIVF,0.47536048169862144,1841360.0,664495.0,1204.0,2513.0
MEHA,0.4595151323086674,158862.2,297434.05,3808.0,3321.0
ZCMD,0.4436697829187134,2487140.0,12439260.0,947.0,185.0
INLF,0.4278244335287593,98080.0,8025550.0,4237.0,312.0
STAI,0.4119790841388053,1120.0,2690.0,6072.5,5993.0
ZNB,0.3961337347488513,473440.0,331764.4,2708.0,3224.0
LRHC,0.38028838535889714,274760.0,1716540.0,3267.0,1425.0
VMAR,0.3644430359689431,485640.0,3088895.0,2682.0,850.0
ELPW,0.3485976865789891,221540.0,30349720.0,3484.0,61.0
EZGO,0.332752337189035,107900.0,139450.0,4164.5,4018.0
OCG,0.316906987799081,74880.0,224805.0,4416.0,3593.0
VSTD,0.3010616384091269,2500.0,267900.0,5965.5,3427.0
FCHL,0.28521628901917284,26800.0,241780.0,5088.0,3527.0
RPGL,0.2693709396292188,825760.0,253345.0,2085.0,3487.0
DCX,0.2535255902392648,32720.0,1007685.0,4976.0,2012.0
HKIT,0.23768024084931072,309740.0,208105.0,3146.0,3664.0
YYGH,0.2218348914593567,886860.0,812985.0,1998.0,2277.0
WHLR,0.20598954206940265,2502260.0,1282995.0,939.0,1734.0
MTEN,0.19014419267944857,960120.0,4966080.0,1895.5,548.0
YYAI,0.17429884328949455,24796540.0,70274540.0,69.0,8.0
VCIG,0.1584534938995405,950480.0,1369840.0,1907.0,1670.0
CISS,0.14260814450958642,361322.2,1830306.35,3002.0,1346.0
LBGJ,0.1267627951196324,2839880.0,1653050.55,826.0,1466.0
PAVS,0.11091744572967835,55240.0,2886870.0,4629.0,912.0
SSKN,0.09507209633972429,4082.6,8603.1,5857.0,5697.0
HUBC,0.07922674694977025,286680.0,423680.0,3223.0,2993.0
RUBI,0.0633813975598162,182760.0,632810.0,3669.5,2563.0
AREB,0.04753604816986214,249480.0,429595.0,3358.0,2977.0
WOK,0.0316906987799081,1028600.0,526370.0,1809.0,2741.0
ADTX,0.01584534938995405,9398340.0,14167705.0,242.0,154.0
AACBR,,,,,
ABPWW,,,,,
ABR-PD,,15465.6,12682.6,5366.0,5523.0
ABR-PE,,6240.4,6375.2,5740.0,5805.0
ABR-PF,,5940.4,9326.05,5762.0,5660.0
ABLVW,,,,,
ACONW,,,,,
ACP-PA,,2231.0,1796.95,5977.0,6077.0
ACR-PC,,33485.8,20503.2,4955.0,5308.0
ACR-PD,,10451.2,6916.6,5535.0,5775.0
ADC-PA,,15689.8,12970.05,5361.0,5512.0
ADSEW,,,,,
AENTW,,,,,
AERTW,,,,,
AEVAW,,,,,
AFJKR,,,,,
AFRIW,,,,,
AGM-PD,,5062.6,4729.3,5801.0,5895.0
AGM-PE,,3806.2,4303.65,5877.0,5924.0
AGM-PF,,9442.8,9472.4,5580.0,5655.0
AGM-PG,,9391.0,6224.8,5584.0,5814.0
AGM-PH,,2507.2,4468.4,5963.0,5914.0
AHL-PD,,5349.2,1337.3,5785.0,6103.0
AHL-PE,,10666.2,14418.05,5528.0,5457.0
AHL-PF,,2799.8,699.95,5943.0,6161.0
AHT-PD,,21718.4,8529.35,5195.0,5700.0
AHT-PF,,102405.2,28693.65,4210.0,5126.0
AHT-PG,,28105.6,10643.5,5067.0,5608.0
AHT-PI,,24273.0,9877.8,5148.0,5639.0
AIIOW,,,,,
AIMDW,,,,,
AIRJW,,,,,
AISPW,,,,,
ALB-PA,,231495.2,330428.0,3443.0,3229.0
ALDFW,,,,,
ALFUW,,,,,
ALISR,,,,,
ALL-PB,,15824.6,32843.25,5354.0,5053.0
ALL-PI,,38341.6,31794.9,4861.0,5066.0
ALL-PJ,,34400.8,44609.55,4934.0,4862.0
ALTG-PA,,4637.4,2263.95,5829.0,6038.0
ALUR,,,,,
AMH-PH,,8500.0,7686.25,5622.5,5737.0
AMODW,,,,,
AMPGW,,,,,
ANG-PD,,5997.4,9867.1,5760.0,5640.0
ANGHW,,,,,
ANNAW,,,,,
ANSCW,,,,,
APACR,,,,,
APLMW,,,,,
APXTW,,,,,
ARBEW,,,,,
AREBW,,,,,
ARES-PB,,322968.0,166261.9,3107.0,3858.0
ARQQW,,,,,
ASB-PE,,3417.0,6235.85,5900.0,5811.0
ASB-PF,,5386.8,8898.4,5782.0,5681.0
ASBPW,,,,,
ASPCR,,,,,
ASPSW,,,,,
ASPSZ,,,,,
ASTLW,,,,,
ATH-PA,,170402.0,83682.55,3737.0,4425.0
ATH-PB,,18890.0,19614.0,5260.0,5327.0
ATH-PD,,54369.2,48835.8,4639.0,4798.0
ATH-PE,,54416.6,33289.65,4638.0,5043.0
ATIIW,,,,,
ATLN,,,,,
AUB-PA,,8089.6,8080.95,5639.0,5722.0
AUROW,,,,,
AXINR,,,,,
BACCR,,,,,
BAERW,,,,,
BAYA,,,,,
BAYAU,,,,,
BC-PC,,,,,
BCARW,,,,,
BCGWW,,,,,
BCTXL,,,,,
BCTXW,,,,,
BCTXZ,,,,,
BDCIW,,,,,
BDMDW,,,,,
BEAGR,,,,,
BEATW,,,,,
BENFW,,,,,
BETRW,,,,,
BFRGW,,,,,
BGLWW,,,,,
BIAFW,,,,,
BIVIW,,,,,
BKHAR,,,,,
BLUWW,,,,,
BLZRW,,,,,
BNAIW,,,,,
BNCWW,,,,,
BNZIW,,,,,
BPACR,,,,,
BRLSW,,,,,
BSAAR,,,,,
BTBDW,,,,,
BZAIW,,,,,
BZFDW,,,,,
CDIOW,,,,,
CDROW,,,,,
CDTTW,,,,,
CELUW,,,,,
CEPT,,,,,
CHPGR,,,,,
CINGW,,,,,
CLSKW,,,,,
CNCKW,,,,,
CNO-PA,,,,,
COCHW,,,,,
COLAR,,,,,
COOTW,,,,,
CORZW,,,,,
CORZZ,,,,,
CRACR,,,,,
CRANR,,,,,
CRAQR,,,,,
CRGOW,,,,,
CRMLW,,,,,
CTBB,,,,,
CTDD,,,,,
CUBWW,,,,,
CWAN,,,,,
CXAIW,,,,,
CYCUW,,,,,
DAAQW,,,,,
DAICW,,,,,
DAVEW,,,,,
DEVS,,,,,
DFLIW,,,,,
DHCNL,,,,,
DJTWW,,,,,
DMAAR,,,,,
DMIIR,,,,,
DRDBW,,,,,
DRMAW,,,,,
DRTSW,,,,,
DSYWW,,,,,
DTSQR,,,,,
DTSTW,,,,,
DYORW,,,,,
ECXWW,,,,,
EDBLW,,,,,
EEX,,,,,
EGHAR,,,,,
EMISR,,,,,
ENGNW,,,,,
ESHAR,,,,,
ESLAW,,,,,
ESPR,,,,,
EUDAW,,,,,
EURKR,,,,,
EVGOW,,,,,
EVLVW,,,,,
EVOXW,,,,,
EXEEL,,,,,
EXEEZ,,,,,
F-PB,,,,,
F-PC,,,,,
F-PD,,,,,
FACTW,,,,,
FBYDW,,,,,
FDP,,,,,
FERAR,,,,,
FFAIW,,,,,
FGIWW,,,,,
FGMCR,,,,,
FGMCU,,,,,
FIGXW,,,,,
FLDDW,,,,,
FMSTW,,,,,
FOXXW,,,,,
FSHPR,,,,,
FUFUW,,,,,
GFAIW,,,,,
GGROW,,,,,
GIBOW,,,,,
GIPRW,,,,,
GIWWR,,,,,
GL-PD,,,,,
GLU-PA,,,,,
GPATW,,,,,
GRRRW,,,,,
GSHRW,,,,,
GTENW,,,,,
GTERR,,,,,
GTERW,,,,,
HAVAR,,,,,
HCMAW,,,,,
HNNAZ,,,,,
HOLOW,,,,,
HOVRW,,,,,
HPAIW,,,,,
HSCSW,,,,,
HTZWW,,,,,
HUBCW,,,,,
HUMAW,,,,,
HVIIR,,,,,
HVMCW,,,,,
IBACR,,,,,
ICUCW,,,,,
IMSRW,,,,,
INACR,,,,,
INVZW,,,,,
IPCXR,,,,,
IPEXR,,,,,
IVDAW,,,,,
JSPRW,,,,,
KCHVR,,,,,
KFIIR,,,,,
KIDZW,,,,,
KITTW,,,,,
KORE,,,,,
KOYNW,,,,,
KVACW,,,,,
KWMWW,,,,,
KYIVW,,,,,
LCCCR,,,,,
LCFYW,,,,,
LIMNW,,,,,
LKSPR,,,,,
LNZAW,,,,,
LOKVU,,,,,
LOKVW,,,,,
LPAAW,,,,,
LPBBW,,,,,
LTRYW,,,,,
LWACW,,,,,
MACIW,,,,,
MBAVW,,,,,
MBVIW,,,,,
MCGAW,,,,,
MDAIW,,,,,
MDCXW,,,,,
MER-PK,,182777.8,140755.6,3668.0,4007.0
MFICL,,,,,
MKDWW,,,,,
MKLYR,,,,,
MLECW,,,,,
MMTXW,,,,,
MNTSW,,,,,
MOBBW,,,,,
MOBXW,,,,,
MRNOW,,,,,
MSAIW,,,,,
MSW,,,,,
MTEKW,,,,,
MVSTW,,,,,
NCPLW,,,,,
NEE-PN,,,,,
NEE-PU,,,,,
NEOVW,,,,,
NIOBW,,,,,
NIVFW,,,,,
NIXXW,,,,,
NMPAR,,,,,
NNAVW,,,,,
NOEMW,,,,,
NPACW,,,,,
NRXPW,,,,,
NSA,,,,,
NUAIW,,,,,
NVNIW,,,,,
NVVEW,,,,,
NXGLW,,,,,
NXPLW,,,,,
OABIW,,,,,
OACCW,,,,,
OBAWW,,,,,
OCSAW,,,,,
ODVWZ,,,,,
ONCHW,,,,,
ONFOW,,,,,
ONMDW,,,,,
OPTXW,,,,,
ORGN,,,,,
ORGNW,,,,,
ORIQW,,,,,
OSRHW,,,,,
OUSTZ,,,,,
PACHW,,,,,
PBMWW,,,,,
PCAPW,,,,,
PCG-PC,,889.2,625.05,6100.0,6172.0
PCG-PI,,2047.6,1178.0,5995.0,6113.0
PCSC,,,,,
PCTTW,,,,,
PDYNW,,,,,
PGACR,,,,,
PGYWW,,,,,
PIIIW,,,,,
PLMKW,,,,,
PMTRW,,,,,
POLEW,,,,,
PRA,,,,,
PRENW,,,,,
QETAR,,,,,
QSEAR,,,,,
QUMSR,,,,,
RAAQU,,,,,
RAAQW,,,,,
RAINW,,,,,
RANGR,,,,,
RCKTW,,,,,
RDACR,,,,,
RDAGW,,,,,
RDZNW,,,,,
REE,,,,,
REVBW,,,,,
RFAIR,,,,,
RGTIW,,,,,
RMCOW,,,,,
RMSGW,,,,,
RUMBW,,,,,
RVMDW,,,,,
RVSNW,,,,,
RZLVW,,,,,
SABSW,,,,,
SATLW,,,,,
SATS,,,,,
SBCWW,,,,,
SBFMW,,,,,
SCAGW,,,,,
SCLXW,,,,,
SDHIR,,,,,
SDSTW,,,,,
SEM,,,,,
SHFSW,,,,,
SHMDW,,,,,
SILA,,,,,
SIMAW,,,,,
SKBL,,,,,
SKLZ,,,,,
SLAI,,,,,
SLDPW,,,,,
SLXNW,,,,,
SMXWW,,,,,
SNBR,,,,,
SOCAW,,,,,
SOUNW,,,,,
SPEGR,,,,,
SPKLW,,,,,
SPWRW,,,,,
SQFTW,,,,,
SRTAW,,,,,
SSEAR,,,,,
SSSS,,,,,
STEL,,,,,
SVACU,,,,,
SVACW,,,,,
SVCCW,,,,,
SVREW,,,,,
SWAGW,,,,,
SWVLW,,,,,
SXTPW,,,,,
SZZLR,,,,,
TACHW,,,,,
TACOW,,,,,
TALKW,,,,,
TAVIR,,,,,
TBHC,,,,,
TBLAW,,,,,
TDACW,,,,,
TDWDR,,,,,
TECTP,,,,,
TLNCW,,,,,
TNONW,,,,,
TOIIW,,,,,
TPTA,,,,,
TVACW,,,,,
TVAIR,,,,,
TVGNW,,,,,
TWLVR,,,,,
UHGWW,,,,,
USGOW,,,,,
VEEAW,,,,,
VGASW,,,,,
VSEEW,,,,,
VSSYW,,,,,
VWAVW,,,,,
WENNW,,,,,
WGSWW,,,,,
WLDSW,,,,,
WRB-PF,,,,,
WRB-PG,,,,,
WRB-PH,,,,,
WSR,,,,,
WSTNR,,,,,
WTGUR,,,,,
WTO,,,,,
XBPEW,,,,,
XOSWW,,,,,
XRPNW,,,,,
YDESW,,,,,
YHNAR,,,,,
ZEOWW,,,,,
ZOOZW,,,,,
