Stock,RS,Volume SMA 5,Volume SMA 20,Volume SMA 5 Rank,Volume SMA 20 Rank
VYNE,100.0,,,,
BANL,99.98415465061005,754460.0,280090.0,2177.0,3381.0
CCG,99.96830930122009,32040.0,22745.0,4988.0,5254.0
JUNS,99.95246395183014,84720.0,22147810.0,4349.5,98.0
TRIB,99.93661860244019,58680.0,44148.15,4599.5,4872.0
BYND,99.92077325305023,37993020.0,32237495.0,33.0,54.0
PRPL,99.90492790366028,20880.0,33020.0,5215.0,5048.0
DBGI,99.88908255427033,96540.0,262201.75,4244.0,3444.0
CSAI,99.87323720488037,55960.0,491655.0,4623.0,2816.0
FFAI,99.85739185549042,1366020.0,4601580.25,1485.0,596.0
THH,99.84154650610047,43260.0,309205.0,4778.0,3294.0
TNON,99.8257011567105,2023640.0,1476840.0,1118.0,1592.0
SMXT,99.80985580732055,50080.0,166250.0,4689.0,3859.0
GLMD,99.7940104579306,2907121.0,833981.4,804.0,2258.0
INHD,99.77816510854063,867180.0,822820.0,2024.0,2267.0
NTWOW,99.76231975915069,634749.4,171730.8,2392.0,3834.0
OPAD,99.74647440976074,35100.0,52385.0,4918.0,4753.0
MSGY,99.73062906037077,388260.0,3226355.0,2931.0,818.0
RCON,99.71478371098083,84381740.0,45588190.0,9.0,29.0
XHLD,99.69893836159088,5530680.0,8889270.0,424.0,275.0
MBAI,99.68309301220091,42940.0,44365.0,4781.0,4867.5
MYSZ,99.66724766281096,2028620.0,549245.0,1116.0,2706.0
XHG,99.65140231342102,17805200.0,4456510.0,118.0,617.0
ELPW,99.63555696403105,221540.0,30349720.0,3484.0,61.0
NXTT,99.6197116146411,67620.0,9844350.0,4496.0,245.0
YAAS,99.60386626525116,30540.0,155250.0,5017.0,3917.0
FBRX,99.5880209158612,978820.0,2253100.0,1872.0,1146.0
CJMB,99.57217556647124,374660.0,3055885.0,2962.0,857.0
ASTC,99.5563302170813,90800.0,322245.0,4295.5,3255.0
SXTC,99.54048486769133,6056120.0,119384475.0,383.0,4.0
ONFO,99.52463951830138,19081700.0,62110235.0,109.0,12.0
BGMSP,99.50879416891144,0.0,286.0,6287.0,6210.0
REPL,99.49294881952146,3974380.0,7975060.0,592.0,318.0
IPST,99.47710347013151,27369480.0,6861365.0,60.0,381.0
PFSA,99.46125812074156,11399800.0,3425605.0,197.0,773.0
HAO,99.4454127713516,2372140.0,5068825.0,982.0,532.0
AEHL,99.42956742196165,517480.0,9170425.0,2611.0,265.0
AREB,99.4137220725717,249480.0,429595.0,3358.0,2977.0
PCLA,99.39787672318174,110040.0,369655.0,4143.0,3133.0
NPT,99.38203137379179,18880.0,36170.0,5261.0,4993.0
SDOT,99.36618602440184,140760.0,218435.0,3934.0,3619.0
QTTB,99.35034067501188,277240.0,458890.0,3256.0,2892.0
APPS,99.33449532562193,2962580.0,4236645.0,781.0,646.0
TOP,99.31864997623198,83880.0,100995.0,4356.0,4295.0
CIIT,99.30280462684202,100300.0,110020.0,4226.0,4229.0
STIM,99.28695927745207,2795860.0,3058175.0,838.0,856.0
TGHL,99.27111392806212,349800.0,1343655.0,3036.0,1693.0
HLP,99.25526857867216,41020.0,76535.0,4813.0,4480.0
BLZE,99.23942322928221,2223380.0,2980585.0,1039.0,880.0
HELP,99.22357787989226,1798440.0,1781575.0,1223.0,1374.0
AMLX,99.2077325305023,5815340.0,3090105.0,397.0,849.0
QMCO,99.19188718111235,3480900.0,2363650.0,665.0,1109.0
RYOJ,99.1760418317224,15280.0,73790.0,5370.0,4501.0
SMJF,99.16019648233242,1129400.0,1085690.0,1706.0,1917.0
CRNX,99.14435113294248,2352520.0,2511725.0,988.0,1048.0
OFAL,99.12850578355253,39883560.0,10820320.0,31.0,219.0
AGEN,99.11266043416256,964300.0,1631110.0,1886.0,1488.0
FCUV,99.09681508477262,230640.0,6013650.0,3449.0,440.0
ADIL,99.08096973538267,87440.0,77230.0,4323.0,4473.0
CDT,99.0651243859927,28880.0,67380.0,5049.0,4564.0
GENVR,99.04927903660275,27260.0,44365.0,5082.0,4867.5
FWRD,99.0334336872128,468960.0,676980.0,2722.0,2496.0
ENTX,99.01758833782284,300420.0,4948175.0,3176.0,551.0
TXG,99.0017429884329,2570000.0,3017880.0,904.0,870.0
XNCR,98.98589763904295,1190440.0,1103700.0,1649.0,1901.0
SMWB,98.97005228965298,2237640.0,987590.0,1035.0,2033.0
FRD,98.95420694026303,83500.0,91335.0,4358.0,4362.0
JTAI,98.93836159087309,189840.0,248185.0,3638.0,3502.0
RCEL,98.92251624148312,574480.0,691895.0,2507.0,2469.0
RRGB,98.90667089209317,907240.0,392580.0,1972.0,3076.0
SLN,98.89082554270323,2314340.0,1929695.0,998.0,1291.0
TWST,98.87498019331326,1186960.0,1553980.0,1650.0,1541.0
ABCL,98.85913484392331,12678220.0,9624005.0,172.0,252.0
CORT,98.84328949453337,695320.0,1227220.0,2277.0,1791.0
CDNA,98.82744414514339,801200.0,1119890.0,2112.0,1893.0
XOS,98.81159879575344,27531360.0,7103565.0,59.0,364.0
PAYS,98.79575344636349,595580.0,750515.0,2466.0,2364.0
ADVB,98.77990809697353,307740.0,2505905.0,3152.0,1050.0
DSY,98.76406274758358,45300.0,1803825.0,4749.5,1366.0
OESX,98.74821739819363,51480.0,95095.0,4674.5,4339.0
OTLK,98.73237204880367,63299300.0,28071480.0,15.0,69.0
TTRX,98.71652669941372,59560.0,65660.0,4594.0,4581.0
MBX,98.70068135002377,438260.0,493400.0,2786.5,2807.0
EXFY,98.68483600063381,1210900.0,1236135.0,1627.0,1783.0
UMAC,98.66899065124386,7866600.0,4888340.0,289.0,558.0
MAN,98.65314530185391,924380.0,1129565.0,1947.0,1882.0
ACCL,98.63729995246395,15020.0,59230.0,5381.5,4662.0
NIQ,98.621454603074,1934800.0,2005590.0,1154.0,1261.0
DFTX,98.60560925368405,3259280.0,2189935.0,715.0,1182.0
ALOT,98.58976390429409,109760.0,98130.0,4145.0,4318.0
UFI,98.57391855490414,247040.0,146375.0,3370.0,3981.0
CSTE,98.55807320551419,149480.0,114520.0,3862.0,4203.0
ETS,98.54222785612423,29900.0,99845.0,5035.0,4303.0
BFLY,98.52638250673428,4821180.0,6804530.0,489.0,388.0
TEAM,98.51053715734433,4337420.0,5550280.0,547.0,476.0
GNTA,98.49469180795435,39900.0,56905.0,4831.0,4693.5
BOLD,98.4788464585644,161100.0,269230.0,3788.0,3419.0
SNOW,98.46300110917446,3397760.0,4916270.0,680.0,554.0
HWH,98.4471557597845,249660.0,393945.0,3356.0,3072.0
INTA,98.43131041039454,532640.0,806065.0,2586.0,2288.0
UPC,98.4154650610046,26460.0,2093010.0,5093.5,1220.0
AMPL,98.39961971161463,2482720.0,2429575.0,948.0,1067.0
ORKA,98.38377436222468,760360.0,750200.0,2162.0,2365.0
PBF,98.36792901283474,2514600.0,3386935.0,935.0,782.0
ENGS,98.35208366344477,1528600.0,1240310.0,1378.0,1779.0
CNET,98.33623831405482,306540.0,606175.0,3157.0,2611.0
SOWG,98.32039296466488,7040.0,10375.0,5702.0,5618.0
PESI,98.30454761527491,779720.0,503130.0,2139.0,2786.0
QURE,98.28870226588496,832940.0,1386115.0,2068.0,1652.0
NVCT,98.27285691649502,130060.0,208600.0,3990.0,3662.0
RCMT,98.25701156710505,186320.0,70855.0,3653.0,4529.0
IOVA,98.2411662177151,14389800.0,17412880.0,150.0,128.0
MNPR,98.22532086832516,199360.0,291800.0,3581.0,3337.0
PEPG,98.2094755189352,825240.0,1068110.0,2087.0,1933.0
TBI,98.19363016954524,255560.0,339985.0,3337.0,3200.0
CTRN,98.1777848201553,94760.0,126300.0,4263.0,4111.0
MGNI,98.16193947076533,3121960.0,2933765.0,743.0,893.0
QLYS,98.14609412137537,607720.0,808020.0,2437.0,2286.0
SUNE,98.13024877198542,95540.0,161125.0,4250.0,3884.0
RGNX,98.11440342259546,828220.0,1158105.0,2075.0,1852.0
DELL,98.09855807320551,5817760.0,5916170.0,396.0,451.0
ANGX,98.08271272381556,2721020.0,1590140.0,861.0,1515.0
BFRI,98.0668673744256,829060.0,503920.0,2073.0,2784.0
TKNO,98.05102202503565,525120.0,229120.0,2600.0,3568.0
UTZ,98.0351766756457,1411020.0,6915675.0,1455.0,377.0
CBRL,98.01933132625574,740760.0,808750.0,2198.5,2283.0
U,98.00348597686579,11095600.0,12447420.0,202.0,184.0
VREX,97.98764062747584,1143400.0,1337525.0,1690.0,1696.0
SYBX,97.97179527808588,24940.0,200095.0,5134.0,3703.0
OPHC,97.95594992869593,173000.0,211155.0,3720.0,3652.0
ETON,97.94010457930598,1127100.0,659290.0,1711.0,2524.0
AGPU,97.92425922991602,830620.0,734845.0,2071.0,2391.0
CLYM,97.90841388052607,1684340.0,1141180.0,1288.0,1868.0
TLIH,97.89256853113612,1320.0,3745.0,6052.0,5954.0
PLSE,97.87672318174616,466400.0,479875.0,2732.0,2846.0
BBNX,97.86087783235621,1264100.0,1441370.0,1569.5,1613.0
KRT,97.84503248296626,163000.0,151115.0,3778.0,3954.0
RPD,97.8291871335763,2122860.0,2484140.0,1075.0,1054.0
PCTTU,97.81334178418633,0.0,0.0,6287.0,6283.5
EDRY,97.79749643479639,116100.0,125810.0,4100.0,4117.0
ADPT,97.78165108540642,1906820.0,2579775.0,1170.0,1020.0
MYO,97.76580573601647,888980.0,632575.0,1995.0,2564.0
ZYBT,97.74996038662653,144880.0,5977820.0,3898.5,441.0
GLBS,97.73411503723656,243560.0,186655.0,3387.0,3769.0
CHYM,97.71826968784661,8041580.0,8963920.0,281.0,273.0
CRL,97.70242433845667,906440.0,939810.0,1975.0,2092.0
CAKE,97.6865789890667,1956480.0,2074485.0,1138.0,1229.0
PMTS,97.67073363967675,108340.0,95310.0,4158.5,4337.0
NEO,97.6548882902868,996740.0,2390310.0,1839.0,1092.0
LBRX,97.63904294089684,377260.0,441725.0,2952.0,2939.0
ELF,97.6231975915069,1584600.0,2540980.0,1343.0,1037.0
VSTM,97.60735224211695,1921720.0,2014120.0,1162.0,1256.0
ABSI,97.59150689272698,2690280.0,2538125.0,871.0,1038.0
HBB,97.57566154333703,113360.0,73970.0,4118.5,4497.0
SLS,97.55981619394709,5652500.0,5838370.0,412.0,458.0
ALNT,97.54397084455712,227260.0,278210.0,3462.0,3387.0
SAIH,97.52812549516717,15060.0,12170.0,5378.5,5544.0
QNST,97.51228014577723,825520.0,1045630.0,2086.0,1955.0
EAT,97.49643479638726,1348760.0,1189430.0,1503.0,1826.0
VIA,97.4805894469973,683640.0,856890.0,2298.0,2216.0
APPN,97.46474409760735,660240.0,935750.0,2338.0,2101.0
CRSR,97.44889874821739,1850720.0,2315510.0,1200.0,1129.0
XGN,97.43305339882744,335420.0,438405.0,3079.0,2948.0
NAMMW,97.41720804943749,1440.0,3355.0,6040.0,5969.0
BUUU,97.40136270004753,110540.0,85265.0,4141.0,4411.0
ECOR,97.38551735065758,100360.0,87160.0,4224.0,4392.0
PRCH,97.36967200126763,1431480.0,1960555.0,1436.0,1274.0
CBZ,97.35382665187767,1103300.0,2178985.0,1736.0,1187.0
WGS,97.33798130248772,486960.0,834455.0,2679.0,2256.0
SN,97.32213595309777,1661660.0,1865330.0,1306.0,1321.0
PTLE,97.30629060370781,14160.0,9500.0,5409.5,5654.0
PUBM,97.29044525431786,858460.0,775165.0,2035.0,2330.0
NSP,97.27459990492791,395620.0,603470.0,2908.0,2618.0
SCLX,97.25875455553795,40640.0,68505.0,4822.5,4552.5
FDMT,97.242909206148,1536840.0,811790.0,1372.0,2281.0
AVTR,97.22706385675805,5388900.0,11547950.0,438.0,204.0
SGHT,97.21121850736809,379780.0,306155.0,2943.0,3302.0
HAE,97.19537315797814,988460.0,846505.0,1858.0,2234.0
AZTA,97.17952780858819,513640.0,678960.0,2622.5,2491.0
PSNL,97.16368245919823,1175000.0,2594940.0,1660.0,1014.0
ATAI,97.14783710980826,6432960.0,8851590.0,363.0,278.0
PD,97.13199176041832,1077560.0,1263375.0,1766.0,1759.0
BETA,97.11614641102835,2801980.0,1826470.0,837.0,1349.0
YEXT,97.1003010616384,653980.0,800605.0,2349.0,2292.0
CLRO,97.08445571224846,95140.0,4426575.0,4260.0,621.0
APLM,97.0686103628585,23820.0,31645.0,5155.0,5068.0
BXC,97.05276501346854,141160.0,179550.0,3929.0,3803.0
JRSH,97.0369196640786,121000.0,104875.0,4054.0,4266.0
TLSI,97.02107431468863,147120.0,214135.0,3878.0,3639.0
OPRX,97.00522896529868,438880.0,254535.0,2784.0,3482.0
FGI,96.98938361590874,21499120.0,5383525.0,91.0,493.0
LFST,96.97353826651877,4695620.0,4095275.0,503.0,673.0
NWL,96.95769291712882,5750700.0,10241120.0,404.0,234.0
AVAH,96.94184756773888,6094160.0,2862480.0,379.0,923.0
NTAP,96.92600221834891,2375080.0,2410785.0,981.0,1078.0
MTW,96.91015686895896,473380.0,374340.0,2709.0,3118.0
RDI,96.89431151956902,137440.0,71410.0,3952.5,4525.0
ORIC,96.87846617017905,1023520.0,1697950.0,1816.0,1437.0
ZENA,96.8626208207891,6536360.0,6504685.0,355.0,408.0
HPE,96.84677547139916,18080260.0,16565140.0,115.0,133.0
TNET,96.83093012200919,307200.0,452745.0,3153.0,2908.0
EPC,96.81508477261923,486980.0,604510.0,2678.0,2616.0
BDL,96.79923942322928,50900.0,47550.0,4681.0,4817.0
ACHV,96.78339407383932,1585380.0,1158765.0,1340.0,1850.0
APGE,96.76754872444937,1296260.0,1231380.0,1541.0,1787.0
PAY,96.75170337505942,939320.0,1295010.0,1927.0,1727.0
JILL,96.73585802566946,50020.0,59900.0,4690.0,4652.0
ENVA,96.72001267627951,233940.0,343865.0,3431.0,3190.0
LIND,96.70416732688956,794080.0,826435.0,2121.0,2265.0
MCS,96.6883219774996,228640.0,361465.0,3459.0,3149.0
FORR,96.67247662810965,84460.0,121410.0,4352.0,4151.0
FHTX,96.6566312787197,196240.0,208755.0,3600.0,3661.0
FSLY,96.64078592932974,5470140.0,6476755.0,431.0,412.0
WNC,96.62494057993979,932680.0,1130505.0,1936.0,1880.0
DK,96.60909523054984,1439880.0,1318500.0,1431.0,1707.0
GTLB,96.59324988115988,4892340.0,4312490.0,478.0,636.0
URGN,96.57740453176993,1003680.0,872945.0,1830.0,2190.0
RHI,96.56155918237998,1689020.0,2335275.0,1284.0,1122.0
HPE-PC,96.54571383299002,357018.8,201641.95,3018.0,3698.0
OKTA,96.52986848360007,2795000.0,2546350.0,839.0,1033.0
ZBIO,96.51402313421012,624600.0,631810.0,2410.0,2565.0
PHOE,96.49817778482016,17900.0,30020.0,5290.0,5105.0
PAYC,96.4823324354302,744960.0,1007815.0,2191.0,2011.0
VEEE,96.46648708604025,70380.0,382410.0,4471.0,3102.0
FATN,96.45064173665028,92760.0,124700.0,4279.0,4126.0
CCXIU,96.43479638726033,5480.0,18250.0,5778.0,5360.0
HNGE,96.41895103787039,1113880.0,1696920.0,1728.0,1439.0
NSIT,96.40310568848042,324500.0,454570.0,3103.0,2902.0
MAX,96.38726033909047,434500.0,805775.0,2801.0,2289.0
BOXL,96.37141498970053,14627180.0,3948800.0,147.0,695.0
TPCS,96.35556964031056,187920.0,64750.0,3646.0,4601.0
AXON,96.33972429092061,726240.0,948390.0,2219.5,2080.0
SPRC,96.32387894153067,208820.0,512540.0,3534.0,2767.0
ATRC,96.3080335921407,642000.0,886085.0,2378.0,2168.0
NNBR,96.29218824275075,3221260.0,3046795.0,724.0,861.0
ANRO,96.2763428933608,687980.0,444480.0,2291.0,2933.0
MYSE,96.26049754397084,118960.0,85890.0,4070.0,4406.0
RLAY,96.2446521945809,1800220.0,2020045.0,1221.0,1251.0
CURV,96.22880684519095,202720.0,262875.0,3561.5,3443.0
ESTC,96.21296149580098,3103260.0,2120635.0,750.0,1208.0
NUTX,96.19711614641103,156740.0,160770.0,3821.0,3887.0
TMCI,96.18127079702109,381880.0,409575.0,2942.0,3026.0
TNDM,96.16542544763112,1764560.0,2240610.0,1234.0,1154.0
PGEN,96.14958009824116,5710140.0,5733780.0,407.0,465.0
NAVN,96.13373474885121,2096840.0,2562680.0,1086.0,1028.0
ZIP,96.11788939946125,809600.0,800645.0,2104.0,2291.0
CCC,96.1020440500713,11420700.0,10280085.0,196.0,232.0
W,96.08619870068135,2604220.0,4125370.0,895.0,662.0
ARHS,96.07035335129139,1370660.0,1641600.0,1480.0,1482.0
TWIN,96.05450800190144,93920.0,85275.0,4270.0,4410.0
USIO,96.03866265251149,1323480.0,502405.0,1517.0,2789.0
SOPH,96.02281730312153,295660.0,415270.0,3191.0,3015.0
WDAY,96.00697195373158,7486500.0,5296880.0,303.0,506.0
ZETA,95.99112660434163,6474140.0,9653175.0,359.0,250.0
SEPN,95.97528125495167,707160.0,372150.0,2257.0,3124.0
LVLU,95.95943590556172,12920.0,20885.0,5446.0,5303.0
PKOH,95.94359055617177,150820.0,109790.0,3853.0,4233.0
PTGX,95.92774520678181,453380.0,502385.0,2763.0,2790.0
ERAS,95.91189985739186,2573020.0,3170110.0,903.0,831.0
PGY,95.89605450800191,2149420.0,3052355.0,1066.0,859.0
FLNT,95.88020915861195,30360.0,27460.0,5022.0,5156.0
RBRK,95.864363809222,3412040.0,2933060.0,677.0,894.0
CERT,95.84851845983205,3356240.0,4108800.0,688.0,670.0
HTFL,95.83267311044209,4240720.0,1751560.0,559.0,1402.0
NMAX,95.81682776105212,2488440.0,1177030.0,946.0,1835.0
WHLRP,95.80098241166218,220.0,815.0,6191.5,6147.0
KELYA,95.78513706227221,330620.0,351655.0,3087.0,3173.0
CLMT,95.76929171288226,1162300.0,1279295.0,1670.0,1741.0
QH,95.75344636349232,13520.0,35965.0,5431.0,4996.0
AMWL,95.73760101410235,83280.0,122375.0,4360.0,4145.0
VAC,95.7217556647124,356000.0,515190.0,3022.0,2763.0
PYXS,95.70591031532246,963840.0,1691760.0,1887.0,1444.0
HNI,95.69006496593249,341100.0,594385.0,3065.0,2629.0
QNCX,95.67421961654254,34380.0,36550.0,4935.0,4984.5
OABI,95.6583742671526,4771620.0,1694650.0,495.0,1441.0
AKTX,95.64252891776263,102060.0,46905.0,4211.0,4825.0
NRIX,95.62668356837268,998340.0,1027615.0,1837.0,1978.0
EMBC,95.61083821898274,1698000.0,1662005.0,1277.0,1459.0
MNTN,95.59499286959277,1539880.0,1210445.0,1370.0,1804.0
HHS,95.57914752020282,1102300.0,281055.0,1737.0,3377.0
CXW,95.56330217081288,1881420.0,1429545.0,1189.0,1620.0
VEEV,95.54745682142291,1665820.0,1714230.0,1301.0,1427.0
GENI,95.53161147203296,4437720.0,7520025.0,528.0,340.0
HALO,95.51576612264302,2288880.0,2401620.0,1009.0,1086.0
NTRA,95.49992077325305,1355860.0,1331010.0,1497.0,1701.0
HZO,95.48407542386309,845460.0,915225.0,2049.0,2132.0
AMC,95.46823007447314,15038980.0,31844425.0,141.0,55.0
CIB,95.45238472508318,278100.0,326210.0,3251.0,3243.0
VSME,95.43653937569323,220120.0,166515.0,3491.0,3856.0
GSHD,95.42069402630328,297280.0,534370.0,3187.0,2735.0
TECH,95.40484867691332,2367600.0,3511190.0,984.0,754.0
SENS,95.38900332752337,818480.0,702490.0,2094.0,2444.0
CADL,95.37315797813342,1709680.0,1188805.0,1270.0,1828.0
THC,95.35731262874346,646320.0,1218445.0,2369.0,1797.0
CLW,95.34146727935351,131760.0,220505.0,3981.0,3608.0
MYND,95.32562192996356,30860.0,16015.0,5008.5,5420.0
TOST,95.3097765805736,9340440.0,10474825.0,244.0,229.0
ZBRA,95.29393123118365,687120.0,884250.0,2293.0,2172.0
ATEX,95.2780858817937,456580.0,354450.0,2752.0,3167.0
CSTL,95.26224053240374,376960.0,446905.0,2953.0,2927.0
CTEV,95.24639518301379,154420.0,117855.0,3835.0,4170.0
SGMT,95.23054983362384,1502600.0,1246170.0,1394.0,1773.0
INNV,95.21470448423388,169980.0,221155.0,3741.0,3603.0
BVS,95.19885913484393,598480.0,845575.0,2460.0,2235.0
KYMR,95.18301378545398,651320.0,652030.0,2358.0,2537.0
LILA,95.16716843606402,433560.0,606635.0,2804.0,2609.0
CRDL,95.15132308667407,1717720.0,1089365.0,1263.0,1912.0
MLKN,95.1354777372841,435300.0,611140.0,2798.0,2599.0
PW,95.11963238789414,1500.0,13720.0,6033.5,5486.0
NCT,95.1037870385042,2144120.0,1399020.0,1071.0,1638.0
LASE,95.08794168911425,2140260.0,2045740.0,1073.0,1242.0
RNG,95.07209633972428,1362340.0,2632575.0,1489.0,1001.0
AII,95.05625099033433,295140.0,155800.0,3192.0,3910.0
BLKB,95.04040564094439,458280.0,720010.0,2749.0,2412.0
VOR,95.02456029155442,827980.0,837810.0,2077.0,2252.0
DYN,95.00871494216447,1717160.0,2690275.0,1265.0,982.0
BBGI,94.99286959277453,43480.0,57685.0,4776.0,4676.0
PRGS,94.97702424338456,342440.0,490850.0,3060.0,2821.0
OCC,94.96117889399461,252000.0,224670.0,3349.0,3594.0
RIGL,94.94533354460467,318900.0,314325.0,3119.5,3275.0
PRQR,94.9294881952147,736260.0,739750.0,2206.0,2386.0
IMAX,94.91364284582475,1194140.0,1769895.0,1641.0,1384.0
HNST,94.8977974964348,2221700.0,2924475.0,1040.0,898.0
REAX,94.88195214704484,6579460.0,5415260.0,349.0,486.0
FIVN,94.8661067976549,2068560.0,3787295.0,1094.0,716.0
TTAN,94.85026144826494,1101720.0,1269395.0,1738.0,1750.0
MEI,94.83441609887498,549760.0,539520.0,2563.0,2722.0
MAAS,94.81857074948503,288360.0,136310.0,3212.0,4043.0
LSH,94.80272540009507,20506055.4,,98.0,
BWIN,94.78688005070511,1256580.0,1252180.0,1579.0,1766.0
KNSA,94.77103470131516,415740.0,679280.0,2848.0,2489.0
GP,94.75518935192521,499600.0,259275.0,2655.0,3460.0
STI,94.73934400253525,101540.0,130045.0,4214.0,4088.5
PANW,94.7234986531453,4894380.0,5765070.0,477.0,462.0
TLPH,94.70765330375535,635640.0,297545.0,2389.0,3319.0
KMX,94.69180795436539,1756300.0,2292205.0,1242.0,1132.0
MANH,94.67596260497544,954960.0,1042825.0,1899.0,1959.0
MPC,94.66011725558549,2494900.0,2386635.0,943.0,1095.0
JACK,94.64427190619553,1452580.0,949395.0,1425.0,2077.0
DAO,94.62842655680558,72740.0,53325.0,4440.5,4736.0
PATH,94.61258120741563,77923740.0,66554035.0,10.0,10.0
TRVG,94.59673585802567,115960.0,92790.0,4102.0,4353.0
EXPE,94.58089050863572,1412880.0,1631190.0,1452.0,1487.0
ACOG,94.56504515924577,205720.0,128545.0,3550.0,4095.0
NTNX,94.5491998098558,2203500.0,2464400.0,1044.0,1057.0
DCTH,94.53335446046586,626640.0,719825.0,2406.0,2415.0
KSS,94.51750911107591,3390560.0,3284365.0,681.0,800.0
BDSX,94.50166376168595,77820.0,81825.0,4396.0,4438.0
BJRI,94.485818412296,426120.0,526430.0,2823.0,2740.0
MTEX,94.46997306290604,17600.0,11400.0,5301.5,5575.0
TVTX,94.45412771351607,1193420.0,1695135.0,1645.0,1440.0
NDLS,94.43828236412612,46280.0,87140.0,4737.5,4393.0
LUNG,94.42243701473618,510420.0,886835.0,2632.5,2167.0
LILAK,94.40659166534621,1254440.0,1296730.0,1583.0,1726.0
LMRI,94.39074631595626,694860.0,463185.0,2280.0,2881.0
RGEN,94.37490096656632,663180.0,1248895.0,2329.0,1770.0
INMB,94.35905561717635,302160.0,324720.0,3170.0,3247.0
AMRX,94.3432102677864,2166180.0,1885155.0,1058.0,1310.0
IMUX,94.32736491839646,192080.0,163255.0,3621.0,3875.0
MYE,94.31151956900649,245940.0,428955.0,3373.0,2979.0
ARTV,94.29567421961654,268640.0,346150.0,3287.0,3181.0
JCTC,94.2798288702266,67700.0,28550.0,4495.0,5133.0
TWFG,94.26398352083663,132640.0,157335.0,3976.5,3897.0
ACU,94.24813817144668,39500.0,39955.0,4838.0,4932.0
NUVB,94.23229282205673,6638320.0,5934995.0,344.0,446.0
AQB,94.21644747266677,190620.0,1456220.0,3632.0,1603.0
COMP,94.20060212327682,8620240.0,11189225.0,265.0,213.0
VLO,94.18475677388687,2146340.0,2600640.0,1068.0,1013.0
SYRE,94.16891142449691,767080.0,812715.0,2150.0,2278.0
MGTX,94.15306607510696,694480.0,511025.0,2284.0,2769.0
WYHG,94.137220725717,363800.0,4203510.0,2993.0,649.0
RZLT,94.12137537632704,1059300.0,1174945.0,1782.0,1837.0
SPSC,94.10553002693709,655160.0,639000.0,2345.0,2553.0
SMTI,94.08968467754714,373200.0,435035.0,2968.0,2957.0
MTA,94.07383932815718,713780.0,465115.0,2251.0,2875.0
OMDA,94.05799397876723,1089820.0,1650325.0,1756.0,1472.0
BQ,94.04214862937728,24642920.0,6207790.0,71.0,428.0
WK,94.02630327998732,709120.0,794920.0,2256.0,2304.0
SPT,94.01045793059737,1193880.0,1225435.0,1642.0,1793.0
ASAN,93.99461258120742,4731740.0,5359860.0,498.0,496.0
HURN,93.97876723181746,180700.0,364260.0,3679.0,3142.0
OMER,93.96292188242751,4879400.0,2371445.0,481.0,1105.0
RVMD,93.94707653303756,1407360.0,1706440.0,1457.0,1433.0
LICN,93.9312311836476,27560.0,1504230.0,5077.0,1576.0
HRTG,93.91538583425765,300120.0,357000.0,3178.0,3161.0
ANIK,93.8995404848677,115240.0,118510.0,4106.0,4166.0
AIRO,93.88369513547774,1286240.0,568130.0,1548.0,2668.0
SDGR,93.86784978608779,967400.0,1052495.0,1884.0,1949.0
GTEC,93.85200443669784,1282080.0,1053075.0,1551.0,1948.0
ICLR,93.83615908730788,526960.0,847045.0,2595.0,2233.0
BHVN,93.82031373791793,1769800.0,1805990.0,1231.0,1364.0
SWIM,93.80446838852797,885200.0,933130.0,2001.0,2108.0
DCO,93.788623039138,182000.0,246385.0,3674.0,3509.0
IQV,93.77277768974805,1025460.0,1516845.0,1813.0,1565.0
WHLRL,93.7569323403581,11027.4,3624.7,5513.0,5961.0
BBY,93.74108699096814,2911580.0,3196655.0,802.0,823.0
YDKG,93.7252416415782,14600.0,26005.0,5396.0,5177.0
RMAX,93.70939629218825,911620.0,555835.0,1966.5,2692.0
GDRX,93.69355094279828,1411560.0,1576765.0,1454.0,1522.0
TENB,93.67770559340833,2160120.0,3509285.0,1059.0,755.0
PAYO,93.66186024401838,6040740.0,5435595.0,384.0,484.0
ELVN,93.64601489462842,620940.0,1012140.0,2417.0,2003.0
CPHI,93.63016954523847,2982760.0,2651410.0,776.0,996.0
WPP,93.61432419584852,433420.0,583760.0,2808.0,2645.0
MKDW,93.59847884645856,980.0,2055.0,6089.0,6056.0
SI,93.58263349706861,130060.0,113970.0,3990.0,4207.0
OXBR,93.56678814767866,265900.0,80170.0,3299.0,4446.0
KFRC,93.5509427982887,275340.0,273545.0,3264.0,3409.0
NET,93.53509744889875,3398240.0,3997405.0,679.0,689.0
FRPT,93.5192520995088,969760.0,1417295.0,1881.0,1622.0
MASS,93.50340675011884,568660.0,450200.0,2516.0,2912.0
ACAD,93.4875614007289,1431020.0,1740350.0,1437.0,1409.0
CLMB,93.47171605133893,104360.0,149410.0,4195.0,3966.0
TISI,93.45587070194897,31960.0,26010.0,4989.0,5176.0
BVC,93.44002535255902,65500.0,60870.0,4514.0,4642.0
UHAL,93.42418000316907,123740.0,162735.0,4027.0,3880.0
OSCR,93.40833465377911,5775680.0,5833725.0,401.0,459.0
BLFS,93.39248930438916,441100.0,1473430.0,2782.0,1594.0
ATI,93.37664395499921,1217740.0,1560715.0,1619.0,1536.0
RNAC,93.36079860560925,93080.0,117430.0,4274.5,4176.0
FET,93.3449532562193,170640.0,221770.0,3735.0,3601.0
SAFT,93.32910790682935,185520.0,401440.0,3657.0,3050.0
MATV,93.31326255743939,545460.0,612525.0,2573.0,2597.0
AGYS,93.29741720804944,361320.0,311490.0,3003.0,3287.0
WIX,93.28157185865949,2527000.0,1896090.0,928.0,1306.0
VCTR,93.26572650926953,519580.0,559630.0,2607.0,2683.0
JHX,93.24988115987958,5362320.0,7595220.0,440.0,335.0
STGW,93.23403581048963,1108720.0,1647950.0,1732.0,1477.0
VRNS,93.21819046109967,1031340.0,1791645.0,1806.0,1370.0
CHEF,93.20234511170972,1030240.0,701390.0,1807.0,2447.0
CURR,93.18649976231977,216820.0,159820.0,3500.0,3889.0
FRSH,93.1706544129298,8755400.0,9804355.0,260.0,246.0
BWEN,93.15480906353986,576480.0,852795.0,2502.0,2222.0
SLDB,93.1389637141499,712580.0,908785.0,2253.0,2141.0
VNCE,93.12311836475993,60960.0,66585.0,4570.0,4574.0
MMSI,93.10727301536998,861220.0,1164495.0,2033.0,1847.0
CGEM,93.09142766598004,906780.0,618405.0,1973.0,2587.0
ICUI,93.07558231659007,245180.0,344525.0,3376.0,3187.0
DINO,93.05973696720012,2555580.0,2964385.0,909.0,883.0
BH,93.04389161781017,221640.0,218570.0,3481.0,3618.0
WW,93.02804626842021,175200.0,212230.0,3709.0,3645.0
SHOP,93.01220091903026,6792360.0,11717360.0,340.0,199.0
QUAD,92.99635556964031,529220.0,453900.0,2592.0,2903.0
GALT,92.98051022025035,364580.0,382695.0,2990.0,3100.0
AEMD,92.9646648708604,35120.0,123155.0,4917.0,4136.0
GRAN,92.94881952147045,1260.0,2150.0,6063.0,6044.5
SPAI,92.93297417208049,1777500.0,508355.0,1228.0,2778.0
DV,92.91712882269054,4315980.0,5324595.0,549.0,499.0
FA,92.9012834733006,3263800.0,2646725.0,712.0,999.0
PARR,92.88543812391063,995420.0,1131900.0,1848.0,1876.0
SLNG,92.86959277452068,74360.0,59730.0,4419.0,4653.0
ITGR,92.85374742513073,754800.0,1652080.0,2176.0,1469.0
NXPL,92.83790207574077,65740.0,47100.0,4512.0,4821.0
NCI,92.82205672635082,755620.0,605620.0,2173.0,2614.0
ACRS,92.80621137696086,1153620.0,1886265.0,1682.0,1309.0
UFPT,92.7903660275709,128580.0,195665.0,3999.0,3726.0
SER,92.77452067818095,84800.0,54780.0,4347.0,4713.0
AUTL,92.758675328791,3019320.0,2859600.0,768.0,924.0
FF,92.74282997940104,519160.0,578280.0,2608.0,2655.0
XERS,92.72698463001109,1684700.0,1719275.0,1287.0,1424.0
DSGN,92.71113928062114,518920.0,460985.0,2610.0,2885.0
CLDX,92.69529393123118,948740.0,931795.0,1909.0,2111.0
CPIX,92.67944858184123,82560.0,125825.0,4365.0,4116.0
COHU,92.66360323245128,1307300.0,1124640.0,1529.0,1887.0
AIRT,92.64775788306132,4240.0,17520.0,5848.0,5381.0
COTY,92.63191253367137,6137220.0,8243605.0,376.0,304.0
KIDS,92.61606718428142,193900.0,223880.0,3613.0,3597.0
MMYT,92.60022183489146,356800.0,720000.0,3019.0,2413.0
FNWD,92.58437648550151,13460.0,29695.0,5433.0,5110.0
DAVE,92.56853113611156,471380.0,459085.0,2716.0,2890.0
OTLY,92.5526857867216,62180.0,226375.0,4546.0,3583.0
GO,92.53684043733165,4203720.0,2899630.0,563.0,909.0
PMN,92.5209950879417,19900.0,140520.0,5237.0,4011.0
OBIO,92.50514973855174,572460.0,276360.0,2512.0,3399.5
GPCR,92.48930438916179,700400.0,554250.0,2271.0,2695.0
OII,92.47345903977183,952820.0,1193530.0,1902.0,1822.0
CNK,92.45761369038186,1954640.0,2679565.0,1141.0,985.0
IKT,92.44176834099191,343800.0,650965.0,3053.0,2539.0
BZH,92.42592299160196,673880.0,852205.0,2314.0,2223.0
LTH,92.410077642212,2955480.0,3198780.0,784.0,822.0
CHCI,92.39423229282205,48460.0,30860.0,4706.0,5085.0
LNSR,92.3783869434321,591200.0,182730.0,2474.0,3787.0
RDVT,92.36254159404214,283540.0,277505.0,3235.0,3393.0
TDTH,92.3466962446522,260840.0,93990.0,3317.0,4346.0
CABR,92.33085089526224,42220.0,86770.0,4796.0,4398.0
AIR,92.31500554587228,552440.0,455480.0,2559.0,2900.0
FLXS,92.29916019648233,103660.0,63605.0,4201.0,4617.0
RMNI,92.28331484709238,356220.0,413030.0,3020.0,3020.0
MEDP,92.26746949770242,195480.0,344620.0,3606.0,3186.0
RAPP,92.25162414831247,227480.0,271505.0,3461.0,3414.0
GCBC,92.23577879892252,21960.0,32970.0,5189.5,5050.0
DXPE,92.21993344953256,148040.0,150940.0,3871.5,3958.0
GLBE,92.20408810014261,1808400.0,1579155.0,1216.0,1520.0
CIX,92.18824275075266,7640.0,7705.0,5665.0,5736.0
TRUP,92.1723974013627,488940.0,543695.0,2674.0,2714.0
CON,92.15655205197275,1093880.0,971010.0,1747.0,2053.0
OPRT,92.1407067025828,303100.0,512285.0,3165.0,2768.0
SENEA,92.12486135319283,101420.0,104115.0,4215.0,4274.0
MDB,92.10901600380288,1586260.0,1466885.0,1338.0,1596.0
PAR,92.09317065441293,1052260.0,1012050.0,1788.0,2004.0
QRHC,92.07732530502297,44320.0,29905.0,4762.5,5106.0
BWMN,92.06147995563302,707120.0,491320.0,2258.0,2817.0
HPQ,92.04563460624307,12797440.0,14519915.0,170.0,152.0
ASBP,92.0297892568531,21020.0,37740.0,5210.5,4965.0
CRCT,92.01394390746316,717840.0,845445.0,2238.0,2238.0
GHRS,91.99809855807321,428040.0,334830.0,2819.0,3212.0
ABNB,91.98225320868325,4636380.0,5102760.0,508.0,527.0
PYPL,91.9664078592933,10111580.0,11475505.0,227.0,205.0
CCSI,91.95056250990335,182460.0,140535.0,3671.0,4010.0
EMBJ,91.93471716051339,1459380.0,1358275.0,1422.0,1679.0
STAK,91.91887181112344,1277720.0,6633715.0,1555.0,396.0
CLWT,91.90302646173349,27760.0,25095.0,5072.0,5200.0
DLTR,91.88718111234353,1800480.0,2046730.0,1220.0,1240.0
BAX,91.87133576295358,6217800.0,7999220.0,372.0,315.0
AARD,91.85549041356363,118520.0,122730.0,4076.0,4142.0
ABTS,91.83964506417367,33040.0,293105.0,4968.0,3331.0
CLPT,91.82379971478372,364780.0,623235.0,2989.0,2578.0
DXST,91.80795436539377,60920.0,884380.0,4571.5,2171.0
DASH,91.79210901600379,3956800.0,4413880.0,594.0,623.0
NWTG,91.77626366661384,234260.0,75015.0,3430.0,4491.0
PSX,91.7604183172239,2909980.0,2694860.0,803.0,978.0
RFL,91.74457296783393,88900.0,89655.0,4312.0,4376.0
QTWO,91.72872761844398,783180.0,991835.0,2136.0,2027.0
TRVI,91.71288226905403,1462140.0,1651185.0,1418.0,1470.0
VRDN,91.69703691966407,1664880.0,1824440.0,1302.0,1353.0
GH,91.68119157027412,2530040.0,2140595.0,927.0,1200.0
BLMN,91.66534622088417,1579340.0,2216860.0,1348.0,1169.0
RDNT,91.64950087149421,615700.0,784125.0,2422.0,2320.0
GENC,91.63365552210426,132640.0,55760.0,3976.5,4706.0
VSEC,91.61781017271431,366940.0,413670.0,2983.0,3018.0
GEF,91.60196482332435,193980.0,283495.0,3611.0,3370.0
SABR,91.5861194739344,3318760.0,4110575.0,696.0,669.0
HQI,91.57027412454445,32520.0,25150.0,4979.5,5199.0
ANF,91.55442877515449,998980.0,978560.0,1836.0,2043.0
GPC,91.53858342576454,946320.0,1240780.0,1915.5,1776.0
ATRO,91.5227380763746,1138340.0,665240.0,1697.0,2510.0
AIRJ,91.50689272698463,1881500.0,2200295.0,1188.0,1179.0
AEHR,91.49104737759468,3046120.0,2573345.0,763.0,1023.0
KARO,91.47520202820473,70920.0,117330.0,4462.0,4177.0
EWTX,91.45935667881476,989400.0,1247150.0,1857.0,1772.0
BILL,91.44351132942481,2662580.0,2327425.0,878.0,1125.0
FTDR,91.42766598003486,465280.0,546710.0,2734.0,2709.0
FOSL,91.4118206306449,1229540.0,1118415.0,1612.0,1895.0
CVLT,91.39597528125495,421400.0,705790.0,2833.0,2438.0
HVT-A,91.380129931865,40.0,370.0,6234.5,6199.5
AMN,91.36428458247504,578620.0,748210.0,2499.0,2370.0
EJH,91.34843923308509,4191760.0,1058235.0,567.0,1939.0
ZJYL,91.33259388369514,155760.0,2144600.0,3829.0,1199.0
NEWP,91.31674853430518,582740.0,569485.0,2493.0,2666.0
HRB,91.30090318491523,4179820.0,2781280.0,570.0,948.0
RMCO,91.28505783552528,12740.0,15495.0,5460.0,5434.0
PRAA,91.26921248613532,374740.0,440520.0,2960.0,2944.0
EDHL,91.25336713674537,4800.0,38710.0,5818.0,4952.0
NESR,91.23752178735542,1739420.0,2146795.0,1251.0,1197.0
GIC,91.22167643796546,120500.0,133950.0,4060.0,4064.0
SMHI,91.20583108857551,85480.0,125710.0,4342.0,4121.0
PK,91.18998573918556,3908380.0,4149275.0,605.0,657.0
JCAP,91.1741403897956,662160.0,418475.0,2331.0,3004.0
JBDI,91.15829504040565,13760.0,50810.0,5423.5,4767.0
BMHL,91.1424496910157,640.0,1345.0,6133.5,6102.0
FTRE,91.12660434162572,1478000.0,1740565.0,1412.0,1408.0
OCUL,91.11075899223577,4789880.0,2690380.0,492.0,981.0
ALKS,91.09491364284582,1172940.0,1668645.0,1662.0,1455.0
ZLAB,91.07906829345586,1489700.0,1084840.0,1402.0,1918.0
CACI,91.06322294406591,279020.0,317935.0,3246.0,3263.0
GEO,91.04737759467596,1872740.0,1642995.0,1194.0,1480.0
PAG,91.031532245286,323540.0,561420.0,3105.0,2680.0
SLG,91.01568689589605,841080.0,1057190.0,2055.0,1940.0
ARQQ,90.9998415465061,250420.0,296820.0,3354.0,3325.0
BNED,90.98399619711614,172780.0,206025.0,3722.0,3674.0
BIXIW,90.96815084772619,28780.0,8890.0,5050.0,5682.0
MRNA,90.95230549833624,5544060.0,5368440.0,421.0,494.0
CUPR,90.93646014894628,37640.0,61140.0,4882.5,4639.0
CNMD,90.92061479955633,360160.0,539965.0,3010.0,2721.0
ALTG,90.90476945016638,149320.0,165275.0,3863.0,3864.0
NTSK,90.88892410077642,4148560.0,4362105.0,575.0,627.0
YIBO,90.87307875138647,17440.0,112640.0,5312.0,4213.0
PRLD,90.85723340199652,499560.0,414540.0,2656.0,3016.0
AHMA,90.84138805260656,25180.0,46305.0,5124.0,4833.0
AMCX,90.82554270321661,475380.0,841730.0,2700.0,2245.0
RNXT,90.80969735382666,839460.0,460195.0,2056.0,2887.0
CROX,90.79385200443669,818800.0,1009705.0,2093.0,2009.0
HCAT,90.77800665504674,920100.0,939190.0,1956.0,2095.0
SENEB,90.76216130565679,340.0,170.0,6170.0,6226.0
GKOS,90.74631595626683,724000.0,946300.0,2227.0,2082.0
ULH,90.73047060687688,38480.0,49815.0,4854.0,4782.0
THRM,90.71462525748693,364440.0,566475.0,2992.0,2671.0
ANGO,90.69877990809697,433440.0,473675.0,2807.0,2860.0
CCS,90.68293455870702,206620.0,263795.0,3544.0,3439.0
TILE,90.66708920931707,487700.0,435440.0,2675.0,2954.0
DUOL,90.6512438599271,1346420.0,1380660.0,1504.0,1658.0
HURC,90.63539851053716,16380.0,17540.0,5342.0,5380.0
IMMX,90.61955316114721,1317440.0,1567430.0,1523.0,1530.0
ZD,90.60370781175725,623840.0,655825.0,2413.0,2533.0
MRX,90.5878624623673,889260.0,688495.0,1994.0,2474.0
DCBO,90.57201711297735,71380.0,101470.0,4457.0,4291.0
PCTY,90.55617176358739,713200.0,845555.0,2252.0,2237.0
AHT-PH,90.54032641419744,19499.0,6418.1,5243.0,5801.0
USFD,90.52448106480749,2155700.0,2386225.0,1061.0,1096.0
TMDX,90.50863571541753,626220.0,999340.0,2408.0,2024.0
ATHM,90.49279036602758,553020.0,745650.0,2558.0,2375.0
ETSY,90.47694501663763,2551020.0,3117470.0,914.0,843.0
EVER,90.46109966724765,509960.0,693000.0,2635.0,2465.0
FTK,90.4452543178577,1168540.0,695560.0,1666.0,2461.0
JOYY,90.42940896846775,235880.0,269115.0,3422.0,3420.0
CRS,90.41356361907779,490000.0,697855.0,2671.0,2456.0
HIHO,90.39771826968784,51280.0,550270.0,4676.0,2700.0
CAI,90.3818729202979,3446500.0,4829600.0,669.0,565.0
NEU,90.36602757090793,122860.0,137735.0,4035.0,4031.0
VHI,90.35018222151798,10800.0,12630.0,5521.5,5525.0
CRWD,90.33433687212803,6556160.0,7329205.0,354.0,351.0
IOT,90.31849152273807,4346460.0,5209450.0,544.0,513.0
CARG,90.30264617334812,797580.0,967580.0,2119.0,2056.0
SDA,90.28680082395817,44300.0,51975.0,4764.5,4758.0
ULCC,90.27095547456821,2218720.0,3771070.0,1042.0,719.0
WEYS,90.25511012517826,26280.0,25695.0,5099.0,5183.0
NVEC,90.23926477578831,159840.0,235540.0,3796.0,3543.0
TMO,90.22341942639835,1329280.0,2108770.0,1514.0,1212.0
PBYI,90.2075740770084,260940.0,308405.0,3316.0,3295.0
GWRE,90.19172872761845,947040.0,1125245.0,1913.0,1886.0
SVV,90.17588337822849,4411520.0,1980860.0,530.0,1267.0
LPSN,90.16003802883854,247540.0,241490.0,3367.0,3529.0
ASH,90.1441926794486,479900.0,851405.0,2691.0,2225.0
CXM,90.12834733005862,2241180.0,2760685.0,1033.0,955.0
AKTS,90.11250198066867,189400.0,243800.0,3639.0,3520.0
SE,90.09665663127872,4951520.0,5112390.0,473.0,525.0
SKY,90.08081128188876,599360.0,679275.0,2457.0,2490.0
NEOG,90.06496593249881,1504240.0,2344870.0,1393.0,1119.0
ROCK,90.04912058310886,243480.0,352405.0,3389.0,3170.0
SBH,90.0332752337189,1222760.0,1517260.0,1617.5,1564.0
DGICB,90.01742988432895,2420.0,11050.0,5970.0,5594.0
SAIC,90.001584534939,312120.0,405150.0,3137.0,3035.0
BKNG,89.98573918554904,4455680.0,6050520.0,527.0,438.0
PLPC,89.96989383615909,109080.0,115155.0,4151.0,4198.0
CYCN,89.95404848676914,47920.0,24420.0,4714.0,5212.0
BSET,89.93820313737918,23260.0,34605.0,5162.0,5019.0
PHR,89.92235778798923,816720.0,791695.0,2096.0,2308.0
SWK,89.90651243859928,1388440.0,2179135.0,1470.0,1186.0
AMTB,89.89066708920932,455480.0,479410.0,2754.0,2848.0
DRTS,89.87482173981937,504140.0,520180.0,2649.0,2752.0
AVNW,89.85897639042942,111280.0,132415.0,4133.0,4077.0
AVPT,89.84313104103946,1650560.0,2085170.0,1311.0,1223.0
ANET,89.82728569164951,7438080.0,7873965.0,305.0,324.0
ILMN,89.81144034225956,1099920.0,1931005.0,1742.0,1289.0
CETY,89.79559499286958,17940.0,24195.0,5288.0,5222.0
ZURA,89.77974964347963,875860.0,705465.0,2012.0,2439.0
ALZN,89.76390429408968,57700.0,46390.0,4605.5,4832.0
LSF,89.74805894469972,49000.0,45270.0,4702.0,4852.0
TTEK,89.73221359530977,2587120.0,2991025.0,900.0,878.0
LAD,89.71636824591982,177840.0,368170.0,3695.0,3136.0
MHK,89.70052289652986,922920.0,1053105.0,1953.0,1947.0
OC,89.68467754713991,636680.0,831045.0,2387.0,2262.0
PVLA,89.66883219774996,170940.0,164750.0,3734.0,3868.0
XTLB,89.65298684836,24380.0,8930.0,5146.0,5677.0
LGPS,89.63714149897005,42080.0,53565.0,4798.0,4732.0
KMTS,89.6212961495801,275300.0,310580.0,3265.0,3291.0
BFH,89.60545080019014,342180.0,542615.0,3061.0,2718.0
AGM,89.58960545080019,73220.0,106470.0,4431.0,4253.0
LGND,89.57376010141024,245140.0,284695.0,3377.0,3365.0
ICFI,89.55791475202028,217300.0,241860.0,3498.0,3525.0
ACVA,89.54206940263033,5670060.0,4884610.0,410.0,561.0
A,89.52622405324038,1228020.0,1661290.0,1613.0,1462.0
RCKY,89.51037870385042,42380.0,72570.0,4791.0,4512.0
TBBB,89.49453335446047,1330580.0,661210.0,1512.0,2519.0
NGNE,89.47868800507052,155660.0,162120.0,3830.0,3881.0
CBLL,89.46284265568055,436920.0,453555.0,2793.0,2904.0
CZFS,89.4469973062906,27600.0,36550.0,5075.0,4984.5
SIBN,89.43115195690065,352660.0,492495.0,3029.0,2812.0
BULLW,89.41530660751069,12380.0,9735.0,5472.0,5644.0
PCOR,89.39946125812074,2921180.0,3800605.0,793.0,711.0
ENR,89.38361590873079,967740.0,1118065.0,1883.0,1896.0
DJCO,89.36777055934083,85260.0,65310.0,4343.0,4590.0
BB,89.35192520995088,9885120.0,12515290.0,231.0,183.0
DNTH,89.33607986056093,602860.0,777290.0,2449.0,2327.0
HRI,89.32023451117097,275120.0,508460.0,3266.0,2777.0
CBNA,89.30438916178102,14620.0,23445.0,5394.0,5238.5
ASRV,89.28854381239107,34580.0,31105.0,4929.0,5078.0
DOCS,89.2726984630011,4151940.0,7984645.0,574.0,316.0
MOV,89.25685311361116,151140.0,167810.0,3852.0,3846.0
CLBK,89.24100776422121,6514580.0,6661890.0,358.0,393.0
WEX,89.22516241483125,506820.0,866825.0,2641.0,2197.0
TRNS,89.2093170654413,131320.0,144165.0,3983.0,3991.0
RH,89.19347171605135,478600.0,682565.0,2694.0,2485.0
IDYA,89.17762636666139,493500.0,689065.0,2665.0,2472.0
ABT,89.16178101727144,7791220.0,8868850.0,292.0,276.0
CFBK,89.14593566788149,39180.0,65605.0,4842.5,4583.0
MTD,89.13009031849151,128060.0,167700.0,4002.0,3848.0
GHI,89.11424496910156,106320.0,84070.0,4175.5,4422.5
GCMG,89.09839961971161,461680.0,491105.0,2740.0,2818.0
INSP,89.08255427032165,526100.0,799930.0,2599.0,2293.0
FROG,89.0667089209317,2157240.0,2391555.0,1060.0,1090.0
NIXX,89.05086357154175,1358700.0,1101640.0,1494.0,1902.0
HBT,89.03501822215179,149020.0,138715.0,3864.0,4024.0
RTX,89.01917287276184,4237840.0,5335755.0,560.0,498.0
MRVI,89.0033275233719,1878100.0,1991165.0,1193.0,1265.0
CGAU,88.98748217398193,1373620.0,1649810.0,1478.0,1474.0
LPLA,88.97163682459198,470340.0,695240.0,2717.0,2464.0
TGTX,88.95579147520203,1623700.0,2241455.0,1320.0,1153.0
YSG,88.93994612581207,64760.0,86235.0,4524.0,4402.0
TPG,88.92410077642212,4529140.0,3187225.0,522.0,825.0
SAIL,88.90825542703217,3328480.0,3155150.0,693.0,833.0
APH,88.89241007764221,5547500.0,6802830.0,420.0,389.0
DSGR,88.87656472825226,216760.0,243065.0,3501.0,3523.0
BWFG,88.86071937886231,65160.0,71175.0,4517.0,4527.0
BOX,88.84487402947235,2347560.0,2805100.0,990.0,940.0
NCNO,88.8290286800824,2405480.0,2171255.0,974.0,1191.0
EC,88.81318333069245,1380480.0,2065510.0,1475.0,1232.0
FOXF,88.79733798130249,536260.0,637965.0,2581.0,2555.0
AVNT,88.78149263191253,881320.0,895095.0,2005.0,2157.0
HVT,88.76564728252258,96180.0,141350.0,4247.0,4002.0
HRMY,88.74980193313262,572500.0,769370.0,2511.0,2341.0
CRD-B,88.73395658374267,21280.0,10215.0,5203.0,5622.0
GCT,88.71811123435272,512640.0,740630.0,2627.0,2385.0
PAYX,88.70226588496276,2201860.0,2931370.0,1045.0,896.0
HFBL,88.68642053557281,2040.0,4805.0,5996.5,5888.0
CRDO,88.67057518618286,5287160.0,5180960.0,446.0,516.0
JZXN,88.6547298367929,93080.0,1129045.0,4274.5,1883.0
NSRX,88.63888448740295,11900.0,15065.0,5483.5,5443.0
BHC,88.623039138013,2690520.0,5442130.0,870.0,483.0
SXI,88.60719378862304,108340.0,143005.0,4158.5,3995.0
RYTM,88.59134843923309,505600.0,691750.0,2644.0,2470.0
IP,88.57550308984314,3609940.0,5074400.0,646.0,531.0
ALRM,88.55965774045318,347420.0,399780.0,3045.0,3058.0
TGB,88.54381239106323,5144800.0,6651350.0,461.0,394.0
AVAL,88.52796704167328,183260.0,167535.0,3666.0,3850.0
WTW,88.51212169228332,609560.0,600575.0,2434.0,2624.0
HIPO,88.49627634289337,148140.0,181620.0,3870.0,3793.0
TECX,88.48043099350342,324960.0,194735.0,3100.0,3733.0
AORT,88.46458564411346,742880.0,716210.0,2194.0,2423.0
FDS,88.44874029472349,694520.0,844965.0,2283.0,2241.0
EOLS,88.43289494533354,741940.0,988940.0,2195.5,2030.0
BBVA,88.41704959594358,1943140.0,1783680.0,1152.0,1372.0
INCY,88.40120424655363,1180520.0,1836845.0,1655.0,1344.0
LEXX,88.38535889716368,38380.0,27673.0,4857.5,5150.0
CVU,88.36951354777372,88240.0,63980.0,4317.0,4610.0
ADUS,88.35366819838377,171820.0,214040.0,3728.5,3640.0
JLL,88.33782284899382,322220.0,352920.0,3110.0,3169.0
HLLY,88.32197749960386,1021600.0,934385.0,1819.0,2103.0
TWLO,88.30613215021391,2767000.0,2610125.0,844.0,1009.0
VS,88.29028680082396,6300.0,13160.0,5738.5,5505.0
WAY,88.274441451434,1958960.0,2973055.0,1136.0,881.0
AAMI,88.25859610204405,332680.0,402595.0,3084.0,3044.0
DGII,88.2427507526541,345920.0,345565.0,3050.0,3183.0
IDT,88.22690540326414,159120.0,187775.0,3800.0,3765.0
LQDT,88.21106005387419,234320.0,226225.0,3428.0,3587.0
CDIO,88.19521470448424,117440.0,110820.0,4083.0,4223.0
BRKR,88.17936935509428,1730340.0,2405730.0,1257.0,1084.0
CSW,88.16352400570433,116380.0,163230.0,4097.0,3876.0
CHMG,88.14767865631438,33260.0,64750.0,4961.0,4601.0
ARQT,88.13183330692442,1512260.0,1554365.0,1388.0,1540.0
CDW,88.11598795753446,1260520.0,1854890.0,1572.0,1330.0
HBIO,88.10014260814451,30620.0,18210.0,5014.0,5361.0
HQL,88.08429725875455,137440.0,168600.0,3952.5,3843.0
PCVX,88.0684519093646,827020.0,945795.0,2082.0,2083.0
ROKU,88.05260655997465,2119880.0,2707930.0,1077.0,973.0
REGN,88.03676121058469,606140.0,844970.0,2440.0,2240.0
AMGN,88.02091586119474,2470420.0,2742055.0,953.0,962.0
BIO-B,88.00507051180479,0.0,5.0,6287.0,6270.0
NAT,87.98922516241483,2281800.0,2935830.0,1011.0,891.0
RICK,87.97337981302488,72080.0,50825.0,4452.0,4766.0
LH,87.95753446363493,506040.0,759030.0,2643.0,2350.0
RSKD,87.94168911424497,3752100.0,1395890.0,630.0,1642.0
DNLI,87.92584376485502,1156360.0,1401475.0,1679.0,1632.0
VCEL,87.90999841546507,384160.0,463495.0,2939.5,2879.0
KFY,87.8941530660751,289040.0,337975.0,3211.0,3206.0
DT,87.87830771668516,9209100.0,6854280.0,247.0,382.0
AREC,87.86246236729521,2394280.0,2392720.0,977.0,1089.0
HUM,87.84661701790525,854340.0,1376640.0,2039.0,1660.0
WSM,87.8307716685153,799180.0,857940.0,2117.0,2215.0
IDAI,87.81492631912535,36160.0,35770.0,4904.0,4998.0
IDCC,87.79908096973539,191540.0,248250.0,3624.0,3501.0
MTRN,87.78323562034542,268480.0,416625.0,3289.0,3011.0
MLSS,87.76739027095547,397940.0,207745.0,2903.0,3666.0
APPF,87.75154492156551,393720.0,474290.0,2914.0,2858.0
LYFT,87.73569957217556,9420480.0,12540450.0,241.0,182.0
FEIM,87.71985422278561,195000.0,365540.0,3608.0,3139.0
GWRS,87.70400887339565,213520.0,110190.0,3516.0,4228.0
SW,87.6881635240057,3827200.0,5113980.0,620.0,524.0
HRZN,87.67231817461575,924260.0,695370.0,1948.0,2462.0
ECPG,87.65647282522579,402500.0,415630.0,2892.0,3013.0
LNC,87.64062747583584,1702260.0,2176165.0,1276.0,1188.0
J,87.6247821264459,829020.0,892850.0,2074.0,2160.0
NEXN,87.60893677705593,585020.0,508985.0,2485.0,2776.0
DOO,87.59309142766598,246320.0,225040.0,3372.0,3591.0
WKC,87.57724607827603,853620.0,1405745.0,2041.0,1629.0
FMAO,87.56140072888607,56240.0,90580.0,4620.0,4368.0
WTS,87.54555537949612,141460.0,198160.0,3925.0,3710.0
VANI,87.52971003010617,188060.0,154655.0,3643.5,3926.0
RYAN,87.51386468071621,1349660.0,2244330.0,1501.0,1152.0
STT,87.49801933132626,1216140.0,1609175.0,1620.0,1506.0
PLTR,87.48217398193631,29681320.0,46902995.0,54.0,27.0
XZO,87.46632863254635,252880.0,169270.0,3346.0,3841.0
AMBP,87.45048328315639,2314240.0,3151825.0,999.0,835.0
WLYB,87.43463793376644,167.4,3478.35,6203.0,5964.0
FBIN,87.41879258437648,2051660.0,2506235.0,1104.0,1049.0
AMP,87.40294723498653,353560.0,478105.0,3026.0,2853.0
SMBK,87.38710188559658,118680.0,129070.0,4075.0,4093.0
BAC,87.37125653620662,26561900.0,28702450.0,62.0,65.0
ANIX,87.35541118681667,162100.0,218330.0,3784.0,3620.0
PRKS,87.33956583742672,458440.0,709440.0,2747.5,2429.0
JXN,87.32372048803676,489580.0,587440.0,2673.0,2638.0
CVV,87.3078751386468,278360.0,170585.0,3248.0,3837.0
DXCM,87.29202978925686,4271880.0,5399335.0,557.0,489.0
IMVT,87.2761844398669,1369320.0,1069720.0,1482.0,1931.0
AVIR,87.26033909047695,315580.0,376295.0,3129.0,3111.0
GPN,87.244493741087,2652760.0,3175535.0,882.0,827.0
IPAR,87.22864839169704,261980.0,259510.0,3311.0,3457.0
BOF,87.21280304230709,38020.0,22135.0,4872.0,5270.0
USPH,87.19695769291714,201300.0,257125.0,3568.5,3470.0
BPRN,87.18111234352718,31780.0,28165.0,4992.0,5139.0
GRND,87.16526699413723,1831960.0,1859305.0,1208.0,1325.0
BRZE,87.14942164474728,2140520.0,2138240.0,1072.0,1201.0
NEPH,87.13357629535732,34560.0,22710.0,4931.0,5255.0
FOFO,87.11773094596735,6660.0,18480.0,5721.0,5352.5
RCUS,87.1018855965774,1230180.0,1196240.0,1611.0,1819.0
GE,87.08604024718744,3665480.0,3450550.0,639.0,764.0
DBX,87.07019489779749,4531560.0,4589375.0,521.0,600.0
NIC,87.05434954840754,148740.0,181485.0,3868.0,3794.0
BBCP,87.03850419901758,73880.0,124750.0,4425.0,4125.0
WASH,87.02265884962763,123840.0,135550.0,4025.0,4048.0
S,87.00681350023768,6785660.0,6390555.0,341.0,418.0
SBFG,86.99096815084772,15140.0,17305.0,5376.5,5385.5
CASS,86.97512280145777,63140.0,71980.0,4540.0,4517.0
TBBK,86.95927745206782,277260.0,419345.0,3255.0,3000.0
GRMN,86.94343210267786,688420.0,1012970.0,2289.0,1999.0
FNLC,86.92758675328791,27900.0,31150.0,5071.0,5075.5
CARS,86.91174140389796,564200.0,692115.0,2530.0,2468.0
GROW,86.895896054508,16000.0,18715.0,5349.5,5350.0
CLAR,86.88005070511805,124440.0,117810.0,4020.0,4172.0
PRG,86.8642053557281,469600.0,565290.0,2719.0,2673.0
RUSHB,86.84836000633814,74260.0,102195.0,4420.0,4284.0
CRD-A,86.83251465694819,72900.0,65600.0,4437.0,4584.0
IMMR,86.81666930755824,408500.0,708435.0,2873.0,2431.0
CMPX,86.80082395816828,3443660.0,3332275.0,670.0,792.0
BMRN,86.78497860877832,2150300.0,2359435.0,1065.0,1112.0
TACT,86.76913325938837,21820.0,18320.0,5194.0,5356.5
KINS,86.7532879099984,114060.0,110970.0,4114.0,4222.0
BEEP,86.73744256060846,34920.0,56575.0,4921.0,4698.0
XBP,86.72159721121851,17580.0,26925.0,5303.5,5167.0
WWW,86.70575186182855,1202280.0,917440.0,1634.0,2128.0
BDX,86.6899065124386,1528540.0,1827865.0,1379.0,1347.0
WEAV,86.67406116304865,11092700.0,3664500.0,203.0,731.0
ISSC,86.65821581365869,238034.8,389459.3,3413.0,3090.0
DNOW,86.64237046426874,2518900.0,2686295.0,930.0,984.0
SCHW,86.62652511487879,6001480.0,6941295.0,386.0,373.0
BDC,86.61067976548883,315080.0,491855.0,3131.0,2814.5
AUNA,86.59483441609888,270740.0,172480.0,3282.0,3828.0
MU,86.57898906670893,34353720.0,41143125.0,38.0,35.0
LSPD,86.56314371731897,604400.0,888890.0,2444.0,2163.0
SCL,86.54729836792902,88540.0,149385.0,4314.0,3967.0
LCNB,86.53145301853907,33080.0,50510.0,4966.0,4772.5
ERO,86.5156076691491,1273900.0,1221560.0,1560.0,1796.0
SKWD,86.49976231975916,629200.0,495270.0,2404.0,2805.0
MD,86.48391697036921,702780.0,780610.0,2266.0,2324.0
FBIZ,86.46807162097925,38100.0,63935.0,4869.0,4611.0
PEB,86.45222627158928,1709440.0,2228635.0,1271.0,1165.0
USCB,86.43638092219933,56220.0,61430.0,4621.0,4635.0
CZNC,86.42053557280937,68780.0,67595.0,4482.0,4562.0
OSPN,86.40469022341942,447600.0,434670.0,2768.0,2959.0
INFU,86.38884487402947,96640.0,176330.0,4243.0,3816.0
BIO,86.37299952463951,207880.0,292380.0,3539.0,3334.0
CRON,86.35715417524956,1393780.0,1453115.0,1466.0,1606.0
MNKD,86.34130882585961,3814740.0,4967740.0,622.0,547.0
AYI,86.32546347646965,238360.0,276050.0,3411.0,3402.0
LEGH,86.3096181270797,118780.0,147385.0,4073.0,3977.0
HPP,86.29377277768975,667260.0,816745.0,2321.0,2273.0
TREX,86.27792742829979,1493360.0,2185935.0,1399.0,1183.0
ACIW,86.26208207890984,944280.0,1094330.0,1921.0,1910.0
BRKRP,86.2462367295199,3600.0,10210.0,5891.5,5623.0
ATKR,86.23039138012993,861520.0,1447055.0,2032.0,1611.0
SNOA,86.21454603073998,127540.0,226320.0,4003.0,3586.0
PRZO,86.19870068135003,402560.0,1267065.0,2891.0,1753.0
GREE,86.18285533196007,426959.6,,2821.0,
TASK,86.16700998257012,658740.0,1096515.0,2339.0,1908.0
LOAR,86.15116463318017,555440.0,573780.0,2551.0,2660.0
RVLV,86.13531928379021,801500.0,963110.0,2111.0,2063.0
CR,86.11947393440025,314020.0,469890.0,3132.0,2865.0
DOCU,86.1036285850103,3275120.0,3077600.0,707.0,851.0
OUST,86.08778323562034,3265980.0,3116880.0,711.0,844.0
TPC,86.07193788623039,361960.0,1044280.0,2999.0,1957.0
KELYB,86.05609253684044,1000.0,845.0,6087.0,6143.5
ANL,86.04024718745048,144320.0,163210.0,3902.0,3877.0
WTBA,86.02440183806053,100540.0,73880.0,4223.0,4499.0
SCSC,86.00855648867058,239820.0,233925.0,3404.0,3548.0
DFIN,85.99271113928062,174200.0,245615.0,3713.0,3512.0
SLM,85.97686578989067,1987680.0,2657170.0,1130.0,994.0
HQH,85.96102044050072,205840.0,228695.0,3549.0,3570.0
ADP,85.94517509111076,2232540.0,2433420.0,1037.0,1065.0
PINS,85.9293297417208,8501440.0,11705100.0,268.0,200.0
ALLE,85.91348439233086,1156820.0,1399260.0,1678.0,1637.0
NXDR,85.8976390429409,1417160.0,2379000.0,1448.0,1102.0
IIIN,85.88179369355095,123820.0,227585.0,4026.0,3576.0
SPHR,85.865948344161,909400.0,834090.0,1969.0,2257.0
HEI,85.85010299477104,407620.0,416665.0,2878.0,3009.0
EGO,85.83425764538109,1913500.0,2610905.0,1164.0,1008.0
ANTX,85.81841229599114,283100.0,202190.0,3236.0,3693.0
WLY,85.80256694660117,375722.4,431187.0,2957.0,2970.0
FDBC,85.78672159721123,9100.0,15940.0,5598.5,5423.0
FTNT,85.77087624782126,3772700.0,5388875.0,628.0,492.0
CART,85.7550308984313,4460240.0,4354630.0,526.0,629.0
GELS,85.73918554904135,24140.0,81220.0,5150.0,4441.0
DHX,85.7233401996514,271220.0,212495.0,3281.0,3644.0
LGIH,85.70749485026144,234500.0,343005.0,3426.0,3193.0
WSBC,85.69164950087149,823220.0,911325.0,2089.0,2138.0
FATE,85.67580415148154,1943340.0,2054895.0,1151.0,1237.0
PBHC,85.65995880209158,3980.0,5340.0,5863.0,5851.0
DGX,85.64411345270163,617080.0,1054825.0,2421.0,1943.0
UBXG,85.62826810331168,300216.2,,3177.0,
PRE,85.61242275392172,189860.0,143035.0,3637.0,3994.0
NUAI,85.59657740453177,7042520.0,5969850.0,321.0,442.0
GMAB,85.58073205514182,3435560.0,2406830.0,673.0,1083.0
MLR,85.56488670575186,121040.0,95630.0,4053.0,4334.0
VRTX,85.54904135636191,1129840.0,1358075.0,1705.0,1680.0
ALL,85.53319600697196,1664800.0,1702255.0,1303.0,1435.0
OSBC,85.517350657582,363080.0,446285.0,2996.0,2929.0
WHG,85.50150530819205,17400.0,18975.0,5313.5,5343.0
PRLB,85.4856599588021,172240.0,194655.0,3724.0,3734.0
HMC,85.46981460941214,811660.0,1184755.0,2100.0,1830.0
SKYW,85.45396926002219,243100.0,421760.0,3392.0,2996.0
ARGX,85.43812391063223,328120.0,316185.0,3091.0,3270.0
ROP,85.42227856124227,725140.0,864585.0,2222.5,2200.0
INBK,85.40643321185232,35240.0,46290.0,4913.0,4834.0
VOYA,85.39058786246237,830060.0,984025.0,2072.0,2039.0
AXTA,85.3747425130724,1707740.0,1723945.0,1272.0,1417.0
WFF,85.35889716368246,22822280.0,7500380.0,80.0,343.0
ELE,85.34305181429251,332880.0,262905.0,3083.0,3442.0
FBP,85.32720646490255,993280.0,1478335.0,1850.0,1591.0
AIHS,85.3113611155126,206640.0,1883070.0,3543.0,1311.0
SLP,85.29551576612265,183760.0,277140.0,3662.0,3396.0
SLGL,85.27967041673269,71040.0,59675.0,4459.0,4654.0
AXGN,85.26382506734274,747720.0,1005105.0,2187.0,2017.0
NKSH,85.24797971795279,40920.0,42810.0,4817.0,4889.0
CRVS,85.23213436856282,790240.0,822485.0,2127.0,2268.0
GERN,85.21628901917288,7929720.0,11207085.0,285.0,212.0
LW,85.20044366978293,1056620.0,1837315.0,1785.0,1343.0
CMCO,85.18459832039296,390940.0,785435.0,2922.0,2316.0
HSIC,85.16875297100302,1091900.0,1363485.0,1754.0,1674.0
EXLS,85.15290762161307,1761500.0,2589140.0,1239.0,1016.0
NRDS,85.1370622722231,717300.0,752310.0,2241.0,2359.0
CLDT,85.12121692283316,276680.0,333900.0,3258.0,3214.0
ODC,85.1053715734432,118840.0,139245.0,4072.0,4021.0
QGEN,85.08952622405323,3266120.0,2746685.0,710.0,960.0
OPY,85.07368087466328,134400.0,128000.0,3966.0,4100.0
STRZ,85.05783552527333,287120.0,194220.0,3220.0,3738.0
RLI,85.04199017588337,553900.0,865020.0,2555.0,2199.0
ASMB,85.02614482649342,438140.0,203240.0,2788.0,3687.0
AMAL,85.01029947710347,137620.0,151795.0,3949.0,3950.5
CGON,84.99445412771351,726400.0,837935.0,2218.0,2251.0
CCK,84.97860877832356,920020.0,986485.0,1957.0,2035.0
JCSE,84.96276342893361,10100.0,7410.0,5550.0,5751.0
KIDZ,84.94691807954365,1193120.0,34402650.0,1647.0,49.0
PRK,84.9310727301537,72540.0,105300.0,4445.0,4260.0
CNXN,84.91522738076375,136540.0,154900.0,3958.0,3925.0
ACA,84.89938203137379,579660.0,641420.0,2496.0,2550.0
TGT,84.88353668198384,4750860.0,3778735.0,496.0,718.0
CCTG,84.86769133259389,147980.0,423710.0,3873.0,2992.0
NMIH,84.85184598320393,326380.0,440950.0,3096.5,2943.0
RBCAA,84.83600063381398,104760.0,104590.0,4189.0,4268.0
TCBX,84.82015528442403,73000.0,123660.0,4436.0,4132.0
STTK,84.80430993503407,738340.0,878770.0,2202.0,2181.0
HIW,84.78846458564412,915540.0,1394165.0,1961.0,1644.0
ABBV,84.77261923625416,4400660.0,5315730.0,533.0,503.0
TNGX,84.7567738868642,2109780.0,2224155.0,1082.0,1167.0
IOTR,84.74092853747425,7420.0,16900.0,5681.5,5400.0
RACE,84.7250831880843,341060.0,517265.0,3066.0,2759.0
ONTO,84.70923783869434,1193500.0,1250385.0,1644.0,1767.0
HYFM,84.69339248930439,212060.0,8129725.0,3525.5,308.0
HOOD,84.67754713991444,13895620.0,17207650.0,154.0,130.0
COO,84.66170179052448,1808620.0,1882055.0,1215.0,1312.0
PH,84.64585644113453,514540.0,647485.0,2619.0,2544.0
FIG,84.63001109174458,14961960.0,22410655.0,142.0,96.0
JJSF,84.61416574235461,224080.0,259965.0,3469.5,3456.0
HSTM,84.59832039296467,178920.0,201305.0,3687.0,3701.0
OMF,84.58247504357472,788880.0,977325.0,2129.0,2046.0
FDSB,84.56662969418475,6500.0,6590.0,5728.0,5793.0
MORN,84.5507843447948,307160.0,409775.0,3154.0,3025.0
CFR,84.53493899540486,460080.0,615305.0,2744.0,2592.0
TRDA,84.5190936460149,212180.0,423940.0,3524.0,2991.0
AMAT,84.50324829662495,10359680.0,7920400.0,220.0,321.0
MWYN,84.487402947235,109480.0,355515.0,4147.0,3164.0
FRBA,84.47155759784503,139420.0,117300.0,3943.0,4179.0
SSNC,84.45571224845509,1240100.0,1919980.0,1599.0,1297.0
MNTK,84.43986689906512,124740.0,187715.0,4019.0,3766.0
BSVN,84.42402154967516,39700.0,37450.0,4834.5,4971.5
FUNC,84.40817620028521,13200.0,23335.0,5439.0,5241.0
MDXG,84.39233085089526,978120.0,1522675.0,1873.0,1560.0
CUE,84.3764855015053,234440.0,196960.0,3427.0,3719.0
CRBG,84.36064015211535,4242980.0,4864855.0,558.0,563.0
MSBI,84.3447948027254,169080.0,199605.0,3750.0,3705.0
APM,84.32894945333544,625696.2,,2409.0,
AMG,84.31310410394549,266780.0,254180.0,3297.0,3485.0
BOTJ,84.29725875455554,52920.0,40500.0,4653.5,4923.0
CBK,84.28141340516558,32300.0,58905.0,4983.0,4665.0
HEI-A,84.26556805577563,229980.0,227780.0,3451.0,3574.0
IMCR,84.24972270638568,351840.0,433365.0,3032.0,2962.0
EVTC,84.23387735699572,473660.0,406075.0,2707.0,3033.0
IMNM,84.21803200760577,1083800.0,1012410.0,1761.0,2002.0
GHM,84.20218665821582,162900.0,193795.0,3780.0,3740.0
IVZ,84.18634130882586,4534220.0,5082835.0,520.0,530.0
BRBS,84.17049595943591,2268140.0,755140.0,1017.0,2354.0
LFS,84.15465061004596,6352200.0,2410325.0,365.0,1080.0
ANDG,84.138805260656,452260.0,394655.0,2764.0,3069.0
BULL,84.12295991126605,10637960.0,8415825.0,213.0,299.0
FNKO,84.10711456187609,867240.0,1360065.0,2023.0,1678.0
BYFC,84.09126921248613,1480.0,9290.0,6036.0,5661.0
LQDA,84.07542386309618,2761500.0,1732680.0,847.0,1412.0
CMPS,84.05957851370623,2578960.0,2804240.0,902.0,941.0
ARTW,84.04373316431627,169460.0,1706845.0,3746.0,1432.0
HROW,84.02788781492632,615660.0,557990.0,2423.0,2687.0
JPM,84.01204246553637,5066300.0,6458650.0,467.0,414.0
NOW,83.9961971161464,17661700.0,25032830.0,119.0,80.0
CHE,83.98035176675646,160260.0,172330.0,3793.0,3829.0
HMR,83.96450641736651,64560.0,53810.0,4531.0,4729.0
PI,83.94866106797654,352800.0,517035.0,3027.0,2760.0
LAKE,83.9328157185866,54800.0,56545.0,4635.0,4700.0
MXCT,83.91697036919665,1581660.0,917300.0,1345.5,2129.0
FLR,83.90112501980668,2311260.0,2921545.0,1001.0,899.0
TX,83.88527967041674,326380.0,751950.0,3096.5,2361.0
CFG,83.86943432102679,2835780.0,3416720.0,827.0,777.0
HNVR,83.85358897163682,26440.0,61705.0,5096.0,4632.0
AZ,83.83774362224688,1235940.0,474475.0,1606.0,2857.0
URI,83.82189827285693,412080.0,501070.0,2863.0,2793.0
TRV,83.80605292346696,1739980.0,1951655.0,1250.0,1278.0
FVCB,83.79020757407702,57000.0,97155.0,4614.0,4326.5
AJG,83.77436222468705,1104640.0,1314225.0,1735.0,1711.0
MVBF,83.75851687529709,52560.0,44170.0,4658.0,4871.0
PFIS,83.74267152590714,37660.0,57330.0,4880.5,4686.0
CFFI,83.72682617651719,8440.0,24265.0,5627.0,5220.5
GFF,83.71098082712723,326820.0,355265.0,3094.0,3166.0
WRLD,83.69513547773728,73820.0,130055.0,4426.0,4087.0
BCAX,83.67929012834733,584480.0,656755.0,2487.0,2531.0
CXT,83.66344477895737,413780.0,586655.0,2856.0,2641.0
ATLC,83.64759942956742,142020.0,167055.0,3920.0,3854.0
EQH,83.63175408017747,1889860.0,3031575.0,1185.0,866.0
PENG,83.61590873078751,1688620.0,2206825.0,1285.0,1174.0
ASIC,83.60006338139756,117200.0,73445.0,4086.0,4504.0
CTBI,83.58421803200761,105120.0,115230.0,4185.0,4197.0
AGIO,83.56837268261765,1088740.0,1200465.0,1757.0,1814.0
BCC,83.5525273332277,237520.0,340560.0,3417.0,3197.0
NHC,83.53668198383775,123640.0,112580.0,4028.0,4214.0
PRU,83.52083663444779,1252720.0,1919875.0,1586.0,1298.0
IRON,83.50499128505784,317620.0,328760.0,3122.0,3234.0
TAL,83.48914593566789,3457680.0,5389250.0,667.0,491.0
KVYO,83.47330058627793,6838220.0,6788865.0,335.0,391.0
KNSL,83.45745523688798,186460.0,303605.0,3652.0,3305.0
MATX,83.44160988749802,208360.0,289800.0,3536.0,3346.0
STVN,83.42576453810806,535300.0,448390.0,2582.0,2920.0
SAP,83.4099191887181,2547400.0,3450500.0,917.0,765.0
ALKT,83.39407383932816,981300.0,1322785.0,1867.0,1705.0
HXL,83.3782284899382,600800.0,980530.0,2455.0,2042.0
AOUT,83.36238314054825,44360.0,53895.0,4760.5,4726.0
MMM,83.3465377911583,2858180.0,3303740.0,817.0,797.0
VNO,83.33069244176833,1049320.0,1692605.0,1790.0,1443.0
SEIC,83.31484709237839,466600.0,653400.0,2729.0,2535.0
ITIC,83.29900174298844,67400.0,58450.0,4498.0,4669.0
MKTX,83.28315639359847,1203140.0,1570610.0,1632.0,1528.0
UEIC,83.26731104420853,114960.0,88545.0,4108.0,4380.5
PARK,83.25146569481858,37420.0,24480.0,4890.0,5211.0
ACHC,83.23562034542861,1817840.0,2549125.0,1212.0,1031.0
EVH,83.21977499603867,3352100.0,4576635.0,690.0,602.0
RVTY,83.20392964664872,989640.0,1505920.0,1856.0,1574.0
ONC,83.18808429725875,426440.0,418845.0,2822.0,3001.0
RJF,83.1722389478688,828140.0,1045525.0,2076.0,1956.0
ENSC,83.15639359847886,5754540.0,43264600.0,402.0,30.0
WT,83.1405482490889,1368700.0,2387750.0,1484.0,1094.0
SLDE,83.12470289969895,745140.0,983295.0,2190.0,2040.0
VITL,83.10885755030898,1235160.0,1560010.0,1607.0,1537.0
UAL,83.09301220091902,2656100.0,3407605.0,881.0,779.0
SPOT,83.07716685152907,1656960.0,2095000.0,1307.0,1218.0
KRNY,83.06132150213912,810820.0,592440.0,2101.0,2632.0
AMCR,83.04547615274916,4272880.0,4044930.0,556.0,684.0
ALRS,83.02963080335921,156960.0,212920.0,3820.0,3643.0
COR,83.01378545396926,1540420.0,1484410.0,1369.0,1585.0
FENC,82.9979401045793,195380.0,179000.0,3607.0,3808.0
KRNT,82.98209475518935,416700.0,331050.0,2845.0,3226.0
SHC,82.9662494057994,3262260.0,3227415.0,713.0,817.0
MFIN,82.95040405640944,81760.0,70180.0,4373.0,4535.0
VYX,82.93455870701949,2184860.0,2127835.0,1051.0,1206.0
CVCO,82.91871335762954,92400.0,124420.0,4283.0,4129.0
JWEL,82.90286800823958,105040.0,4354815.0,4186.0,628.0
EBC,82.88702265884963,1555120.0,2690595.0,1359.0,980.0
HQY,82.87117730945968,687360.0,684025.0,2292.0,2480.0
MTG,82.85533196006972,1460900.0,1662820.0,1419.0,1458.0
IOSP,82.83948661067977,166560.0,180780.0,3766.5,3798.0
OVID,82.82364126128982,1619620.0,1590855.0,1323.0,1514.0
BWB,82.80779591189986,192760.0,202775.0,3618.0,3690.0
LAW,82.79195056250991,259440.0,258555.0,3321.0,3465.0
CHCO,82.77610521311996,84720.0,115875.0,4349.5,4190.5
XRX,82.76025986372998,1895840.0,4174475.0,1182.0,654.0
FCAP,82.74441451434004,15720.0,15675.0,5359.5,5429.0
CHMI,82.72856916495009,375140.0,580610.0,2959.0,2650.0
FVNNR,82.71272381556012,1540.8,14189.7,6031.0,5464.0
USB,82.69687846617018,4905680.0,6642525.0,475.0,395.0
CCCC,82.68103311678023,2809480.0,2513400.0,834.0,1047.0
AVTX,82.66518776739026,562540.0,746095.0,2538.0,2374.0
SRCE,82.64934241800032,121760.0,142195.0,4047.0,3997.0
EHLD,82.63349706861037,13300.0,5100.0,5437.0,5866.0
NWG,82.6176517192204,2551920.0,3795175.0,912.0,712.0
ARDT,82.60180636983046,257420.0,478255.0,3327.0,2850.0
FHI,82.58596102044051,561380.0,557705.0,2541.0,2688.0
KTB,82.57011567105054,1035240.0,731215.0,1803.0,2393.0
LFVN,82.5542703216606,48060.0,59240.0,4709.0,4661.0
SHBI,82.53842497227065,161020.0,225160.0,3789.0,3590.0
BX,82.52257962288068,3875120.0,5172085.0,611.0,518.0
KTCC,82.50673427349074,15040.0,13890.0,5380.0,5475.0
BRO,82.49088892410079,1905420.0,2530905.0,1172.0,1040.0
KWR,82.47504357471082,170980.0,161755.0,3733.0,3882.0
REYN,82.45919822532088,1255840.0,1243845.0,1580.0,1774.0
MTB,82.44335287593091,749880.0,962370.0,2185.0,2066.0
AGL,82.42750752654095,265660.0,401770.0,3300.0,3048.0
PEBO,82.411662177151,224440.0,313355.0,3468.0,3281.0
BRCB,82.39581682776105,416240.0,329590.0,2847.0,3232.0
ALGS,82.37997147837109,102680.0,159390.0,4207.0,3891.0
MITK,82.36412612898114,649000.0,770710.0,2364.5,2339.0
CBNK,82.34828077959119,49440.0,57125.0,4697.0,4690.0
PRHI,82.33243543020123,32740.0,10705.0,4975.0,5605.0
BY,82.31659008081128,214180.0,251420.0,3514.0,3496.0
EXPO,82.30074473142133,370020.0,491890.0,2979.0,2813.0
EXPD,82.28489938203137,760940.0,1100210.0,2161.0,1904.0
COF,82.26905403264142,2959840.0,3547190.0,782.0,752.0
VIK,82.25320868325147,3260740.0,2344720.0,714.0,1120.0
DWTX,82.23736333386151,52920.0,49215.0,4653.5,4791.0
PHVS,82.22151798447156,808100.0,518865.0,2105.0,2756.0
CBUS,82.20567263508161,201300.0,163575.0,3568.5,3872.0
CBL,82.18982728569165,196140.0,260650.0,3603.0,3454.0
DAR,82.1739819363017,1852460.0,2202790.0,1198.0,1177.0
AVXL,82.15813658691175,612080.0,938420.0,2428.0,2096.0
BBIO,82.14229123752179,2536260.0,2207240.0,921.0,1173.0
MSGE,82.12644588813184,504940.0,372320.0,2646.0,3123.0
MTN,82.11060053874189,541980.0,603400.0,2576.0,2619.0
API,82.09475518935191,408440.0,297845.0,2874.0,3318.0
KRRO,82.07890983996197,81100.0,115055.0,4375.0,4200.0
BNY,82.06306449057202,2061560.0,2631360.0,1097.0,1002.0
RELY,82.04721914118205,2957880.0,3094545.0,783.0,848.0
CTKB,82.0313737917921,801600.0,799270.0,2110.0,2297.0
TRI,82.01552844240216,2196680.0,2417745.0,1047.0,1075.0
THFF,81.9996830930122,86900.0,94725.0,4330.0,4342.0
ACMR,81.98383774362225,1032180.0,1037840.0,1805.0,1964.0
CAC,81.9679923942323,80500.0,97145.0,4378.0,4328.0
MDT,81.95214704484233,7114600.0,6909920.0,319.0,378.0
NTWOU,81.93630169545239,3534.6,883.65,5894.0,6135.0
MHH,81.92045634606244,12040.0,13250.0,5478.5,5498.5
FAST,81.90461099667247,6578120.0,7931310.0,351.0,320.0
SDHC,81.88876564728253,35740.0,37725.0,4910.0,4966.0
VRTS,81.87292029789258,103140.0,145245.0,4206.0,3985.0
NVST,81.85707494850261,2672420.0,3255765.0,877.0,809.0
MKC,81.84122959911267,2294160.0,2872585.0,1006.0,916.0
JANX,81.82538424972272,613140.0,680010.0,2426.0,2488.0
GTN,81.80953890033275,986420.0,1301370.0,1860.0,1719.0
WAT,81.7936935509428,632320.0,894230.0,2397.0,2158.0
LLY,81.77784820155284,2091380.0,2644010.0,1088.0,1000.0
WHD,81.76200285216288,671480.0,818910.0,2316.0,2272.0
BOW,81.74615750277293,343240.0,430255.0,3056.0,2974.0
CARL,81.73031215338298,146920.0,134640.0,3881.0,4057.0
FMBH,81.71446680399302,108520.0,130115.0,4155.0,4086.0
FISI,81.69862145460307,114200.0,154060.0,4113.0,3930.0
SON,81.68277610521312,650300.0,1076785.0,2360.5,1927.0
AMPH,81.66693075582316,424180.0,481940.0,2825.0,2839.0
ITRI,81.65108540643321,664680.0,1199535.0,2326.0,1815.0
CLOV,81.63524005704326,4098560.0,4523245.0,581.0,614.0
ORRF,81.6193947076533,72680.0,106815.0,4442.5,4250.0
BPOP,81.60354935826335,363300.0,441515.0,2995.0,2941.0
GABC,81.5877040088734,143440.0,161070.0,3906.0,3885.0
SYBT,81.57185865948344,123100.0,180650.0,4033.0,3799.0
ABM,81.55601331009349,284560.0,384990.0,3229.0,3097.0
SB,81.54016796070354,652260.0,738865.0,2357.0,2388.0
ACET,81.52432261131358,68640.0,89460.0,4485.0,4378.0
NMR,81.50847726192363,564280.0,784925.0,2528.0,2317.0
HWC,81.49263191253368,606440.0,790535.0,2439.0,2311.0
MANU,81.47678656314372,474240.0,295035.0,2705.0,3329.0
HOG,81.46094121375377,2347540.0,2427915.0,991.0,1069.0
OFG,81.44509586436382,207080.0,258570.0,3542.0,3464.0
DSP,81.42925051497384,320100.0,327085.0,3116.0,3240.0
SSB,81.4134051655839,799320.0,933925.0,2116.0,2107.0
MSI,81.39755981619395,833080.0,919935.0,2067.0,2126.0
FNWB,81.38171446680398,26740.0,22810.0,5089.0,5251.0
INSM,81.36586911741404,1834700.0,3147455.0,1206.0,836.0
RRR,81.35002376802409,653380.0,739015.0,2352.5,2387.0
PTRN,81.33417841863412,1739260.0,1844015.0,1252.0,1340.0
MUFG,81.31833306924418,2516000.0,3054650.0,933.0,858.0
ACNB,81.30248771985423,39180.0,67910.0,4842.5,4559.0
KBR,81.28664237046426,1115060.0,1676360.0,1727.0,1450.0
ARMK,81.27079702107432,2832900.0,2758280.0,828.0,957.0
KFFB,81.25495167168437,4700.0,3835.0,5824.0,5949.5
CAH,81.2391063222944,2008260.0,2078505.0,1125.0,1227.0
PKG,81.22326097290446,392360.0,704900.0,2917.0,2441.0
OPTU,81.2074156235145,1299760.0,2735925.0,1537.0,964.0
PCAR,81.19157027412454,2695820.0,3852485.0,869.0,705.0
REAL,81.1757249247346,2756180.0,3438425.0,850.0,768.0
EML,81.15987957534465,11560.0,13865.0,5497.0,5478.5
LCUT,81.14403422595468,239580.0,201690.0,3406.0,3697.0
OMC,81.12818887656474,1968640.0,3014575.0,1134.0,871.0
CARE,81.11234352717477,346380.0,428870.0,3048.0,2981.0
JNJ,81.09649817778481,5566220.0,7147785.0,418.0,360.0
HGTY,81.08065282839486,141180.0,152035.0,3928.0,3947.0
EMR,81.06480747900491,2294260.0,3188730.0,1005.0,824.0
ARCT,81.04896212961495,555520.0,525780.0,2550.0,2743.0
EHC,81.033116780225,858920.0,926860.0,2034.0,2120.0
MBIN,81.01727143083505,133960.0,171565.0,3969.0,3836.0
AERT,81.00142608144509,11280.0,14380.0,5506.0,5458.0
SKYH,80.98558073205514,337000.0,196590.0,3075.0,3722.0
ALVO,80.96973538266519,671100.0,903015.0,2317.0,2148.0
APOG,80.95389003327523,118920.0,146655.0,4071.0,3980.0
LFWD,80.93804468388528,8900.0,5625.0,5607.0,5841.0
SHG,80.92219933449533,141240.0,215275.0,3927.0,3635.0
GREEL,80.90635398510537,7100.0,4305.0,5701.0,5923.0
LIF,80.89050863571542,1442860.0,1015785.0,1430.0,1995.0
HCI,80.87466328632547,134080.0,167835.0,3967.0,3845.0
BHB,80.85881793693551,93120.0,94580.0,4273.0,4343.0
XENE,80.84297258754556,760220.0,626400.0,2163.0,2575.0
CPAY,80.82712723815561,462200.0,579205.0,2738.0,2653.0
NUE,80.81128188876565,1035900.0,1396625.0,1802.0,1641.0
RENX,80.7954365393757,120100.0,73755.0,4064.0,4503.0
VERU,80.77959118998575,157400.0,288435.0,3817.0,3351.0
PCB,80.76374584059577,31000.0,43585.0,5005.0,4879.5
MICC,80.74790049120583,766180.0,770895.0,2154.0,2338.0
MRK,80.73205514181588,8994460.0,8397570.0,254.0,300.0
MPB,80.71620979242591,110940.0,170015.0,4138.0,3839.0
KRO,80.70036444303597,411320.0,497345.0,2869.0,2800.0
LDOS,80.68451909364602,1417900.0,1601635.0,1446.0,1508.0
SFBS,80.66867374425605,203920.0,249875.0,3557.0,3499.0
RNW,80.6528283948661,3954480.0,2916845.0,595.0,903.0
AWR,80.63698304547616,204560.0,268650.0,3554.0,3423.0
MDV,80.6211376960862,63823.8,72296.25,4534.0,4513.0
FITB,80.60529234669625,5673740.0,5311400.0,409.0,504.0
SBCF,80.5894469973063,813160.0,966825.0,2099.0,2059.0
SPB,80.57360164791633,441820.0,386385.0,2780.0,3094.0
LXP,80.55775629852639,607100.0,797770.0,2438.0,2298.0
RAL,80.54191094913644,904700.0,1742925.0,1976.0,1405.0
NX,80.52606559974647,248560.0,311400.0,3360.0,3288.0
LITB,80.51022025035653,6380.0,4280.0,5733.5,5926.0
MBC,80.49437490096658,1336160.0,1846300.0,1507.0,1338.0
PNC,80.47852955157661,937240.0,1372815.0,1930.0,1666.0
RLJ,80.46268420218667,1762680.0,1850190.0,1237.0,1334.0
HOMB,80.4468388527967,1299740.0,1481905.0,1538.0,1587.0
TFIN,80.43099350340674,137780.0,221370.0,3948.0,3602.0
TMP,80.41514815401679,103320.0,104305.0,4202.0,4272.0
PLBC,80.39930280462684,59940.0,52925.0,4588.0,4745.0
ARWR,80.38345745523688,988080.0,1705320.0,1859.0,1434.0
PDM,80.36761210584693,924840.0,868410.0,1946.0,2195.0
SJM,80.35176675645698,1046300.0,1258005.0,1792.0,1763.0
ZBH,80.33592140706702,2092680.0,2541965.0,1087.0,1036.0
OSK,80.32007605767707,455540.0,906505.0,2753.0,2143.0
GD,80.30423070828712,638780.0,1059975.0,2383.0,1938.0
IMRN,80.28838535889716,18100.0,21970.0,5284.0,5274.0
LMT,80.27254000950721,920260.0,1231320.0,1955.0,1788.0
HLMN,80.25669466011726,1399500.0,1512880.0,1463.0,1567.0
CMBT,80.2408493107273,833680.0,838805.0,2066.0,2249.0
SBC,80.22500396133735,282960.0,130150.0,3237.0,4085.0
FCBC,80.2091586119474,82280.0,96110.0,4368.0,4333.0
UROY,80.19331326255744,2334640.0,3519505.0,994.0,753.0
FBK,80.17746791316749,248500.0,324705.0,3361.0,3248.5
CNSP,80.16162256377754,11000.0,6710.0,5514.0,5785.0
IART,80.14577721438758,559700.0,880840.0,2542.0,2174.0
INSW,80.12993186499763,520740.0,522030.0,2605.0,2747.0
VALN,80.11408651560768,642660.0,173870.0,2374.0,3823.0
SPCE,80.0982411662177,13241760.0,8970410.0,160.0,272.0
GANX,80.08239581682776,621800.0,510785.0,2415.0,2770.0
CAG,80.0665504674378,9458700.0,12006625.0,239.0,191.0
PACS,80.05070511804784,610000.0,897355.0,2433.0,2153.0
HELE,80.0348597686579,302600.0,365090.0,3168.0,3141.0
AIT,80.01901441926795,366360.0,261750.0,2985.0,3447.0
TDW,80.00316906987798,585900.0,665435.0,2482.0,2509.0
CVBF,79.98732372048804,842520.0,1345720.0,2053.0,1692.0
BCRX,79.97147837109809,3302780.0,3343270.0,700.0,789.0
LAUR,79.95563302170812,845660.0,955395.0,2048.0,2071.0
DRH,79.93978767231818,1763320.0,2577385.0,1236.0,1021.0
MAGN,79.92394232292823,405520.0,493375.0,2882.5,2808.0
IT,79.90809697353826,1570020.0,1619890.0,1350.0,1498.0
ATEC,79.89225162414832,1545980.0,2306525.0,1365.0,1130.0
HCHL,79.87640627475837,0.0,0.0,6287.0,6283.5
DB,79.8605609253684,1401200.0,1723345.0,1462.0,1418.0
FND,79.84471557597846,1929240.0,2581225.0,1157.0,1018.0
ING,79.8288702265885,1530820.0,2281420.0,1377.0,1136.0
MBWM,79.81302487719854,78480.0,127480.0,4390.0,4107.0
RUSHA,79.7971795278086,493960.0,497025.0,2663.0,2801.0
CTAS,79.78133417841863,1655180.0,2180225.0,1308.0,1184.0
NEOV,79.76548882902867,1892740.0,1573280.0,1184.0,1523.0
BBWI,79.74964347963872,6240860.0,5154145.0,371.0,521.0
XYZ,79.73379813024877,4120100.0,4938130.0,579.0,553.0
MSM,79.71795278085881,670380.0,622760.0,2319.0,2579.0
TOI,79.70210743146886,2823736.2,,829.0,
WGRX,79.68626208207891,47167.8,,4725.0,
RS,79.67041673268895,231820.0,327475.0,3439.0,3237.0
NRC,79.654571383299,130880.0,120820.0,3986.0,4152.0
TLX,79.63872603390905,77040.0,102830.0,4403.0,4281.0
NP,79.62288068451909,393360.0,711110.0,2916.0,2427.0
WAB,79.60703533512914,995840.0,1167055.0,1846.0,1842.0
SAN,79.59118998573919,21575780.0,15071715.0,89.0,149.0
NCSM,79.57534463634923,3900.0,7760.0,5869.5,5734.0
HRL,79.55949928695928,3740360.0,3433410.0,632.0,770.0
MNDY,79.54365393756933,1434640.0,1868770.0,1434.0,1319.0
PBFS,79.52780858817937,6580.0,9355.0,5725.5,5659.0
NBTB,79.51196323878942,223760.0,361260.0,3472.0,3150.0
IBTA,79.49611788939947,279440.0,332760.0,3245.0,3219.0
CWT,79.48027254000951,411380.0,480095.0,2868.0,2845.0
RBB,79.46442719061956,106320.0,160790.0,4175.5,3886.0
PTLO,79.44858184122961,1597180.0,1361105.0,1329.0,1677.0
DRMA,79.43273649183965,3772940.0,2144840.0,627.0,1198.0
ROIV,79.41689114244969,5937540.0,5510470.0,390.0,479.0
DIN,79.40104579305974,221620.0,252045.0,3482.0,3495.0
ATNI,79.38520044366977,82000.0,88530.0,4371.0,4382.0
ACT,79.36935509427983,247560.0,360310.0,3366.0,3153.0
TRU,79.35350974488988,1746980.0,2230910.0,1246.0,1162.0
SF,79.33766439549991,809960.0,1073370.0,2103.0,1928.0
GITS,79.32181904610997,150080.0,116025.0,3858.5,4188.0
PLX,79.30597369672002,1273100.0,747645.0,1561.0,2371.0
GTIM,79.29012834733005,131220.0,84070.0,3984.0,4422.5
RCL,79.2742829979401,1415840.0,2126210.0,1449.0,1207.0
SANA,79.25843764855016,2250820.0,2418960.0,1026.0,1073.0
BUSE,79.2425922991602,654800.0,809515.0,2348.0,2282.0
MHO,79.22674694977025,163460.0,218020.0,3777.0,3623.0
FXNC,79.2109016003803,42740.0,34305.0,4784.0,5026.0
DHR,79.19505625099033,2495060.0,4998030.0,942.0,543.0
ARX,79.17921090160038,21207960.0,7249860.0,94.0,354.0
TSBK,79.16336555221044,27580.0,37280.0,5076.0,4974.0
BMEZ,79.14752020282047,106240.0,111080.0,4177.0,4221.0
WFC,79.13167485343052,11298580.0,12586330.0,200.0,181.0
DTIL,79.11582950404056,228840.0,252535.0,3457.0,3492.0
LARK,79.09998415465061,12040.0,10165.0,5478.5,5625.0
SXT,79.08413880526065,309040.0,509975.0,3149.0,2774.0
MREO,79.0682934558707,3009620.0,9685900.0,771.0,248.0
CNO,79.05244810648074,588380.0,656145.0,2479.0,2532.0
CMMB,79.03660275709079,26140.0,61220.0,5106.5,4638.0
DDD,79.02075740770084,2074800.0,3613165.0,1091.0,738.0
FRST,79.00491205831088,170240.0,185935.0,3739.0,3776.0
MGM,78.98906670892093,1758520.0,2470455.0,1240.0,1055.0
RLYB,78.97322135953098,26460.0,25755.0,5093.5,5182.0
ALSN,78.95737601014102,602400.0,867600.0,2450.0,2196.0
JELD,78.94153066075107,1005540.0,1591215.0,1828.0,1513.0
DG,78.92568531136112,1878820.0,1947250.0,1192.0,1280.0
MA,78.90983996197116,2895540.0,3030070.0,807.0,867.0
MTLS,78.89399461258121,59900.0,57630.0,4589.0,4678.0
IR,78.87814926319126,2872880.0,4300515.0,812.0,638.0
MSFT,78.8623039138013,24390720.0,37834840.0,73.0,42.0
MFG,78.84645856441135,2612200.0,3342095.0,893.0,790.0
SOLV,78.8306132150214,1240200.0,1292390.0,1598.0,1729.0
RHLD,78.81476786563144,174320.0,152350.0,3712.0,3942.0
COGT,78.79892251624149,1673340.0,1876880.0,1295.0,1315.0
ZION,78.78307716685154,1214700.0,1368610.0,1622.0,1672.0
CNS,78.76723181746158,216360.0,235710.0,3502.0,3542.0
MET,78.75138646807162,2180380.0,3855405.0,1054.0,704.0
AEI,78.73554111868167,145700.0,43375.0,3890.0,4883.0
MOLN,78.7196957692917,860.0,755.0,6105.5,6157.0
BRBR,78.70385041990176,3088840.0,4295330.0,753.0,640.0
IHT,78.6880050705118,12880.0,16060.0,5449.5,5418.0
CENT,78.67215972112184,117540.0,102930.0,4081.0,4279.0
TNK,78.6563143717319,433460.0,362100.0,2806.0,3146.0
KOP,78.64046902234195,230880.0,196860.0,3447.0,3720.0
XBIO,78.62462367295198,9460.0,67125.0,5579.0,4566.0
FLS,78.60877832356203,1402700.0,1827395.0,1460.0,1348.0
EDU,78.59293297417209,601680.0,934250.0,2452.0,2104.0
MTUS,78.57708762478212,276400.0,413655.0,3259.0,3019.0
NBBK,78.56124227539217,327980.0,401190.0,3092.0,3051.0
DMAC,78.54539692600223,121800.0,153890.0,4045.0,3932.0
UMBF,78.52955157661226,462980.0,631645.0,2736.0,2566.0
ACRV,78.51370622722231,634040.0,383380.0,2395.0,3099.0
HFRO,78.49786087783237,106200.0,134015.0,4179.0,4062.0
AVBC,78.4820155284424,219820.0,155450.0,3493.0,3915.0
BZ,78.46617017905245,4690100.0,3493510.0,504.0,757.0
NHPBP,78.45032482966249,13180.0,33245.0,5440.0,5044.0
MRBK,78.43447948027254,87700.0,97620.0,4322.0,4323.0
IBN,78.41863413088258,4053080.0,5274320.0,587.0,509.0
RF,78.40278878149263,7133820.0,8011900.0,318.0,314.0
TER,78.38694343210267,2815200.0,3604075.0,830.5,740.0
HCC,78.37109808271272,504000.0,687245.0,2650.0,2477.0
HOPE,78.35525273332277,845420.0,1055335.0,2050.0,1942.0
FWONK,78.33940738393281,1605300.0,2029815.0,1325.0,1249.0
ENTG,78.32356203454286,2416100.0,2786980.0,970.0,946.0
NPK,78.30771668515291,84180.0,91765.0,4355.0,4358.0
ERIE,78.29187133576295,226240.0,270265.0,3463.0,3416.0
BME,78.276025986373,33060.0,44940.0,4967.0,4854.0
NWFL,78.26018063698305,51000.0,42020.0,4679.0,4902.0
BMO,78.24433528759309,635240.0,718845.0,2390.0,2417.0
PRGO,78.22848993820314,2254500.0,2996275.0,1025.0,875.0
SCNX,78.21264458881319,13075400.0,3464165.0,165.0,762.0
CCEL,78.19679923942323,146300.0,45130.0,3888.0,4853.0
OBT,78.18095389003328,39940.0,58035.0,4829.0,4673.0
TXRH,78.16510854064333,657840.0,859170.0,2340.0,2213.0
CHWY,78.14926319125337,5728020.0,6815215.0,406.0,387.0
BCS,78.13341784186342,2563480.0,4258770.0,905.0,645.0
CCEP,78.11757249247347,1804380.0,2082785.0,1219.0,1224.0
BFST,78.10172714308351,178020.0,242325.0,3691.0,3524.0
JAKK,78.08588179369355,112300.0,140350.0,4126.0,4012.0
SEER,78.0700364443036,347500.0,939635.0,3042.0,2094.0
CBSH,78.05419109491363,836800.0,1011800.0,2061.0,2005.0
HLNE,78.03834574552369,586980.0,752890.0,2481.0,2357.0
WSBF,78.02250039613374,67880.0,62340.0,4493.0,4626.0
INTU,78.00665504674377,3561840.0,3641955.0,653.0,732.0
GAME,77.99080969735382,1526480.0,1299605.0,1381.0,1722.0
CRAI,77.97496434796388,98800.0,145430.0,4234.0,3982.0
QCRH,77.95911899857391,120640.0,124625.0,4058.0,4127.0
GRVY,77.94327364918396,60560.0,50315.0,4578.0,4777.0
CDP,77.92742829979402,630720.0,840845.0,2401.0,2247.0
HIMS,77.91158295040405,11380780.0,15326210.0,198.0,143.0
HUBS,77.8957376010141,1898980.0,2270525.0,1179.0,1140.0
NTRS,77.87989225162416,961540.0,1155320.0,1891.0,1856.0
ATR,77.8640469022342,412420.0,490970.0,2862.0,2820.0
IESC,77.84820155284424,176280.0,189320.0,3703.0,3758.0
BHRB,77.8323562034543,119560.0,124210.0,4066.0,4130.0
XHR,77.81651085406433,501460.0,708150.0,2652.0,2434.0
CLX,77.80066550467438,2534640.0,2696765.0,924.0,977.0
CPB,77.78482015528442,4122240.0,5056885.0,578.0,537.0
OSUR,77.76897480589447,545580.0,446300.0,2572.0,2928.0
WSFS,77.75312945650451,292080.0,393310.0,3206.0,3075.0
SMRT,77.73728410711456,1544320.0,1741545.0,1368.0,1407.0
RRBI,77.7214387577246,38220.0,75315.0,4863.0,4488.0
CBC,77.70559340833465,854600.0,708195.0,2038.0,2432.0
PNTG,77.6897480589447,234300.0,267020.0,3429.0,3429.0
ITW,77.67390270955474,1007960.0,1340105.0,1827.0,1695.0
BCAL,77.65805736016479,128620.0,193445.0,3998.0,3741.0
MSGS,77.64221201077484,359380.0,206235.0,3011.0,3673.0
IEX,77.62636666138488,504760.0,714075.0,2647.0,2424.0
LOB,77.61052131199493,226080.0,235080.0,3465.0,3546.0
USEA,77.59467596260498,65960.0,54935.0,4509.0,4711.0
LNG,77.57883061321502,1252680.0,1640435.0,1587.0,1484.0
FIGS,77.56298526382507,1902500.0,3479300.0,1174.5,760.0
WF,77.54713991443512,66180.0,115295.0,4506.0,4195.0
CIGI,77.53129456504516,200460.0,232215.0,3573.0,3554.0
INBS,77.51544921565521,233300.0,105210.0,3434.0,4261.0
GIS,77.49960386626526,7828060.0,8705260.0,291.0,285.0
FCF,77.4837585168753,483560.0,879355.0,2685.0,2179.0
DXC,77.46791316748535,2739400.0,3938710.0,855.0,697.0
DCI,77.4520678180954,453800.0,596005.0,2759.0,2627.0
LRMR,77.43622246870544,1123760.0,1223400.0,1714.5,1794.0
GL,77.42037711931548,459900.0,692780.0,2746.0,2466.0
TRST,77.40453176992553,128180.0,121510.0,4001.0,4150.0
MSEX,77.38868642053556,136500.0,136680.0,3959.0,4040.0
AX,77.37284107114561,293980.0,337390.0,3201.0,3207.0
CRE,77.35699572175567,59640.0,67675.0,4592.0,4561.0
VVX,77.3411503723657,394240.0,918520.0,2912.0,2127.0
OWL,77.32530502297575,18013640.0,21532950.0,116.0,101.0
THG,77.3094596735858,304740.0,306730.0,3162.0,3301.0
RGA,77.29361432419584,394060.0,375240.0,2913.0,3115.0
KREF,77.2777689748059,718220.0,1182010.0,2237.0,1833.0
FULT,77.26192362541595,1300400.0,1661510.0,1536.0,1461.0
VIRT,77.24607827602598,1401360.0,1134045.0,1461.0,1872.0
CNA,77.23023292663603,322060.0,445375.0,3111.5,2930.0
ADAM,77.21438757724609,814420.0,913820.0,2098.0,2136.0
MYFW,77.19854222785612,60760.0,60925.0,4574.0,4641.0
BNS,77.18269687846617,1484960.0,2049895.0,1405.0,1239.0
NGVT,77.16685152907623,196420.0,244745.0,3599.0,3515.0
ETD,77.15100617968626,434540.0,470260.0,2800.0,2864.0
MCK,77.13516083029631,891700.0,1010410.0,1991.0,2007.0
KTOS,77.11931548090635,3529780.0,3935890.0,658.0,698.0
BNTC,77.1034701315164,378940.0,156245.0,2948.0,3907.0
STRT,77.08762478212644,108480.0,88415.0,4156.0,4383.0
RBKB,77.07177943273649,90720.0,237515.7,4297.5,3541.0
ONEG,77.05593408334653,39080.0,43820.0,4845.5,4877.0
ZIM,77.04008873395658,3172120.0,1753190.0,735.0,1399.0
MAIN,77.02424338456663,513260.0,606200.0,2626.0,2610.0
TRSG,77.00839803517667,4100.0,4075.0,5855.0,5938.0
CPBI,76.99255268578672,2500.0,2560.0,5965.5,6010.0
DAL,76.97670733639677,3949660.0,5007190.0,597.0,542.0
HWBK,76.96086198700681,14740.0,16200.0,5389.0,5414.5
MRVL,76.94501663761686,21145780.0,21835880.0,95.0,99.0
PCYO,76.92917128822691,63620.0,73875.0,4538.0,4500.0
FWONA,76.91332593883695,133060.0,147235.0,3972.0,3978.0
ASML,76.897480589447,1269740.0,1566665.0,1563.0,1532.0
CFFN,76.88163524005705,733220.0,862630.0,2209.0,2208.0
BR,76.86578989066709,1255060.0,1277900.0,1582.0,1743.0
SFBC,76.84994454127714,4600.0,17545.0,5832.0,5379.0
ULBI,76.83409919188719,45540.0,45385.0,4746.0,4851.0
UBSI,76.81825384249723,642060.0,877005.0,2377.0,2184.0
FRO,76.80240849310728,1964220.0,1825505.0,1135.0,1352.0
ARES,76.78656314371733,2077680.0,2427115.0,1090.0,1070.0
PULM,76.77071779432737,11520.0,10485.0,5498.0,5616.0
FCCO,76.7548724449374,37320.0,51750.0,4892.5,4759.0
MAZE,76.73902709554746,405420.0,355975.0,2884.0,3163.0
KKR,76.7231817461575,6177100.0,5129975.0,374.0,523.0
SRRK,76.70733639676754,866880.0,1046520.0,2025.0,1954.0
VBNK,76.6914910473776,107980.0,102570.0,4163.0,4282.0
CLH,76.67564569798763,546620.0,509400.0,2571.0,2775.0
SHOO,76.65980034859768,876420.0,1088025.0,2011.0,1913.0
ETN,76.64395499920774,1670660.0,2356645.0,1297.0,1113.0
DLB,76.62810964981777,661520.0,926990.0,2333.0,2119.0
CCNE,76.61226430042782,146340.0,164790.0,3886.0,3867.0
RCAT,76.59641895103788,11056320.0,9983815.0,206.0,239.0
SHAK,76.58057360164791,1128780.0,1998990.0,1708.0,1263.0
SXC,76.56472825225796,1320480.0,1893615.0,1520.0,1307.0
ITT,76.54888290286802,639120.0,948875.0,2382.0,2079.0
NBIS,76.53303755347805,34233560.0,26817190.0,41.0,73.0
GYRE,76.5171922040881,58680.0,52980.0,4599.5,4744.0
FLYW,76.50134685469816,1520140.0,2236230.0,1384.0,1157.0
ASB,76.48550150530819,1287740.0,1641735.0,1547.0,1481.0
IVDA,76.46965615591824,57489900.0,14594900.0,16.0,151.0
GEHC,76.45381080652828,2461940.0,4721700.0,957.0,581.0
MRSH,76.43796545713833,1488520.0,2289975.0,1403.0,1134.0
NHPAP,76.42212010774838,40720.0,37550.0,4820.0,4969.0
SOFI,76.40627475835842,47166440.0,67606495.0,22.0,9.0
STBA,76.39042940896846,197800.0,265910.0,3592.0,3434.0
DDOG,76.37458405957851,4350780.0,5323310.0,543.0,501.0
III,76.35873871018856,249540.0,255535.0,3357.0,3478.0
WHWK,76.3428933607986,278020.0,434350.0,3252.0,2960.0
HTLM,76.32704801140865,4900.0,4875.0,5816.0,5880.0
MFC,76.3112026620187,2927020.0,2391445.0,792.0,1091.0
ESP,76.29535731262874,29020.0,37175.0,5047.0,4976.0
PLMR,76.27951196323879,229400.0,257450.0,3454.0,3469.0
ADMA,76.26366661384884,1840080.0,2418270.0,1205.0,1074.0
SPFI,76.24782126445888,86580.0,129780.0,4331.0,4091.0
VNT,76.23197591506893,1259220.0,1548380.0,1576.0,1545.0
NOMD,76.21613056567898,2841540.0,1649165.0,824.0,1476.0
BOC,76.20028521628902,132960.0,107280.0,3974.0,4247.0
DGNX,76.18443986689907,2391520.0,1668690.0,978.0,1454.0
AWI,76.16859451750912,287600.0,546790.0,3215.0,2708.0
ALTI,76.15274916811916,136920.0,223445.0,3955.0,3598.0
GTES,76.13690381872921,1206380.0,2036860.0,1631.0,1245.0
BLTE,76.12105846933926,230840.0,179470.0,3448.0,3804.0
CTRM,76.1052131199493,60340.0,36920.0,4579.0,4980.0
M,76.08936777055935,5018680.0,4751035.0,470.0,576.0
PFBC,76.07352242116939,61080.0,97700.0,4567.0,4322.0
FBNC,76.05767707177942,200200.0,209290.0,3575.0,3659.0
COHN,76.04183172238947,14660.0,18820.0,5393.0,5346.5
CNNE,76.02598637299953,598160.0,485940.0,2461.0,2832.0
SMFG,76.01014102360956,1176000.0,1590060.0,1658.0,1516.0
HWM,75.99429567421961,1945900.0,2174075.0,1147.0,1189.0
GFL,75.97845032482967,2029620.0,2240595.0,1115.0,1155.0
RY,75.9626049754397,1264100.0,1298310.0,1569.5,1724.0
BANR,75.94675962604975,360520.0,382615.0,3009.0,3101.0
SNX,75.9309142766598,695620.0,692560.0,2276.0,2467.0
XLO,75.91506892726984,18060.0,20285.0,5285.0,5312.0
PKBK,75.8992235778799,45260.0,44905.0,4752.0,4855.0
UNP,75.88337822848995,2051480.0,2932525.0,1105.0,895.0
OBK,75.86753287909998,202220.0,192335.0,3565.0,3747.0
SFST,75.85168752971003,72260.0,104515.0,4448.0,4269.0
FMNB,75.83584218032009,398040.0,438900.0,2902.0,2947.0
HOFT,75.81999683093012,21300.0,43585.0,5202.0,4879.5
BTO,75.80415148154017,33420.0,42440.0,4956.0,4893.0
AUB,75.78830613215021,731320.0,873930.0,2211.0,2189.0
TEX,75.77246078276026,950580.0,1368950.0,1905.0,1671.0
POWW,75.75661543337031,610600.0,653740.0,2432.0,2534.0
FSUN,75.74077008398035,287300.0,302975.0,3217.0,3306.0
EBF,75.72492473459039,161320.0,129925.0,3787.0,4090.0
NRXP,75.70907938520044,1092980.0,1278450.0,1750.0,1742.0
AHT,75.69323403581049,79660.0,32545.0,4384.5,5057.0
CBRE,75.67738868642053,1131140.0,1697075.0,1703.0,1438.0
ESNT,75.66154333703058,542120.0,536690.0,2574.0,2732.0
SANG,75.64569798764063,940.0,8985.0,6096.0,5674.0
KBH,75.62985263825067,766840.0,935595.0,2151.0,2102.0
MSA,75.61400728886072,245080.0,308075.0,3378.0,3298.0
FBLA,75.59816193947077,72120.0,76870.0,4450.0,4475.0
MOH,75.58231659008081,650300.0,944275.0,2360.5,2087.0
GSBC,75.56647124069086,73040.0,86495.0,4434.5,4400.0
MT,75.55062589130091,1151360.0,1387300.0,1685.0,1650.0
ECBK,75.53478054191095,9500.0,9610.0,5578.0,5647.0
APAM,75.518935192521,948560.0,914625.0,1910.0,2133.0
ACFN,75.50308984313105,38160.0,42110.0,4867.0,4900.5
AUDC,75.48724449374109,140960.0,121785.0,3930.5,4149.0
ALMS,75.47139914435114,909380.0,909555.0,1970.0,2140.0
NRT,75.45555379496119,60860.0,53875.0,4573.0,4727.0
BBT,75.43970844557123,912280.0,854795.0,1964.0,2219.0
BIIB,75.42386309618128,702920.0,966505.0,2265.0,2061.0
RHP,75.40801774679132,1333780.0,967275.0,1508.0,2058.0
GTE,75.39217239740135,716020.0,1772580.0,2245.0,1380.0
HMY,75.3763270480114,2296180.0,2666770.0,1004.0,989.0
KB,75.36048169862146,175360.0,235165.0,3708.0,3544.0
CATY,75.3446363492315,322040.0,455790.0,3113.0,2898.0
DIBS,75.32879099984154,121240.0,107380.0,4051.0,4246.0
MCHB,75.3129456504516,423420.0,662900.0,2827.0,2517.0
CDRE,75.29710030106163,294620.0,426450.0,3195.5,2987.0
HSBC,75.28125495167168,837520.0,1279800.0,2059.0,1740.0
CMT,75.26540960228174,21040.0,25220.0,5209.0,5197.0
UBS,75.24956425289177,1242980.0,1714720.0,1595.0,1426.0
CWK,75.23371890350182,1482600.0,1785810.0,1411.0,1371.0
AME,75.21787355411188,1406480.0,1275530.0,1458.0,1745.0
LYG,75.20202820472191,9677640.0,14033750.0,234.0,158.0
AVT,75.18618285533196,1164460.0,1261225.0,1667.0,1760.0
NWBI,75.17033750594202,609500.0,1024390.0,2435.0,1982.0
FTHM,75.15449215655205,78580.0,134930.0,4389.0,4054.0
IRWD,75.1386468071621,1984980.0,2208190.0,1132.0,1172.0
YORW,75.12280145777214,112460.0,122115.0,4124.0,4147.0
SBLK,75.10695610838219,1555940.0,1430610.0,1358.0,1618.0
ONB,75.09111075899224,2857080.0,3982605.0,819.0,691.0
ECL,75.07526540960228,1463660.0,1334040.0,1417.0,1699.0
NWSA,75.05942006021232,3192760.0,3945585.0,730.0,696.0
CNC,75.04357471082237,3202580.0,5094930.0,728.0,528.0
PERF,75.02772936143242,96240.0,340225.0,4245.0,3199.0
IBCP,75.01188401204246,171500.0,203525.0,3731.0,3685.0
DORM,74.99603866265251,159320.0,345575.0,3799.0,3182.0
XRAY,74.98019331326256,4274220.0,4957305.0,555.0,549.0
PKE,74.9643479638726,240760.0,257535.0,3402.0,3467.0
AMS,74.94850261448265,31080.0,19275.0,5002.0,5340.0
BARK,74.9326572650927,40800.0,57155.0,4818.5,4689.0
SYF,74.91681191570274,2735300.0,3504015.0,857.0,756.0
AVY,74.90096656631279,776220.0,887805.0,2144.0,2164.0
IQ,74.88512121692284,7425800.0,6124935.0,308.0,432.0
SMCI,74.86927586753288,91622620.0,63565705.0,6.0,11.0
BOKF,74.85343051814293,168680.0,224975.0,3753.0,3592.0
FBIOP,74.83758516875298,17220.0,12595.0,5322.0,5526.0
EQBK,74.82173981936302,85140.0,99160.0,4344.5,4306.0
TSHA,74.80589446997307,2582540.0,2565350.0,901.0,1027.0
NREF,74.79004912058312,32960.0,45580.0,4970.0,4846.0
XFOR,74.77420377119316,893420.0,689450.0,1988.0,2471.0
SHW,74.75835842180321,1604500.0,2093105.0,1326.0,1219.0
TCBK,74.74251307241325,232340.0,288515.0,3437.0,3350.0
ABEO,74.72666772302328,3189020.0,1610580.0,731.5,1504.0
ARCB,74.71082237363333,308420.0,380505.0,3151.0,3105.0
TAYD,74.69497702424339,38160.0,30980.0,4867.0,5082.0
HP,74.67913167485342,1137660.0,1326470.0,1698.0,1703.0
ASX,74.66328632546347,7941920.0,8667445.0,283.0,288.0
IOR,74.64744097607353,880.0,405.0,6103.0,6192.0
SRBK,74.63159562668356,20400.0,23635.0,5226.0,5235.0
TBCH,74.61575027729361,268920.0,345110.0,3285.0,3184.0
STX,74.59990492790367,4698900.0,5414495.0,501.0,487.0
ATLO,74.5840595785137,32520.0,32735.0,4979.5,5054.0
EFX,74.56821422912375,994040.0,1386850.0,1849.0,1651.0
CHI,74.5523688797338,132880.0,154355.0,3975.0,3928.0
SIEB,74.53652353034384,201200.0,62830.0,3571.0,4623.0
RPRX,74.5206781809539,2494140.0,2742805.0,944.0,961.0
VLTO,74.50483283156395,1025840.0,1570040.0,1812.0,1529.0
JOUT,74.48898748217398,48560.0,47205.0,4705.0,4819.0
UFCS,74.47314213278403,106620.0,139065.0,4174.0,4022.0
DLO,74.45729678339407,3442220.0,2101890.0,672.0,1215.0
NECB,74.44145143400412,31040.0,39580.0,5004.0,4936.0
RPM,74.42560608461417,831180.0,1026345.0,2070.0,1980.0
HBAN,74.40976073522421,16526980.0,26908040.0,126.0,72.0
WDFC,74.39391538583425,87940.0,110645.0,4320.0,4224.0
WLDS,74.3780700364443,221280.0,4742700.0,3486.0,578.0
MGA,74.36222468705435,893460.0,1325875.0,1987.0,1704.0
CAMP,74.34637933766439,333020.0,214240.0,3082.0,3637.0
USLM,74.33053398827444,112200.0,163350.0,4127.0,3874.0
BRC,74.31468863888449,183500.0,165260.0,3663.0,3865.0
FVR,74.29884328949453,111180.0,155510.0,4135.0,3914.0
NWS,74.28299794010458,1144360.0,1120200.0,1689.0,1892.0
KLTR,74.26715259071463,340460.0,1160910.0,3067.0,1849.0
CCBG,74.25130724132467,61060.0,78905.0,4568.0,4462.0
SEG,74.23546189193472,90400.0,77070.0,4302.0,4474.0
CENTA,74.21961654254477,307000.0,304605.0,3156.0,3304.0
OPRA,74.20377119315481,320680.0,314725.0,3114.5,3273.0
MESO,74.18792584376486,231400.0,194595.0,3445.0,3736.0
CRM,74.17208049437491,13006860.0,12642095.0,166.0,179.0
NAAS,74.15623514498495,18800.0,20465.0,5263.5,5310.0
GEN,74.140389795595,4225060.0,4825435.0,561.0,566.0
CBAN,74.12454444620505,128800.0,198435.0,3997.0,3708.0
VSTS,74.10869909681509,1535040.0,1317150.0,1373.0,1708.0
ACCO,74.09285374742514,605220.0,660650.0,2442.0,2520.0
AKO-A,74.07700839803518,800.0,685.0,6111.0,6164.0
SCCO,74.06116304864521,915560.0,1087025.0,1960.0,1915.0
SEZL,74.04531769925526,725980.0,859245.0,2221.0,2212.0
BVFL,74.02947234986532,11460.0,14240.0,5501.0,5462.0
CUBI,74.01362700047535,233200.0,278330.0,3436.0,3385.0
AVBP,73.9977816510854,415520.0,442810.0,2851.0,2934.0
MBBC,73.98193630169546,4940.0,1935.0,5811.0,6070.0
INCR,73.96609095230549,6220.0,14430.0,5745.0,5456.0
DRI,73.95024560291554,1090840.0,1196780.0,1755.0,1818.0
BRR,73.9344002535256,575200.0,436720.0,2504.0,2952.0
EVT,73.91855490413563,92980.0,98960.0,4276.0,4311.0
CLF,73.90270955474568,12060240.0,24342280.0,181.0,83.0
LZB,73.88686420535574,459940.0,390595.0,2745.0,3086.0
MNDO,73.87101885596577,64140.0,55410.0,4533.0,4708.0
GRPN,73.85517350657582,1140240.0,1507495.0,1694.0,1572.0
FCNCA,73.83932815718588,48740.0,63830.0,4704.0,4613.0
SFNC,73.82348280779591,1257360.0,1321130.0,1577.0,1706.0
PDLB,73.80763745840596,71020.0,68905.0,4460.0,4548.0
FSM,73.791792109016,5347840.0,5940805.0,441.0,444.0
CPF,73.77594675962605,157700.0,159545.0,3815.0,3890.0
BMY,73.7601014102361,8453620.0,12185135.0,272.0,189.0
CION,73.74425606084614,513540.0,610330.0,2624.0,2601.0
ELAN,73.72841071145618,6804940.0,8674435.0,338.0,286.0
FSBC,73.71256536206623,137260.0,233120.0,3954.0,3552.0
RPAY,73.69672001267628,602120.0,495565.0,2451.0,2804.0
CURI,73.68087466328632,6566100.0,1856915.0,352.0,1327.0
CNI,73.66502931389637,990960.0,1553330.0,1855.0,1542.0
VLY,73.64918396450642,5030640.0,6714720.0,468.0,392.0
ECO,73.63333861511646,630580.0,541880.0,2402.0,2720.0
AYTU,73.61749326572651,33180.0,30620.0,4962.0,5091.0
DE,73.60164791633656,928560.0,1032795.0,1939.0,1972.0
NMM,73.5858025669466,116620.0,117070.0,4094.0,4180.0
MGYR,73.56995721755665,3140.0,3145.0,5919.0,5979.0
UTMD,73.5541118681667,24860.0,34410.0,5137.0,5023.0
EYE,73.53826651877674,2913280.0,2078925.0,800.0,1226.0
KURA,73.52242116938679,2739880.0,1553275.0,854.0,1543.0
ROMA,73.50657581999684,6640.0,10090.0,5722.0,5629.0
WEN,73.49073047060688,15574680.0,9951090.0,135.0,241.0
APLE,73.47488512121693,2058420.0,3139830.0,1100.0,838.0
SMA,73.45903977182698,549540.0,697975.0,2564.0,2455.0
MMI,73.44319442243702,122180.0,131150.0,4041.0,4080.0
TNL,73.42734907304707,566420.0,834710.0,2522.0,2255.0
BHV,73.4115037236571,1240.0,3150.0,6065.0,5978.0
HG,73.39565837426714,369360.0,416635.0,2980.0,3010.0
GIII,73.3798130248772,467360.0,400995.0,2727.0,3052.0
TFSL,73.36396767548725,661320.0,1004120.0,2334.5,2018.0
MTH,73.34812232609728,584160.0,788880.0,2488.0,2312.0
PBT,73.33227697670733,104200.0,158325.0,4198.0,3893.0
EIG,73.31643162731739,144880.0,189910.0,3898.5,3755.0
CIF,73.30058627792742,,,,
IBEX,73.28474092853747,138240.0,105530.0,3946.0,4259.0
CULP,73.26889557914753,19120.0,12905.0,5254.0,5513.0
APA,73.25305022975756,5123020.0,5704110.0,462.0,468.0
GIB,73.23720488036761,327940.0,504070.0,3093.0,2783.0
JCI,73.22135953097767,2684260.0,3548710.0,873.0,750.0
DOGZ,73.2055141815877,8181920.0,2078080.0,276.0,1228.0
EFSI,73.18966883219775,41900.0,59970.0,4802.0,4651.0
DSS,73.1738234828078,16500.0,41030.0,5337.5,4916.0
OPAL,73.15797813341784,155860.0,195260.0,3827.0,3728.0
OVV,73.1421327840279,4168380.0,3719755.0,572.0,725.0
CTSH,73.12628743463793,7557100.0,9602630.0,300.0,254.0
ZSPC,73.11044208524798,116200.0,43180.0,4099.0,4887.0
GWAV,73.09459673585803,38300.0,286985.0,4862.0,3357.0
GGZ,73.07875138646807,7300.0,7000.0,5692.5,5767.0
BRTX,73.06290603707811,244320.0,375915.0,3383.0,3114.0
TEO,73.04706068768816,215100.0,244035.0,3511.0,3518.0
STHO,73.03121533829821,16900.0,14495.0,5328.0,5455.0
GRX,73.01536998890825,13600.0,16470.0,5428.0,5412.0
BBDC,72.9995246395183,880280.0,755865.0,2006.0,2353.0
RMBI,72.98367929012835,31060.0,40615.0,5003.0,4921.0
CIVB,72.96783394073839,136840.0,127555.0,3956.0,4103.5
CRTO,72.95198859134844,413020.0,581195.0,2858.0,2647.0
ZVRA,72.93614324195849,792020.0,1451625.0,2124.0,1609.0
KKR-PD,72.92029789256853,930474.8,348301.6,1938.0,3178.0
CRWS,72.90445254317858,204900.0,104910.0,3552.0,4265.0
CNOB,72.88860719378863,332360.0,432625.0,3085.0,2966.0
PAL,72.87276184439867,1254140.0,704975.0,1585.0,2440.0
TRGP,72.85691649500872,1164380.0,1199030.0,1669.0,1816.0
CLST,72.84107114561877,3860.0,2220.0,5873.5,6042.5
MKTW,72.8252257962288,13400.0,12455.0,5434.0,5534.0
DCOM,72.80938044683886,264260.0,342390.0,3305.0,3194.0
CWBC,72.79353509744891,262740.0,255215.0,3309.0,3479.0
RITM,72.77768974805895,3175320.0,5857875.0,734.0,456.0
BEN,72.761844398669,2531240.0,4342895.0,926.0,633.0
FFBC,72.74599904927904,575420.0,885990.0,2503.0,2169.0
NHICU,72.73015369988907,240.0,105.0,6189.0,6240.5
PBM,72.71430835049912,200980.0,106910.0,3572.0,4249.0
HBNC,72.69846300110918,446040.0,636785.0,2772.0,2557.0
BXP,72.68261765171921,1077380.0,1484715.0,1767.0,1584.0
ABOS,72.66677230232926,436080.0,338265.0,2796.0,3205.0
VLRS,72.65092695293932,563460.0,596120.0,2534.0,2626.0
IBP,72.63508160354935,286200.0,349860.0,3224.0,3176.0
CPAC,72.6192362541594,64640.0,56845.0,4527.0,4695.0
ABG,72.60339090476946,222280.0,271350.0,3474.0,3415.0
V,72.58754555537949,8481320.0,7105480.0,270.0,363.0
AWK,72.57170020598954,2405680.0,2469830.0,972.0,1056.0
XPEL,72.5558548565996,168660.0,256045.0,3754.0,3474.0
WES,72.54000950720963,960460.0,920465.0,1893.0,2124.0
WOOF,72.52416415781968,1633940.0,1466840.0,1319.0,1597.0
FNB,72.50831880842973,3170060.0,4331155.0,736.0,634.0
HTO,72.49247345903977,294400.0,391650.0,3197.5,3080.0
LXEH,72.47662810964982,12520.0,99615.0,5466.0,4304.0
C,72.46078276025986,7684780.0,9447305.0,294.0,257.0
MCBS,72.44493741086991,62800.0,80855.0,4542.0,4443.0
GILD,72.42909206147996,4737000.0,6597650.0,497.0,398.0
VABK,72.41324671209,4160.0,6595.0,5850.0,5791.5
GSBD,72.39740136270004,891140.0,968175.0,1993.0,2054.0
PFGC,72.38155601331009,2625120.0,1782575.0,888.0,1373.0
UCB,72.36571066392014,838180.0,914355.0,2057.0,2134.0
TOON,72.34986531453018,516600.0,269040.0,2614.0,3421.0
EWBC,72.33401996514023,582840.0,649140.0,2492.0,2543.0
MTEN,72.31817461575028,960120.0,4966080.0,1895.5,548.0
HSCS,72.30232926636032,38380.0,61870.0,4857.5,4630.0
SLF,72.28648391697037,676920.0,683315.0,2310.0,2483.0
FVN,72.27063856758042,65260.0,82095.0,4515.0,4433.0
FRAF,72.25479321819046,28660.0,37240.0,5054.5,4975.0
TD,72.23894786880051,1284400.0,2128290.0,1549.0,1205.0
CUZ,72.22310251941056,1315840.0,1724740.0,1526.0,1416.0
MCR,72.2072571700206,,,,
COSO,72.19141182063065,90460.0,76030.0,4300.0,4482.0
CCLD,72.1755664712407,341440.0,398025.0,3063.0,3065.0
JKHY,72.15972112185074,939100.0,883630.0,1928.0,2173.0
CING,72.14387577246079,146860.0,138125.0,3882.0,4030.0
VFL,72.12803042307084,,,,
HTT,72.11218507368088,36180.0,109485.0,4903.0,4235.0
INKT,72.09633972429093,7700.0,8850.0,5659.0,5685.0
PFS,72.08049437490097,706640.0,988935.0,2260.0,2031.0
PRI,72.064649025511,161740.0,181405.0,3785.0,3795.0
RVPH,72.04880367612105,30094.0,38904.0,5030.0,4947.0
OPBK,72.0329583267311,61620.0,58705.0,4556.0,4667.0
OCSL,72.01711297734114,523300.0,557085.0,2602.0,2690.0
SERA,72.0012676279512,22680.0,37790.0,5173.0,4963.5
CVM,71.98542227856124,157280.0,213010.0,3818.0,3642.0
HBCP,71.96957692917128,72300.0,98160.0,4447.0,4317.0
NTB,71.95373157978133,250160.0,197340.0,3355.0,3715.0
ORLA,71.93788623039138,2448103.2,,964.0,
WST,71.92204088100142,430940.0,745165.0,2810.0,2377.0
FTI,71.90619553161147,3139500.0,3435430.0,741.0,769.0
TARS,71.89035018222152,653500.0,784400.0,2351.0,2319.0
TSCO,71.87450483283156,11758620.0,13005070.0,187.0,170.0
ESQ,71.85865948344161,177180.0,151075.0,3699.5,3955.0
JBSS,71.84281413405166,152840.0,134405.0,3846.0,4060.0
BFC,71.8269687846617,61520.0,78970.0,4557.5,4461.0
CNR,71.81112343527175,460940.0,580615.0,2742.0,2649.0
TDY,71.79527808588179,213540.0,378435.0,3515.0,3107.0
AIZ,71.77943273649184,337280.0,402330.0,3073.0,3046.0
TAK,71.7635873871019,2673980.0,3819100.0,875.0,709.0
LMNR,71.74774203771193,50320.0,65855.0,4685.0,4577.0
PENN,71.73189668832197,2547580.0,2664590.0,916.0,991.0
DAC,71.71605133893202,122700.0,127490.0,4036.0,4106.0
DLTH,71.70020598954207,42620.0,47200.0,4785.5,4820.0
AFRM,71.68436064015211,3085460.0,2992960.0,755.0,877.0
NTWO,71.66851529076216,2244260.0,561785.0,1030.0,2679.0
OOMA,71.65266994137221,336220.0,379870.0,3078.0,3106.0
BSTZ,71.63682459198225,175720.0,191665.0,3706.0,3749.0
BTQ,71.6209792425923,1856900.0,1531975.0,1197.0,1555.0
AVO,71.60513389320235,443040.0,729300.0,2777.0,2399.0
CSX,71.58928854381239,8804240.0,12833155.0,259.0,172.0
ADUR,71.57344319442244,433540.0,441890.0,2805.0,2937.0
MYPS,71.55759784503249,378060.0,263060.0,2950.0,3440.0
BALL,71.54175249564253,1512680.0,1927935.0,1387.0,1294.0
TFC,71.52590714625258,5787660.0,6524895.0,400.0,405.0
BCPC,71.51006179686263,134040.0,186790.0,3968.0,3768.0
CRVL,71.49421644747267,162360.0,181670.0,3782.0,3792.0
KO,71.47837109808272,11306680.0,15680765.0,199.0,137.0
MNSB,71.46252574869277,38540.0,34400.0,4853.0,5024.0
PR,71.4466803993028,7269500.0,8521480.0,312.0,293.0
KRYS,71.43083504991286,173800.0,557635.0,3714.0,2689.0
SHIP,71.4149897005229,256100.0,307945.0,3335.5,3299.0
SMBC,71.39914435113293,117100.0,97770.0,4088.0,4321.0
THW,71.38329900174298,121440.0,118010.0,4049.0,4169.0
FOR,71.36745365235303,87140.0,116635.0,4326.0,4183.0
EW,71.35160830296307,2603080.0,4267325.0,896.0,642.0
FRHC,71.33576295357312,101160.0,83905.0,4216.5,4424.0
UGP,71.31991760418317,3902480.0,3234660.0,607.0,814.0
IMOS,71.30407225479321,109120.0,117745.0,4150.0,4173.0
NRIM,71.28822690540326,107340.0,155990.0,4168.0,3909.0
AXP,71.27238155601331,2151080.0,2816690.0,1062.0,937.0
FUBO,71.25653620662335,1945100.0,1687435.0,1149.0,1447.0
BSAC,71.2406908572334,231640.0,259460.0,3441.0,3458.0
FSS,71.22484550784345,367340.0,425540.0,2982.0,2988.0
SIF,71.20900015845349,221300.0,191005.0,3485.0,3752.0
MAS,71.19315480906354,1906220.0,2930070.0,1171.0,897.0
TRIN,71.1773094596736,923780.0,1097820.0,1951.0,1907.0
FERG,71.16146411028363,1594160.0,4417315.0,1333.0,622.0
GPK,71.14561876089368,3242860.0,4915785.0,716.0,555.0
FIBK,71.12977341150372,869180.0,1195770.0,2022.0,1820.0
UVSP,71.11392806211377,169540.0,275225.0,3745.0,3404.0
HXHX,71.09808271272382,8297740.0,2665105.0,274.0,990.0
SNA,71.08223736333386,255380.0,365215.0,3338.0,3140.0
MAC,71.0663920139439,2550840.0,3922140.0,915.0,700.0
CNVS,71.05054666455395,222720.0,119070.0,3473.0,4162.0
MBUU,71.034701315164,127120.0,173190.0,4005.0,3824.0
KZIA,71.01885596577404,185300.0,217540.0,3658.0,3625.0
LGVN,71.00301061638409,697140.0,441985.0,2273.0,2936.0
ORMP,70.98716526699414,198700.0,171730.0,3585.0,3835.0
ESCA,70.97131991760418,40700.0,53145.0,4821.0,4742.0
AVBH,70.95547456821423,67420.0,92715.0,4497.0,4354.0
KMB,70.93962921882428,2244080.0,3421570.0,1031.0,776.0
NTES,70.92378386943432,1071920.0,784510.0,1769.0,2318.0
ATHE,70.90793852004437,18580.0,8905.0,5268.5,5679.0
HDSN,70.89209317065442,992460.0,626305.0,1852.0,2576.0
EGBN,70.87624782126446,217620.0,280790.0,3496.0,3379.0
WTRG,70.86040247187451,1580920.0,1980670.0,1347.0,1268.0
MCO,70.84455712248456,624040.0,799300.0,2411.0,2296.0
RARE,70.8287117730946,1364440.0,1958495.0,1487.0,1275.0
PERI,70.81286642370465,301200.0,336440.0,3174.0,3209.0
NU,70.7970210743147,86192180.0,71751230.0,8.0,7.0
MAMA,70.78117572492474,512280.0,506440.0,2629.0,2781.0
ABUS,70.76533037553479,1412420.0,1232640.0,1453.0,1786.0
WELL,70.74948502614482,2848660.0,3169870.0,821.0,832.0
CHY,70.73363967675486,130840.0,179345.0,3987.0,3805.0
LSBK,70.71779432736491,7720.0,10765.0,5658.0,5603.0
GNW,70.70194897797496,2290780.0,2771590.0,1008.0,953.0
MRCY,70.686103628585,857820.0,608085.0,2036.0,2603.0
FSK,70.67025827919505,1702760.0,2584170.0,1275.0,1017.0
WRAP,70.6544129298051,992060.0,730390.0,1853.0,2395.0
PJT,70.63856758041514,540120.0,424895.0,2579.0,2989.0
LINK,70.6227222310252,22800.0,15750.0,5171.0,5425.0
AEG,70.60687688163524,3366000.0,4778300.0,686.0,572.0
HIFS,70.59103153224528,56680.0,50335.0,4618.0,4776.0
CDZIP,70.57518618285533,4920.0,4830.0,5813.5,5887.0
ARTNA,70.55934083346538,32120.0,31440.0,4985.0,5069.0
BCH,70.54349548407542,248100.0,285575.0,3363.0,3362.0
PFG,70.52765013468547,827580.0,1446985.0,2079.0,1612.0
EDD,70.51180478529552,345680.0,330110.0,3051.0,3231.0
ROST,70.49595943590556,2646160.0,2231620.0,883.0,1159.0
SRG-PA,70.48011408651561,3985.4,6116.05,5862.0,5823.0
NSC,70.46426873712565,1159200.0,1308020.0,1672.0,1715.0
UNTY,70.4484233877357,51220.0,61370.0,4678.0,4637.0
GDYN,70.43257803834575,1559700.0,2087160.0,1356.0,1221.0
NODK,70.41673268895579,17340.0,24050.0,5318.0,5224.5
TOWN,70.40088733956583,423500.0,614920.0,2826.0,2594.0
OPCH,70.38504199017588,1851120.0,2653815.0,1199.0,995.0
KNTK,70.36919664078593,885460.0,1062355.0,2000.0,1935.0
NPO,70.35335129139597,131000.0,202505.0,3985.0,3691.0
VKTX,70.33750594200602,1816020.0,1929675.0,1213.0,1292.0
CCD,70.32166059261607,63780.0,63660.0,4535.0,4615.0
DC,70.3058152432261,1183480.0,1300230.0,1653.0,1721.0
DHT,70.28996989383616,3320020.0,2903105.0,695.0,907.0
JMSB,70.27412454444621,22200.0,32915.0,5185.0,5052.0
GRC,70.25827919505625,148040.0,197110.0,3871.5,3716.0
TEI,70.2424338456663,171860.0,123280.0,3727.0,4134.5
R,70.22658849627635,294040.0,339915.0,3200.0,3201.0
MRP,70.21074314688639,961820.0,1084570.0,1890.0,1919.0
KOD,70.19489779749644,639420.0,567020.0,2380.0,2669.0
WFG,70.17905244810649,196080.0,234700.0,3604.0,3547.0
NBN,70.16320709871653,84360.0,116190.0,4353.0,4186.0
BTBD,70.14736174932658,37460.0,44875.0,4888.5,4857.0
TKR,70.13151639993663,912960.0,1023870.0,1963.0,1986.0
AUBN,70.11567105054667,780.0,1335.0,6113.5,6104.0
ZS,70.09982570115672,2255800.0,2245535.0,1023.0,1150.0
COUR,70.08398035176675,4126980.0,6919915.0,577.0,374.0
FBLG,70.0681350023768,258100.0,182040.0,3324.0,3791.0
HCSG,70.05228965298684,759080.0,843620.0,2166.0,2243.0
AHR,70.0364443035969,3690380.0,2918020.0,637.0,901.0
OSW,70.02059895420693,706780.0,936960.0,2259.0,2098.0
CM,70.00475360481698,1060880.0,931495.0,1780.0,2112.0
LXRX,69.98890825542703,2616460.0,2902885.0,892.0,908.0
FIVE,69.97306290603707,776080.0,885815.0,2145.0,2170.0
BLK,69.95721755664712,415620.0,616400.0,2850.0,2591.0
HFWA,69.94137220725717,256560.0,434810.0,3334.0,2958.0
COLB,69.92552685786721,3097740.0,3024360.0,752.0,869.0
MS,69.90968150847726,3387000.0,4681240.0,683.0,586.0
MTCH,69.89383615908731,2772300.0,3114035.0,842.0,845.0
LRCX,69.87799080969735,8621200.0,10587380.0,264.0,227.0
INDB,69.8621454603074,237440.0,312215.0,3418.0,3284.0
SUNC,69.84630011091745,569520.0,525100.0,2514.0,2744.0
LIVN,69.83045476152749,656060.0,707610.0,2343.0,2436.0
JYD,69.81460941213754,361940.0,157050.0,3000.0,3902.0
GM,69.79876406274758,4065000.0,6367060.0,586.0,419.0
LECO,69.78291871335763,584100.0,479225.0,2489.0,2849.0
IAG,69.76707336396768,5147120.0,5960790.0,460.0,443.0
PCG,69.75122801457772,22969820.0,26467020.0,79.0,75.0
QDEL,69.73538266518777,1385700.0,1540770.0,1473.0,1550.0
MGIH,69.71953731579781,168440.0,853760.0,3756.0,2221.0
NFJ,69.70369196640786,149620.0,185545.0,3860.0,3778.0
MGRC,69.6878466170179,133180.0,178035.0,3971.0,3812.0
INMD,69.67200126762795,396300.0,480170.0,2905.0,2844.0
PHM,69.656155918238,1256860.0,1649245.0,1578.0,1475.0
EHGO,69.64031056884804,193860.0,4555170.0,3614.0,605.0
LYV,69.62446521945809,1770540.0,2114100.0,1230.0,1209.0
HIT,69.60861987006814,160920.0,69170.0,3790.0,4543.0
HMN,69.59277452067818,312800.0,256940.0,3135.0,3471.0
UPBD,69.57692917128823,723880.0,1118675.0,2228.0,1894.0
G,69.56108382189828,2072240.0,2244435.0,1092.0,1151.0
ALC,69.54523847250832,1735180.0,2173015.0,1255.0,1190.0
TIC,69.52939312311837,2067500.0,2382545.0,1095.0,1100.0
XPRO,69.51354777372842,805880.0,932485.0,2106.0,2109.0
SLGN,69.49770242433846,918820.0,1572340.0,1959.0,1524.0
ZM,69.48185707494851,2616760.0,3041120.0,891.0,864.0
RGT,69.46601172555856,25120.0,18780.0,5126.5,5348.0
INGM,69.4501663761686,591320.0,927205.0,2473.0,2118.0
UFPI,69.43432102677865,290540.0,462435.0,3210.0,2882.0
TROW,69.41847567738868,1395820.0,1900695.0,1465.0,1305.0
UNF,69.40263032799874,114420.0,140165.0,4112.0,4014.0
EQNR,69.38678497860877,2259740.0,3404980.0,1021.0,780.0
NLY,69.37093962921882,5375520.0,7541780.0,439.0,338.0
BAC-PL,69.35509427982886,14716.6,10657.5,5390.0,5606.0
GNT,69.33924893043891,78280.0,98365.0,4392.0,4315.0
IFBD,69.32340358104896,8360.0,6750.0,5629.0,5782.0
TMDE,69.307558231659,104660.0,214795.0,4190.0,3636.0
MPAA,69.29171288226905,141360.0,117825.0,3926.0,4171.0
UVE,69.2758675328791,154280.0,207000.0,3837.0,3669.0
LOCO,69.26002218348914,231060.0,249295.0,3446.0,3500.0
LSE,69.24417683409919,10420.0,10585.0,5538.5,5611.0
CP,69.22833148470924,2199260.0,2872820.0,1046.0,915.0
IBKR,69.21248613531928,3013620.0,4728985.0,770.0,579.0
TLF,69.19664078592933,47240.0,25955.0,4724.0,5179.0
CBFV,69.18079543653938,4400.0,5375.0,5840.5,5849.0
ICR-PA,69.16495008714942,5540.4,5249.75,5774.0,5857.0
IIF,69.14910473775947,32120.0,33770.0,4985.0,5037.0
ISTR,69.13325938836951,111140.0,132275.0,4136.0,4079.0
ECX,69.11741403897956,604100.0,683285.0,2445.0,2484.0
PGC,69.10156868958961,141840.0,195035.0,3922.0,3730.0
GNK,69.08572334019965,384720.0,369785.0,2936.0,3131.0
BSBK,69.0698779908097,14320.0,11525.0,5404.5,5567.0
MCFT,69.05403264141974,137560.0,167400.0,3950.0,3851.0
PRSU,69.03818729202979,221960.0,217305.0,3478.0,3627.0
BST,69.02234194263983,95940.0,94025.0,4248.0,4345.0
EDIT,69.00649659324988,1744580.0,1571510.0,1248.0,1527.0
HOV,68.99065124385993,126060.0,147770.0,4013.0,3973.0
EFSC,68.97480589446997,182760.0,233315.0,3669.5,3551.0
ADBE,68.95896054508002,4182480.0,5065015.0,569.0,534.0
KSPI,68.94311519569007,533260.0,543295.0,2585.0,2715.0
NAVI,68.9272698463001,1156860.0,1232880.0,1677.0,1785.0
LOVE,68.91142449691016,115760.0,205590.0,4103.0,3676.0
STLD,68.89557914752021,788080.0,1060020.0,2131.0,1937.0
AMD,68.87973379813025,21332820.0,28063725.0,93.0,70.0
CVX,68.8638884487403,7447820.0,7948540.0,304.0,319.0
BCDA,68.84804309935035,201660.0,252330.0,3567.0,3494.0
KVUE,68.83219774996039,18384240.0,20699600.0,112.0,108.0
SPG,68.81635240057044,1118900.0,1347435.0,1720.0,1691.0
COFS,68.80050705118049,75040.0,81225.0,4414.0,4440.0
IFF,68.78466170179053,1175200.0,1756600.0,1659.0,1394.0
MH,68.76881635240058,1178660.0,695300.0,1656.0,2463.0
HTGC,68.75297100301061,1694120.0,1659945.0,1279.0,1464.0
COP,68.73712565362067,6247940.0,6595520.0,369.0,399.0
TYL,68.7212803042307,724440.0,862650.0,2226.0,2207.0
NXG,68.70543495484075,80020.0,90285.0,4381.0,4372.0
CYH,68.68958960545079,892360.0,1856615.0,1989.0,1329.0
TATT,68.67374425606084,157480.0,202070.0,3816.0,3695.0
FFIN,68.6578989066709,577300.0,670105.0,2501.0,2503.0
GGG,68.64205355728093,1232880.0,1452780.0,1609.0,1607.0
BTG,68.62620820789098,22645040.0,23921245.0,82.0,85.0
CBT,68.61036285850103,344980.0,478230.0,3052.0,2851.0
HD,68.59451750911107,4331560.0,3918225.0,548.0,701.0
PB,68.57867215972112,735200.0,940765.0,2207.0,2090.5
HPK,68.56282681033117,467140.0,518665.0,2728.0,2758.0
EP,68.54698146094121,23540.0,24985.0,5159.0,5206.0
PDFS,68.53113611155126,515580.0,537495.0,2617.0,2729.0
CPK,68.51529076216131,150560.0,183815.0,3855.0,3783.0
VSAT,68.49944541277135,1680680.0,2060605.0,1291.0,1234.0
NOG,68.4836000633814,2184900.0,2495260.0,1050.0,1052.0
LXFR,68.46775471399144,154540.0,445360.0,3834.0,2931.0
UL,68.45190936460149,3080800.0,4722835.0,758.0,580.0
FRME,68.43606401521154,299440.0,441030.0,3182.0,2942.0
AVB,68.42021866582158,716590.4,963070.65,2242.0,2064.0
SKE,68.40437331643163,444720.0,526035.0,2775.0,2742.0
MPTI,68.38852796704167,157720.0,253875.0,3814.0,3486.0
WBS,68.37268261765172,10831940.0,6537320.0,209.0,404.0
FOXA,68.35683726826176,5482940.0,4790325.0,429.0,569.0
AWX,68.34099191887181,29960.0,126640.0,5032.5,4108.0
PNFP,68.32514656948186,827060.0,1217050.0,2081.0,1799.0
RCKT,68.3093012200919,1164400.0,1504355.0,1668.0,1575.0
GFR,68.29345587070195,642640.0,360965.0,2375.0,3151.0
NBP,68.277610521312,259940.0,241790.0,3320.0,3526.0
NKTR,68.26176517192204,649500.0,646860.0,2363.0,2545.0
PSMT,68.24591982253209,204140.0,253045.0,3555.0,3489.0
SILC,68.23007447314214,326180.0,205785.0,3098.0,3675.0
JOF,68.21422912375218,70480.0,86105.0,4469.0,4405.0
GPRE,68.19838377436223,1022160.0,1293930.0,1818.0,1728.0
ELMD,68.18253842497228,62040.0,62655.0,4547.0,4624.0
BFAM,68.16669307558232,662860.0,775680.0,2330.0,2329.0
SCI,68.15084772619237,719360.0,1166415.0,2236.0,1844.0
BDJ,68.13500237680242,405780.0,436615.0,2881.0,2953.0
CVE,68.11915702741246,6243200.0,7561745.0,370.0,337.0
MGRX,68.10331167802251,10560080.0,39682405.0,214.0,37.0
CMCT,68.08746632863254,40640.0,29735.0,4822.5,5109.0
IRDM,68.0716209792426,1063500.0,1266380.0,1778.0,1757.0
FOUR,68.05577562985263,1694320.0,1693810.0,1278.0,1442.0
TRMK,68.03993028046268,247720.0,418060.0,3365.0,3007.0
TTC,68.02408493107272,557660.0,520695.0,2547.0,2749.0
DERM,68.00823958168277,349520.0,228165.0,3038.0,3573.0
CSL,67.99239423229282,471840.0,474865.0,2715.0,2856.0
ALX,67.97654888290286,25160.0,33855.0,5125.0,5035.0
AER,67.96070353351291,843660.0,1073145.0,2051.0,1929.0
MCHX,67.94485818412296,25260.0,19765.0,5121.0,5325.0
CG,67.929012834733,4187760.0,4180110.0,568.0,652.0
PXS,67.91316748534305,28700.0,33405.0,5052.0,5041.0
FOA,67.8973221359531,38780.0,50510.0,4852.0,4772.5
WBX,67.88147678656314,34940.0,29055.0,4920.0,5119.0
RNGR,67.86563143717319,139240.0,241020.0,3944.0,3531.0
FHN,67.84978608778324,3518680.0,5018795.0,661.0,541.0
UGI,67.83394073839328,3813560.0,2067895.0,623.0,1231.0
BAP,67.81809538900333,371760.0,295955.0,2973.0,3327.0
SUN,67.80225003961337,378860.0,485480.0,2949.0,2834.0
TEVA,67.78640469022342,5084840.0,5892850.0,466.0,452.0
OGI,67.77055934083347,1150560.0,1661890.0,1686.0,1460.0
NEM,67.75471399144351,6578800.0,7235455.0,350.0,356.0
ET,67.73886864205356,7937460.0,9752100.0,284.0,247.0
RDACU,67.7230232926636,0.0,0.0,6287.0,6283.5
SKT,67.70717794327365,730680.0,967610.0,2212.0,2055.0
MAIA,67.69133259388369,285880.0,349315.0,3225.0,3177.0
GHC,67.67548724449374,31540.0,25325.0,4996.0,5193.0
AKA,67.65964189510379,6440.0,3685.0,5729.0,5957.0
GTM,67.64379654571383,6881860.0,7806560.0,331.0,327.0
EXEL,67.62795119632388,2178560.0,2691495.0,1055.0,979.0
KDP,67.61210584693393,13199680.0,13145360.0,161.0,165.0
RMT,67.59626049754397,79940.0,113705.0,4382.0,4209.0
COKE,67.58041514815402,414660.0,487910.0,2852.0,2825.0
NDAQ,67.56456979876407,1926500.0,3143635.0,1158.0,837.0
YELP,67.5487244493741,1156940.0,1105850.0,1676.0,1899.0
BACCU,67.53287909998416,0.0,125.0,6287.0,6232.5
SMC,67.51703375059421,52800.0,53020.0,4655.0,4743.0
IFS,67.50118840120425,346000.0,266475.0,3049.0,3433.0
BWA,67.4853430518143,1848120.0,2249810.0,1201.0,1147.0
MGEE,67.46949770242435,129220.0,183580.0,3994.5,3784.0
NCLH,67.45365235303439,12951340.0,15578050.0,167.0,140.0
DUOT,67.43780700364444,2812920.0,1240400.0,832.0,1778.0
INN,67.42196165425447,1198640.0,1010350.0,1637.0,2008.0
ADM,67.40611630486453,3312980.0,4044945.0,698.0,683.0
PEO,67.39027095547456,47480.0,62425.0,4720.0,4625.0
HAYW,67.37442560608461,1545740.0,2713220.0,1366.0,970.0
VIR,67.35858025669465,1237680.0,1500455.0,1605.0,1578.0
IBG,67.3427349073047,29720.0,71865.0,5037.0,4521.0
ADAG,67.32688955791475,390360.0,297310.0,2928.0,3323.0
ORI,67.31104420852479,950900.0,1210225.0,1904.0,1806.0
FLGT,67.29519885913484,177860.0,308135.0,3694.0,3297.0
PDEX,67.2793535097449,74000.0,84710.0,4424.0,4414.0
AZZ,67.26350816035493,210120.0,241295.0,3530.0,3530.0
BMRC,67.24766281096498,145400.0,151970.0,3892.0,3948.0
LYTS,67.23181746157503,287220.0,239980.0,3218.0,3537.0
NOC,67.21597211218507,611780.0,701990.0,2429.0,2446.0
FAF,67.20012676279512,592220.0,732315.0,2472.0,2392.0
EL,67.18428141340517,2722240.0,2367780.0,860.0,1106.0
EPAC,67.16843606401521,221980.0,370220.0,3477.0,3129.0
AVAV,67.15259071462526,1071100.0,1217995.0,1770.0,1798.0
EPSM,67.1367453652353,11460.0,16200.0,5501.0,5414.5
VOD,67.12090001584535,3083860.0,4388555.0,756.0,625.0
HBM,67.1050546664554,4632440.0,5066510.0,510.0,533.0
CTO,67.08920931706544,296420.0,341465.0,3190.0,3195.0
SM,67.07336396767549,3525580.0,3788150.0,659.0,715.0
FOUR-PA,67.05751861828554,92474.0,75045.65,4281.0,4490.0
MPLX,67.04167326889558,1198080.0,1620345.0,1638.0,1496.0
WGO,67.02582791950562,468000.0,467245.0,2725.0,2867.0
RNR,67.00998257011567,235140.0,298530.0,3424.0,3317.0
WABC,66.99413722072572,119320.0,135640.0,4068.0,4047.0
PZG,66.97829187133576,762100.0,507700.0,2160.0,2780.0
ONEW,66.96244652194581,84780.0,115290.0,4348.0,4196.0
AURA,66.94660117255586,1428180.0,675350.0,1439.0,2497.0
MRM,66.9307558231659,16280.0,42000.0,5344.0,4903.0
AU,66.91491047377595,1596040.0,2547365.0,1331.0,1032.0
GNE,66.899065124386,59580.0,72975.0,4593.0,4507.0
BURL,66.88321977499604,926900.0,710305.0,1943.0,2428.0
XOM,66.86737442560609,13159560.0,14278440.0,163.0,153.0
NCEL,66.85152907621614,14000.0,11310.0,5414.5,5582.0
GRRR,66.83568372682618,1124700.0,934040.0,1713.0,2105.0
SNDA,66.81983837743623,401460.0,460130.0,2895.0,2888.0
OFS,66.80399302804628,35220.0,54505.0,4914.0,4717.0
PMTRU,66.78814767865632,0.0,50.0,6287.0,6250.0
UHS,66.77230232926637,664280.0,957045.0,2328.0,2068.0
CMDB,66.7564569798764,68580.0,71280.0,4487.0,4526.0
MOB,66.74061163048646,162340.0,106100.0,3783.0,4256.0
SPXX,66.7247662810965,238000.0,219775.0,3414.0,3611.0
YTRA,66.70892093170654,41140.0,31405.0,4811.0,5070.5
AOS,66.69307558231658,996480.0,1600150.0,1842.0,1509.0
AVR,66.67723023292663,634440.0,870705.0,2394.0,2192.0
SYY,66.66138488353668,2658280.0,3621210.0,879.0,735.0
FCX,66.64553953414672,9197880.0,12792925.0,248.0,174.0
AGNC,66.62969418475677,13173040.0,19182545.0,162.0,118.0
DSGX,66.61384883536682,498380.0,489610.0,2658.0,2823.0
LXP-PC,66.59800348597686,2289.0,3862.4,5973.0,5945.0
XYF,66.58215813658691,46820.0,45720.0,4730.0,4839.5
VTOL,66.56631278719696,184840.0,200705.0,3661.0,3702.0
LPG,66.550467437807,502980.0,608810.0,2651.0,2602.0
BAFN,66.53462208841705,23620.0,26090.0,5158.0,5175.0
ALLT,66.5187767390271,420300.0,265885.0,2838.0,3435.0
FSV,66.50293138963714,228760.0,243100.0,3458.0,3522.0
EQ,66.48708604024719,530720.0,531915.0,2589.0,2737.0
ONCY,66.47124069085723,750080.0,814475.0,2184.0,2275.0
PEBK,66.45539534146728,24860.0,46250.0,5137.0,4835.5
TSLX,66.43954999207733,462280.0,492550.0,2737.0,2811.0
ADEA,66.42370464268737,1004503.8,1173567.3,1829.0,1839.0
ENSG,66.40785929329742,277100.0,395630.0,3257.0,3066.0
SPGI,66.39201394390747,1805520.0,2109865.0,1217.0,1210.0
ALG,66.37616859451751,177900.0,140730.0,3693.0,4008.0
WCN,66.36032324512755,960120.0,1328205.0,1895.5,1702.0
DPZ,66.3444778957376,563080.0,787220.0,2535.0,2315.0
SRPT,66.32863254634765,1955380.0,2866515.0,1140.0,920.0
OPK,66.31278719695769,2276560.0,4767190.0,1013.0,573.0
UNM,66.29694184756774,1146760.0,1545540.0,1687.0,1547.0
FOX,66.28109649817779,783020.0,1097865.0,2137.0,1906.0
FUL,66.26525114878783,741600.0,670210.0,2197.0,2502.0
IGD,66.24940579939788,247220.0,266795.0,3369.0,3430.0
LB,66.23356045000793,285620.0,315885.0,3227.0,3272.0
EOG,66.21771510061797,2264520.0,2865965.0,1019.0,921.0
BZUN,66.20186975122802,133360.0,211320.0,3970.0,3650.0
GRF,66.18602440183807,460.0,2385.0,6151.5,6029.0
BBSI,66.1701790524481,257380.0,292005.0,3328.5,3336.0
IGA,66.15433370305816,103940.0,72265.0,4199.0,4515.0
WTFC,66.13848835366821,546900.0,606910.0,2570.0,2607.0
TOL,66.12264300427825,1043300.0,845570.0,1796.0,2236.0
CZR,66.1067976548883,6273520.0,4041820.0,367.0,686.0
CQP,66.09095230549833,108820.0,133010.0,4153.0,4070.0
GPUS-PD,66.07510695610839,5179.0,3512.45,5794.0,5963.0
TEM,66.05926160671844,3208320.0,4679080.0,727.0,587.0
CRSP,66.04341625732847,946240.0,1384470.0,1917.0,1654.0
CVI,66.02757090793851,660520.0,956615.0,2337.0,2069.0
LNTH,66.01172555854856,1501880.0,2056495.0,1395.0,1236.0
CYRX,65.99588020915861,400900.0,543205.0,2896.0,2717.0
TWN,65.98003485976865,19420.0,32560.0,5246.0,5056.0
ADAMN,65.9641895103787,15340.0,7870.0,5368.0,5729.5
STOK,65.94834416098875,594680.0,774645.0,2469.0,2331.0
AFG,65.93249881159879,328420.0,370970.0,3090.0,3125.0
TORO,65.91665346220884,17840.0,23845.0,5294.0,5229.0
NDSN,65.9008081128189,391040.0,314610.0,2921.0,3274.0
KEY,65.88496276342893,8666400.0,9237660.0,261.0,262.0
CVR,65.86911741403898,1720.0,2460.0,6017.0,6021.0
GWW,65.85327206464903,198460.0,288085.0,3587.0,3353.0
IAUX,65.83742671525907,9545180.0,10242600.0,236.0,233.0
AROW,65.82158136586912,100740.0,88225.0,4222.0,4385.0
BAM,65.80573601647916,3016700.0,2785365.0,769.0,947.0
MELI,65.78989066708921,437200.0,456040.0,2791.0,2896.0
UBCP,65.77404531769926,2980.0,3040.0,5931.0,5983.0
MCRI,65.7581999683093,107220.0,120435.0,4169.5,4156.0
ONIT,65.74235461891935,61500.0,62060.0,4559.0,4629.0
CAPL,65.7265092695294,87080.0,56270.0,4328.0,4703.0
EBMT,65.71066392013944,28660.0,37585.0,5054.5,4968.0
WTTR,65.69481857074948,1044960.0,1874045.0,1794.0,1317.0
DGICA,65.67897322135953,100160.0,117060.0,4227.0,4181.0
BELFB,65.66312787196958,156700.0,255605.0,3822.0,3477.0
PSA,65.64728252257962,647560.0,1047245.0,2368.0,1953.0
DDS,65.63143717318967,167440.0,151795.0,3763.0,3950.5
SCWO,65.61559182379972,95340.0,58475.0,4256.5,4668.0
KRC,65.59974647440976,1195380.0,1313345.0,1639.0,1712.0
SOHU,65.5839011250198,95440.0,49995.0,4254.0,4780.0
FWRG,65.56805577562986,1123760.0,1234280.0,1714.5,1784.0
CLIR,65.5522104262399,13620.0,14620.0,5426.5,5452.0
RVP,65.52844240215497,65800.0,27190.0,4511.0,5165.0
REI,65.52844240215497,2845640.0,3361490.0,823.0,784.0
AON,65.50467437807004,754280.0,1270910.0,2179.0,1748.0
SHEL,65.48882902868009,4363776.8,6451278.1,542.0,415.0
DEO,65.47298367929014,922980.0,1375420.0,1952.0,1661.0
MG,65.45713832990018,243240.0,191130.0,3390.0,3751.0
ACNT,65.44129298051023,49640.0,57725.0,4692.5,4675.0
PPG,65.42544763112026,1223940.0,1910815.0,1616.0,1302.0
STE,65.40960228173032,637460.0,758015.0,2385.0,2351.0
AI,65.39375693234037,4153140.0,4754300.0,573.0,575.0
CRI,65.3779115829504,791920.0,998805.0,2125.0,2025.0
JBHT,65.36206623356044,902700.0,896485.0,1981.0,2156.0
WVVIP,65.34622088417049,50280.0,17860.0,4686.0,5369.0
FUND,65.33037553478054,31600.0,26475.0,4995.0,5171.0
THQ,65.31453018539058,121560.0,148980.0,4048.0,3971.0
KLAC,65.29868483600063,10171380.0,11849300.0,223.0,197.0
HAFC,65.28283948661068,173120.0,265660.0,3718.0,3436.0
HYNE,65.26699413722072,19460.0,10030.0,5245.0,5631.0
OPXS,65.25114878783077,30400.0,30335.0,5020.5,5098.0
YPF,65.23530343844082,1209600.0,1139990.0,1628.0,1869.0
LGL,65.21945808905086,10440.0,8480.0,5536.5,5703.0
JAZZ,65.20361273966091,505520.0,790990.0,2645.0,2310.0
SVRA,65.18776739027096,1483320.0,1720085.0,1409.0,1421.0
PLNT,65.171922040881,2150600.0,2293710.0,1064.0,1131.0
SYK,65.15607669149105,2474880.0,2408320.0,952.0,1081.0
WAFD,65.14023134210109,446100.0,538700.0,2771.0,2724.0
VZLA,65.12438599271114,4388680.0,5170890.0,537.0,519.0
AN,65.10854064332119,287420.0,451610.0,3216.0,2909.0
NREF-PA,65.09269529393123,5014.2,2619.65,5805.0,6004.0
ESTA,65.07684994454128,472900.0,544865.0,2712.0,2713.0
DMA,65.06100459515133,19760.0,19450.0,5238.0,5338.0
BSRR,65.04515924576137,59980.0,67950.0,4585.5,4558.0
GSL,65.0293138963714,386220.0,372350.0,2932.0,3122.0
SGRY,65.01346854698146,2347220.0,1991860.0,992.0,1264.0
EE,64.99762319759151,273900.0,317910.0,3272.0,3264.0
PSO,64.98177784820155,743240.0,780605.0,2193.0,2325.0
CALM,64.9659324988116,631720.0,914020.0,2398.0,2135.0
RCG,64.95008714942165,6800.0,4855.0,5714.0,5882.0
DDI,64.93424180003169,169740.0,101515.0,3744.0,4289.0
BLLN,64.91839645064174,570480.0,821495.0,2513.0,2271.0
BLCO,64.90255110125179,374460.0,426855.0,2964.0,2986.0
PRAX,64.88670575186183,374720.0,424570.0,2961.0,2990.0
BATRA,64.87086040247188,67940.0,68940.0,4491.0,4546.0
CSWC,64.85501505308193,590660.0,699420.0,2476.0,2450.0
RDDT,64.83916970369197,14951080.0,8953985.0,143.0,274.0
VALU,64.82332435430202,3120.0,3320.0,5920.5,5972.0
FELE,64.80747900491207,190900.0,290860.0,3628.0,3343.0
CEV,64.7916336555221,20740.0,28675.0,5220.5,5129.0
MUSA,64.77578830613216,213360.0,297035.0,3517.0,3324.0
KHC,64.7599429567422,11687940.0,15118805.0,190.0,146.0
SBGI,64.74409760735224,421420.0,543275.0,2832.0,2716.0
SNDK,64.7282522579623,18314580.0,17306635.0,114.0,129.0
PFX,64.71240690857233,2580.0,22580.0,5957.5,5260.0
GAM,64.69656155918237,9760.0,17720.0,5563.0,5374.0
ETG,64.68071620979242,132380.0,107395.0,3979.0,4245.0
BUDA,64.66487086040247,18940.0,21080.0,5258.0,5295.0
VOYG,64.64902551101251,1670540.0,1666410.0,1298.0,1457.0
OZK,64.63318016162256,979760.0,1084530.0,1870.0,1920.0
BANX,64.61733481223261,37740.0,35115.0,4877.0,5010.0
WMS,64.60148946284265,826960.0,744235.0,2083.0,2380.0
MEGL,64.5856441134527,9120.0,13750.0,5596.5,5483.0
GS,64.56979876406275,1622260.0,1874570.0,1321.0,1316.0
FLO,64.55395341467279,4540380.0,5282895.0,519.0,508.0
RMD,64.53810806528284,1302720.0,1440955.0,1533.0,1614.0
OTTR,64.5222627158929,191480.0,230625.0,3625.0,3563.0
LLYVK,64.50641736650293,274020.0,291545.0,3270.0,3338.0
STEW,64.49057201711298,57220.0,79125.0,4611.0,4458.0
OSIS,64.47472666772302,153240.0,152925.0,3843.0,3938.0
RWAY,64.45888131833307,677260.0,617475.0,2309.0,2589.0
AEM,64.44303596894312,2943840.0,2983045.0,787.0,879.0
STRW,64.42719061955316,33320.0,50040.0,4960.0,4779.0
TCPC,64.41134527016321,630940.0,793610.0,2400.0,2306.0
ARL,64.39549992077326,9520.0,12380.0,5577.0,5538.0
JOE,64.3796545713833,177760.0,203975.0,3697.0,3684.0
SONO,64.36380922199334,1682440.0,1956670.0,1290.0,1276.0
ARLO,64.34796387260339,1351080.0,1400475.0,1500.0,1635.0
WBD,64.33211852321344,20821960.0,22291885.0,97.0,97.0
IPHA,64.31627317382348,190540.0,415690.0,3633.0,3012.0
SNDR,64.30042782443353,516100.0,783255.0,2616.0,2322.0
GDOT,64.28458247504358,448280.0,403915.0,2767.0,3038.0
ROLR,64.26873712565362,125460.0,76860.0,4015.0,4476.0
TCBS,64.25289177626367,1260.0,770.0,6063.0,6153.0
MCI,64.23704642687372,57300.0,34600.0,4610.0,5020.0
PFE,64.22120107748376,31004720.0,39398225.0,51.0,38.0
HCM,64.2053557280938,99700.0,56565.0,4231.0,4699.0
BSM,64.18951037870386,445520.0,466305.0,2773.0,2870.0
HUBB,64.1736650293139,427342.2,620712.5,2820.0,2583.0
ARCC,64.15781967992395,3857660.0,4390960.0,614.0,624.0
SKIL,64.141974330534,37980.0,50380.0,4873.0,4775.0
DTSQU,64.12612898114403,0.0,5.0,6287.0,6270.0
BGR,64.11028363175409,67060.0,78200.0,4500.0,4466.0
EOT,64.09443828236412,30560.0,24330.0,5015.5,5216.0
BRK-A,64.07859293297417,140.0,160.0,6207.0,6227.5
EXG,64.06274758358423,469100.0,447805.0,2721.0,2923.0
INDV,64.04690223419426,2051000.0,2401745.0,1106.0,1085.0
GDV,64.0310568848043,70740.0,79915.0,4464.0,4450.0
BHP,64.01521153541435,2919920.0,2554305.0,794.0,1029.0
HCA,63.999366186024396,1128840.0,1388185.0,1707.0,1649.0
PLUS,63.98352083663445,190800.0,259200.0,3631.0,3461.0
CHMI-PB,63.96767548724449,2313.4,2039.5,5972.0,6057.0
AMH,63.951830137854536,1932340.0,2205180.0,1155.0,1175.0
FSBW,63.93598478846458,14000.0,21305.0,5414.5,5289.0
PBH,63.92013943907463,568500.0,561880.0,2517.0,2677.0
EMO,63.904294089684676,33540.0,34955.0,4951.0,5012.0
WBI,63.88844874029472,526800.0,592105.0,2597.0,2633.0
XYL,63.87260339090477,1566720.0,1851240.0,1353.0,1332.0
IIPR-PA,63.856758041514816,16547.0,31249.3,5335.0,5072.0
KCHVU,63.84091269212486,0.0,55.0,6287.0,6247.0
OKE,63.82506734273491,3704900.0,3953645.0,635.0,694.0
EIX,63.809221993344956,3301820.0,3491195.0,701.0,758.0
VOC,63.793376643955,187500.0,182760.0,3650.0,3786.0
BRK-B,63.77753129456505,4289840.0,4296120.0,552.0,639.0
ADX,63.761685945175095,252740.0,319540.0,3348.0,3259.0
FDX,63.74584059578514,1560440.0,1524420.0,1355.0,1559.0
ASTH,63.72999524639519,477780.0,565900.0,2696.0,2672.0
SSRM,63.714149897005235,2020640.0,3011015.0,1120.0,872.0
DOMO,63.69830454761527,647580.0,2772895.0,2367.0,952.0
CPS,63.68245919822532,198660.0,204215.0,3586.0,3680.0
VG,63.66661384883536,15344960.0,15175555.0,139.0,144.0
LUXE,63.65076849944541,154340.0,138315.0,3836.0,4028.0
FMS,63.63492315005546,583620.0,795655.0,2491.0,2302.0
BMI,63.6190778006655,379300.0,501210.0,2945.0,2792.0
HSHP,63.603232451275545,430120.0,323180.0,2813.0,3253.0
MIY,63.5873871018856,53680.0,65630.0,4647.0,4582.0
VHC,63.57154175249564,17360.0,16985.0,5316.0,5396.0
FBIO,63.555696403105685,973080.0,748855.0,1876.0,2367.0
BOE,63.539851053715736,107380.0,101735.0,4167.0,4286.0
GDDY,63.52400570432578,2057220.0,2237210.0,1101.0,1156.0
MAPS,63.508160354935825,126460.0,338615.0,4009.5,3204.0
BATRK,63.492315005545876,634540.0,563155.0,2393.0,2675.0
ETW,63.47646965615592,311740.0,297330.0,3138.0,3322.0
IAF,63.460624306765965,14700.0,14610.0,5391.0,5453.0
AFRI,63.444778957376016,8660.0,14090.0,5615.5,5467.0
WALD,63.42893360798606,147420.0,332900.0,3876.0,3218.0
IIM,63.413088258596105,104260.0,89775.0,4196.0,4375.0
CURB,63.397242909206156,971080.0,1189690.0,1879.0,1825.0
FUSB,63.3813975598162,7580.0,6470.0,5671.5,5799.0
GOODN,63.36555221042624,1600.0,2545.0,6024.5,6013.0
UTL,63.34970686103628,92180.0,99150.0,4287.0,4307.0
CB,63.333861511646326,1717320.0,1832575.0,1264.0,1345.0
GRWG,63.31801616225638,1331820.0,546500.0,1511.0,2710.0
BEPI,63.30217081286642,14600.0,32370.0,5396.0,5061.0
CCEC,63.286325463476466,7820.0,10860.0,5652.5,5600.0
WRBY,63.27048011408651,2264780.0,2725780.0,1018.0,969.0
ALXO,63.25463476469656,1111460.0,1083800.0,1730.0,1921.0
EGAN,63.238789415306606,83540.0,113640.0,4357.0,4210.0
ESE,63.22294406591665,200340.0,196770.0,3574.0,3721.0
FANG,63.2070987165267,1246620.0,1823180.0,1589.0,1356.0
HTH,63.191253367136746,192400.0,245550.0,3620.0,3513.0
APD,63.17540801774679,661320.0,1003540.0,2334.5,2019.0
WOR,63.15956266835684,216300.0,201570.0,3503.0,3699.0
SGC,63.143717318966885,53100.0,64860.0,4650.0,4597.0
NMRK,63.12787196957693,1068080.0,1379030.0,1771.0,1659.0
UMH,63.11202662018698,738700.0,630940.0,2201.0,2568.0
CMCSA,63.096181270797025,21525760.0,30295550.0,90.0,62.0
GRAL,63.08033592140707,567440.0,696115.0,2520.0,2460.0
IQI,63.06449057201712,198240.0,154985.0,3589.0,3922.0
BL,63.048645222627165,1185380.0,1194340.0,1652.0,1821.0
UNB,63.0327998732372,5380.0,8165.0,5783.0,5717.0
RIVN,63.01695452384725,22107480.0,23447260.0,85.0,90.0
ITRG,63.00110917445729,3118180.0,3060655.0,745.0,853.0
NSA-PB,62.98526382506734,,,,
NICE,62.96941847567739,563780.0,697310.0,2531.0,2457.0
SELF,62.95357312628743,31760.0,28920.0,4993.0,5122.0
REZI,62.937727776897475,4715900.0,2676723.55,499.0,987.0
CHMI-PA,62.921882427507526,2199.4,2544.8,5981.0,6014.0
AOMR,62.90603707811757,142060.0,100935.0,3919.0,4296.0
KYN,62.890191728727615,310320.0,317290.0,3144.0,3266.0
OXSQ,62.874346379337666,2405600.0,1761035.0,973.0,1389.0
PW-PA,62.85850102994771,60.0,98.5,6227.5,6242.0
BLIN,62.842655680557755,114040.0,66870.0,4115.0,4569.0
JOB,62.826810331167806,954500.0,332750.0,1900.0,3220.0
HAS,62.81096498177785,1425880.0,1908965.0,1442.0,1304.0
ETO,62.795119632387895,17600.0,30740.0,5301.5,5086.0
NWPX,62.779274282997946,114720.0,198225.0,4111.0,3709.0
PCG-PX,62.76342893360799,348869.8,197866.75,3040.0,3713.0
PBI,62.747583584218035,1276780.0,1722075.0,1556.0,1419.0
BCX,62.731738234828086,122660.0,157065.0,4037.0,3901.0
EEA,62.71589288543813,1800.0,14145.0,6012.5,5465.0
HLN,62.70004753604817,5420360.0,10400135.0,435.0,230.0
WPM,62.68420218665821,1690840.0,1890770.0,1282.0,1308.0
YUMC,62.668356837268256,1213660.0,1549875.0,1623.0,1544.0
ENOV,62.65251148787831,985240.0,1212215.0,1861.0,1801.0
RSG,62.63666613848835,1303320.0,1402720.0,1532.0,1630.0
SCD,62.620820789098396,76640.0,80060.0,4406.0,4447.0
BF-B,62.60497543970844,1581660.0,2096460.0,1345.5,1217.0
CHNR,62.58913009031849,32860.0,45685.0,4971.0,4842.0
TIPT,62.573284740928536,207240.0,219310.0,3541.0,3613.0
GRBK,62.55743939153858,187560.0,209600.0,3649.0,3657.0
VRSK,62.54159404214863,1174380.0,1675135.0,1661.0,1452.0
LUV,62.525748692758675,3644120.0,5236525.0,642.0,512.0
ESLT,62.50990334336872,79400.0,84585.0,4386.0,4415.0
EURK,62.49405799397877,0.0,5060.0,6287.0,5870.0
SKYT,62.478212644588815,0.0,585192.85,6287.0,2643.0
INEO,62.46236729519886,16500.0,117015.0,5337.5,4182.0
BRLT,62.44652194580891,143400.0,156575.0,3907.5,3905.0
CCL,62.430676596418955,12859920.0,17966595.0,169.0,125.0
PGR,62.414831247029,2786160.0,2383255.0,840.0,1099.0
BCO,62.39898589763905,385280.0,545800.0,2934.0,2711.0
PGNY,62.383140548249095,1040040.0,1151585.0,1801.0,1861.0
SIG,62.36729519885913,512380.0,629785.0,2628.0,2571.0
BGSF,62.35144984946918,6160.0,8995.0,5746.0,5673.0
CACC,62.33560450007922,94980.0,122860.0,4261.0,4140.0
FDUS,62.31975915068927,341260.0,344990.0,3064.0,3185.0
OTEX,62.303913801299316,1499340.0,1917020.0,1396.0,1299.0
AKO-B,62.28806845190936,5100.0,5085.0,5799.5,5868.0
JCE,62.272223102519405,32840.0,38175.0,4973.0,4957.0
TXO,62.256377753129456,309900.0,178595.0,3145.0,3811.0
LLYVA,62.2405324037395,196160.0,146705.0,3602.0,3979.0
EEFT,62.224687054349545,552120.0,743310.0,2560.0,2382.0
DOC,62.208841704959596,3844380.0,5753230.0,617.0,464.0
ABCB,62.19299635556964,261300.0,426875.0,3314.0,2985.0
OCFC,62.177151006179685,962220.0,938280.0,1889.0,2097.0
VEL,62.161305656789736,99680.0,108140.0,4232.0,4241.0
AM,62.14546030739978,2640800.0,2527755.0,884.0,1042.0
PROV,62.129614958009824,17540.0,10595.0,5306.0,5609.5
WRB,62.113769608619876,1316460.0,1673470.0,1524.0,1453.0
STRA,62.09792425922992,257660.0,316540.0,3326.0,3269.0
MXC,62.082078909839964,17740.0,14375.0,5297.0,5459.0
SLNHP,62.066233560450016,6840.0,7145.0,5711.0,5762.0
WDS,62.05038821106006,403720.0,630760.0,2888.0,2569.0
USA,62.0345428616701,1260460.0,1389515.0,1573.0,1648.0
IAE,62.01869751228014,34280.0,34595.0,4938.0,5021.5
MKLYU,62.002852162890186,200.0,8150.0,6195.5,5721.0
KOPN,61.98700681350024,4875200.0,4545520.0,483.0,606.0
ASGI,61.97116146411028,191640.0,157115.0,3623.0,3900.0
SHO-PH,61.955316114720326,12466.8,7438.7,5468.0,5749.0
BSY,61.93947076533037,2423280.0,2870085.0,969.0,917.0
CGBD,61.92362541594042,587320.0,621770.0,2480.0,2582.0
MCY,61.907780066550465,212060.0,290245.0,3525.5,3345.0
CHR,61.89193471716051,29500.0,53900.0,5042.0,4725.0
FE,61.87608936777056,3422100.0,4536485.0,675.0,610.0
TBN,61.860244018380605,91600.0,118375.0,4290.0,4167.0
SONY,61.84439866899065,4431980.0,5585030.0,529.0,474.0
SA,61.8285533196007,635180.0,601520.0,2391.0,2622.0
FSCO,61.812707970210745,948820.0,861110.0,1908.0,2210.0
INDI,61.79686262082079,12396940.0,7501850.0,180.0,342.0
ZYME,61.78101727143084,530680.0,462340.0,2590.0,2883.0
PEB-PH,61.765171922040885,7495.2,7625.1,5679.0,5739.0
CDE,61.74932657265093,38803120.0,38812225.0,32.0,40.0
JRS,61.73348122326098,42240.0,65700.0,4794.5,4580.0
DKL,61.717635873871025,524120.0,204175.0,2601.0,3681.0
SHO-PI,61.70179052448106,4599.6,4151.5,5833.0,5933.0
HL,61.685945175091106,45052560.0,38494960.0,24.0,41.0
UPS,61.67009982570115,4381000.0,5467990.0,539.0,481.0
CZWI,61.6542544763112,37260.0,48615.0,4895.0,4801.0
ES,61.638409126921246,1879420.0,2333875.0,1190.0,1124.0
RLGT,61.62256377753129,86200.0,104415.0,4336.0,4270.0
FINW,61.606718428141335,23160.0,29260.0,5163.5,5116.0
TIGO,61.590873078751386,1243140.0,1521575.0,1594.0,1561.0
CASY,61.57502772936143,266420.0,288570.0,3298.0,3349.0
VMC,61.559182379971475,683220.0,1035275.0,2300.0,1968.0
RGLD,61.543337030581526,703340.0,744720.0,2264.0,2379.0
VTR,61.52749168119157,2771860.0,3464180.0,843.0,761.0
CHDN,61.511646331801614,786500.0,1131610.0,2133.0,1877.0
ESS,61.495800982411666,356180.0,433070.0,3021.0,2964.0
IVR-PC,61.47995563302171,8681.8,15399.25,5613.0,5438.0
ALLO,61.464110283631754,4856720.0,5931375.0,486.0,448.0
PAHC,61.448264934241806,132440.0,179300.0,3978.0,3806.0
BYD,61.43241958485185,678680.0,945340.0,2308.0,2086.0
CWCO,61.416574235461894,88160.0,87025.0,4319.0,4394.0
EOD,61.400728886071946,45180.0,91080.0,4753.0,4366.0
SPXC,61.38488353668199,376880.0,491855.0,2954.0,2814.5
BF-A,61.36903818729203,76220.0,128765.0,4409.0,4094.0
EXK,61.35319283790207,8480520.0,8018010.0,271.0,313.0
NMAI,61.337347488512115,66300.0,82725.0,4505.0,4429.0
LTC,61.32150213912217,510360.0,518965.0,2634.0,2755.0
TT,61.30565678973221,666980.0,1156725.0,2322.0,1854.0
IGIC,61.289811440342255,78840.0,108335.0,4388.0,4240.0
RELX,61.2739660909523,1951260.0,2705435.0,1143.0,975.0
LANDO,61.25812074156235,8960.0,15690.0,5605.0,5427.0
RNST,61.242275392172395,599860.0,572120.0,2456.0,2664.0
AEAQU,61.22643004278244,0.0,5.0,6287.0,6270.0
BWLP,61.21058469339249,250460.0,279765.0,3353.0,3383.0
FURY,61.194739344002535,248760.0,217435.0,3359.0,3626.0
ASG,61.17889399461258,159020.0,283210.0,3803.5,3371.0
OTF,61.16304864522263,2936340.0,2850630.0,788.0,928.0
OKUR,61.147203295832675,140420.0,134345.0,3936.5,4061.0
DBRG-PJ,61.13135794644272,64781.8,32380.85,4523.0,5060.0
ENIC,61.11551259705277,409700.0,520410.0,2872.0,2751.0
FGNX,61.099667247662815,96720.0,119620.0,4242.0,4159.0
IHG,61.08382189827286,257380.0,275290.0,3328.5,3403.0
ZWS,61.06797654888291,670840.0,962945.0,2318.0,2065.0
RXST,61.052131199492955,674460.0,878150.0,2313.0,2182.0
ANGH,61.03628585010299,28140.0,36355.0,5065.5,4990.0
FLG-PA,61.020440500713036,22924.4,27240.7,5168.0,5162.0
BXSL,61.00459515132308,1544780.0,1684905.0,1367.0,1448.0
PRME,60.98874980193313,1534940.0,2364400.0,1374.0,1107.0
HLX,60.972904452543176,1239500.0,1493870.0,1600.0,1580.0
AAL,60.95705910315322,45509400.0,61298000.0,23.0,15.0
ARLP,60.941213753763265,437860.0,409905.0,2789.0,3024.0
BANFP,60.925368404373316,340.0,795.0,6170.0,6149.5
BOOM,60.90952305498336,94800.0,231030.0,4262.0,3562.0
SMP,60.893677705593404,113320.0,135445.0,4120.0,4050.0
GAMB,60.877832356203456,357165.8,,3017.0,
TRIP,60.8619870068135,3004860.0,3624925.0,772.0,734.0
GPAT,60.846141657423544,0.0,22455.0,6287.0,5265.0
IGACR,60.830296308033596,100.0,2095.0,6216.5,6049.0
IFN,60.81445095864364,129220.0,133165.0,3994.5,4069.0
AFL,60.798605609253684,1599780.0,1932120.0,1327.0,1286.0
GOODO,60.782760259863736,7340.0,6115.0,5690.0,5824.0
FIGR,60.76691491047378,7201460.0,4047345.0,314.0,682.0
NVR,60.751069561083824,28460.0,33760.0,5057.5,5038.0
RVT,60.735224211693875,178320.0,215915.0,3690.0,3632.0
VGM,60.71937886230392,155540.0,136155.0,3831.5,4045.0
LINE,60.703533512913964,723660.0,1053600.0,2229.5,1945.0
BANF,60.687688163524,95340.0,128250.0,4256.5,4096.0
LEDS,60.671842814134045,47940.0,86230.0,4713.0,4403.0
ROG,60.6559974647441,190420.0,238090.0,3634.0,3539.0
LE,60.64015211535414,146940.0,189150.0,3880.0,3760.0
PGZ,60.624306765964185,24700.0,17645.0,5141.0,5378.0
GGN,60.60846141657423,489920.0,538465.0,2672.0,2725.0
ACHR,60.59261606718428,44021720.0,41297160.0,25.0,33.0
SHO,60.576770717794325,2369700.0,2619645.0,983.0,1006.0
INGR,60.56092536840437,567080.0,678160.0,2521.0,2493.0
ARAY,60.54508001901442,878260.0,1455585.0,2010.0,1604.0
TRNO,60.529234669624465,583820.0,674710.0,2490.0,2498.0
ETV,60.51338932023451,169820.0,152285.0,3742.0,3944.0
ALK,60.49754397084456,2272780.0,2795560.0,1015.0,944.0
RELL,60.481698621454605,173600.0,402360.0,3715.0,3045.0
POOL,60.46585327206465,614640.0,851215.0,2425.0,2226.0
EPR-PC,60.4500079226747,6794.4,4491.45,5715.0,5913.0
CPZ,60.434162573284745,42000.0,69415.0,4800.0,4539.0
SWX,60.41831722389479,373460.0,465320.0,2967.0,2874.0
NTHI,60.40247187450484,569340.0,233915.0,2515.0,3549.0
VGZ,60.386626525114885,970180.0,1203285.0,1880.0,1812.0
BGH,60.37078117572493,82020.0,80000.0,4370.0,4449.0
BTU,60.354935826334966,1945660.0,2521090.0,1148.0,1045.0
FNV,60.33909047694501,736520.0,777190.0,2205.0,2328.0
GTENU,60.32324512755506,40.0,215.0,6234.5,6222.0
HAVAU,60.307399778165106,0.0,470.0,6287.0,6188.0
SOTK,60.29155442877515,24160.0,36745.0,5149.0,4983.0
ADT,60.275709079385194,7291040.0,8031290.0,311.0,311.0
EVTV,60.259863729995246,,,,
BOSC,60.23609570591032,17320.0,27920.0,5319.0,5143.0
ERC,60.23609570591032,31820.0,53925.0,4991.0,4724.0
BKU,60.212327681825386,481920.0,910605.0,2688.0,2139.0
RMI,60.19648233243543,6880.0,25250.0,5709.5,5196.0
GATX,60.180636983045474,164080.0,219550.0,3776.0,3612.0
NFBK,60.164791633655526,0.0,,6287.0,
PAGP,60.14894628426557,1676860.0,1620150.0,1292.0,1497.0
ICE,60.133100934875614,2458940.0,4114450.0,959.0,667.0
ACB,60.117255585485665,2513520.0,1847185.0,937.0,1336.0
APG,60.10141023609571,2347900.0,2904430.0,989.0,906.0
CWST,60.085564886705754,343260.0,587925.0,3055.0,2637.0
OLP,60.069719537315805,77560.0,93070.0,4399.0,4350.0
CNCK,60.05387418792585,12460.0,156045.0,5470.0,3908.0
PFN,60.038028838535894,333420.0,346400.0,3081.0,3180.0
EG,60.02218348914593,264180.0,340815.0,3306.0,3196.0
VPV,60.006338139755975,36080.0,29490.0,4906.0,5112.0
NSSC,59.99049279036603,220460.0,252830.0,3489.0,3491.0
GTEN,59.97464744097607,2440.0,75695.0,5968.5,4485.0
RAVE,59.958802091586115,26180.0,25940.0,5105.0,5180.0
YHGJ,59.94295674219616,1200.0,5000.0,6066.0,5872.0
RVSN,59.92711139280621,37660.0,18190.0,4880.5,5362.0
ATMU,59.911266043416255,815240.0,716780.0,2097.0,2422.0
EMD,59.8954206940263,199180.0,162760.0,3582.0,3879.0
RYET,59.87957534463635,21320.0,13815.0,5201.0,5482.0
L,59.863729995246395,624020.0,708170.0,2412.0,2433.0
RC-PE,59.84788464585644,5710.0,8623.65,5769.0,5696.0
UNH,59.83203929646649,3972460.0,4267060.0,593.0,643.0
THO,59.816193947076535,603920.0,573030.0,2446.0,2662.0
BLW,59.80034859768658,210480.0,129185.0,3529.0,4092.0
SABS,59.78450324829663,294400.0,458715.0,3197.5,2893.0
ALGN,59.768657898906675,764200.0,930050.0,2158.0,2114.0
OACCU,59.75281254951672,0.0,50.0,6287.0,6250.0
NVO,59.73696720012677,11462600.0,13592240.0,194.0,162.0
MAMO,59.721121850736814,28680.0,58385.0,5053.0,4670.0
CAPN,59.70527650134686,0.0,1780.0,6287.0,6080.0
AIO,59.689431151956896,63440.0,75835.0,4539.0,4484.0
PGACU,59.67358580256694,1107.8,276.95,6074.0,6213.0
PINE,59.65774045317699,82180.0,139355.0,4369.0,4020.0
WWD,59.641895103787036,442700.0,659545.0,2779.0,2522.0
CSQ,59.62604975439708,140600.0,185710.0,3935.0,3777.0
SQFTP,59.610204405007124,7360.0,4965.0,5687.5,5873.0
ADAMZ,59.594359055617176,8340.0,6615.0,5630.0,5789.5
DIOD,59.57851370622722,1176260.0,665490.0,1657.0,2508.0
WAL-PA,59.562668356837264,12046.4,21710.15,5477.0,5279.0
IMA,59.546823007447315,7300.0,9905.0,5692.5,5636.0
ACGL,59.53097765805736,1439760.0,1781270.0,1432.0,1375.0
SCHL,59.515132308667404,271780.0,391600.0,3279.0,3081.0
SRTA,59.499286959277455,691120.0,1120265.0,2288.0,1891.0
AIN,59.4834416098875,271800.0,325665.0,3278.0,3245.0
BC,59.467596260497544,694900.0,754640.0,2278.0,2355.0
JBS,59.451750911107595,5983600.0,6321645.0,388.0,422.0
SORNU,59.43590556171764,0.0,875.0,6287.0,6137.0
MNSBP,59.420060212327684,1340.0,845.0,6048.5,6143.5
SDHY,59.404214862937735,70720.0,54590.0,4465.0,4715.0
IVT,59.38836951354778,513840.0,607365.0,2621.0,2605.0
FPH,59.372524164157824,178600.0,196535.0,3688.0,3723.0
EPR,59.35667881476786,724680.0,763430.0,2225.0,2349.0
WAL,59.340833465377905,752600.0,955820.0,2180.0,2070.0
REXR,59.324988115987956,1923960.0,2831855.0,1160.0,934.0
WYNN,59.309142766598,1304460.0,1615840.0,1531.0,1500.0
CUBWU,59.293297417208045,0.0,5.0,6287.0,6270.0
LGI,59.27745206781809,19320.0,36495.0,5248.0,4987.0
SSD,59.26160671842814,239980.0,271530.0,3403.0,3413.0
REVB,59.245761369038185,35180.0,26295.0,4915.0,5174.0
SOR,59.22991601964823,9280.0,9450.0,5587.5,5657.0
ADAML,59.21407067025828,19220.0,13215.0,5251.0,5501.5
ADSK,59.198225320868325,1651800.0,2032480.0,1310.0,1247.0
SVAQU,59.18237997147837,60.0,30.0,6227.5,6257.5
BPYPP,59.16653462208842,9440.0,11265.0,5581.5,5585.0
FFA,59.150689272698465,38080.0,31095.0,4870.0,5079.0
WNEB,59.13484392330851,39760.0,52875.0,4833.0,4747.0
ASM,59.11899857391856,5173380.0,4094445.0,457.0,675.0
DYAI,59.103153224528604,284620.0,207415.0,3228.0,3667.0
DSACU,59.08730787513865,0.0,1110.0,6287.0,6120.0
REXR-PB,59.0714625257487,719.8,1998.95,6121.0,6062.0
WM,59.055617176358744,1822680.0,1981765.0,1210.0,1266.0
FFC,59.03977182696879,121120.0,92805.0,4052.0,4352.0
XFLT,59.023926477578826,71960.0,84140.0,4453.0,4421.0
JEF,59.00808112818887,1908580.0,1964055.0,1168.0,1272.0
GLIBA,58.99223577879892,38360.0,47755.0,4859.5,4812.0
WHLRD,58.976390429408966,140.0,405.0,6207.0,6192.0
PSTV,58.96054508001901,92437.8,,4282.0,
BANC,58.944699730629054,2059080.0,3689535.0,1098.0,728.0
BTSG,58.928854381239105,1910460.0,3050840.0,1167.0,860.0
IHD,58.91300903184915,58840.0,50670.0,4597.0,4770.0
NML,58.897163682459194,142560.0,152445.0,3915.0,3941.0
DEA,58.881318333069245,358620.0,366235.0,3013.0,3137.0
NOEM,58.86547298367929,0.0,9000.0,6287.0,5672.0
FFIV,58.849627634289334,498960.0,745325.0,2657.0,2376.0
NFG,58.833782284899385,467860.0,664530.0,2726.0,2512.0
SPRB,58.81793693550943,45080.0,48530.0,4754.0,4802.0
CTOS,58.802091586119474,842780.0,1036120.0,2052.0,1967.0
DX,58.786246236729525,4499400.0,5323345.0,523.0,500.0
SNGX,58.77040088733957,167600.0,218300.0,3760.5,3622.0
COLD,58.754555537949614,3025140.0,4014250.0,766.0,687.0
CPT,58.738710188559665,716400.0,880720.0,2244.0,2175.0
CET,58.72286483916971,33520.0,32065.0,4952.5,5063.0
HDL,58.70701948977975,300.0,645.0,6176.5,6168.0
TII,58.69117414038979,862700.0,390675.0,2031.0,3085.0
KMPB,58.675328790999835,5540.0,11505.0,5775.5,5569.0
TWO-PB,58.659483441609886,9239.8,30611.25,5590.0,5092.0
KGEI,58.64363809221993,209800.0,153735.0,3532.5,3934.0
ULTA,58.627792742829975,647640.0,570235.0,2366.0,2665.0
GAB,58.61194739344002,653060.0,683345.0,2355.0,2482.0
PTON,58.59610204405007,7432920.0,9162645.0,306.0,266.0
LKSPU,58.580256694660115,0.0,130.0,6287.0,6231.0
MZTI,58.56441134527016,274400.0,283990.0,3268.0,3368.0
QNRX,58.54856599588021,33380.0,18760.0,4958.0,5349.0
RFMZ,58.532720646490255,56700.0,51995.0,4616.5,4757.0
PEB-PG,58.5168752971003,2066.4,4927.1,5993.0,5878.0
GBCI,58.50102994771035,728080.0,1146110.0,2214.0,1864.0
SKK,58.485184598320394,2800.0,6615.0,5942.0,5789.5
GCV,58.46933924893044,68800.0,39885.0,4481.0,4933.0
PMM,58.45349389954049,126680.0,110470.0,4007.0,4226.0
CHD,58.437648550150534,1551920.0,1845935.0,1362.0,1339.0
THM,58.42180320076058,1024900.0,1353495.0,1814.0,1684.0
TBPH,58.40595785137063,364560.0,574900.0,2991.0,2659.0
NWN,58.390112501980674,199040.0,220520.0,3583.0,3607.0
CASH,58.37426715259072,156040.0,185955.0,3825.0,3775.0
LNN,58.358421803200756,91040.0,105985.0,4294.0,4257.0
CHKP,58.3425764538108,928380.0,1249290.0,1940.0,1769.0
INVH,58.32673110442085,2945220.0,4061910.0,786.0,678.0
JHI,58.310885755030895,6820.0,13600.0,5712.5,5490.0
KN,58.29504040564094,694240.0,1024280.0,2285.0,1983.0
YJ,58.279195056250984,191800.0,2845745.0,3622.0,929.0
SAFE,58.263349706861035,244200.0,277415.0,3384.5,3394.0
EPR-PG,58.24750435747108,2123.6,4694.25,5986.0,5900.0
BOOT,58.231659008081124,594620.0,752795.0,2470.0,2358.0
CATO,58.215813658691175,58780.0,71965.0,4598.0,4518.5
GNL-PB,58.19996830930122,3016.0,7474.25,5929.0,5745.0
ACEL,58.184122959911264,274180.0,278110.0,3269.0,3389.0
VKQ,58.168277610521315,210060.0,175950.0,3531.0,3817.0
WSBK,58.15243226113136,20740.0,8910.0,5220.5,5678.0
CBU,58.136586911741404,158880.0,230475.0,3807.0,3564.0
KOF,58.120741562351455,121780.0,137310.0,4046.0,4035.0
FSHP,58.1048962129615,17000.0,4250.0,5327.0,5928.0
HST,58.08905086357154,7650500.0,10133195.0,298.0,235.0
ELS,58.073205514181595,1320700.0,1609440.0,1519.0,1505.0
PTCT,58.05736016479164,791000.0,1205480.0,2126.0,1811.0
DFP,58.04151481540168,32400.0,43470.0,4982.0,4882.0
NBHC,58.02566946601172,398320.0,486825.0,2901.0,2830.0
UONEK,58.009824116621765,12020.0,9860.0,5480.0,5641.0
APO,57.993978767231816,3624540.0,3895315.0,644.0,702.0
TWO-PC,57.97813341784186,41003.4,35053.2,4814.0,5011.0
CRAQU,57.962288068451905,0.0,40.0,6287.0,6254.0
BEAGU,57.94644271906195,0.0,5.0,6287.0,6270.0
PCRX,57.930597369672,661640.0,730120.0,2332.0,2396.0
LANDP,57.914752020282044,24840.0,24265.0,5140.0,5220.5
TWO-PA,57.89890667089209,12497.0,15829.9,5467.0,5424.0
FSEA,57.88306132150214,1260.0,6740.0,6063.0,5783.0
VKI,57.867215972112184,53940.0,69645.0,4644.0,4538.0
DOUG,57.85137062272223,465080.0,350640.0,2735.0,3175.0
ELV,57.83552527333228,804240.0,1022080.0,2107.0,1988.0
GMED,57.819679923942324,1118140.0,1454600.0,1721.0,1605.0
OVLY,57.80383457455237,32760.0,28680.0,4974.0,5128.0
BTX,57.78798922516242,633580.0,519615.0,2396.0,2753.0
HIG,57.772143875772464,1120740.0,1572105.0,1718.0,1525.0
KD,57.75629852638251,3928960.0,4589740.0,601.0,599.0
PAA,57.74045317699256,2030360.0,2650360.0,1114.0,997.0
LKFN,57.724607827602604,199580.0,163430.0,3579.0,3873.0
AQST,57.70876247821265,5199980.0,3338940.0,454.0,791.0
GFI,57.6929171288227,3063220.0,3564910.0,761.0,747.0
CUBE,57.67707177943273,1900280.0,2253240.0,1178.0,1145.0
AOD,57.66122643004278,375340.0,438350.0,2958.0,2949.0
VMO,57.645381080652825,177180.0,182290.0,3699.5,3789.0
CNTB,57.62953573126287,457640.0,364030.0,2750.0,3143.0
MDGL,57.613690381872914,292340.0,390325.0,3203.0,3087.0
CLDT-PA,57.597845032482965,8807.6,11742.1,5611.0,5559.0
BLRKU,57.58199968309301,0.0,615.0,6287.0,6173.5
EXR,57.566154333703054,741940.0,1255850.0,2195.5,1765.0
MDIA,57.550308984313105,8140.0,14990.0,5635.0,5446.0
ALISU,57.53446363492315,0.0,120.0,6287.0,6234.5
GLO,57.518618285533194,80240.0,101235.0,4379.0,4293.0
ALLY,57.502772936143245,2456160.0,2956010.0,960.0,887.0
OBDC,57.48692758675329,4148000.0,4429220.0,576.0,620.0
GUT,57.47108223736333,170180.0,188410.0,3740.0,3762.0
MTDR,57.455236887973385,2192420.0,2421280.0,1048.0,1072.0
AAT,57.43939153858343,325300.0,418305.0,3099.0,3006.0
NTIP,57.42354618919347,14980.0,23995.0,5384.5,5226.0
TDG,57.407700839803525,310720.0,435175.0,3142.5,2956.0
PII,57.39185549041357,740760.0,864565.0,2198.5,2201.0
ASPN,57.37601014102361,941320.0,1767715.0,1923.0,1385.0
BNTX,57.360164791633665,696120.0,932375.0,2274.0,2110.0
WDC,57.344319442243695,8612860.0,8496000.0,266.0,295.0
PHUN,57.328474092853746,75320.0,96595.0,4412.0,4330.0
POR,57.31262874346379,1078240.0,1133825.0,1764.0,1874.0
TDAC,57.296783394073834,114900.0,68960.0,4109.0,4545.0
KODK,57.28093804468388,820500.0,976190.0,2090.0,2047.0
MSIF,57.26509269529393,215900.0,319450.0,3506.0,3260.0
INBKZ,57.249247345903974,2920.0,2150.0,5934.0,6044.5
ACTG,57.23340199651402,278240.0,274235.0,3249.5,3406.0
SARO,57.21755664712407,3917800.0,3606740.0,603.0,739.0
B,57.201711297734114,10088460.0,10334485.0,228.0,231.0
OGN,57.18586594834416,2855580.0,2713130.0,820.0,971.0
LCCC,57.17002059895421,1620.0,4505.0,6022.0,5910.0
EOI,57.154175249564254,79660.0,79850.0,4384.5,4453.0
CALX,57.1383299001743,594800.0,1024950.0,2468.0,1981.0
HHH,57.12248455078435,390900.0,419580.0,2923.0,2999.0
OWLT,57.106639201394394,346680.0,188315.0,3047.0,3763.0
RFM,57.09079385200444,12540.0,8695.0,5465.0,5690.0
F,57.07494850261449,34307560.0,51608155.0,39.0,21.0
EVN,57.059103153224534,70860.0,92555.0,4463.0,4355.0
NNN,57.04325780383458,1421520.0,1373195.0,1445.0,1665.0
MDLZ,57.02741245444463,5920200.0,8816640.0,391.0,279.0
ALAB,57.01156710505466,4223720.0,4763665.0,562.0,574.0
HLIO,56.99572175566471,298020.0,313155.0,3185.0,3282.0
RYN,56.979876406274755,2725520.0,2779200.0,858.0,951.0
PRT,56.9640310568848,28440.0,25365.0,5059.0,5191.0
SAH,56.948185707494844,270620.0,317310.0,3283.0,3265.0
AEBI,56.932340358104895,755120.0,395380.0,2174.0,3067.0
REXR-PC,56.91649500871494,806.8,2506.75,6110.0,6016.0
CNQ,56.90064965932498,6560340.0,6561515.0,353.0,402.0
CHPGU,56.884804309935035,0.0,0.0,6287.0,6283.5
NVS,56.86895896054508,1639420.0,1556470.0,1314.0,1538.0
NATL,56.85311361115512,649000.0,674370.0,2364.5,2499.0
BIP-PB,56.837268261765175,13049.2,13883.6,5442.0,5477.0
H,56.82142291237522,738040.0,915555.0,2203.0,2131.0
TRMB,56.80557756298526,3707680.0,2838015.0,634.0,932.0
AGNCM,56.789732213595315,13060.0,13100.0,5441.0,5506.5
TTWO,56.77388686420536,1637820.0,2150845.0,1316.0,1195.0
BNL,56.7580415148154,2463460.0,2383450.0,955.0,1098.0
KFIIU,56.742196165425455,0.0,35.0,6287.0,6255.5
SBUX,56.7263508160355,4779720.0,7619680.0,494.0,332.0
HTB,56.71050546664554,319020.0,183070.0,3118.0,3785.0
NXDT,56.694660117255594,197120.0,193135.0,3597.0,3742.0
RCD,56.678814767865624,7240.0,11230.0,5694.5,5587.0
HIND,56.662969418475676,8780.0,9035.0,5612.0,5671.0
ADACU,56.64712406908572,0.0,0.0,6287.0,6283.5
RIBB,56.631278719695764,260.0,340.0,6187.5,6206.0
CINF,56.61543337030581,391280.0,652990.0,2920.0,2536.0
APACU,56.59958802091586,0.0,2235.0,6287.0,6040.0
KTH,56.583742671525904,280.0,635.0,6183.5,6170.0
PETZ,56.56789732213595,94060.0,88545.0,4269.0,4380.5
GLU,56.552051972746,11460.0,8520.0,5501.0,5702.0
ODV,56.536206623356044,2273443.6,,1014.0,
TY,56.52036127396609,34240.0,28615.0,4940.5,5131.0
ETB,56.50451592457614,50120.0,50170.0,4688.0,4778.0
ARVN,56.488670575186184,612660.0,908280.0,2427.0,2142.0
BANC-PF,56.47282522579623,50588.0,34030.6,4683.0,5030.0
BIPI,56.45697987640628,14020.0,17950.0,5413.0,5364.0
PSHG,56.441134527016324,31320.0,35975.0,4998.0,4995.0
NGL-PC,56.42528917762637,1076.6,1713.3,6080.0,6085.0
BCAT,56.40944382823642,768300.0,657680.0,2149.0,2527.0
HASI,56.393598478846464,832780.0,945760.0,2069.0,2084.0
CMG,56.37775312945651,15766040.0,19311910.0,132.0,117.0
CVS,56.36190778006656,7668580.0,8270260.0,297.0,303.0
IRS,56.34606243067659,139860.0,153860.0,3940.0,3933.0
BTZ,56.33021708128664,337040.0,286055.0,3074.0,3361.0
FLG,56.314371731896685,3371660.0,4669770.0,685.0,590.0
BNJ,56.29852638250673,8480.0,20065.0,5625.0,5318.0
FGBI,56.28268103311677,20280.0,18905.0,5230.0,5345.0
RITM-PE,56.266835683726825,18660.4,31200.05,5266.0,5074.0
KREF-PA,56.25099033433687,8024.8,22524.65,5640.0,5263.0
AAPL,56.23514498494691,40355340.0,52454095.0,30.0,20.0
KE,56.219299635556965,301280.0,209400.0,3173.0,3658.0
ANSCU,56.20345428616701,0.0,10.3,6287.0,6264.0
OXY,56.18760893677705,7492020.0,8431615.0,302.0,298.0
ED,56.171763587387105,2288580.0,2398435.0,1010.0,1088.0
SND,56.15591823799715,361060.0,313655.0,3007.0,3277.0
CCIIU,56.14007288860719,0.0,0.0,6287.0,6283.5
GLAD,56.124227539217244,166560.0,178835.0,3766.5,3809.0
CLPR,56.10838218982729,172680.0,72285.0,3723.0,4514.0
AACBU,56.09253684043733,120.0,35.0,6212.0,6255.5
EQR,56.076691491047384,4859193.0,3285691.95,485.0,799.0
NGL-PB,56.06084614165743,8882.2,71864.7,5608.0,4522.0
JXG,56.04500079226747,680.0,870.0,6124.0,6138.5
UYSC,56.029155442877524,300.0,395.0,6176.5,6196.0
DPG,56.013310093487554,41600.0,51630.0,4803.0,4761.0
BHK,55.997464744097606,177780.0,291375.0,3696.0,3339.0
NEWTP,55.98161939470765,3080.0,2445.0,5925.0,6025.0
SSEA,55.965774045317694,26140.0,18255.0,5106.5,5359.0
BA,55.94992869592774,3755360.0,5787970.0,629.0,461.0
FIGXU,55.93408334653779,180.0,110.0,6200.0,6238.5
NAD,55.918237997147834,601160.0,595360.0,2453.0,2628.0
DMLP,55.90239264775788,157860.0,259340.0,3813.0,3459.0
PMO,55.88654729836793,61180.0,64875.0,4565.0,4596.0
LPX,55.870701948977974,1028520.0,1210815.0,1810.0,1803.0
RITM-PC,55.85485659958802,21133.6,28898.75,5205.0,5123.0
SPG-PJ,55.83901125019807,705.4,1092.15,6122.0,6123.0
HLT,55.823165900808114,2250780.0,2131850.0,1027.0,1203.0
UCTT,55.80732055141816,1192900.0,1368560.0,1648.0,1673.0
CODI,55.79147520202821,891180.0,725615.0,1992.0,2404.0
TSM,55.775629852638254,9508200.0,12418905.0,238.0,186.0
GSRFU,55.7597845032483,0.0,400.0,6287.0,6194.0
QSEA,55.74393915385835,1040.0,8205.0,6082.0,5715.0
DVN,55.728093804468394,11773700.0,10797145.0,186.0,220.0
PGAC,55.71224845507844,400.0,860.0,6162.0,6141.0
ELTK,55.69640310568849,7200.0,15020.0,5697.5,5445.0
PRMB,55.68055775629852,3952540.0,4348825.0,596.0,630.0
QTRX,55.66471240690857,1115820.0,833615.0,1724.0,2259.0
RANG,55.648867057518615,1900.0,970.0,6008.0,6129.0
ANSC,55.63302170812866,3171.4,17906.95,5914.0,5366.0
BMEA,55.6171763587387,474420.0,465440.0,2704.0,2873.0
MFM,55.601331009348755,317780.0,298790.0,3121.0,3315.0
NMZ,55.5854856599588,567480.0,635470.0,2519.0,2561.0
PALI,55.56964031056884,2027600.0,1956305.0,1117.0,1277.0
CHAR,55.553794961178895,3860.0,18635.0,5873.5,5351.0
RILYT,55.53794961178894,19620.0,19465.0,5240.0,5336.0
EVAC,55.52210426239898,3920.0,46415.0,5866.5,4831.0
LWAC,55.506258913009034,26500.0,11105.0,5091.5,5592.0
ORIQU,55.49041356361908,0.0,0.0,6287.0,6283.5
NSTS,55.47456821422912,5020.0,6915.0,5804.0,5776.0
HEQ,55.458722864839174,26900.0,20950.0,5086.0,5302.0
PSKY,55.44287751544922,11584320.0,12672855.0,192.0,178.0
ECCC,55.42703216605926,6140.0,3630.0,5747.5,5960.0
TECK,55.411186816669314,2243820.0,3068550.0,1032.0,852.0
NOVT,55.39534146727936,309640.0,431095.0,3147.0,2971.0
GSHRU,55.3794961178894,0.0,5.0,6287.0,6270.0
E,55.363650768499454,349640.0,404285.0,3037.0,3037.0
NCZ,55.347805419109484,46100.0,53835.0,4741.0,4728.0
INN-PF,55.331960069719536,7008.8,11514.2,5705.0,5568.0
LDP,55.31611472032958,61420.0,65525.0,4561.0,4586.0
SVCC,55.300269370939624,420.0,4850.0,6157.0,5884.0
EFR,55.28442402154967,108160.0,122760.0,4162.0,4141.0
ECCV,55.26857867215972,9060.0,4850.0,5601.5,5884.0
UBER,55.252733322769764,15317500.0,21090585.0,140.0,105.0
RFI,55.23688797337981,90540.0,106340.0,4299.0,4254.0
BEAG,55.22104262398986,1560.0,7065.0,6029.0,5766.0
MTB-PJ,55.205197274599904,29667.0,38721.9,5039.0,4951.0
MCB,55.18935192520995,90420.0,155005.0,4301.0,3921.0
DTF,55.17350657582,440.0,4790.0,6154.5,5890.0
MC,55.157661226430044,759500.0,971075.0,2165.0,2052.0
ALUB,55.14181587704009,40.0,30180.0,6234.5,5101.0
PCQ,55.12597052765014,140300.0,138710.0,3938.0,4025.0
LAFAU,55.11012517826018,0.0,405.0,6287.0,6192.0
SCPQU,55.09427982887023,140.0,6360.0,6207.0,5807.0
BIXIU,55.07843447948028,1420.0,1205.0,6043.0,6111.0
DJT,55.06258913009032,4405400.0,4695380.0,532.0,584.0
LBRDP,55.04674378070037,13620.0,9280.0,5426.5,5662.0
PEB-PF,55.03089843131042,1778.0,2309.6,6016.0,6035.0
GOLF,55.01505308192045,418220.0,402630.0,2841.0,3043.0
GIWWU,54.9992077325305,0.0,70.0,6287.0,6246.0
ALT,54.983362383140545,3942460.0,4886005.0,599.0,560.0
CRMD,54.96751703375059,2864840.0,1385805.0,815.0,1653.0
AGNCP,54.95167168436063,42240.0,45650.0,4794.5,4843.0
IMO,54.935826334970685,429460.0,496945.0,2814.0,2802.0
LWAY,54.91998098558073,390520.0,171760.0,2926.5,3833.0
NPAC,54.90413563619077,109940.0,44725.0,4144.0,4861.0
TACH,54.888290286800824,9760.0,40350.0,5563.0,4926.0
GSHR,54.87244493741087,260000.0,65455.0,3319.0,4587.0
AACB,54.85659958802091,222240.0,75505.0,3475.5,4487.0
ALIS,54.840754238630964,7940.0,46515.0,5643.0,4827.0
DBRG,54.82490888924101,2810740.0,3409780.0,833.0,778.0
KFII,54.80906353985105,720.0,9560.0,6119.0,5648.0
XIFR,54.793218190461104,626620.0,1053215.0,2407.0,1946.0
TRTN-PC,54.77737284107115,4963.2,5178.65,5809.0,5862.0
ZTO,54.76152749168119,1510480.0,1867095.0,1392.0,1320.0
GJT,54.745682142291244,520.0,725.0,6145.0,6159.0
ARTCU,54.72983679290129,180.0,245.0,6200.0,6216.0
CMC,54.71399144351133,818260.0,1010610.0,2095.0,2006.0
FTAIM,54.698146094121384,2760.0,2585.0,5945.0,6006.0
CHEC,54.68230074473143,10940.0,12500.0,5515.5,5531.0
DSX-PB,54.666455395341465,1276.6,1773.05,6061.0,6082.0
BEPH,54.65061004595151,18460.0,23815.0,5272.0,5230.0
PRM,54.634764696561554,1315920.0,1750115.0,1525.0,1403.0
CALC,54.6189193471716,194040.0,291360.0,3610.0,3340.0
BACC,54.60307399778165,280.0,27220.0,6183.5,5164.0
WTG,54.587228648391694,25100.0,17020.0,5128.0,5393.0
AUGO,54.57138329900174,630280.0,784120.0,2403.0,2321.0
HCMA,54.55553794961179,6580.0,7895.0,5725.5,5728.0
OXLCO,54.539692600221834,1420.0,1040.0,6043.0,6126.0
MUJ,54.52384725083188,78040.0,81605.0,4394.0,4439.0
NVNO,54.50800190144193,7680.0,13225.0,5660.5,5500.0
INN-PE,54.49215655205197,6376.4,8439.75,5735.0,5704.0
MIN,54.47631120266202,89400.0,158675.0,4307.0,3892.0
BOH,54.46046585327207,243080.0,399570.0,3393.0,3061.0
CL,54.44462050388211,3669100.0,4574875.0,638.0,604.0
GSM,54.42877515449216,1319760.0,1805735.0,1521.0,1365.0
CNOBP,54.41292980510221,10900.0,8675.0,5519.0,5692.0
GECC,54.39708445571225,67920.0,60970.0,4492.0,4640.0
GNTX,54.3812391063223,2089560.0,2572140.0,1089.0,1024.0
LEVI,54.36539375693235,2332920.0,2160625.0,995.0,1193.0
LFACU,54.34954840754239,80.0,6310.0,6221.0,5809.0
RMM,54.33370305815243,31880.0,39725.0,4990.0,4935.0
JFR,54.317857708762475,640480.0,549935.0,2379.0,2702.0
RITM-PA,54.30201235937252,9142.0,13206.05,5594.0,5503.0
TEL,54.28616700998256,1822820.0,2605365.0,1209.0,1012.0
QUMS,54.270321660592614,13800.0,35985.0,5421.0,4994.0
PMTU,54.25447631120266,1480.0,1105.0,6036.0,6121.0
WENN,54.2386309618127,47720.0,21345.0,4716.5,5287.0
ICHR,54.222785612422754,639260.0,965320.0,2381.0,2062.0
UMH-PD,54.2069402630328,16396.8,17190.7,5341.0,5390.0
GJO,54.19109491364284,920.0,630.0,6097.5,6171.0
TALK,54.175249564252894,1081011.0,2456033.25,1762.0,1058.0
KRSP,54.15940421486294,7360.0,22515.0,5687.5,5264.0
CRAN,54.14355886547298,20240.0,24980.0,5231.0,5207.0
AFBI,54.127713516083034,0.0,,6287.0,
DRDBU,54.11186816669308,0.0,0.0,6287.0,6283.5
DAAQU,54.09602281730312,500.0,335.0,6149.0,6207.0
MUC,54.080177467913174,395760.0,401470.0,2907.0,3049.0
DMAA,54.06433211852322,5060.0,6595.0,5802.0,5791.5
PDYN,54.04848676913326,1116060.0,927890.0,1723.0,2116.0
ALDF,54.032641419743314,300.0,27560.0,6176.5,5153.0
URBN,54.01679607035336,976240.0,904570.0,1874.0,2144.0
CRAQ,54.000950720963395,0.0,365.0,6287.0,6201.5
FMY,53.98510537157344,3780.0,3420.0,5878.5,5966.0
MSDL,53.969260022183484,494220.0,497875.0,2662.0,2798.0
RILYG,53.95341467279353,7900.0,8790.0,5650.0,5686.0
HTD,53.93756932340358,37940.0,53195.0,4874.0,4741.0
KIM-PN,53.921723974013624,465.4,234.35,6150.0,6219.0
IBOC,53.90587862462367,292040.0,307750.0,3207.0,3300.0
AEYE,53.89003327523372,342560.0,132925.0,3059.0,4072.0
RNGT,53.87418792584376,300.0,815.0,6176.5,6147.0
VNO-PM,53.85834257645381,15290.6,11662.05,5369.0,5563.0
CRAC,53.84249722706386,45300.0,19860.0,4749.5,5322.0
MMU,53.8266518776739,120500.0,115840.0,4060.0,4192.0
EMIS,53.81080652828395,20.0,1885.0,6239.0,6075.0
HVMC,53.794961178894,255200.0,153545.0,3339.0,3936.0
AGNCZ,53.77911582950404,49500.0,35955.0,4696.0,4997.0
VVV,53.76327048011409,2071920.0,2245660.0,1093.0,1149.0
NLY-PG,53.74742513072414,22374.0,21722.9,5180.0,5277.0
DLY,53.73157978133418,181620.0,178770.0,3676.0,3810.0
CEPV,53.71573443194423,60.0,29025.0,6227.5,5121.0
ORIQ,53.69988908255428,7660.0,4705.0,5663.0,5898.0
GTERA,53.68404373316432,680.0,5735.0,6124.0,5835.0
JENA,53.66819838377436,20360.0,8530.0,5227.0,5699.0
DHI,53.652353034384404,1904940.0,2410695.0,1173.0,1079.0
KCHV,53.63650768499445,3940.0,18820.0,5865.0,5346.5
DOYU,53.62066233560449,17640.0,19865.0,5299.0,5321.0
HCMAU,53.604816986214544,60.0,85.0,6227.5,6244.0
BUSEP,53.58897163682459,5540.0,12865.0,5775.5,5515.0
NVG,53.57312628743463,564900.0,494995.0,2526.0,2806.0
SPEGU,53.557280938044684,0.0,6265.0,6287.0,5810.0
CIMP,53.54143558865473,6820.0,7495.0,5712.5,5744.0
XRPN,53.52559023926477,73440.0,46250.0,4428.0,4835.5
SDHI,53.509744889874824,155080.0,57535.0,3833.0,4680.0
DRDB,53.49389954048487,1780.0,71490.0,6014.5,4524.0
TVACU,53.47805419109491,0.0,105.0,6287.0,6240.5
GLOP-PB,53.462208841704964,1305.8,2230.85,6056.0,6041.0
PLMKU,53.44636349231501,0.0,20.0,6287.0,6260.5
PYT,53.43051814292505,340.0,615.0,6170.0,6173.5
MDV-PA,53.414672793535104,3389.8,2556.75,5902.0,6011.0
GT,53.39882744414515,10123700.0,9188840.0,226.0,264.0
KEYS,53.38298209475519,1597540.0,1206120.0,1328.0,1810.0
VHCPU,53.367136745365244,120.0,940.0,6212.0,6130.0
SZZL,53.35129139597529,117260.0,100570.0,4085.0,4299.0
BGT,53.335446046585325,123940.0,139810.0,4024.0,4016.0
MBNKO,53.31960069719537,1140.0,1135.0,6070.0,6117.0
OIS,53.303755347805414,513420.0,650215.0,2625.0,2541.0
MRT,53.28790999841546,36020.0,38770.0,4908.0,4950.0
KYNB,53.27206464902551,13040.0,7570.0,5443.0,5743.0
UTF,53.25621929963555,236680.0,244100.0,3419.0,3517.0
APXT,53.2403739502456,29260.0,437830.0,5045.0,2950.0
LATA,53.22452860085565,3580.0,1995.0,5893.0,6063.0
AIIA,53.20868325146569,1600.0,11460.0,6024.5,5572.5
TALO,53.19283790207574,1458220.0,2005940.0,1423.0,1260.0
YCY,53.16906987799081,43320.0,11570.0,4777.0,5565.0
CHECU,53.16906987799081,0.0,0.0,6287.0,6283.5
PAII,53.14530185390588,6120.0,11715.0,5750.5,5560.0
OYSE,53.12945650451593,1620.0,2320.0,6022.0,6032.0
GLP,53.11361115512597,92380.0,88300.0,4284.0,4384.0
TVAI,53.09776580573602,24040.0,38895.0,5152.0,4948.0
MCGAU,53.08192045634607,280.0,1545.0,6183.5,6094.0
CEPF,53.05815243226113,145020.0,48835.0,3897.0,4799.0
IPCX,53.05815243226113,127134.2,62241.15,4004.0,4627.0
DAAQ,53.03438440817621,57600.0,30735.0,4607.0,5087.5
NLY-PJ,53.01853905878625,32094.8,35265.1,4987.0,5005.0
SOUL,53.00269370939629,6060.0,75670.0,5755.5,4486.0
KT,52.986848360006334,1595380.0,1732015.0,1332.0,1413.0
CHPG,52.97100301061638,0.0,870.0,6287.0,6138.5
FERA,52.95515766122642,280.0,68385.0,6183.5,4554.0
MHD,52.939312311836474,340300.0,294335.0,3068.0,3330.0
COPL,52.92346696244652,36740.0,52290.0,4897.0,4754.0
DRUG,52.90762161305656,155540.0,195980.0,3831.5,3725.0
DEI,52.891776263666614,1497260.0,1852050.0,1397.0,1331.0
PIM,52.87593091427666,38980.0,42940.0,4847.5,4888.0
VCV,52.8600855648867,82660.0,103565.0,4364.0,4277.0
AVK,52.844240215496754,145240.0,136285.0,3893.0,4044.0
NHIC,52.8283948661068,61480.0,113255.0,4560.0,4211.0
CVNA,52.81254951671684,8494560.0,10755685.0,269.0,222.0
WSTN,52.796704167326894,4620.0,47710.0,5830.5,4813.0
MMTX,52.78085881793694,27100.0,9540.0,5083.0,5649.5
RNA,52.76501346854698,141580.0,125995.0,3924.0,4115.0
JACS,52.749168119157034,180.0,10595.0,6200.0,5609.5
LPBB,52.73332276976708,9900.0,70060.0,5556.5,4536.0
BTSGU,52.71747742037712,24120.0,39275.0,5151.0,4941.0
VTN,52.70163207098717,20300.0,24130.0,5228.5,5223.0
DNP,52.68578672159722,446400.0,549635.0,2770.0,2704.0
GNL-PA,52.669941372207255,15788.4,9236.0,5355.0,5664.0
BFS-PD,52.6540960228173,599.2,1784.35,6139.0,6079.0
NBXG,52.63825067342734,180200.0,197065.0,3681.0,3717.0
VSA,52.62240532403739,35940.0,228960.0,4909.0,3569.0
ROAD,52.60655997464744,674960.0,1227565.0,2312.0,1790.0
CTNM,52.59071462525748,955600.0,487310.0,1898.0,2827.0
UPST,52.57486927586753,3998400.0,4542265.0,591.0,607.0
EVOX,52.55902392647758,158800.0,54095.0,3810.0,4723.0
ZGN,52.54317857708762,921500.0,999680.0,1954.0,2021.0
BBN,52.52733322769767,122080.0,120755.0,4042.0,4153.0
KMDA,52.51148787830772,288200.0,109985.0,3213.0,4230.0
BPAC,52.49564252891776,26200.0,22765.0,5103.0,5253.0
RL,52.47979717952781,514480.0,606665.0,2620.0,2608.0
KAI,52.46395183013786,92960.0,115875.0,4277.0,4190.5
GEGGL,52.4481064807479,520.0,1245.0,6145.0,6108.0
APAC,52.43226113135795,2640.0,14970.0,5954.5,5447.0
MDRR,52.416415781968,720.0,6365.0,6119.0,5806.0
HCXY,52.40057043257804,600.0,2015.0,6137.5,6058.0
CCNEP,52.38472508318809,960.0,690.0,6093.0,6163.0
EVOXU,52.36887973379814,886.2,471.9,6101.0,6187.0
MBVIU,52.35303438440818,0.0,485.0,6287.0,6185.0
PACH,52.33718903501822,3260.0,30985.0,5910.0,5081.0
SPEG,52.31342101093329,8220.0,10555.0,5632.5,5612.0
NMP,52.31342101093329,0.0,48895.0,6287.0,4795.0
HVMCU,52.28965298684835,200.0,50.0,6195.5,6250.0
OTGAU,52.273807637458404,0.0,6495.0,6287.0,5795.5
RDAG,52.25796228806845,4500.0,24345.0,5838.0,5215.0
SOCAU,52.24211693867849,400.0,550.0,6162.0,6179.0
RKT,52.226271589288544,24779940.0,28157560.0,70.0,68.0
RAC,52.21042623989859,40180.0,17905.0,4825.0,5367.0
SKYX,52.19458089050863,1041100.0,950825.0,1798.0,2074.0
GLIBK,52.178735541118684,453700.0,466280.0,2760.0,2871.0
CEPO,52.16289019172873,199700.0,119465.0,3578.0,4160.0
DTSQ,52.14704484233877,440.0,2680.0,6154.5,5995.0
BLUW,52.131199492948824,12800.0,16920.0,5455.5,5399.0
TACOU,52.11535414355887,60.0,395.0,6227.5,6196.0
ADSE,52.09950879416891,8300.0,19940.0,5631.0,5319.0
BKHAU,52.08366344477896,1062.8,763.95,6081.0,6156.0
TCBI,52.06781809538901,322060.0,447085.0,3111.5,2925.0
POLE,52.05197274599905,6140.0,39030.0,5747.5,4944.0
LAFA,52.0361273966091,1660.0,4940.0,6018.5,5877.0
IBAC,52.02028204721915,1540.0,765.0,6032.0,6154.5
CCII,52.004436697829185,7680.0,19265.0,5660.5,5341.0
PCAP,51.98859134843923,74680.0,77865.0,4417.0,4467.0
CHW,51.97274599904927,140960.0,245620.0,3930.5,3511.0
SSYS,51.95690064965932,894160.0,536515.0,1986.0,2733.0
COCH,51.94105530026937,168740.0,145250.0,3752.0,3984.0
HPI,51.92520995087941,37460.0,40045.0,4888.5,4929.0
RILYN,51.90936460148946,21120.0,13655.0,5206.5,5488.0
PAX,51.89351925209951,1194600.0,1276285.0,1640.0,1744.0
ZKPU,51.87767390270955,0.0,545.0,6287.0,6180.0
CHA,51.8618285533196,517260.0,478190.0,2612.0,2852.0
TWLV,51.84598320392965,62720.0,36500.0,4543.0,4986.0
MITT-PC,51.83013785453969,12674.8,10292.9,5461.0,5620.0
TDWD,51.81429250514974,1100.0,1810.0,6076.0,6076.0
FRMEP,51.79844715575979,540.0,2130.0,6141.5,6047.0
MESHU,51.78260180636983,1500.0,1415.0,6033.5,6099.0
GIW,51.76675645697988,70520.0,65090.0,4468.0,4593.0
TURB,51.75091110758993,157220.0,788310.0,3819.0,2314.0
NUW,51.73506575819997,42860.0,46435.0,4782.0,4830.0
HAVA,51.71922040881002,2000.0,9800.0,6002.0,5643.0
MBVI,51.70337505942007,1820.0,12740.0,6009.5,5518.5
APXTU,51.68752971003011,20.0,12695.0,6239.0,5521.0
BPYPO,51.67168436064015,16480.0,11325.0,5339.0,5580.0
ONCH,51.655839011250194,212300.0,128015.0,3522.0,4099.0
FIGX,51.63999366186024,1620.0,6875.0,6022.0,5779.0
SOCA,51.62414831247028,660.0,21450.0,6130.5,5283.0
SLAB,51.608302963080334,243220.0,253030.0,3391.0,3490.0
ONCHU,51.59245761369038,1380.0,1585.0,6045.0,6092.0
GBDC,51.57661226430042,1157500.0,1130865.0,1674.0,1878.0
LRE,51.560766914910474,14680.0,8525.0,5392.0,5701.0
GJS,51.54492156552052,520.0,370.0,6145.0,6199.5
HVII,51.52907621613056,143260.0,103390.0,3912.0,4278.0
RITM-PD,51.513230866740614,39885.8,45820.2,4832.0,4838.0
NIM,51.49738551735066,6960.0,14105.0,5707.0,5466.0
BBW,51.4815401679607,375960.0,297500.0,2955.0,3320.0
NEWTI,51.46569481857075,2120.0,1410.0,5987.0,6100.0
NTIC,51.4498494691808,1660.0,6000.0,6018.5,5826.0
KOYN,51.43400411979084,3920.0,45555.0,5866.5,4847.0
WSTNU,51.41815877040089,100.0,50.0,6216.5,6250.0
AFB,51.40231342101094,57700.0,58940.0,4605.5,4664.0
CERS,51.38646807162098,2701720.0,3130555.0,866.0,841.0
FTV,51.37062272223103,1715000.0,2802835.0,1268.0,942.0
HFRO-PA,51.35477737284108,6745.2,11776.0,5717.0,5556.0
BSBR,51.33893202345112,6163360.0,4481650.0,375.0,616.0
METCI,51.32308667406116,1460.0,2315.0,6038.0,6033.5
UMC,51.3072413246712,10169120.0,14088370.0,224.0,155.0
KIM,51.29139597528125,3115340.0,4541330.0,747.0,608.0
AGNCO,51.2755506258913,24580.0,22005.0,5144.0,5273.0
HESM,51.25970527650134,1127520.0,1162680.0,1710.0,1848.0
MGF,51.24385992711139,59660.0,49245.0,4591.0,4789.0
BIXI,51.22801457772144,33520.0,16610.0,4952.5,5408.0
NLY-PI,51.21216922833148,27999.6,34246.5,5069.0,5029.0
SUPN,51.19632387894153,559160.0,999525.0,2543.0,2023.0
DMII,51.18047852955158,1100.0,27465.0,6076.0,5155.0
OIMAU,51.16463318016162,40.0,10.0,6234.5,6265.5
BDCIU,51.14878783077167,720.0,765.0,6119.0,6154.5
OCCIN,51.13294248138172,2700.0,2085.0,5950.0,6051.5
KOYNU,51.11709713199176,0.0,285.0,6287.0,6211.0
AXIN,51.10125178260181,7980.0,56750.0,5641.5,4696.0
HCACU,51.08540643321186,0.0,1750.0,6287.0,6084.0
AWP,51.0695610838219,105460.0,142565.0,4183.0,3996.0
INAC,51.05371573443195,840.0,2465.0,6108.5,6018.5
NRK,51.037870385042,336440.0,273980.0,3077.0,3408.0
TLNCU,51.02202503565204,0.0,35740.0,6287.0,4999.0
AGNCN,51.00617968626209,13020.0,19120.0,5444.0,5342.0
ECCU,50.990334336872124,5860.0,4080.0,5763.5,5937.0
CELH,50.97448898748217,11676560.0,13089660.0,191.0,167.0
NPACU,50.95864363809221,2140.0,2990.0,5984.5,5985.0
BCV,50.942798288702264,21000.0,21645.0,5212.0,5281.0
SIGI,50.92695293931231,351700.0,550030.0,3034.5,2701.0
DBRG-PH,50.91110758992235,15986.2,14083.0,5351.0,5468.0
KNX,50.8952622405324,2687620.0,3875815.0,872.0,703.0
EXP,50.87941689114245,331700.0,484090.0,3086.0,2838.0
OIA,50.86357154175249,114980.0,125790.0,4107.0,4118.0
PHK,50.84772619236254,873180.0,773115.0,2016.0,2334.0
MYI,50.83188084297259,329800.0,276925.0,3088.0,3397.0
RITM-PB,50.81603549358263,22005.4,23129.4,5186.0,5243.0
BHR-PD,50.80019014419268,6047.6,7279.15,5757.0,5757.0
OACC,50.78434479480273,180.0,26815.0,6200.0,5168.0
IGAC,50.76849944541277,11980.0,53245.0,5481.0,4739.0
RPT-PC,50.75265409602282,965.6,2143.95,6090.0,6046.0
GRAF,50.73680874663287,201260.0,141415.0,3570.0,4000.5
MEC,50.72096339724291,421520.0,663485.0,2831.0,2516.0
NVT,50.70511804785296,1768140.0,2217755.0,1232.0,1168.0
LPCVU,50.68927269846301,440.0,420.0,6154.5,6190.0
GLV,50.67342734907305,64500.0,54515.0,4532.0,4716.0
BPYPN,50.65758199968309,17620.0,13840.0,5300.0,5481.0
OXLCZ,50.64173665029313,3640.0,4600.0,5888.5,5904.0
MACI,50.62589130090318,960.0,1185.0,6093.0,6112.0
SLG-PI,50.61004595151323,6235.2,8933.7,5744.0,5676.0
CIM-PD,50.59420060212327,11217.8,11127.95,5507.0,5591.0
NOV,50.57835525273332,2454000.0,3555340.0,961.0,748.0
EQIX,50.56250990334337,521920.0,619845.0,2604.0,2584.0
JBLU,50.54666455395341,20007820.0,35245460.0,102.0,46.0
DYOR,50.53081920456346,137480.0,79090.0,3951.0,4459.0
TWLVU,50.51497385517351,80.0,20.0,6221.0,6260.5
BLZR,50.49912850578355,10800.0,28270.0,5521.5,5136.5
UPWK,50.4832831563936,4544220.0,4343080.0,518.0,632.0
LKSP,50.46743780700365,91380.0,33955.0,4292.0,5032.0
MKLY,50.45159245761369,18720.0,110400.0,5265.0,4227.0
VNME,50.43574710822374,10140.0,2910.0,5548.0,5986.5
SEAL-PA,50.41990175883379,2149.8,2682.7,5983.0,5994.0
RNGTU,50.40405640944383,340.0,315.0,6170.0,6209.0
MCGA,50.38821106005388,21940.0,77505.0,5191.0,4470.0
LWACU,50.37236571066393,60.0,15.0,6227.5,6262.0
BKT,50.35652036127397,109700.0,126125.0,4146.0,4114.0
WENNU,50.34067501188402,1300.0,895.0,6058.0,6133.0
GTERU,50.324829662494054,680.0,540.0,6124.0,6181.5
LBRDA,50.3089843131041,148400.0,206720.0,3869.0,3671.0
CMRE-PC,50.29313896371414,3232.8,2659.65,5911.0,5997.0
SACH-PA,50.27729361432419,2039.4,2776.25,5998.0,5991.0
VZ,50.26144826493424,14791860.0,23857300.0,146.0,86.0
MLCO,50.24560291554428,1635240.0,1566115.0,1318.0,1533.0
ENJ,50.22975756615433,360.0,1435.0,6166.5,6098.0
GNL-PD,50.21391221676438,4123.2,3751.25,5852.0,5953.0
IPEXU,50.19806686737442,0.0,14.6,6287.0,6263.0
ASND,50.18222151798447,642220.0,528615.0,2376.0,2738.0
PRPO,50.16637616859452,190940.0,123400.0,3627.0,4133.0
BCIC,50.15053081920456,46920.0,57460.0,4729.0,4683.0
JMM,50.13468546981461,13340.0,9160.0,5436.0,5666.0
BGY,50.11884012042466,143860.0,203350.0,3904.0,3686.0
ELSE,50.1029947710347,0.0,,6287.0,
RWAYL,50.08714942164475,4920.0,4040.0,5813.5,5939.0
ANY,50.0713040722548,146440.0,987500.0,3884.0,2034.0
TFIN-P,50.05545872286484,4982.0,3846.7,5807.0,5948.0
PMTV,50.03961337347489,11420.0,17895.0,5503.0,5368.0
MYN,50.02376802408494,148880.0,203145.0,3866.0,3688.0
VIASP,50.00792267469498,0.0,3155.55,6287.0,5977.0
REPX,49.992077325305026,158860.0,187975.0,3809.0,3764.0
DLR,49.97623197591507,1887660.0,2668955.0,1186.0,988.0
BDCI,49.960386626525114,12880.0,39570.0,5449.5,4938.0
OZ,49.944541277135166,12100.0,8300.0,5476.0,5712.0
RUM,49.92869592774521,5788100.0,3267585.0,399.0,803.0
GSRF,49.91285057835525,20160.0,21285.0,5234.0,5290.0
BCSS,49.8970052289653,3280.0,36855.0,5908.0,4981.0
LBRDK,49.88115987957534,2039040.0,1923095.0,1110.0,1296.0
OBA,49.86531453018539,2060.0,7070.0,5994.0,5765.0
BPACU,49.84946918079544,0.0,45.0,6287.0,6253.0
NMPAU,49.83362383140548,0.0,120.0,6287.0,6234.5
PCAPU,49.81777848201553,160.0,10145.0,6204.0,5628.0
TACO,49.80193313262558,22660.0,41705.0,5174.0,4906.0
WEA,49.78608778323562,23760.0,25650.0,5156.0,5185.0
RMMZ,49.77024243384567,10720.0,8415.0,5526.5,5705.0
CIM-PC,49.75439708445572,11762.8,11169.75,5490.0,5589.0
TWOD,49.738551735065755,12780.0,21180.0,5457.5,5291.0
TAVI,49.7227063856758,2780.0,2010.0,5944.0,6060.0
D,49.70686103628585,2520120.0,3455710.0,929.0,763.0
PGP,49.691015686895895,61520.0,70985.0,4557.5,4528.0
AOMN,49.67517033750594,4840.0,5520.0,5817.0,5845.0
SIMA,49.65932498811599,960.0,655.0,6093.0,6166.0
MQY,49.643479638726035,481100.0,389560.0,2689.0,3089.0
ABX,49.62763428933608,743920.0,589080.0,2192.0,2636.0
TMHC,49.61178893994613,,,,
DMIIU,49.595943590556175,900.0,345.0,6099.0,6204.5
NSA-PA,49.58009824116621,,,,
BWNB,49.56425289177626,6620.0,13100.0,5723.5,5506.5
PTC,49.54840754238631,1096360.0,1566750.0,1745.0,1531.0
PROF,49.53256219299635,142140.0,141415.0,3917.0,4000.5
WAFDP,49.5167168436064,7500.0,12165.0,5677.0,5545.0
FTS,49.50087149421645,683300.0,771830.0,2299.0,2336.0
GLU-PB,49.48502614482649,410.4,1104.75,6159.0,6122.0
PFXNZ,49.46918079543654,4540.0,1380.0,5836.0,6101.0
MS-PE,49.45333544604659,38049.6,50784.85,4871.0,4768.0
QSR,49.43749009665663,2045640.0,2234415.0,1107.0,1158.0
DBRG-PI,49.42164474726668,60645.0,35190.7,4575.0,5007.0
EVF,49.40579939787672,28760.0,48725.0,5051.0,4800.0
ATLCL,49.389954048486764,7000.0,4735.0,5706.0,5894.0
EFC-PD,49.374108699096816,2090.0,719.0,5990.0,6160.0
GPACU,49.35826334970686,1020.0,1930.0,6084.5,6071.0
OTGA,49.342418000316904,40480.0,91820.0,4824.0,4357.0
SCIIU,49.326572650926956,0.0,395.0,6287.0,6196.0
VNMEU,49.310727301537,0.0,0.0,6287.0,6283.5
JBIO,49.294881952147044,935020.0,837200.0,1932.0,2253.0
EA,49.279036602757095,9742739.6,,233.0,
WY,49.26319125336714,4384660.0,5464805.0,538.0,482.0
TVA,49.24734590397718,12620.0,20125.0,5462.0,5316.0
ALGT,49.23150055458723,501060.0,498265.0,2653.0,2797.0
SBXD,49.21565520519727,3840.0,80010.0,5875.0,4448.0
SMG,49.19980985580732,768340.0,1016050.0,2148.0,1994.0
GJP,49.18396450641737,0.0,695.0,6287.0,6162.0
QQQX,49.16811915702741,101720.0,85825.0,4213.0,4407.0
SKYQ,49.15227380763746,1393560.0,5203255.0,1467.0,514.0
DIS,49.13642845824751,7155060.0,11272265.0,316.0,209.0
AES,49.12058310885755,4394580.0,6395045.0,535.0,417.0
KTF,49.1047377594676,169420.0,244350.0,3747.0,3516.0
ZH,49.08889241007765,166500.0,168705.0,3768.0,3842.0
ARW,49.073047060687685,609180.0,629635.0,2436.0,2572.0
IDA,49.05720171129773,581600.0,500645.0,2494.0,2795.0
DNMX,49.04135636190778,0.0,5695.0,6287.0,5836.0
WTM,49.025511012517825,21980.0,20470.0,5187.5,5309.0
ZTR,49.00966566312787,110580.0,111905.0,4140.0,4218.0
IRHOU,48.99382031373792,0.0,0.0,6287.0,6283.5
EFC,48.977974964347965,874280.0,1151775.0,2014.0,1860.0
PPT,48.96212961495801,116020.0,127555.0,4101.0,4103.5
CANF,48.94628426556806,47840.0,36970.0,4715.0,4978.0
PMTR,48.930438916178105,12880.0,24275.0,5449.5,5219.0
IPEX,48.91459356678815,3420.0,35470.0,5899.0,5001.0
KEY-PL,48.89874821739819,31234.2,47612.2,4999.0,4815.0
CUB,48.88290286800824,44740.0,149225.0,4757.5,3969.0
BGX,48.86705751861828,57020.0,54420.0,4613.0,4719.5
RZC,48.85121216922833,33580.0,42110.0,4950.0,4900.5
NEWTG,48.83536681983838,3640.0,3005.0,5888.5,5984.0
TG,48.81952147044842,155840.0,180125.0,3828.0,3801.0
ATHR,48.80367612105847,1020.0,9460.0,6084.5,5656.0
TKO,48.78783077166852,984500.0,1093455.0,1863.0,1911.0
MAYS,48.77198542227856,60.0,2395.0,6227.5,6028.0
IHS,48.75614007288861,802820.0,1237560.0,2108.0,1781.0
HBANL,48.74029472349865,18340.0,19415.0,5276.0,5339.0
ETJ,48.724449374108694,128400.0,117680.0,4000.0,4174.0
HLIT,48.708604024718746,3109020.0,1709430.0,748.0,1430.0
PMTW,48.69275867532879,8640.0,9695.0,5617.0,5645.5
PFO,48.676913325938834,50140.0,30215.0,4687.0,5099.0
SAT,48.661067976548885,7240.0,5945.0,5694.5,5829.0
DHCNI,48.64522262715893,17360.0,13070.0,5316.0,5510.0
GSAT,48.629377277768974,680480.0,996610.0,2304.0,2026.0
PHI,48.613531928379025,123500.0,115835.0,4029.0,4193.0
GBTG,48.59768657898907,945380.0,1280190.0,1918.0,1739.0
NXP,48.581841229599114,167500.0,152490.0,3762.0,3940.0
TVC,48.56599588020916,11740.0,12075.0,5491.0,5547.0
KIM-PL,48.5501505308192,11044.0,11104.45,5512.0,5593.0
TRINZ,48.53430518142925,5760.0,6100.0,5768.0,5825.0
IMRX,48.51053715734432,701800.0,636485.0,2268.0,2558.0
ITHAU,48.51053715734432,0.0,0.0,6287.0,6283.5
MFAO,48.486769133259386,6240.0,9235.0,5742.0,5665.0
MIRM,48.47092378386944,562800.0,756205.0,2536.5,2352.0
NEWTH,48.44715575978451,5440.0,4565.0,5779.0,5907.0
MITN,48.44715575978451,4540.0,3110.0,5836.0,5980.5
NBH,48.42338773569958,95460.0,85390.0,4252.0,4408.0
TRTN-PA,48.407542386309615,1582.6,2461.9,6027.0,6020.0
IGI,48.39169703691966,9720.0,11305.0,5566.0,5584.0
FACT,48.37585168752971,11480.0,57440.0,5499.0,4684.0
RTACU,48.360006338139755,60.0,2670.0,6227.5,5996.0
SLGB,48.3441609887498,2404900.0,6836280.0,976.0,384.0
CCIX,48.32831563935985,0.0,,6287.0,
EFT,48.312470289969895,103240.0,95450.0,4204.0,4335.0
XRPNU,48.29662494057994,1300.0,345.0,6058.0,6204.5
EFC-PB,48.28077959118999,2857.4,8899.0,5939.0,5680.0
HY,48.264934241800034,117460.0,120470.0,4082.0,4155.0
FTF,48.24908889241008,179500.0,192510.0,3685.0,3746.0
PMT-PC,48.23324354302012,27742.6,21644.25,5073.0,5282.0
FSTR,48.21739819363017,84220.0,82690.0,4354.0,4430.0
DDT,48.20155284424021,6240.0,8355.0,5742.0,5710.0
NXDT-PA,48.18570749485026,3143.0,2593.95,5918.0,6005.0
RMR,48.16986214546031,110100.0,160525.0,4142.0,3888.0
LOBO,48.15401679607035,72240.0,60765.0,4449.0,4643.0
ODFL,48.1381714466804,1426940.0,1753155.0,1441.0,1400.0
FCRS,48.12232609729045,25360.0,30970.0,5119.0,5083.0
GOLD,48.10648074790049,364940.0,373485.0,2988.0,3121.0
VRME,48.09063539851054,71080.0,43325.0,4458.0,4884.0
ADAMM,48.07479004912058,13660.0,13400.0,5425.0,5495.0
GAINZ,48.058944699730624,4260.0,8655.0,5846.5,5694.0
MAA,48.043099350340675,777880.0,1054010.0,2142.0,1944.0
CIM-PB,48.02725400095072,20871.2,25028.85,5216.0,5204.0
MBINL,48.011408651560764,9280.0,9055.0,5587.5,5670.0
FLC,47.995563302170815,11120.0,16025.0,5509.0,5419.0
SAZ,47.97971795278086,7600.0,4170.0,5669.0,5932.0
GLP-PB,47.963872603390904,16732.6,,5332.0,
GLOP-PC,47.948027254000955,375.4,834.15,6165.0,6145.0
NRP,47.932181904611,40140.0,53780.0,4826.0,4730.0
SNY,47.916336555221044,2592560.0,3184730.0,898.0,826.0
NVDA,47.90049120583109,95956060.0,120306570.0,5.0,2.0
RILYZ,47.88464585644113,31700.0,33450.0,4994.0,5040.0
CTS,47.868800507051176,144400.0,211275.0,3901.0,3651.0
KEY-PI,47.85295515766123,46172.2,53735.7,4740.0,4731.0
KBONU,47.83710980827127,80.0,240.0,6221.0,6217.0
EGHA,47.821264458881316,413080.0,107655.0,2857.0,4243.0
RTAC,47.80541910949137,264460.0,101475.0,3304.0,4290.0
TVAIU,47.78957376010141,200.0,160.0,6195.5,6227.5
HYI,47.773728410711456,54540.0,60520.0,4637.0,4645.0
BW-PA,47.75788306132151,12946.6,12471.9,5445.0,5532.0
SCCE,47.742037711931545,7420.0,4770.0,5681.5,5891.5
PBA,47.72619236254159,769560.0,824455.0,2147.0,2266.0
AGNCL,47.71034701315164,17360.0,12525.0,5316.0,5528.0
AVNS,47.694501663761685,,,,
TRTN-PB,47.67865631437173,2982.8,4685.7,5930.0,5901.0
GBAB,47.66281096498178,71580.0,95370.0,4456.0,4336.0
DY,47.646965615591824,347440.0,411495.0,3044.0,3023.0
HFRO-PB,47.63112026620187,8605.6,12048.4,5619.0,5548.0
EICA,47.61527491681192,4200.0,2465.0,5849.0,6018.5
CRANU,47.599429567421964,880.0,465.0,6103.0,6189.0
IDXX,47.58358421803201,573100.0,637495.0,2509.0,2556.0
AXS,47.56773886864205,600820.0,745090.0,2454.0,2378.0
TRINI,47.5518935192521,11640.0,8160.0,5495.0,5718.5
PG,47.53604816986214,8909760.0,8707280.0,255.0,284.0
ALV,47.52020282047219,429220.0,538420.0,2816.0,2726.0
HII,47.50435747108224,420400.0,566870.0,2835.5,2670.0
TFX,47.48851212169228,725140.0,635900.0,2222.5,2560.0
SEAL-PB,47.47266677230233,2750.4,4018.55,5947.0,5941.0
BLZRU,47.45682142291238,1800.0,1915.0,6012.5,6073.5
MMD,47.41720804943749,77880.0,56940.0,4395.0,4692.0
AOMD,47.41720804943749,7640.0,4500.0,5665.0,5911.0
JBI,47.41720804943749,1898960.0,1502590.0,1180.0,1577.0
NEA,47.41720804943749,1100260.0,854710.0,1741.0,2220.0
XOMAP,47.203295832673106,0.0,,6287.0,
SAY,47.203295832673106,10180.0,5685.0,5545.0,5838.0
TCI,47.203295832673106,11140.0,52855.0,5508.0,4748.0
CAPNR,47.203295832673106,0.0,0.0,6287.0,6283.5
LPRO,47.203295832673106,0.0,,6287.0,
XOMAO,47.203295832673106,0.0,,6287.0,
BLD,47.203295832673106,,,,
XOMA,47.203295832673106,0.0,,6287.0,
KALV,47.203295832673106,,,,
MMTXU,47.203295832673106,0.0,0.0,6287.0,6283.5
ASRT,47.203295832673106,0.0,,6287.0,
OTGAW,47.203295832673106,140.0,5020.0,6207.0,5871.0
CNTA,47.203295832673106,,,,
TBRG,47.203295832673106,,,,
CCIXU,47.203295832673106,0.0,,6287.0,
OLPX,47.203295832673106,0.0,,6287.0,
NUVL,47.203295832673106,0.0,,6287.0,
WAI,47.203295832673106,0.0,,6287.0,
GTLS,47.203295832673106,,,,
JHG,47.203295832673106,,,,
CCRN,47.203295832673106,0.0,,6287.0,
COYA,47.203295832673106,94100.0,156250.0,4267.5,3906.0
CPRX,47.203295832673106,0.0,,6287.0,
CICB,47.005228965298684,5520.0,4495.0,5777.0,5912.0
BDN,47.005228965298684,1385720.0,2276665.0,1472.0,1138.0
PCN,46.9656155918238,373860.0,333475.0,2966.0,3215.0
BSL,46.9656155918238,29960.0,36450.0,5032.5,4988.0
CNTY,46.9656155918238,51840.0,72660.0,4668.0,4510.0
AR,46.933924893043894,3443100.0,4442160.0,671.0,618.0
ALEC,46.910156868958964,1683560.0,1301220.0,1289.0,1720.0
HIX,46.910156868958964,302280.0,326560.0,3169.0,3241.0
HGBL,46.88638884487403,391680.0,255180.0,2919.0,3480.0
GNL-PE,46.87054349548407,8534.6,6922.15,5621.0,5774.0
MTB-PH,46.85469814609412,34952.4,77463.5,4919.0,4472.0
O,46.83885279670417,6112880.0,5248320.0,377.0,510.0
METCZ,46.82300744731421,2720.0,2495.0,5949.0,6017.0
RLJ-PA,46.80716209792426,16215.0,17481.7,5345.0,5384.0
ONBPO,46.79131674853431,2860.0,5280.0,5937.5,5854.0
ONBPP,46.77547139914435,11820.0,8715.0,5488.0,5688.0
TVE,46.7596260497544,9660.0,9435.0,5570.0,5658.0
PDX,46.74378070036445,142380.0,133230.0,3916.0,4068.0
MITP,46.727935350974484,5860.0,13175.0,5763.5,5504.0
ECAT,46.712090001584535,588420.0,545585.0,2478.0,2712.0
VIPS,46.69624465219458,1765400.0,1719565.0,1233.0,1423.0
STC,46.680399302804624,160340.0,245235.0,3792.0,3514.0
SU,46.664553953414675,4076740.0,4624160.0,582.0,594.0
TR,46.64870860402472,165060.0,152770.0,3773.0,3939.0
PEB-PE,46.63286325463476,1982.2,4718.8,6004.0,5896.0
NMFCZ,46.617017905244815,5320.0,10870.0,5788.0,5599.0
OXLCP,46.60117255585486,0.0,0.0,6287.0,6283.5
NAC,46.5853272064649,429100.0,426890.0,2817.0,2984.0
HTFC,46.56948185707495,3440.0,4270.0,5897.5,5927.0
EXC,46.55363650768499,4879640.0,7665680.0,480.0,329.0
LPAA,46.537791158295036,780.0,21175.0,6113.5,5292.0
DYORU,46.52194580890509,0.0,0.0,6287.0,6283.5
BWBBP,46.50610045951513,3900.0,2260.0,5869.5,6039.0
FR,46.490255110125176,610960.0,967545.0,2431.0,2057.0
BEKE,46.47440976073523,2766220.0,2810510.0,846.0,939.0
MFAN,46.45856441134527,9620.0,16565.0,5571.0,5409.0
GECCG,46.442719061955316,2140.0,1950.0,5984.5,6067.5
GJR,46.42687371256537,0.0,280.0,6287.0,6212.0
EPR-PE,46.41102836317541,1160.4,6416.4,6068.0,5802.0
SLMBP,46.39518301378545,6120.0,3110.0,5750.5,5980.5
APO-PA,46.3793376643955,1066048.6,,1775.0,
CVEO,46.363492315005544,94220.0,132990.0,4266.0,4071.0
NIE,46.34764696561559,40000.0,47885.0,4827.0,4811.0
AEE,46.33180161622564,1434240.0,1506360.0,1435.0,1573.0
PDO,46.315956266835684,849400.0,636430.0,2044.0,2559.0
SSSSL,46.30011091744573,1340.0,880.0,6048.5,6136.0
MS-PF,46.28426556805578,64835.6,98901.65,4522.0,4312.0
EIIA,46.268420218665824,1560.0,3705.0,6029.0,5955.0
OXSQH,46.25257486927587,3080.0,2085.0,5925.0,6051.5
PHIN,46.23672951988591,363320.0,393850.0,2994.0,3073.0
NZF,46.22088417049596,469620.0,553500.0,2718.0,2697.0
OXLCN,46.205038821106,2040.0,2630.0,5996.5,5999.5
SYF-PB,46.18919347171605,30753.2,51661.5,5010.0,4760.0
BTT,46.1733481223261,60220.0,68165.0,4581.0,4555.0
PINE-PA,46.15750277293614,3656.8,5424.35,5886.0,5848.0
FMN,46.14165742354619,23480.0,25460.0,5160.0,5189.0
FHB,46.12581207415624,1417640.0,2019650.0,1447.0,1252.0
PHG,46.10996672476628,715400.0,1353335.0,2247.0,1685.0
HVIIU,46.09412137537633,604.2,151.05,6136.0,6229.0
CRT,46.078276025986376,21180.0,18935.0,5204.0,5344.0
HPF,46.06243067659641,20760.0,27395.0,5219.0,5158.0
AQNB,46.046585327206465,30520.0,16840.0,5018.0,5402.0
NLY-PF,46.03073997781651,25754.4,27745.8,5115.0,5147.0
GXO,46.01489462842655,1153680.0,1650700.0,1681.0,1471.0
IMPP,45.999049279036605,370980.0,268005.0,2977.0,3426.0
BPOPM,45.98320392964665,840.0,1235.0,6108.5,6109.0
MBINM,45.96735858025669,3440.0,4350.0,5897.5,5921.0
BCML,45.951513230866745,61000.0,57595.0,4569.0,4679.0
HWCPZ,45.93566788147679,6900.0,6930.0,5708.0,5773.0
YMM,45.91982253208683,5480500.0,5933215.0,430.0,447.0
STK,45.903977182696885,66600.0,73385.0,4502.0,4505.0
ALF,45.88813183330692,120.0,815.0,6212.0,6147.0
GAINI,45.872286483916966,4760.0,5075.0,5820.0,5869.0
GRDN,45.85644113452702,358980.0,373870.0,3012.0,3119.0
CCID,45.84059578513706,3780.0,1485.0,5878.5,6096.0
SPME,45.824750435747106,2540.0,1600.0,5960.0,6091.0
NSYS,45.80890508635716,21020.0,16645.0,5210.5,5407.0
SCCG,45.7930597369672,2640.0,3335.0,5954.5,5971.0
IBRX,45.777214387577246,5697420.0,8558000.0,408.0,292.0
EMN,45.7613690381873,725020.0,1155630.0,2224.0,1855.0
CTA-PA,45.74552368879734,540.0,334.65,6141.5,6208.0
RNR-PG,45.72967833940738,20900.4,22805.3,5214.0,5252.0
GLNG,45.71383299001743,1727620.0,1494045.0,1258.0,1579.0
PML,45.697987640627474,306340.0,370310.0,3158.0,3128.0
YHNA,45.68214229123752,1920.0,1925.0,6007.0,6072.0
EVRG,45.66629694184757,1717080.0,1858260.0,1266.0,1326.0
UG,45.650451592457614,5200.0,11775.0,5791.0,5557.0
DNMXU,45.63460624306766,400.0,1055.0,6162.0,6125.0
LPA,45.61876089367771,46580.0,34595.0,4733.0,5021.5
IX,45.602915544287754,294100.0,227720.0,3199.0,3575.0
SATA,45.5870701948978,106200.0,125055.0,4179.0,4124.0
ABXL,45.57122484550785,7920.0,4630.0,5647.0,5903.0
BFH-PA,45.55537949611789,8386.6,8663.2,5628.0,5693.0
PCG-PE,45.53953414672793,562.6,869.95,6140.0,6140.0
AGD,45.52368879733798,61900.0,90530.0,4549.0,4369.0
OXLCL,45.50784344794803,1420.0,1480.0,6043.0,6097.0
NUV,45.49199809855807,493540.0,518765.0,2664.0,2757.0
IMPPP,45.47615274916812,1320.0,885.0,6052.0,6134.0
BLRX,45.460307399778166,11860.0,8880.0,5485.5,5683.0
OXLCG,45.44446205038821,5780.0,3410.0,5766.0,5968.0
MPA,45.42861670099826,26820.0,26655.0,5087.0,5170.0
CHTR,45.412771351608306,1738900.0,3041735.0,1253.0,863.0
RWTO,45.39692600221834,6420.0,5965.0,5730.0,5827.0
ATLCP,45.381080652828395,4780.0,4460.0,5819.0,5915.0
GGT-PE,45.36523530343844,3080.8,1275.75,5923.0,6106.0
SDHIU,45.34938995404848,120.0,30.0,6212.0,6257.5
HCWC,45.333544604658535,13645080.0,37278230.0,156.0,43.0
DLNG-PA,45.31769925526858,3495.2,4238.9,5896.0,5929.0
SB-PD,45.30185390587862,9165.6,4190.6,5593.0,5931.0
OXLCI,45.286008556488675,3020.0,4770.0,5928.0,5891.5
GOOD,45.27016320709872,411980.0,442150.0,2865.5,2935.0
IGACU,45.25431785770876,400.0,125.0,6162.0,6232.5
PHXE-P,45.238472508318814,6403.4,6756.5,5731.0,5781.0
SWKHL,45.22262715892885,2540.0,3770.0,5960.0,5951.5
MS-PP,45.206781809538896,60590.2,69283.6,4577.0,4541.0
GECCI,45.19093646014895,320.0,375.0,6173.0,6198.0
FCPT,45.17509111075899,434220.0,687530.0,2803.0,2476.0
XPO,45.159245761369036,836080.0,981855.0,2062.0,2041.0
LPTH,45.14340041197909,3603080.0,2727425.0,648.0,967.0
DBL,45.12755506258913,42380.0,53225.0,4791.0,4740.0
BKHA,45.111709713199176,660.0,900.0,6130.5,6132.0
KKRS,45.09586436380923,20220.0,32235.0,5232.0,5062.0
ECC-PD,45.08001901441927,10498.8,13564.15,5534.0,5491.0
NTST,45.06417366502931,906480.0,1198585.0,1974.0,1817.0
NOVTU,45.04832831563936,3280.0,22225.0,5908.0,5268.0
BGB,45.032482966249404,107160.0,132325.0,4171.0,4078.0
PSEC,45.01663761685945,2879260.0,4105780.0,811.0,671.0
MMT,45.0007922674695,242480.0,313505.0,3397.0,3279.0
PM,44.984946918079544,4877180.0,5144270.0,482.0,522.0
RWTN,44.96910156868959,7740.0,6665.0,5656.5,5786.0
CIMN,44.95325621929964,8480.0,10275.0,5625.0,5621.0
BRSL,44.937410869909684,1846920.0,2109690.0,1202.0,1211.0
SPOK,44.92156552051973,202120.0,172740.0,3566.0,3827.0
KIM-PM,44.90572017112978,12806.6,17769.9,5454.0,5373.0
MEGI,44.88987482173982,112000.0,138440.0,4128.0,4027.0
DX-PC,44.87402947234986,4708.2,7975.35,5823.0,5726.0
SCCD,44.85818412295991,1000.0,1215.0,6087.0,6110.0
FRT-PC,44.842338773569956,12813.6,10653.25,5453.0,5607.0
CCZ,44.82649342418,40.0,110.0,6234.5,6238.5
CODI-PC,44.81064807479005,4490.4,9878.45,5839.0,5638.0
ATHS,44.794802725400096,18660.0,27090.0,5267.0,5166.0
GAM-PB,44.77895737601014,19303.6,,5249.0,
ARR-PC,44.76311202662019,14854.8,13720.2,5386.0,5485.0
TLNC,44.747266677230236,7620.0,24360.0,5667.0,5214.0
RWT-PA,44.73142132784027,2116.0,3996.75,5988.0,5942.0
GLOP-PA,44.715575978450325,3154.2,2540.85,5916.0,6015.0
CNX,44.69973062906037,1308420.0,1562885.0,1528.0,1534.0
MS-PQ,44.68388527967041,74027.8,54355.6,4423.0,4721.0
CIMO,44.668039930280464,8820.0,7865.0,5609.5,5731.0
VLYPP,44.65219458089051,8180.0,5505.0,5634.0,5846.0
IRM,44.63634923150055,1115100.0,1772265.0,1726.0,1381.0
EFC-PC,44.620503882110604,1359.2,3180.7,6047.0,5975.0
DUK,44.60465853272065,3842080.0,4701520.0,619.0,583.0
BGC,44.58881318333069,3087400.0,2566845.0,754.0,1026.0
UI,44.572967833940744,126140.0,90230.0,4012.0,4373.0
FAX,44.55712248455078,122040.0,130495.0,4043.0,4083.0
VGI,44.541277135160826,43660.0,39490.0,4775.0,4940.0
ATLCZ,44.52543178577088,9880.0,11460.0,5559.0,5572.5
SPNT,44.50958643638092,682100.0,696240.0,2303.0,2459.0
SRV,44.493741086990966,44300.0,61785.0,4764.5,4631.0
FINS,44.47789573760102,38360.0,39575.0,4859.5,4937.0
CHSCN,44.46205038821106,14600.0,15715.0,5396.0,5426.0
BAC-PB,44.446205038821105,102497.2,91340.55,4209.0,4361.0
VET,44.43035968943116,1013420.0,1652765.0,1823.0,1468.0
LNC-PD,44.4145143400412,32850.6,29295.25,4972.0,5114.0
BIP-PA,44.398668990651245,5250.0,5148.3,5790.0,5864.0
ENGN,44.38282364126129,874800.0,698475.0,2013.0,2453.0
WSBCO,44.366978291871334,29920.0,18480.0,5034.0,5352.5
LAMR,44.35113294248138,595480.0,718575.0,2467.0,2418.0
PAI,44.33528759309143,12260.0,15680.0,5474.0,5428.0
BMN,44.319442243701474,5180.0,7175.0,5792.5,5759.0
SOBO,44.30359689431152,365760.0,481345.0,2986.0,2840.0
AEXA,44.28775154492157,46300.0,63485.0,4735.5,4620.0
SCCF,44.27190619553161,5180.0,2840.0,5792.5,5990.0
CAF,44.25606084614166,10560.0,17685.0,5532.0,5375.0
RF-PC,44.24021549675171,61745.6,35638.8,4552.0,5000.0
PSF,44.224370147361746,37320.0,33850.0,4892.5,5036.0
CEE,44.20852479797179,15900.0,22680.0,5353.0,5257.0
CUBB,44.19267944858184,1080.0,1120.0,6078.5,6118.5
OFSSO,44.176834099191886,1080.0,480.0,6078.5,6186.0
EXTR,44.16098874980193,1720720.0,1808390.0,1262.0,1363.0
ADAMI,44.14514340041198,12780.0,8565.0,5457.5,5698.0
GGB,44.129298051022026,7358440.0,12826940.0,309.0,173.0
PAXS,44.11345270163207,204080.0,196010.0,3556.0,3724.0
NPFD,44.09760735224212,61980.0,71895.0,4548.0,4520.0
EMF,44.081762002852166,28160.0,36215.0,5064.0,4992.0
BWG,44.06591665346221,39340.0,59335.0,4840.0,4658.0
RXRX,44.050071304072254,11694480.0,15090585.0,189.0,147.0
IGR,44.0342259546823,401820.0,485730.0,2893.0,2833.0
CII,44.01838060529234,97360.0,104170.0,4238.5,4273.0
TRTN-PF,44.002535255902394,6103.6,6653.15,5753.0,5787.0
SOAR,43.98668990651244,4580520.0,23109145.0,516.0,93.0
PTEN,43.97084455712248,6523200.0,8864685.0,356.0,277.0
ADAMH,43.954999207732534,33000.0,23690.0,4969.0,5233.0
APWC,43.93915385834258,18260.0,14655.0,5277.0,5451.0
WHFCL,43.92330850895262,4720.0,2405.0,5822.0,6027.0
FHN-PF,43.907463159562674,5968.4,11323.05,5761.0,5581.0
UMBFO,43.89161781017271,6620.0,7870.0,5723.5,5729.5
SWZ,43.875772460782756,20180.0,25270.0,5233.0,5195.0
PDPA,43.85992711139281,7500.0,4950.0,5677.0,5876.0
ADAMG,43.84408176200285,18800.0,14770.0,5263.5,5448.0
RSF,43.828236412612895,9400.0,9240.0,5583.0,5663.0
CMRE-PD,43.81239106322295,3400.4,3851.65,5901.0,5947.0
EGY,43.79654571383299,1168680.0,1216955.0,1665.0,1800.0
ECF,43.780700364443035,17520.0,17215.0,5308.0,5388.0
RLTY,43.76485501505309,44180.0,52450.0,4769.0,4751.0
LADR,43.74900966566313,995900.0,1311840.0,1845.0,1713.0
GDL,43.733164316273175,15140.0,8060.0,5376.5,5725.0
MSBIP,43.71731896688322,1820.0,2620.0,6009.5,6003.0
USB-PA,43.701473617493264,411.2,582.35,6158.0,6177.0
DRS,43.68562826810331,695740.0,821525.0,2275.0,2270.0
MHF,43.66978291871336,70040.0,63910.0,4474.0,4612.0
ODD,43.6539375693234,799960.0,752055.0,2114.0,2360.0
NTWK,43.63809221993345,16360.0,13885.0,5343.0,5476.0
ELOG,43.6222468705435,2900.0,5950.0,5936.0,5828.0
GSK,43.60640152115354,3230300.0,4148500.0,723.0,658.0
OCGN,43.59055617176359,3021500.0,4156970.0,767.0,655.0
TRS,43.57471082237364,384340.0,452750.0,2937.0,2907.0
TM,43.558865472983676,267700.0,392340.0,3292.0,3078.0
EVG,43.54302012359372,59700.0,47990.0,4590.0,4806.0
BAH,43.52717477420377,1743900.0,2266040.0,1249.0,1142.0
LTM,43.511329424813816,679460.0,729800.0,2307.0,2398.0
RENT,43.49548407542386,39300.0,48880.0,4841.0,4796.5
HNNA,43.47963872603391,8960.0,5755.0,5605.0,5834.0
VLYPN,43.463793376643956,10220.0,11350.0,5544.0,5579.0
FGN,43.447948027254,18420.0,18320.0,5273.0,5356.5
ABVX,43.43210267786405,723660.0,874980.0,2229.5,2185.0
NCZ-PA,43.416257328474096,7921.2,5320.65,5644.0,5852.0
PNNT,43.40041197908414,475120.0,573445.0,2701.0,2661.0
LOW,43.384566629694184,2541800.0,2792865.0,919.0,945.0
NBIX,43.36872128030423,1532280.0,1468985.0,1376.0,1595.0
LEU,43.35287593091427,499980.0,619105.0,2654.0,2586.0
CPHC,43.337030581524324,2280.0,1770.0,5974.0,6083.0
WIW,43.32118523213437,247240.0,278120.0,3368.0,3388.0
MPV,43.30533988274441,26340.0,28600.0,5098.0,5132.0
MWA,43.289494533354464,862740.0,1056475.0,2030.0,1941.0
FPF,43.27364918396451,116520.0,105050.0,4095.0,4264.0
PLMK,43.25780383457455,1560.0,14295.0,6029.0,5461.0
VNO-PL,43.241958485184604,12461.4,11262.75,5469.0,5586.0
RA,43.22611313579464,188180.0,147600.0,3642.0,3974.0
OAK-PA,43.210267786404685,7381.6,7148.75,5685.0,5761.0
JGH,43.19442243701474,61640.0,60365.0,4555.0,4648.0
AWF,43.17857708762478,352420.0,279790.0,3030.0,3382.0
SUPV,43.162731738234825,603740.0,514245.0,2447.0,2765.0
FRA,43.14688638884488,153680.0,150950.0,3840.0,3957.0
NVRI,43.13104103945492,455220.0,414410.0,2756.0,3017.0
PFL,43.115195690064965,143360.0,145395.0,3909.0,3983.0
VOYA-PB,43.09935034067502,17128.6,25161.95,5324.0,5198.0
YB,43.08350499128506,34200.0,23030.0,4942.0,5244.0
OAK-PB,43.067659641895105,12362.6,11803.35,5473.0,5554.0
PCG-PD,43.05181429250515,2753.4,2741.2,5946.0,5992.0
HTHT,43.03596894311519,2033260.0,1561480.0,1112.0,1535.0
JXN-PA,43.02012359372524,21675.0,22538.7,5196.0,5262.0
WEC,43.00427824433529,3231700.0,2448215.0,722.0,1060.0
GECCH,42.98843289494533,100.0,230.0,6216.5,6220.0
FRT,42.97258754555538,643900.0,911640.0,2373.0,2137.0
CPNG,42.95674219616543,13385140.0,18047095.0,158.0,124.0
POWWP,42.94089684677547,4280.0,2000.0,5844.5,6061.0
PEN,42.92505149738552,211120.0,323920.0,3528.0,3251.0
LEO,42.90920614799557,284020.0,277170.0,3233.0,3395.0
RF-PF,42.89336079860561,34250.4,24751.2,4939.0,5208.0
RDN,42.87751544921565,721480.0,1015605.0,2234.0,1996.0
BIPJ,42.8616700998257,9720.0,7920.0,5566.0,5727.0
AUPH,42.845824750435746,999180.0,1133060.0,1835.0,1875.0
SB-PC,42.82997940104579,0.0,247.55,6287.0,6215.0
REGCP,42.81413405165584,860.0,1495.0,6105.5,6095.0
ALH,42.798288702265886,1302640.0,720875.0,1534.0,2410.0
WIA,42.78244335287593,15060.0,25690.0,5378.5,5184.0
SPMA,42.76659800348598,11680.0,5270.0,5493.0,5855.5
JHS,42.750752654096026,8680.0,9515.0,5614.0,5653.0
VLYPO,42.73490730470607,9440.0,8400.0,5581.5,5707.0
LUCD,42.719061955316114,963540.0,1080130.0,1888.0,1924.0
VNO-PN,42.70321660592616,7381.0,7675.25,5686.0,5738.0
PRIF-PL,42.6873712565362,1123.8,1787.7,6071.0,6078.0
DMAAU,42.671525907146254,0.0,71.15,6287.0,6245.0
MAA-PI,42.6556805577563,2804.4,2342.15,5940.0,6031.0
ZKH,42.63983520836634,60020.0,118830.0,4583.5,4163.0
EIM,42.623989858976394,140840.0,157935.0,3933.0,3894.0
JQC,42.60814450958644,666820.0,550995.0,2323.0,2698.0
SAJ,42.59229916019648,5000.0,1640.0,5806.0,6089.0
JPM-PC,42.576453810806534,271538.8,186550.3,3280.0,3770.0
ASBA,42.56060846141658,21120.0,17305.0,5206.5,5385.5
RAMP,42.544763112026615,1171080.0,874180.0,1664.0,2188.0
PMT-PA,42.52891776263667,5327.2,7614.4,5787.0,5740.0
SNDX,42.51307241324671,1125380.0,1383580.0,1712.0,1656.0
MLAB,42.497227063856755,188640.0,150405.0,3641.0,3962.0
VEON,42.481381714466806,76100.0,86785.0,4410.0,4397.0
SPCB,42.46553636507685,121340.0,90300.0,4050.0,4371.0
LOB-PA,42.449691015686895,33407.4,28190.7,4957.0,5138.0
UDR,42.433845666296946,2543260.0,3423695.0,918.0,775.0
CFR-PB,42.41800031690699,17297.8,14740.55,5320.0,5450.0
TBLD,42.402154967517035,34420.0,44765.0,4933.0,4860.0
PNFP-PB,42.38630961812708,4735.0,11383.6,5821.0,5576.0
PFD,42.37046426873712,24860.0,33375.0,5137.0,5042.0
AFGD,42.35461891934717,13360.0,11910.0,5435.0,5549.0
DLX,42.33877356995722,434660.0,420995.0,2799.0,2997.0
CRGY,42.32292822056726,5116680.0,5689025.0,463.0,470.0
NTRB,42.30708287117731,4280.0,6995.0,5844.5,5769.0
AFCG,42.29123752178736,180040.0,99110.0,3682.0,4309.0
SLVM,42.2753921723974,301780.0,286185.0,3172.0,3360.0
SBI,42.25954682300745,42320.0,59025.0,4793.0,4663.0
TW,42.2437014736175,996680.0,1613790.0,1841.0,1503.0
BRT,42.22785612422754,36380.0,41255.0,4900.0,4914.0
FCN,42.21201077483758,416560.0,447865.0,2846.0,2922.0
BOH-PB,42.19616542544763,5142.8,11306.65,5796.0,5583.0
RYAM,42.180320076057676,897340.0,1048895.0,1983.0,1952.0
FTHY,42.16447472666772,100060.0,94950.0,4229.0,4341.0
CNH,42.14862937727777,11992040.0,15660900.0,183.0,138.0
UE,42.132784027887816,684480.0,808510.0,2297.0,2284.0
NDMO,42.11693867849786,134940.0,164210.0,3962.0,3869.0
PTY,42.10109332910791,1427380.0,1266595.0,1440.0,1756.0
EVV,42.085247979717956,417680.0,415560.0,2842.0,3014.0
NTR,42.069402630328,2437340.0,2552460.0,968.0,1030.0
LCID,42.053557280938044,6257400.0,11440205.0,368.0,206.0
TRTN-PE,42.03771193154809,4549.0,6481.3,5834.0,5797.0
FSSL,42.02186658215813,284320.0,258850.0,3231.5,3462.5
AEO,42.006021232768184,5086020.0,4147510.0,464.0,659.0
MFA-PC,41.99017588337823,30626.4,23624.55,5013.0,5236.0
HCKT,41.97433053398827,212820.0,381705.0,3521.0,3103.0
CARR,41.958485184598324,4495560.0,6918790.0,525.0,375.0
NMCO,41.94263983520837,197620.0,189390.0,3594.0,3757.0
OXSQG,41.92679448581841,3620.0,1775.0,5890.0,6081.0
PRTH,41.910949136428464,614720.0,484320.0,2424.0,2837.0
CI,41.89510378703851,1128280.0,1813685.0,1709.0,1361.0
BFS,41.879258437648545,123440.0,101140.0,4030.0,4294.0
NGL,41.863413088258596,320680.0,255685.0,3114.5,3476.0
CCO,41.84756773886864,20390220.0,9939255.0,99.0,242.0
VACI,41.831722389478685,1240500.0,338835.0,1597.0,3203.0
PLXS,41.815877040088736,231900.0,324940.0,3438.0,3246.0
ADAMO,41.80003169069878,30260.0,33930.0,5024.0,5033.0
NTCT,41.784186341308825,626920.0,579535.0,2405.0,2652.0
EP-PC,41.768340991918876,2013.4,3259.05,6000.0,5974.0
PMT-PB,41.75249564252892,7762.8,8158.85,5655.0,5720.0
SIRI,41.736650293138965,4283300.0,4525595.0,554.0,613.0
OZKAP,41.72080494374901,21980.0,21820.0,5187.5,5275.0
XEL,41.70495959435905,3665200.0,4662510.0,640.0,591.0
OTIS,41.6891142449691,3498280.0,3786880.0,664.0,717.0
ET-PI,41.67326889557915,95391.2,64817.65,4255.0,4598.0
EPRX,41.65742354618919,229600.0,395190.0,3453.0,3068.0
DMB,41.64157819679924,74200.0,59290.0,4421.5,4660.0
ONDS,41.62573284740929,91536120.0,83345825.0,7.0,6.0
OPP,41.60988749801933,91740.0,79260.0,4289.0,4456.0
GTY,41.59404214862938,342860.0,448500.0,3058.0,2918.0
OCCIM,41.57819679923943,6240.0,3450.0,5742.0,5965.0
RSSS,41.56235144984947,42140.0,32655.0,4797.0,5055.0
ACP,41.54650610045951,492700.0,534380.0,2666.0,2734.0
TEN-PE,41.53066075106956,4638.8,4114.95,5828.0,5935.0
SBSI,41.514815401679606,108420.0,139435.0,4157.0,4019.0
UAN,41.49897005228965,57720.0,51580.0,4604.0,4762.0
CGNX,41.4831247028997,3073820.0,2436700.0,760.0,1064.0
WFC-PL,41.467279353509745,8125.8,6998.45,5636.0,5768.0
NKLR,41.443511329424815,160360.0,451170.0,3791.0,2910.0
NRO,41.443511329424815,221660.0,231710.0,3480.0,3557.0
LFMDP,41.419743305339885,2540.0,1940.0,5960.0,6069.0
TDF,41.40389795594993,49880.0,52395.0,4691.0,4752.0
MSD,41.38805260655998,41360.0,46975.0,4808.0,4824.0
BKH,41.37220725717002,694880.0,765035.0,2279.0,2347.0
NPB,41.35636190778006,179480.0,207760.0,3686.0,3665.0
CHSCL,41.340516558390114,26420.0,22890.0,5097.0,5247.0
CTVA,41.32467120900016,3509940.0,4807820.0,663.0,568.0
DSL,41.3088258596102,479760.0,473475.0,2692.0,2861.0
FCT,41.292980510220254,265049.4,226146.55,3302.0,3588.0
ACV,41.2771351608303,34600.0,37340.0,4927.0,4973.0
CGO,41.26128981144034,30560.0,29880.0,5015.5,5107.0
PRIF-PD,41.24544446205039,671.6,1162.75,6127.0,6114.0
GHY,41.22959911266044,159540.0,154080.0,3798.0,3929.0
WCC,41.213753763270475,460240.0,651375.0,2743.0,2538.0
LFUS,41.197908413880526,242800.0,340290.0,3395.5,3198.0
TV,41.18206306449057,526660.0,844815.0,2598.0,2242.0
CHT,41.166217715100615,183140.0,174135.0,3667.0,3821.0
HIG-PG,41.150372365710666,21084.8,20221.65,5208.0,5313.0
FACTU,41.13452701632071,0.0,25.0,6287.0,6259.0
JRVR,41.118681666930755,338700.0,261875.0,3072.0,3445.0
TRTN-PD,41.102836317540806,3969.8,4193.6,5864.0,5930.0
EGP,41.08699096815085,340200.0,538920.0,3069.0,2723.0
CFG-PH,41.071145618760895,28486.4,25063.55,5056.0,5201.0
EBON,41.055300269370946,3360.0,5680.0,5903.0,5839.5
SPE-PC,41.03945491998098,3167.0,1692.9,5915.0,6086.0
ETY,41.02360957059103,205220.0,266530.0,3551.0,3432.0
ROK,41.00776422120108,579200.0,898965.0,2498.0,2150.0
FT,40.99191887181112,64720.0,44130.0,4525.0,4873.0
NCA,40.97607352242117,49600.0,70600.0,4694.0,4532.0
OFSSH,40.96022817303122,2920.0,8865.0,5934.0,5684.0
SPHL,40.94438282364126,15000.0,29235.0,5383.0,5117.0
BVN,40.92853747425131,540620.0,724095.0,2578.0,2407.0
EHI,40.91269212486136,122560.0,102470.0,4038.0,4283.0
DAKT,40.8968467754714,367400.0,407985.0,2981.0,3029.0
PPL,40.88100142608144,9002000.0,8621225.0,253.0,289.0
TDOC,40.86515607669149,3851040.0,6067980.0,615.0,436.0
NCV,40.849310727301535,44220.0,56245.0,4768.0,4704.0
NKX,40.83346537791158,129320.0,155090.0,3992.0,3919.0
OFLX,40.81762002852163,38860.0,41660.0,4850.0,4907.0
CCU,40.801774679131675,94100.0,102885.0,4267.5,4280.0
WBS-PG,40.78592932974172,7517.6,10072.55,5674.0,5630.0
NNY,40.77008398035177,28020.0,44500.0,5068.0,4864.0
HFFG,40.754238630961815,186020.0,393495.0,3656.0,3074.0
DNN,40.73839328157186,23205180.0,23348075.0,77.0,91.0
FVNNU,40.72254793218191,0.0,492.0,6287.0,6184.0
GNSS,40.70670258279195,105820.0,82400.0,4181.0,4431.0
STNG,40.69085723340199,766780.0,799615.0,2152.0,2295.0
OGS,40.675011884012044,413980.0,484610.0,2855.0,2836.0
GAIN,40.65916653462209,220940.0,215795.0,3487.0,3633.0
NAN,40.64332118523213,88420.0,87245.0,4315.5,4390.5
nan,40.62747583584218,88420.0,87245.0,4315.5,4390.5
KRG,40.61163048645223,1883820.0,2726000.0,1187.0,968.0
ERH,40.59578513706227,22580.0,25040.0,5176.0,5203.0
SLE,40.57993978767232,14276580.0,3578210.0,151.0,746.0
CF,40.56409443828237,2180600.0,2229540.0,1053.0,1164.0
TTAM,40.548249088892405,284400.0,287065.0,3230.0,3356.0
AMR,40.532403739502456,339580.0,327300.0,3071.0,3238.0
HITI,40.5165583901125,402820.0,344075.0,2890.0,3189.0
NWE,40.500713040722545,352680.0,365780.0,3028.0,3138.0
OPP-PC,40.484867691332596,1027.4,770.55,6083.0,6152.0
PNW,40.46902234194264,958220.0,1282915.0,1897.0,1735.0
DHF,40.453176992552685,343300.0,312190.0,3054.0,3285.0
SFL,40.437331643162736,1092500.0,1315810.0,1752.0,1710.0
ZDGE,40.42148629377278,48440.0,67430.0,4707.0,4563.0
JPC,40.405640944382824,1067540.0,920285.0,1773.0,2125.0
QETA,40.389795594992876,0.0,0.0,6287.0,6283.5
KEY-PK,40.37395024560291,25741.4,38598.65,5116.0,4954.0
HL-PB,40.35810489621296,677.2,356.15,6126.0,6203.0
YETI,40.34225954682301,3533060.0,1770570.0,657.0,1382.0
BGM,40.32641419743305,925840.0,257500.0,1944.0,3468.0
EDF,40.3105688480431,60020.0,89650.0,4583.5,4377.0
ORLY,40.29472349865315,4024860.0,6304585.0,589.0,423.0
SKM,40.27887814926319,2108580.0,2605630.0,1083.0,1011.0
RWTP,40.26303279987324,7580.0,5590.0,5671.5,5844.0
GSL-PB,40.24718745048329,6728.6,6577.5,5718.0,5794.0
PNI,40.23134210109333,46780.0,48180.0,4731.0,4804.0
SGU,40.21549675170337,22880.0,25050.0,5169.0,5202.0
FOF,40.19965140231342,42380.0,45645.0,4791.0,4844.0
T,40.183806052923465,33200520.0,59571965.0,45.0,16.0
WWR,40.16796070353351,3242020.0,8979115.0,717.0,271.0
BBOT,40.15211535414356,275720.0,261540.0,3263.0,3449.0
PPC,40.136270004753605,1704540.0,1555960.0,1273.0,1539.0
VTRS,40.12042465536365,10980540.0,11231535.0,207.0,210.0
GLQ,40.1045793059737,38200.0,48105.0,4864.5,4805.0
MBAV,40.088733956583745,254084.0,,3342.0,
EQH-PC,40.07288860719379,15903.0,22690.3,5352.0,5256.0
FNF,40.05704325780384,1567960.0,1660500.0,1352.0,1463.0
MFA-PB,40.04119790841388,10070.2,8407.8,5551.0,5706.0
IMKTA,40.02535255902392,122900.0,130565.0,4034.0,4082.0
WTFCN,40.00950720963397,30060.0,23875.0,5031.0,5227.0
CAL,39.99366186024402,395380.0,484980.0,2909.0,2835.0
OFIX,39.97781651085406,263720.0,370065.0,3307.0,3130.0
AFGB,39.96197116146411,4640.0,7120.0,5827.0,5764.0
SBRA,39.94612581207416,1797240.0,2705740.0,1224.0,974.0
AIRTP,39.9302804626842,3280.0,4960.0,5908.0,5874.0
BJ,39.91443511329425,1511540.0,1416395.0,1390.0,1624.0
EPRT,39.8985897639043,1255200.0,1451955.0,1581.0,1608.0
KEY-PJ,39.882744414514335,26073.6,44543.9,5109.0,4863.0
DSX,39.866899065124386,932300.0,795765.0,1937.0,2301.0
SNN,39.85105371573443,879320.0,1526085.0,2008.0,1557.0
NBB,39.835208366344474,59040.0,54985.0,4595.0,4710.0
PDT,39.819363016954526,103780.0,124440.0,4200.0,4128.0
DD,39.80351766756457,1259820.0,1753905.0,1574.0,1398.0
OM,39.787672318174614,198300.0,137650.0,3588.0,4032.0
SMPL,39.771826968784666,1780780.0,2247975.0,1227.0,1148.0
RNP,39.75598161939471,87800.0,93830.0,4321.0,4348.0
KMI,39.740136270004754,10648160.0,10610005.0,212.0,224.0
LOAN,39.724290920614806,18240.0,33135.0,5278.0,5046.0
WKHS,39.70844557122484,172980.0,108025.0,3721.0,4242.0
NCV-PA,39.69260022183489,5545.8,5623.25,5773.0,5842.0
STG,39.67675487244494,3600.0,4655.0,5891.5,5902.0
PSA-PN,39.66090952305498,26453.6,27807.4,5095.0,5144.0
MBAVU,39.64506417366503,798.4,,6112.0,
JBK,39.62921882427508,300.0,235.0,6176.5,6218.0
CKX,39.61337347488512,3320.0,4540.0,5905.0,5908.0
GRBK-PA,39.59752812549517,2095.8,2547.25,5989.0,6012.0
CTO-PA,39.58168277610522,2418.4,3413.7,5971.0,5967.0
CINT,39.56583742671526,92600.0,73975.0,4280.0,4496.0
ATAT,39.54999207732531,940100.0,799750.0,1925.0,2294.0
SCE-PM,39.53414672793535,47414.6,64405.55,4721.0,4606.0
HIO,39.518301378545395,302080.0,427585.0,3171.0,2983.0
VTEX,39.50245602915544,872880.0,949575.0,2017.0,2076.0
ORKT,39.48661067976549,7220.0,28725.0,5696.0,5124.0
ADC,39.470765330375535,1113300.0,1301490.0,1729.0,1718.0
PECO,39.45491998098558,657040.0,847215.0,2341.0,2232.0
FSP,39.43907463159563,279760.0,324595.0,3244.0,3250.0
DAIO,39.423229282205675,73120.0,52150.0,4432.0,4755.0
ADI,39.40738393281572,3327380.0,3832590.0,694.0,707.0
NMT,39.39153858342577,9700.0,13090.0,5569.0,5508.0
CHSCO,39.37569323403581,13240.0,19635.0,5438.0,5326.0
RGS,39.35984788464585,6300.0,5825.0,5738.5,5832.0
HYT,39.3440025352559,810380.0,851170.0,2102.0,2227.0
ANDE,39.32815718586595,302920.0,343475.0,3166.0,3191.0
VVR,39.31231183647599,528660.0,528195.0,2593.0,2739.0
VBF,39.29646648708604,48820.0,68505.0,4703.0,4552.5
NPCT,39.28062113769609,95180.0,101570.0,4259.0,4288.0
RCI,39.26477578830613,1045960.0,1374090.0,1793.0,1662.0
GLE,39.24893043891618,1224140.0,7898020.0,1614.0,323.0
FTLF,39.23308508952623,14800.0,12765.0,5387.0,5517.0
MQ,39.21723974013627,903820.0,1122585.0,1977.0,1889.0
BA-PA,39.201394390746316,547433.4,724365.65,2568.0,2406.0
AQN,39.18554904135636,2914160.0,3957980.0,798.0,693.0
ARR,39.169703691966404,3921140.0,3597965.0,602.0,742.0
LIEN,39.153858342576456,72320.0,54470.0,4446.0,4718.0
TCBIO,39.1380129931865,9340.0,11550.0,5585.0,5566.0
NMI,39.122167643796544,20000.0,22635.0,5235.0,5259.0
AXIA-PC,39.106322294406596,142071.6,106691.2,3918.0,4251.0
CW,39.09047694501664,294780.0,276060.0,3193.0,3401.0
BKR,39.074631595626684,6861380.0,8458045.0,334.0,297.0
MKL,39.058786246236735,48040.0,63335.0,4710.5,4621.0
PYPD,39.04294089684677,138460.0,195310.0,3945.0,3727.0
NTRSO,39.02709554745682,33120.0,38510.0,4963.5,4955.0
QRVO,39.01125019806687,1040360.0,1299170.0,1800.0,1723.0
CMRE-PB,38.99540484867691,847.0,1144.15,6107.0,6116.0
EPD,38.97955949928696,3477520.0,3354835.0,666.0,786.0
TRTX-PC,38.96371414989701,5767.6,4584.45,5767.0,5905.0
KIO,38.94786880050705,231760.0,227550.0,3440.0,3577.0
AEVA,38.9320234511171,1584580.0,1916850.0,1344.0,1300.0
SOJF,38.91617810172715,52960.0,55115.0,4651.0,4709.0
VISN,38.90033275233719,6874020.0,7617065.0,332.0,333.0
WXM,38.88448740294724,220280.0,2197220.0,3490.0,1181.0
INR,38.86864205355728,213180.0,278295.0,3518.5,3386.0
PRHIZ,38.852796704167325,1280.2,2126.15,6060.0,6048.0
OGE,38.83695135477737,1157280.0,1398520.0,1675.0,1640.0
VTMX,38.82110600538742,72820.0,86605.0,4439.0,4399.0
INVX,38.805260655997465,631240.0,764500.0,2399.0,2348.0
MNOV,38.78941530660751,39160.0,31830.0,4844.0,5065.0
EXE,38.77356995721756,2219620.0,3242940.0,1041.0,813.0
BEPJ,38.757724607827605,5120.0,5600.0,5798.0,5843.0
SUNS,38.74187925843765,138000.0,81835.0,3947.0,4437.0
IRTC,38.7260339090477,664960.0,699355.0,2325.0,2451.0
BELFA,38.71018855965774,139780.0,182195.0,3941.0,3790.0
IIPR,38.69434321026778,313440.0,311740.0,3134.0,3286.0
GGT-PG,38.67849786087783,3348.0,2583.65,5904.0,6007.0
SABA,38.66265251148788,34580.0,31150.0,4929.0,5075.5
RDWR,38.64680716209792,126860.0,232355.0,4006.0,3553.0
MXF,38.63096181270797,25880.0,34760.0,5113.0,5016.0
DOV,38.61511646331802,781120.0,1249610.0,2138.0,1768.0
GEG,38.59927111392806,8820.0,5690.0,5609.5,5837.0
HPS,38.58342576453811,47060.0,49865.0,4727.0,4781.0
KRP,38.56758041514816,1155640.0,936725.0,1680.0,2099.0
SO,38.5517350657582,3946420.0,5394025.0,598.0,490.0
CHOW,38.535889716368246,49493900.0,12673220.0,19.0,177.0
RYDE,38.52004436697829,202720.0,282960.0,3561.5,3372.0
DFH,38.504199017588334,572960.0,717255.0,2510.0,2420.0
SYF-PA,38.488353668198386,34486.8,49243.4,4932.0,4790.0
ORC,38.47250831880843,2946200.0,4940375.0,785.0,552.0
ANAB,38.456662969418474,299920.0,465005.0,3179.0,2876.0
SFIX,38.440817620028525,1349160.0,1480085.0,1502.0,1589.0
IQST,38.42497227063857,1762480.0,1362580.0,1238.0,1676.0
MIDD,38.409126921248614,879720.0,605940.0,2007.0,2612.0
EAI,38.393281571858665,11360.0,20560.0,5505.0,5307.0
QFIN,38.3774362224687,1447100.0,1069620.0,1429.0,1932.0
SITM,38.36159087307875,394980.0,508215.0,2910.0,2779.0
HUBG,38.3457455236888,1993640.0,1242700.0,1128.0,1775.0
COOK,38.32990017429884,55720.0,64770.0,4625.0,4599.0
GCO,38.31405482490889,253720.0,190545.0,3343.0,3754.0
GEL,38.29820947551894,242980.0,250845.0,3394.0,3497.0
TSI,38.28236412612898,158980.0,169810.0,3805.0,3840.0
IRT,38.26651877673903,2636560.0,2958970.0,886.0,885.0
NCL,38.25067342734908,0.0,0.0,6287.0,6283.5
BNH,38.23482807795912,10780.0,29475.0,5523.5,5113.0
DTE,38.218982728569166,1265160.0,1413200.0,1567.0,1625.0
WFCF,38.20313737917921,10720.0,3885.0,5526.5,5944.0
LTRX,38.187292029789255,787660.0,666960.0,2132.0,2507.0
ICCC,38.1714466803993,55920.0,27630.0,4624.0,5151.0
CYTK,38.15560133100935,1755780.0,1923185.0,1243.0,1295.0
CNXC,38.139755981619395,1048980.0,1152425.0,1791.0,1858.0
GVA,38.12391063222944,564220.0,973980.0,2529.0,2048.0
AEP,38.10806528283949,2561760.0,3769310.0,906.0,720.0
ALDX,38.092219933449535,924000.0,897110.0,1950.0,2155.0
CODI-PB,38.07637458405958,7510.4,10013.05,5675.0,5632.0
ARDC,38.06052923466963,70460.0,87980.0,4470.0,4387.0
WDI,38.044683885279674,197840.0,209270.0,3591.0,3660.0
MGRD,38.02883853588971,6380.0,11760.0,5733.5,5558.0
BABA,38.01299318649976,10144100.0,9251780.0,225.0,261.0
TUSK,37.99714783710981,304120.0,229945.0,3164.0,3565.0
MBINN,37.98130248771985,9080.0,7165.0,5600.0,5760.0
ELC,37.9654571383299,12900.0,15120.0,5447.0,5441.0
NXE,37.94961178893995,8073580.0,5403100.0,278.0,488.0
FBRT-PE,37.93376643954999,15773.4,15650.65,5356.0,5431.0
MXE,37.91792109016004,2200.0,2415.0,5980.0,6026.0
STN,37.90207574077009,509880.0,422955.0,2636.0,2994.0
LSTR,37.88623039138013,466500.0,558240.0,2730.0,2686.0
NINE,37.870385041990176,38980.0,60420.0,4847.5,4646.0
RCS,37.85453969260022,144860.0,135305.0,3900.0,4051.0
WEST,37.838694343210264,310860.0,407625.0,3141.0,3030.0
KTN,37.822848993820315,2440.0,1960.0,5968.5,6065.0
EAD,37.80700364443036,296500.0,299210.0,3189.0,3314.0
CMCL,37.791158295040404,221700.0,192820.0,3479.0,3744.0
ACGLN,37.775312945650455,32640.0,40235.0,4978.0,4927.0
GHG,37.7594675962605,7180.0,7575.0,5699.0,5742.0
QSEAU,37.743622246870544,0.0,0.0,6287.0,6283.5
PCG-PA,37.727776897480595,4657.0,5349.8,5826.0,5850.0
PSA-PO,37.71193154809064,20777.8,22814.6,5218.0,5250.0
AXIA,37.69608619870068,4199745.0,,564.0,
BIT,37.68024084931073,472760.0,320070.0,2713.0,3258.0
EMA,37.66439549992077,294620.0,630160.0,3195.5,2570.0
WMK,37.648550150530816,145160.0,165715.0,3894.0,3863.0
AFGC,37.63270480114087,9540.0,9095.0,5573.5,5667.0
KVAC,37.61685945175091,963.0,,6091.0,
GS-PA,37.601014102360956,81880.6,71594.5,4372.0,4523.0
BIPH,37.58516875297101,10620.0,17845.0,5530.0,5370.0
DNUT,37.56932340358105,3594340.0,3060155.0,651.0,855.0
BWMX,37.553478054191096,95480.0,109245.0,4251.0,4238.0
CFG-PI,37.53763270480114,15725.8,35278.65,5358.0,5004.0
GNT-PA,37.521787355411185,1945.6,993.0,6005.0,6128.0
CHSCM,37.50594200602123,25920.0,25000.0,5111.0,5205.0
APOS,37.49009665663128,25240.0,57030.0,5122.5,4691.0
DUK-PA,37.474251307241325,86307.8,66760.95,4335.0,4573.0
PNFP-PA,37.45840595785137,10752.0,10834.75,5525.0,5601.0
AFGE,37.44256060846142,4120.0,7460.0,5853.0,5746.0
FCNCO,37.426715259071464,10140.0,13475.0,5548.0,5494.0
REG,37.41086990968151,983360.0,1402625.0,1865.0,1631.0
SFB,37.39502456029156,10380.0,12710.0,5541.0,5520.0
AEC,37.379179210901604,30860.0,41505.0,5008.5,4909.5
HLF,37.36333386151164,1355040.0,1509430.0,1498.0,1570.0
FTEK,37.34748851212169,165160.0,143090.0,3771.0,3992.0
SRI,37.33164316273174,119040.0,152235.0,4069.0,3945.0
ACN,37.31579781334178,6458180.0,6800905.0,361.0,390.0
HBANP,37.29995246395183,45400.0,45705.0,4748.0,4841.0
MLEC,37.28410711456188,24980.0,10520.0,5132.0,5613.5
BWAY,37.26826176517192,254720.0,167165.0,3340.0,3853.0
GROY,37.25241641578197,2210480.0,2378955.0,1043.0,1103.0
CIM-PA,37.23657106639202,5634.2,5785.5,5771.0,5833.0
RM,37.22072571700206,120860.0,111390.0,4055.5,4219.0
ESEA,37.204880367612105,55300.0,47950.0,4627.0,4808.0
MLM,37.18903501822215,562800.0,617005.0,2536.5,2590.0
AAP,37.173189668832194,1693780.0,1333570.0,1280.0,1700.0
DSM,37.157344319442245,153820.0,149890.0,3839.0,3964.0
EDUC,37.14149897005229,132260.0,134000.0,3980.0,4063.0
TGLS,37.125653620662334,197660.0,272370.0,3593.0,3412.0
EPAM,37.109808271272385,1193680.0,1710520.0,1643.0,1428.0
FORM,37.09396292188243,1101460.0,1372000.0,1739.0,1668.0
BMA,37.078117572492474,284320.0,276360.0,3231.5,3399.5
NLOP,37.062272223102525,100840.0,135805.0,4218.0,4046.0
ILPT,37.04642687371257,336600.0,375175.0,3076.0,3116.0
MENS,37.030581524322606,30400.0,49125.0,5020.5,4793.0
AMRN,37.01473617493266,52220.0,51250.0,4664.0,4765.0
AEIS,36.9988908255427,435940.0,719930.0,2797.0,2414.0
PWR,36.983045476152746,1098360.0,1185545.0,1743.0,1829.0
CAT,36.9672001267628,2478200.0,3010175.0,951.0,873.0
PCG-PH,36.95135477737284,500.4,1120.0,6148.0,6118.5
FGNXP,36.935509427982886,200.0,210.0,6195.5,6223.0
NJR,36.91966407859294,526900.0,669815.0,2596.0,2504.0
EME,36.90381872920298,304360.0,420520.0,3163.0,2998.0
MS-PA,36.887973379813026,117430.0,86207.95,4084.0,4404.0
WBS-PF,36.87212803042307,7314.2,8201.15,5691.0,5716.0
ETI-P,36.856282681033115,747.8,1646.2,6117.0,6088.0
SBET,36.84043733164316,6598500.0,6960880.0,348.0,371.0
ANNX,36.82459198225321,3186560.0,2524565.0,733.0,1044.0
RWTQ,36.808746632863254,16800.0,14335.0,5330.0,5460.0
GF,36.7929012834733,19500.0,21115.0,5242.0,5294.0
CAMT,36.77705593408335,453560.0,556235.0,2761.0,2691.0
JRI,36.761210584693394,154160.0,135260.0,3838.0,4053.0
YSXT,36.74536523530344,9100.0,52110.0,5598.5,4756.0
GJH,36.72951988591349,640.0,1265.0,6133.5,6107.0
PNFP-PC,36.713674536523534,9141.2,14194.25,5595.0,5463.0
HON,36.69782918713357,2683000.0,3424105.0,874.0,774.0
RNR-PF,36.68198383774362,18360.0,15536.3,5274.5,5433.0
MTB-PK,36.66613848835367,31129.2,29531.05,5001.0,5111.0
PSA-PF,36.65029313896371,10813.0,15943.1,5520.0,5422.0
TFPM,36.63444778957376,504360.0,514290.0,2648.0,2764.0
WLKP,36.61860244018381,34580.0,38990.0,4929.0,4945.0
VFF,36.60275709079385,1130060.0,1128920.0,1704.0,1884.0
UZD,36.5869117414039,3100.0,3350.0,5922.0,5970.0
NNI,36.57106639201395,145660.0,130045.0,3891.0,4088.5
SCE-PN,36.55522104262399,34011.6,17484.4,4945.0,5383.0
BLX,36.539375693234035,158940.0,151315.0,3806.0,3952.0
HOWL,36.52353034384408,244100.0,604135.0,3386.0,2617.0
PSA-PS,36.507684994454124,10057.2,16313.3,5552.0,5413.0
WMB,36.491839645064175,5502260.0,6360745.0,427.0,420.0
GRAB,36.47599429567422,32147060.0,48129205.0,49.0,25.0
SWAG,36.460148946284264,60280.0,42490.0,4580.0,4892.0
RRC,36.444303596894315,1996180.0,2898325.0,1127.0,910.0
VIRC,36.42845824750436,18920.0,30080.0,5259.0,5103.0
PMVP,36.4126128981144,165140.0,315910.0,3772.0,3271.0
ASPCU,36.396767548724455,0.0,113.25,6287.0,6237.0
MAT,36.3809221993345,3291660.0,3839630.0,702.0,706.0
PSA-PQ,36.365076849944536,13925.8,13294.65,5417.0,5497.0
JYNT,36.34923150055459,63060.0,64655.0,4541.0,4603.0
AIG,36.33338615116463,2623900.0,3118485.0,889.0,842.0
PLD,36.317540801774676,2657300.0,5286740.0,880.0,507.0
CRK,36.30169545238473,1637100.0,2208615.0,1317.0,1171.0
PCM,36.28585010299477,61340.0,48960.0,4562.0,4794.0
SOMN,36.270004753604816,17460.0,39960.0,5309.5,4931.0
PSA-PI,36.25415940421487,17148.4,22308.2,5323.0,5266.0
CIK,36.23831405482491,412620.0,435435.0,2859.0,2955.0
TEN-PF,36.222468705434956,5853.4,6864.45,5765.0,5780.0
VNO-PO,36.206623356045,4915.8,8971.75,5815.0,5675.0
PSA-PJ,36.190778006655044,7352.6,21045.55,5689.0,5297.0
SCHW-PD,36.17493265726509,53811.4,49680.0,4646.0,4785.0
RF-PE,36.15908730787514,54343.6,44442.7,4640.0,4866.0
MS-PI,36.143241958485184,68479.6,66782.35,4488.0,4572.0
COLA,36.12739660909523,6040.0,10405.0,5758.5,5617.0
BP,36.11155125970528,7431400.0,8066920.0,307.0,309.0
HPP-PC,36.095705910315324,2255.2,5246.05,5976.0,5858.0
PAMT,36.07986056092537,23060.0,21040.0,5165.0,5298.0
BUI,36.06401521153542,69400.0,68650.0,4478.0,4551.0
TY-P,36.048169862145464,1808.4,2080.5,6011.0,6054.0
TAP,36.0323245127555,2111400.0,2830950.0,1081.0,935.0
NAZ,36.01647916336555,11900.0,24050.0,5483.5,5224.5
TTE,36.0006338139756,1199300.0,1435620.0,1636.0,1617.0
USB-PH,35.98478846458564,44163.6,50709.6,4770.0,4769.0
MGPI,35.96894311519569,195800.0,189615.0,3605.0,3756.0
FCNCP,35.95309776580574,14400.0,10740.0,5401.0,5604.0
PRDO,35.93725241641578,623600.0,741910.0,2414.0,2383.0
PAM,35.92140706702583,146760.0,173900.0,3883.0,3822.0
TXNM,35.90556171763588,682280.0,771200.0,2302.0,2337.0
GIFT,35.88971636824592,21660.0,80195.0,5197.0,4445.0
GPATU,35.873871018855965,20.0,10.0,6239.0,6265.5
PSA-PM,35.85802566946601,104506.8,36250.6,4191.0,4991.0
BILI,35.842180320076054,2407900.0,2062340.0,971.0,1233.0
AMZN,35.826334970686105,33271620.0,48809335.0,44.0,24.0
KPRX,35.81048962129615,19940.0,19795.0,5236.0,5324.0
MSCI,35.79464427190619,738940.0,773275.0,2200.0,2333.0
FMX,35.778798922516245,401540.0,516005.0,2894.0,2762.0
DHY,35.76295357312629,972200.0,659535.0,1877.0,2523.0
ISOU,35.74710822373633,67820.0,86905.0,4494.0,4396.0
TFII,35.731262874346385,239140.0,357815.0,3408.0,3158.0
FLG-PU,35.71541752495643,10553.2,6216.95,5533.0,5815.0
CAE,35.699572175566466,891800.0,650835.0,1990.0,2540.0
AEF,35.68372682617652,87000.0,99000.0,4329.0,4310.0
AMCI,35.66788147678656,148780.0,152300.0,3867.0,3943.0
PRIF-PK,35.652036127396606,948.8,1063.45,6095.0,6124.0
LC,35.63619077800666,991900.0,1508295.0,1854.0,1571.0
RJET,35.6203454286167,79820.0,115080.0,4383.0,4199.0
COF-PL,35.604500079226746,71636.8,63651.35,4455.0,4616.0
TXT,35.5886547298368,1157940.0,1766690.0,1673.0,1386.0
IGC,35.57280938044684,1410620.0,723580.0,1456.0,2408.0
ALCO,35.556964031056886,18020.0,22110.0,5286.0,5272.0
MARPS,35.54111868166693,2160.0,3665.0,5982.0,5958.0
GS-PD,35.525273332276974,118732.0,126266.4,4074.0,4112.0
MEOH,35.50942798288702,596920.0,863505.0,2463.0,2205.0
MLI,35.49358263349707,927700.0,1166480.0,1941.0,1843.0
CVLG,35.477737284107114,134840.0,218980.0,3963.0,3614.0
DLR-PK,35.46189193471716,11056.6,14769.25,5511.0,5449.0
WERN,35.44604658532721,854180.0,1350985.0,2040.0,1688.0
PSA-PR,35.430201235937254,23354.8,25360.0,5161.0,5192.0
RYAAY,35.4143558865473,960600.0,1127205.0,1892.0,1885.0
GPRK,35.39851053715735,241400.0,359620.0,3401.0,3155.0
CMS,35.382665187767394,4101140.0,4044260.0,580.0,685.0
TPVG,35.36681983837743,217000.0,226750.0,3499.0,3581.0
GGT,35.35097448898748,315960.0,299770.0,3128.0,3312.0
SRAD,35.33512913959753,1956220.0,2908250.0,1139.0,905.0
AKR,35.31928379020757,996720.0,1337165.0,1840.0,1697.0
ACGLO,35.30343844081762,17540.0,25555.0,5306.0,5187.0
WIT,35.28759309142767,3908900.0,6845150.0,604.0,383.0
JPM-PD,35.27174774203771,204733.8,161191.7,3553.0,3883.0
MGNX,35.25590239264776,728560.0,677540.0,2213.0,2494.0
COF-PI,35.240057043257806,176607.4,126441.5,3701.0,4109.0
FHN-PE,35.22421169386785,9901.6,7446.7,5555.0,5748.0
IPM,35.208366344477895,4100.0,6185.0,5855.0,5819.0
WHF,35.19252099508794,44240.0,47085.0,4766.5,4822.5
PSA-PP,35.17667564569798,41459.0,45417.5,4805.0,4850.0
PSTL,35.160830296308035,375760.0,287545.0,2956.0,3354.0
MAR,35.14498494691808,1209360.0,1759280.0,1629.0,1390.0
NATH,35.12913959752812,34640.0,23475.0,4926.0,5237.0
CTA-PB,35.113294248138175,1594.4,2625.8,6026.0,6001.0
MGR,35.09744889874822,18220.0,17515.0,5279.0,5382.0
PSA-PK,35.08160354935826,9908.2,13490.35,5554.0,5493.0
SSBI,35.065758199968315,3500.0,6190.0,5895.0,5818.0
SLRC,35.04991285057836,281240.0,437310.0,3241.0,2951.0
MSAI,35.0340675011884,42820.0,24675.0,4783.0,5210.0
BIP,35.01822215179845,554480.0,1176475.0,2554.0,1836.0
NXST,35.00237680240849,322580.0,331200.0,3109.0,3225.0
CNM,34.986531453018536,2031560.0,1823755.0,1113.0,1354.0
OMAB,34.97068610362859,49560.0,57805.0,4695.0,4674.0
TRX,34.95484075423863,3355800.0,2542720.0,689.0,1035.0
COF-PN,34.938995404848676,57961.2,45510.85,4602.0,4848.0
CGABL,34.92315005545873,15580.0,14070.0,5363.0,5469.0
GGN-PB,34.90730470606877,10144.4,4925.05,5546.0,5879.0
HSY,34.891459356678816,999840.0,1529565.0,1834.0,1556.0
MOS,34.87561400728886,6998000.0,7605485.0,324.0,334.0
NAMM,34.859768657898904,409800.0,399640.0,2871.0,3059.0
PTHS,34.84392330850895,28280.0,96510.0,5063.0,4331.0
GDO,34.828077959119,51980.0,53340.0,4665.5,4735.0
PEG,34.812232609729044,2362440.0,2858330.0,985.0,926.0
PHIO,34.79638726033909,83160.0,115825.0,4362.0,4194.0
PNBK,34.78054191094914,286860.0,229230.0,3222.0,3567.0
USB-PS,34.764696561559184,33490.0,42364.2,4954.0,4894.0
NVCR,34.74885121216923,864860.0,1731080.0,2026.0,1415.0
ONL,34.73300586277928,186560.0,281250.0,3651.0,3376.0
VMI,34.717160513389324,150100.0,211690.0,3857.0,3648.0
BRW,34.70131516399937,261680.0,232035.0,3313.0,3555.0
SREA,34.68546981460941,68760.0,53295.0,4483.0,4737.0
BAC-PP,34.66962446521946,65816.0,66837.45,4510.0,4571.0
NNDM,34.6537791158295,1428920.0,2011850.0,1438.0,1258.0
ETR,34.63793376643955,1861900.0,2491090.0,1195.0,1053.0
PSA-PL,34.622088417049596,33087.0,34719.9,4965.0,5017.0
GS-PC,34.60624306765964,22832.2,21325.8,5170.0,5288.0
EGHT,34.59039771826969,1065900.0,1861305.0,1776.0,1324.0
CHRD,34.574552368879736,638520.0,766975.0,2384.0,2342.0
RBC,34.55870701948978,160240.0,224480.0,3794.0,3595.0
NEWT,34.542861670099825,181640.0,227215.0,3675.0,3580.0
JPM-PL,34.52701632070987,197021.6,221786.05,3598.0,3600.0
GEV,34.51117097131991,1921460.0,2529570.0,1163.0,1041.0
OHI,34.495325621929965,1727180.0,1927990.0,1260.0,1293.0
DSU,34.47948027254001,230220.0,287285.0,3450.0,3355.0
CCM,34.46363492315005,208760.0,103790.0,3535.0,4276.0
WFC-PA,34.447789573760105,111226.0,99229.15,4134.0,4305.0
BML-PL,34.43194422437015,29663.8,27317.2,5040.0,5160.0
BNC,34.41609887498019,117160.0,164795.0,4087.0,3866.0
SCYX,34.400253525590244,76420.0,252525.0,4408.0,3493.0
GAB-PK,34.38440817620029,11615.0,6880.45,5496.0,5777.0
COLAU,34.36856282681033,0.0,0.0,6287.0,6283.5
WSC,34.35271747742038,3290580.0,2866580.0,703.0,919.0
ENTA,34.33687212803042,197460.0,171845.0,3595.0,3832.0
AFYA,34.321026778640466,156100.0,109440.0,3824.0,4236.0
TFC-PR,34.30518142925052,59961.6,66862.35,4587.0,4570.0
IMTE,34.28933607986056,2551660.0,664255.0,913.0,2515.0
TK,34.273490730470606,519840.0,510660.0,2606.0,2771.0
CHH,34.25764538108066,358240.0,520865.0,3015.0,2748.0
NEE,34.2418000316907,8819260.0,10640655.0,258.0,223.0
SAFX,34.225954682300745,3137740.0,4117165.0,742.0,665.0
NEE-PT,34.21010933291079,50627.4,261415.8,4682.0,3450.0
FRPH,34.194263983520834,86540.0,99130.0,4332.0,4308.0
AMH-PG,34.17841863413088,7600.4,6944.2,5668.0,5771.0
RECT,34.16257328474093,10420.0,56905.0,5538.5,4693.5
ATO,34.146727935350974,1249140.0,1031085.0,1588.0,1975.0
BAC-PO,34.13088258596102,159068.4,97294.2,3802.0,4325.0
FLNG,34.11503723657107,299840.0,277580.0,3180.0,3392.0
COF-PJ,34.099191887181114,117912.0,91317.8,4079.0,4363.0
MCN,34.08334653779116,70980.0,57360.0,4461.0,4685.0
TME,34.06750118840121,12623720.0,9634425.0,174.0,251.0
PBI-PB,34.051655839011254,17400.0,17010.0,5313.5,5395.0
OXLC,34.0358104896213,1447380.0,951070.0,1428.0,2073.0
EMP,34.01996514023134,11840.0,12900.0,5487.0,5514.0
PTA,34.004119790841386,122480.0,109800.0,4039.0,4232.0
CAAS,33.98827444145143,64640.0,30735.0,4527.0,5087.5
BAC-PK,33.97242909206148,63752.2,63747.55,4536.0,4614.0
STAG,33.956583742671526,1044640.0,1630955.0,1795.0,1489.0
JPM-PJ,33.94073839328157,89792.0,91607.05,4304.0,4359.0
SAM,33.92489304389162,169800.0,264755.0,3743.0,3437.0
BEAM,33.909047694501666,1494060.0,1628805.0,1398.0,1491.0
GDV-PH,33.89320234511171,4920.6,6213.4,5812.0,5816.0
ECF-PA,33.877356995721755,4078.4,2010.15,5859.0,6059.0
TCMD,33.8615116463318,491320.0,290680.0,2668.0,3344.0
AGO,33.84566629694184,298340.0,344395.0,3184.0,3188.0
NHS,33.829820947551895,168540.0,172745.0,3755.0,3826.0
GAB-PG,33.81397559816194,8115.0,4713.0,5638.0,5897.0
NPV,33.79813024877198,85140.0,74740.0,4344.5,4492.0
ZOOZ,33.782284899382034,1160.0,3835.0,6069.0,5949.5
BRX,33.76643954999208,2098400.0,2378365.0,1085.0,1104.0
NEE-PS,33.75059420060212,115268.4,65829.0,4105.0,4578.0
FLYE,33.734748851212174,5140.0,15465.0,5797.0,5435.0
GIGM,33.71890350182222,7820.0,6170.0,5652.5,5822.0
PSEC-PA,33.70305815243226,4339.0,4742.9,5843.0,5893.0
KEX,33.68721280304231,422900.0,558680.0,2828.0,2685.0
HKD,33.67136745365235,109300.0,112575.0,4149.0,4215.0
TYG,33.655522104262396,97040.0,126325.0,4240.0,4110.0
NGVC,33.63967675487245,147460.0,157130.0,3875.0,3899.0
BNGO,33.62383140548249,126620.0,128150.0,4008.0,4097.0
RIV,33.607986056092535,315140.0,125735.0,3130.0,4119.0
TWO,33.59214070670259,1521640.0,3552350.0,1383.0,749.0
UHT,33.57629535731263,89380.0,96940.0,4308.0,4329.0
OVBC,33.560450007922675,47320.0,40480.0,4723.0,4924.0
PCF,33.54460465853272,89080.0,70270.0,4310.0,4534.0
GDV-PK,33.52875930914277,12822.2,11878.7,5452.0,5551.0
GIL,33.51291395975281,1238660.0,1597160.0,1602.0,1511.0
REGCO,33.49706861036286,2080.0,2450.0,5991.5,6023.5
CMS-PB,33.481223260972904,512.0,535.2,6147.0,6183.0
MKSI,33.46537791158295,1186660.0,1546495.0,1651.0,1546.0
WFC-PC,33.449532562193,92898.4,76588.6,4278.0,4478.0
USAU,33.433687212803044,185280.0,241595.0,3659.0,3528.0
BIOX,33.41784186341309,271900.0,150470.0,3277.0,3961.0
AIM,33.40199651402314,1143040.0,1483790.0,1691.0,1586.0
CTRE,33.38615116463318,1985280.0,2033980.0,1131.0,1246.0
KPLT,33.37030581524323,99600.0,70695.0,4233.0,4530.5
COF-PK,33.35446046585327,15753.6,8689.55,5357.0,5691.0
TMUSI,33.338615116463316,16860.0,42155.0,5329.0,4899.0
WFC-PZ,33.32276976707336,189269.8,187029.35,3640.0,3767.0
TJX,33.30692441768341,5425520.0,5062995.0,434.0,535.0
ARE,33.291079068293456,1735600.0,1910700.0,1254.0,1303.0
BAC-PS,33.2752337189035,61187.6,63543.9,4564.0,4619.0
NABL,33.25938836951355,3267140.0,2363380.0,709.0,1110.0
SR,33.243543020123596,429300.0,448265.0,2815.0,2921.0
FWDI,33.22769767073364,1202580.0,874930.0,1633.0,2186.0
BCE,33.211852321343684,2698700.0,3968700.0,868.0,692.0
CMS-PC,33.196006971953736,15407.2,20134.75,5367.0,5315.0
FGSN,33.18016162256377,15540.0,18085.0,5365.0,5363.0
ISD,33.164316273173824,172120.0,150990.0,3726.0,3956.0
TMUS,33.14847092378387,3435040.0,5032910.0,674.0,540.0
INVA,33.13262557439391,563740.0,678550.0,2532.0,2492.0
WFC-PD,33.116780225003964,145120.8,106976.85,3896.0,4248.0
SGRP,33.10093487561401,34240.0,354230.0,4940.5,3168.0
GGAL,33.08508952622405,717560.0,766185.0,2239.0,2344.0
GDS,33.069244176834104,2840680.0,1915635.0,825.0,1301.0
BML-PJ,33.05339882744415,18819.2,19918.45,5262.0,5320.0
VLT,33.03755347805419,14200.0,29275.0,5408.0,5115.0
DLNG,33.02170812866424,43180.0,95145.0,4779.0,4338.0
BML-PG,33.00586277927428,5328.6,4454.6,5786.0,5916.0
MGRB,32.990017429884325,13880.0,16865.0,5418.5,5401.0
ENO,32.97417208049438,6700.0,6630.0,5719.0,5788.0
SIFY,32.95832673110442,20480.0,36395.0,5225.0,4989.0
DSWL,32.942481381714465,8580.0,8765.0,5620.0,5687.0
NHI,32.92663603232452,430920.0,391450.0,2811.0,3083.0
TH,32.91079068293456,1008800.0,1096505.0,1825.0,1909.0
BOH-PA,32.894945333544605,12594.0,9531.85,5463.0,5651.0
RAND,32.87909998415465,2220.0,2070.0,5978.5,6055.0
AIXC,32.8632546347647,12903580.0,3256170.0,168.0,808.0
STRRP,32.84740928537474,7400.0,2625.0,5683.5,6002.0
FLUT,32.83156393598479,2506980.0,3745000.0,938.0,722.0
BAC-PQ,32.81571858659483,237728.8,149519.7,3415.0,3965.0
JPM-PK,32.79987323720488,193797.2,170259.85,3615.0,3838.0
SMID,32.78402788781493,19200.0,15430.0,5252.0,5437.0
DRVN,32.76818253842497,907900.0,748305.0,1971.0,2369.0
LEN,32.75233718903502,2176000.0,2334570.0,1056.0,1123.0
RGR,32.73649183964507,124200.0,119695.0,4021.0,4158.0
USB-PP,32.72064649025511,30937.6,40389.2,5007.0,4925.0
LRN,32.70480114086516,826040.0,1240430.0,2084.0,1777.0
GRFS,32.6889557914752,299680.0,661915.0,3181.0,2518.0
SPE,32.673110442085246,26540.0,26800.0,5090.0,5169.0
BBDO,32.65726509269529,81720.0,97935.0,4374.0,4320.0
MUA,32.64141974330534,329520.0,327670.0,3089.0,3236.0
SIMO,32.625574393915386,1301880.0,1400485.0,1535.0,1634.0
SNFCA,32.60972904452543,46040.0,30415.0,4742.0,5096.0
OPLN,32.59388369513548,2758460.0,1373320.0,848.0,1664.0
KYTX,32.578038345745526,869660.0,749685.0,2021.0,2366.0
JSM,32.56219299635557,8960.0,12420.0,5605.0,5536.0
EVCM,32.546347646965614,142700.0,144520.0,3914.0,3989.0
ZIONP,32.530502297575666,3641.6,4696.65,5887.0,5899.0
LNT,32.5146569481857,2918700.0,2678610.0,795.0,986.0
STRF,32.498811598795754,41100.0,72955.0,4812.0,4508.0
GPOR,32.4829662494058,307140.0,331980.0,3155.0,3223.0
NG,32.46712090001584,3796940.0,5931285.0,624.0,449.0
EOS,32.451275550625894,116700.0,152205.0,4093.0,3946.0
INDO,32.43543020123594,143280.0,231785.0,3910.5,3556.0
RC-PC,32.41958485184598,293.0,852.5,6180.0,6142.0
GAB-PH,32.403739502456034,12747.4,8252.8,5459.0,5713.0
SCHW-PJ,32.38789415306608,81045.0,83130.2,4376.0,4427.0
CNP,32.37204880367612,4070580.0,6183505.0,584.0,430.0
AMPY,32.35620345428617,1977740.0,949235.0,1133.0,2078.0
DLR-PL,32.34035810489621,15196.0,19522.7,5375.0,5334.0
CHSCP,32.324512755506255,15200.0,16720.0,5373.5,5404.0
RSVR,32.30866740611631,41960.0,56395.0,4801.0,4701.0
MET-PF,32.29282205672635,83405.8,79889.4,4359.0,4451.0
BAC-PM,32.276976707336395,95455.0,105201.6,4253.0,4262.0
DLR-PJ,32.26113135794645,9525.4,12303.75,5576.0,5540.0
UZF,32.24528600855649,6120.0,4575.0,5750.5,5906.0
TDS-PV,32.229440659166535,21411.8,27792.95,5199.0,5146.0
VC,32.21359530977658,361180.0,466330.0,3006.0,2869.0
UAA,32.19774996038663,8517620.0,9085525.0,267.0,269.0
TRTX,32.18190461099667,788500.0,847640.0,2130.0,2231.0
ATYR,32.16605926160672,712040.0,707800.0,2254.0,2435.0
FIP,32.14229123752179,1015760.0,1629390.0,1821.0,1490.0
MS-PO,32.14229123752179,261029.0,166005.85,3315.0,3860.0
TXMD,32.11852321343686,29200.0,19555.0,5046.0,5333.0
SCE-PL,32.1026778640469,21865.2,23731.15,5192.0,5232.0
BAC-PN,32.08683251465695,125393.0,120738.4,4016.0,4154.0
PLOW,32.070987165267,251320.0,335100.0,3352.0,3211.0
AWRE,32.05514181587704,27700.0,44055.0,5074.0,4874.0
AIZN,32.03929646648709,11660.0,12230.0,5494.0,5542.0
SRE,32.02345111709713,3617940.0,3764350.0,645.0,721.0
EQH-PA,32.007605767707176,54307.4,51250.4,4641.0,4764.0
IMXI,31.991760418317224,1912860.0,794620.0,1165.0,2305.0
PVL,31.975915068927268,41000.0,45640.0,4815.0,4845.0
KALU,31.960069719537316,241520.0,280720.0,3400.0,3380.0
SCE-PG,31.94422437014736,9539.8,13859.4,5575.0,5480.0
NBTX,31.928379020757408,239560.0,153635.0,3407.0,3935.0
AS,31.912533671367456,7673300.0,5085095.0,296.0,529.0
SUI,31.8966883219775,1592660.0,1776390.0,1335.0,1378.0
CTW,31.880842972587548,28960.0,28720.0,5048.0,5125.0
USB-PR,31.864997623197596,68734.0,65165.55,4484.0,4591.0
MTX,31.849152273807636,147660.0,261235.0,3874.0,3452.0
RGP,31.83330692441768,278240.0,497495.0,3249.5,2799.0
ASUR,31.81746157502773,92020.0,111970.0,4288.0,4217.0
CLPS,31.801616225637773,4980.0,10160.0,5808.0,5626.0
DXR,31.78577087624782,2080.0,1550.0,5991.5,6093.0
DTG,31.769925526857868,16400.0,21070.0,5340.0,5296.0
DRIO,31.754080177467912,10580.0,30345.0,5531.0,5097.0
CFG-PE,31.73823482807796,34331.4,39821.3,4937.0,4934.0
GRCE,31.722389478688008,183340.0,256265.0,3665.0,3473.0
TPR,31.706544129298052,5335080.0,2888805.0,442.0,911.0
EFSCP,31.6906987799081,1320.0,1620.0,6052.0,6090.0
ETX           ,31.67485343051814,17860.0,13505.0,5292.5,5492.0
NEXA,31.65900808112819,407820.0,575700.0,2876.5,2658.0
NGG,31.643162731738233,944860.0,788400.0,1920.0,2313.0
PRVA,31.62731738234828,1064880.0,1266945.0,1777.0,1754.0
FLWS,31.611472032958325,126460.0,207410.0,4009.5,3668.0
JBL,31.595626683568373,1058460.0,1061340.0,1784.0,1936.0
BPYPM,31.57978133417842,17280.0,21385.0,5321.0,5285.0
SGI,31.563935984788465,2935680.0,2942720.0,789.0,888.0
XBIT,31.548090635398513,41520.0,35120.0,4804.0,5009.0
IDE,31.53224528600856,29540.0,40200.0,5041.0,4928.0
VERX,31.5163999366186,2314100.0,2881875.0,1000.0,913.0
PSA-PG,31.500554587228645,14346.0,16721.8,5402.0,5403.0
WMT,31.484709237838693,18437480.0,21384430.0,111.0,103.0
FPI,31.468863888448737,374220.0,422880.0,2965.0,2995.0
GBR,31.453018539058785,32460.0,30885.0,4981.0,5084.0
BG,31.437173189668833,793520.0,1353055.0,2122.0,1686.0
GRNT,31.421327840278877,765280.0,781040.0,2155.0,2323.0
DTK,31.405482490888925,27080.0,37490.0,5084.0,4970.0
BCTX,31.389637141498973,62340.0,88555.0,4544.0,4379.0
PEGA,31.373791792109017,1689540.0,3113125.0,1283.0,846.0
RXO,31.357946442719065,1422120.0,2107665.0,1444.0,1213.0
CECO,31.342101093329106,980740.0,1086320.0,1868.0,1916.0
ACRE,31.326255743939154,302700.0,487810.0,3167.0,2826.0
RIV-PA,31.310410394549198,9898.0,6235.8,5558.0,5812.0
BML-PH,31.294565045159246,31182.0,19595.8,5000.0,5328.0
TPB,31.27871969576929,198900.0,398980.0,3584.0,3063.0
WPC,31.262874346379338,946720.0,1266775.0,1914.0,1755.0
CDRO,31.247028996989386,25780.0,22880.0,5114.0,5248.0
RDIB,31.23118364759943,768.4,7355.1,6115.0,5754.0
ATII,31.215338298209478,100100.0,175715.0,4228.0,3818.0
UA,31.199492948819525,2672981.2,2875918.8,876.0,914.0
BLBD,31.183647599429566,686260.0,607100.0,2296.0,2606.0
MWG,31.16780225003961,4960.0,5210.0,5810.0,5860.0
AB,31.151956900649658,292280.0,268145.0,3204.0,3425.0
BLND,31.136111551259702,3311500.0,2613985.0,699.0,1007.0
WINA,31.12026620186975,44360.0,47945.0,4760.5,4809.5
NCDL,31.104420852479798,146380.0,194120.0,3885.0,3739.0
FIX,31.088575503089842,385460.0,487035.0,2933.0,2828.0
DBD,31.07273015369989,258080.0,320675.0,3325.0,3257.0
MFA,31.056884804309938,1067700.0,1466580.0,1772.0,1599.0
FRMI,31.041039454919982,25452000.0,21403280.0,65.0,102.0
HOVNP,31.02519410553003,1940.0,5930.0,6006.0,5831.0
ZG,31.00934875614007,1242540.0,1463555.0,1596.0,1600.0
SIGIP,30.99350340675012,7500.0,6470.0,5677.0,5799.0
BKTI,30.977658057360163,49080.0,37865.0,4700.0,4961.0
STRC,30.96181270797021,1152500.0,1296925.0,1684.0,1725.0
MLP,30.945967358580255,25280.0,21680.0,5120.0,5280.0
TITN,30.930122009190303,171000.0,188525.0,3732.0,3761.0
RGCO,30.91427665980035,12800.0,16940.0,5455.5,5398.0
DKNG,30.898431310410395,8658600.0,13794345.0,262.0,160.0
DTB,30.882585961020443,26100.0,20335.0,5108.0,5311.0
PSBD,30.86674061163049,159020.0,122505.0,3803.5,4144.0
USB-PQ,30.85089526224053,41415.6,39106.8,4806.0,4943.0
CRH,30.835049912850575,4283520.0,4710750.0,553.0,582.0
XELLL,30.819204563460623,82880.0,57210.0,4363.0,4687.0
CBAT,30.803359214070667,212240.0,260835.0,3523.0,3453.0
ELBM,30.787513864680715,219080.0,370360.0,3494.0,3127.0
LCII,30.771668515290763,176180.0,264750.0,3705.0,3438.0
CCAP,30.755823165900807,242000.0,231285.0,3399.0,3559.0
ASA,30.739977816510855,39080.0,47560.0,4845.5,4816.0
KROS,30.724132467120903,238420.0,213875.0,3410.0,3641.0
KGC,30.708287117730947,6179280.0,7582425.0,373.0,336.0
SSP,30.692441768340995,514660.0,670960.0,2618.0,2501.0
MITT-PA,30.676596418951036,3911.8,5188.7,5868.0,5861.0
KLAR,30.660751069561083,11073340.0,4992155.0,205.0,544.0
TEN,30.644905720171128,236620.0,202230.0,3420.0,3692.0
AXS-PE,30.629060370781175,38802.0,44875.7,4851.0,4856.0
ISBA,30.61321502139122,50980.0,64540.0,4680.0,4604.0
CRBD,30.597369672001268,26200.0,36945.0,5103.0,4979.0
AXIL,30.581524322611315,45700.0,19485.0,4744.0,5335.0
SRL,30.56567897322136,26940.0,30425.0,5085.0,5095.0
EIC,30.549833623831407,96220.0,93090.0,4246.0,4349.0
CPA,30.533988274441455,220600.0,301015.0,3488.0,3310.0
IVR,30.518142925051496,2012880.0,2621925.0,1123.0,1005.0
MOMO,30.50229757566154,461700.0,455300.0,2739.0,2901.0
CSCO,30.486452226271588,34007660.0,22975265.0,42.0,94.0
STT-PG,30.470606876881632,33797.0,43685.7,4948.0,4878.0
NOA,30.45476152749168,116720.0,68910.0,4092.0,4547.0
DTSS,30.438916178101728,87200.0,459155.0,4325.0,2889.0
PODD,30.423070828711772,1460000.0,1748095.0,1421.0,1404.0
MGLD,30.40722547932182,9720.0,7400.0,5566.0,5752.0
PSA-PH,30.391380129931868,16788.2,20072.1,5331.0,5317.0
COLM,30.375534780541912,597280.0,717320.0,2462.0,2419.0
CLIK,30.35968943115196,19140.0,38915.0,5253.0,4946.0
LXEO,30.343844081762,996000.0,1104545.0,1844.0,1900.0
CCIIW,30.32799873237205,220.0,5105.0,6191.5,5865.0
VST,30.312153382982093,3378620.0,4603710.0,684.0,595.0
DMO,30.29630803359214,38200.0,43955.0,4864.5,4876.0
GNL,30.280462684202185,2911680.0,2780770.0,801.0,949.0
OBE,30.264617334812232,715500.0,898195.0,2246.0,2151.0
CMPR,30.24877198542228,209800.0,199960.0,3532.5,3704.0
VMD,30.232926636032325,441760.0,431405.0,2781.0,2969.0
GUT-PC,30.217081286642372,4007.4,3318.8,5861.0,5973.0
FULTP,30.20123593725242,14980.0,16120.0,5384.5,5417.0
SF-PD,30.185390587862464,18160.0,17672.45,5280.5,5376.0
OMSE,30.169545238472505,26200.0,20715.0,5103.0,5305.0
PEP,30.153699889082553,5732920.0,7059870.0,405.0,366.0
UZE,30.137854539692597,11860.0,6470.0,5485.5,5799.0
BHFAL,30.122009190302645,29280.0,30090.0,5044.0,5102.0
HDB,30.106163840912693,6754840.0,8191745.0,342.0,305.0
BAC-PE,30.090318491522737,24842.0,28531.45,5139.0,5134.0
Z,30.074473142132785,3743800.0,4054275.0,631.0,681.0
WS,30.058627792742833,168900.0,208290.0,3751.0,3663.0
SSII,30.042782443352877,29360.0,71965.0,5043.0,4518.5
PSIX,30.026937093962925,406340.0,555630.0,2879.0,2694.0
JPM-PM,30.011091744572965,285704.2,256512.0,3226.0,3472.0
FCFS,29.995246395183013,268100.0,456005.0,3291.0,2897.0
MET-PE,29.979401045793058,123965.2,75966.55,4023.0,4483.0
AEFC,29.963555696403105,34800.0,40980.0,4924.0,4917.0
PCG-PG,29.94771034701315,537.8,650.2,6143.0,6167.0
SCM,29.931864997623197,151860.0,240250.0,3849.0,3536.0
IRMD,29.916019648233245,125200.0,133900.0,4017.0,4065.0
MCD,29.90017429884329,3821840.0,4591695.0,621.0,598.0
SQM,29.884328949453337,749740.0,887180.0,2186.0,2166.0
AVA,29.868483600063385,557760.0,641760.0,2546.0,2549.0
COCP,29.85263825067343,44020.0,74190.0,4772.0,4495.0
UNFI,29.83679290128347,487420.0,465960.0,2676.0,2872.0
SBR,29.820947551893518,22300.0,37790.0,5183.0,4963.5
MS-PK,29.805102202503562,100800.0,84544.25,4219.5,4416.0
ATEN,29.78925685311361,1040780.0,1412180.0,1799.0,1626.0
LULU,29.773411503723658,3051620.0,2574790.0,762.0,1022.0
FIS,29.757566154333702,4344940.0,6562225.0,545.0,401.0
YUM,29.74172080494375,2443040.0,2411660.0,966.0,1077.0
CME,29.725875455553798,1749240.0,2097410.0,1245.0,1216.0
BFS-PE,29.710030106163842,3300.0,2342.9,5906.0,6030.0
HR,29.69418475677389,3115660.0,3730085.0,746.0,723.0
BIRK,29.67833940738393,5877260.0,2628335.0,394.0,1003.0
SUZ,29.662494057993978,3871360.0,2815345.0,612.0,938.0
GASS,29.646648708604022,148940.0,100595.0,3865.0,4298.0
NTLA,29.63080335921407,2468920.0,3314415.0,954.0,796.0
AMT,29.614958009824115,1910960.0,2956845.0,1166.0,886.0
VSNT,29.599112660434162,1561040.0,1821355.0,1354.0,1358.0
PANL,29.58326731104421,399900.0,385130.0,2898.0,3095.0
MMLP,29.567421961654254,9780.0,11835.0,5561.0,5553.0
MLCI,29.551576612264302,42400.0,41825.0,4789.0,4905.0
ASLE,29.53573126287435,361280.0,418800.0,3005.0,3002.0
STWD,29.519885913484394,3875400.0,4587325.0,610.0,601.0
INTG,29.504040564094435,87120.0,119455.0,4327.0,4161.0
SOJE,29.488195214704483,46280.0,52725.0,4737.5,4749.0
XMTR,29.472349865314527,408320.0,766085.0,2875.0,2345.0
MDU,29.456504515924575,1224080.0,1491905.0,1615.0,1582.0
TLS,29.440659166534623,490920.0,449200.0,2670.0,2915.0
CV,29.424813817144667,108280.0,97155.0,4160.0,4326.5
UTG,29.408968467754715,224080.0,276745.0,3469.5,3398.0
GUG,29.393123118364763,143760.0,104750.0,3905.0,4267.0
SF-PC,29.377277768974807,18143.2,16942.25,5282.0,5397.0
PFH,29.361432419584855,21600.0,32385.0,5198.0,5059.0
INFY,29.345587070194895,15429380.0,24079140.0,137.0,84.0
LOPE,29.329741720804943,244500.0,320690.0,3382.0,3256.0
ECC           ,29.313896371414987,864200.0,874300.0,2028.0,2187.0
LKQ,29.298051022025035,3237360.0,3727925.0,720.0,724.0
ALL-PH,29.28220567263508,160218.4,115936.25,3795.0,4189.0
PXLW,29.266360323245127,79320.0,41240.0,4387.0,4915.0
TPGXL,29.250514973855175,19360.0,15670.0,5247.0,5430.0
PXED,29.23466962446522,112420.0,123990.0,4125.0,4131.0
NL,29.218824275075267,34820.0,40945.0,4923.0,4918.0
MS-PL,29.202978925685315,39625.4,33085.3,4836.0,5047.0
RZLV,29.18713357629536,9442380.0,8779655.0,240.0,282.0
BSAA,29.1712882269054,2680.0,7390.0,5951.5,5753.0
PLRX,29.155442877515448,733820.0,457555.0,2208.0,2895.0
WRB-PE,29.139597528125492,17875.4,11708.6,5291.0,5562.0
DLPN,29.12375217873554,20540.0,15055.0,5223.0,5444.0
LIVE,29.107906829345588,11960.0,11840.0,5482.0,5552.0
PCG-PB,29.092061479955632,5557.8,4952.0,5772.0,5875.0
HOUR,29.07621613056568,13880.0,19570.0,5418.5,5330.5
TCPA,29.060370781175727,17580.0,21030.0,5303.5,5300.0
LSAK,29.04452543178577,101160.0,115015.0,4216.5,4201.0
GBLI,29.02868008239582,3760.0,4800.0,5880.0,5889.0
ASC,29.01283473300586,513640.0,575865.0,2622.5,2656.0
ATRA,28.996989383615908,75640.0,54790.0,4411.0,4712.0
CEG,28.981144034225952,2632940.0,2857500.0,887.0,927.0
BKV,28.965298684836,691340.0,904200.0,2287.0,2145.0
CRESY,28.949453335446044,162700.0,228570.0,3781.0,3571.0
NEN,28.933607986056092,660.0,565.0,6130.5,6178.0
LNAI,28.91776263666614,69560.0,486400.0,4477.0,2831.0
SGHC,28.901917287276184,1666400.0,2290675.0,1300.0,1133.0
MBIO,28.886071937886232,30180.0,32975.0,5027.0,5049.0
TDS-PU,28.87022658849628,21840.4,25983.45,5193.0,5178.0
ATXG,28.854381239106324,18500.0,35425.0,5271.0,5003.0
VERA,28.838535889716365,2500460.0,2130370.0,940.0,1204.0
STEP,28.822690540326413,1027560.0,1416485.0,1811.0,1623.0
SII,28.806845190936457,186220.0,194805.0,3654.5,3732.0
WLDN,28.790999841546505,207540.0,269350.0,3540.0,3418.0
STRD,28.775154492156553,68600.0,123280.0,4486.0,4134.5
LEG,28.759309142766597,1388920.0,1720205.0,1469.0,1420.0
LYB,28.743463793376645,4406940.0,4652755.0,531.0,592.0
OGEN,28.727618443986692,52660.0,31950.0,4656.0,5064.0
BMNR,28.711773094596737,24828440.0,30806180.0,67.0,59.0
NMS,28.695927745206784,19560.0,27435.0,5241.0,5157.0
SPKL,28.680082395816832,10140.0,27735.0,5548.0,5148.5
MUR,28.664237046426873,1777200.0,1754360.0,1229.0,1397.0
FSHPU,28.648391697036917,0.0,5.0,6287.0,6270.0
CTMX,28.632546347646965,2116420.0,2438390.0,1079.0,1063.0
TFC-PO,28.61670099825701,45297.6,43261.55,4751.0,4885.0
PRTS,28.600855648867057,19480.0,25490.0,5244.0,5188.0
ELDN,28.585010299477105,848720.0,972720.0,2045.0,2050.0
BHE,28.56916495008715,272120.0,355275.0,3276.0,3165.0
DUKB,28.553319600697197,47340.0,41505.0,4722.0,4909.5
LIN,28.537474251307245,2009280.0,2171045.0,1124.0,1192.0
SOJD,28.52162890191729,73340.0,76585.0,4429.0,4479.0
EQX,28.50578355252733,10966780.0,16222610.0,208.0,134.0
BCV-PA,28.489938203137378,2801.2,1318.1,5941.0,6105.0
MGRE,28.474092853747422,14160.0,19570.0,5409.5,5330.5
CPSS,28.45824750435747,15220.0,17930.0,5372.0,5365.0
BNT,28.442402154967517,13520.0,15625.0,5431.0,5432.0
ALTO,28.42655680557756,1663860.0,2136095.0,1305.0,1202.0
SGA,28.41071145618761,22420.0,17100.0,5178.5,5391.0
MTRX,28.394866106797657,143280.0,179010.0,3910.5,3807.0
PHAR,28.3790207574077,26220.0,22130.0,5100.5,5271.0
SLB,28.36317540801775,7699160.0,11744455.0,293.0,198.0
LOGI,28.347330058627797,721500.0,1165900.0,2233.0,1845.0
NMFC,28.331484709237838,438260.0,565185.0,2786.5,2674.0
KKRT,28.315639359847882,49640.0,66960.0,4692.5,4568.0
DRD,28.29979401045793,286980.0,284555.0,3221.0,3366.0
BUD,28.283948661067974,1721780.0,1932865.0,1261.0,1285.0
ANIP,28.268103311678022,316120.0,357580.0,3127.0,3160.0
AG,28.25225796228807,8645500.0,10596420.0,263.0,226.0
DVLT,28.236412612898114,41667520.0,28243950.0,29.0,67.0
XPL,28.220567263508162,86320.0,87650.0,4334.0,4388.0
GNLN,28.20472191411821,153420.0,55425.0,3841.0,4707.0
WFC-PY,28.188876564728254,72654.8,60373.85,4444.0,4647.0
BEP-PA,28.173031215338295,10272.8,10953.75,5543.0,5597.0
CSGP,28.157185865948342,5404040.0,7381690.0,437.0,347.0
RMTI,28.141340516558387,37780.0,28630.0,4876.0,5130.0
GIBO,28.125495167168435,460.0,6345.0,6151.5,5808.0
PATK,28.109649817778482,412560.0,491055.0,2860.0,2819.0
DOX,28.093804468388527,964960.0,1283335.0,1885.0,1733.0
NVNI,28.077959118998574,25900.0,37945.0,5112.0,4960.0
BEP,28.062113769608622,983520.0,1209655.0,1864.0,1809.0
TKC,28.046268420218667,1484540.0,2713060.0,1407.0,972.0
PIPR,28.030423070828714,430880.0,537550.0,2812.0,2728.0
ADNT,28.014577721438762,1097380.0,1014820.0,1744.0,1997.0
WYY,27.998732372048803,202840.0,155040.0,3560.0,3920.0
FER,27.982887022658847,1115280.0,1584425.0,1725.0,1518.0
BN,27.967041673268895,4799980.0,4601460.0,491.0,597.0
TCOM,27.95119632387894,2114340.0,2858940.0,1080.0,925.0
XPOF,27.935350974488987,599320.0,1182070.0,2458.0,1832.0
UIS,27.919505625099035,595620.0,751600.0,2465.0,2363.0
USBC,27.90366027570908,153340.0,149350.0,3842.0,3968.0
MSN,27.887814926319127,27520.0,23750.0,5078.0,5231.0
OCG,27.871969576929175,74880.0,224805.0,4416.0,3593.0
FISV,27.85612422753922,7019740.0,8387180.0,322.0,301.0
SFHG,27.84027887814926,2184440.0,549515.0,1052.0,2705.0
VIST,27.824433528759307,1083940.0,954840.0,1760.0,2072.0
AERO,27.80858817936935,318900.0,243675.0,3119.5,3521.0
RVSB,27.7927428299794,73060.0,56615.0,4433.0,4697.0
FG,27.776897480589447,720700.0,633500.0,2235.0,2562.0
TKLF,27.76105213119949,4620.0,12200.0,5830.5,5543.0
PRTA,27.74520678180954,309020.0,493365.0,3150.0,2809.0
SWBI,27.729361432419587,379480.0,400900.0,2944.0,3054.0
HTCR,27.71351608302963,17920.0,34850.0,5289.0,5013.5
GBX,27.69767073363968,399440.0,385000.0,2900.0,3096.0
BIPC,27.681825384249727,763620.0,1248150.0,2159.0,1771.0
CGC,27.665980034859768,4608120.0,3210770.0,514.0,821.0
DTCX,27.650134685469812,76980.0,79240.0,4404.0,4457.0
MET-PA,27.63428933607986,66497.2,41542.65,4503.0,4908.0
FGBIP,27.618443986689904,5100.0,4300.0,5799.5,5925.0
ROOT,27.602598637299952,317440.0,285425.0,3123.0,3363.0
AENT,27.58675328791,7580.0,12415.0,5671.5,5537.0
AROC,27.570907938520044,1368920.0,1684390.0,1483.0,1449.0
SD,27.55506258913009,319540.0,302630.0,3117.0,3308.0
CMSC,27.53921723974014,10660.0,13215.0,5529.0,5501.5
CTGO,27.523371890350184,312280.0,358455.0,3136.0,3156.0
RQI,27.507526540960225,477800.0,533500.0,2695.0,2736.0
LAZ,27.491681191570272,1351980.0,1765450.0,1499.0,1388.0
ESI,27.475835842180317,2492900.0,4121545.0,945.0,664.0
TGS,27.459990492790364,231460.0,204020.0,3444.0,3682.5
FTW,27.444145143400412,113360.0,100510.0,4118.5,4300.0
OWLS,27.428299794010456,16120.0,22955.0,5347.0,5246.0
TFC-PI,27.412454444620504,22696.8,22262.65,5172.0,5267.0
TAC,27.396609095230552,1879120.0,1766000.0,1191.0,1387.0
ZTS,27.380763745840596,5914520.0,6890770.0,392.0,380.0
MGX,27.364918396450644,125580.0,132870.0,4014.0,4075.0
TRMD,27.349073047060692,495940.0,444670.0,2660.0,2932.0
TMUSZ,27.333227697670733,9760.0,47970.0,5563.0,4807.0
VLGEA,27.317382348280777,57380.0,46035.0,4609.0,4837.0
AXSM,27.301536998890825,688060.0,700170.0,2290.0,2448.0
TBB,27.28569164950087,102580.0,109615.0,4208.0,4234.0
HURA,27.269846300110917,461300.0,267370.0,2741.0,3428.0
IXHL,27.254000950720965,85640.0,91305.0,4341.0,4364.0
RIO,27.23815560133101,2316940.0,2452585.0,997.0,1059.0
SMTC,27.222310251941057,2848080.0,2203305.0,822.0,1176.0
KRUS,27.206464902551105,153000.0,174790.0,3844.0,3820.0
JG,27.19061955316115,9800.0,7715.0,5560.0,5735.0
LND,27.174774203771197,80160.0,39550.0,4380.0,4939.0
PRH,27.158928854381237,45740.0,44210.0,4743.0,4870.0
OLED,27.14308350499128,714920.0,772090.0,2249.5,2335.0
TLN,27.12723815560133,933100.0,808280.0,1934.0,2285.0
KYIV,27.111392806211377,193060.0,394100.0,3617.0,3071.0
CMSA,27.09554745682142,10340.0,12285.0,5542.0,5541.0
IRIX,27.07970210743147,100760.0,62115.0,4221.0,4628.0
AUST,27.063856758041517,118320.0,155230.0,4078.0,3918.0
SPWH,27.04801140865156,254420.0,334690.0,3341.0,3213.0
TPL,27.03216605926161,358480.0,368485.0,3014.0,3135.0
EQT,27.016320709871657,6068420.0,6942895.0,381.0,372.0
ARBB,27.000475360481698,3720.0,2880.0,5882.0,5988.0
GPJA,26.984630011091742,15260.0,17665.0,5371.0,5377.0
BLIV,26.96878466170179,1120.0,795.0,6072.5,6149.5
MGY,26.952939312311834,2979780.0,5700825.0,777.0,469.0
FBRT,26.93709396292188,1451760.0,1411980.0,1427.0,1627.0
IBM,26.92124861353193,5565440.0,7979515.0,419.0,317.0
MDLN,26.905403264141974,5173620.0,7207130.0,456.0,358.0
MDCX,26.88955791475202,2057160.0,1880040.0,1102.0,1313.0
ASPC,26.87371256536207,920.0,1915.0,6097.5,6073.5
LVS,26.857867215972114,3334600.0,5535300.0,692.0,477.0
TSQ,26.84202186658216,76540.0,86465.0,4407.0,4401.0
BGMS,26.826176517192202,14320.0,31775.0,5404.5,5067.0
OPP-PA,26.810331167802246,10918.4,7345.65,5518.0,5755.0
OPP-PB,26.794485818412294,5365.0,7411.75,5784.0,5750.0
HYLN,26.778640469022342,5532340.0,3548180.0,422.0,751.0
UNMA,26.762795119632386,28460.0,28060.0,5057.5,5141.0
GLDG,26.746949770242434,775780.0,696755.0,2146.0,2458.0
LPCN,26.731104420852482,32700.0,42195.0,4977.0,4898.0
WB,26.715259071462526,834200.0,741460.0,2065.0,2384.0
SVM,26.699413722072574,2557460.0,2431130.0,908.0,1066.0
ASO,26.683568372682622,1664600.0,1229085.0,1304.0,1789.0
CMSD,26.667723023292663,89620.0,50445.0,4306.0,4774.0
MMS,26.651877673902707,554960.0,664380.0,2553.0,2514.0
BV,26.636032324512755,1078780.0,1351460.0,1763.0,1687.0
SOJC,26.6201869751228,27460.0,30720.0,5079.0,5089.0
SF-PB,26.604341625732847,17444.0,9804.75,5311.0,5642.0
GLOB,26.588496276342894,3539200.0,2158635.0,656.0,1194.0
EARN,26.57265092695294,358140.0,418450.0,3016.0,3005.0
PAPL,26.556805577562987,40800.0,157265.0,4818.5,3898.0
MP,26.540960228173034,6799000.0,7310860.0,339.0,352.0
KNOP,26.52511487878308,36360.0,43500.0,4901.0,4881.0
NPKI,26.509269529393126,596200.0,855455.0,2464.0,2218.0
OLLI,26.493424180003167,1362000.0,1343200.0,1490.0,1694.0
FLEX,26.47757883061321,2815200.0,4636665.0,830.5,593.0
TMUSL,26.46173348122326,25500.0,23255.0,5117.0,5242.0
PSNYW,26.445888131833307,17540.0,41290.0,5306.0,4913.0
PDS,26.43004278244335,115720.0,138610.0,4104.0,4026.0
HBANM,26.4141974330534,17460.0,12635.0,5309.5,5524.0
SWKS,26.398352083663447,4371560.0,5707735.0,541.0,467.0
JLS,26.38250673427349,42420.0,30530.0,4788.0,5093.0
RIBBU,26.36666138488354,220.0,115.0,6191.5,6236.0
AVGO,26.350816035493587,20286280.0,18661685.0,100.0,122.0
FINV,26.334970686103627,618640.0,432675.0,2419.0,2965.0
WYFI,26.31912533671367,2532960.0,1871310.0,925.0,1318.0
SIM,26.30327998732372,880.0,42570.0,6103.0,4891.0
CPRT,26.287434637933764,14249980.0,11982560.0,152.0,192.0
UTHR,26.27158928854381,406180.0,522930.0,2880.0,2746.0
BTE,26.25574393915386,11110640.0,15444960.0,201.0,141.0
CMI,26.239898589763904,680020.0,988740.0,2305.0,2032.0
JD,26.22405324037395,15416580.0,9427420.0,138.0,258.0
RFAI,26.208207890984,7200.0,38060.0,5697.5,4958.0
BLDR,26.192362541594044,1471700.0,2215980.0,1414.0,1170.0
ATNM,26.17651719220409,313620.0,171880.0,3133.0,3831.0
COST,26.160671842814132,1377820.0,1797420.0,1476.0,1368.0
MOGU,26.144826493424176,2920.0,4395.0,5934.0,5919.0
CEPU,26.128981144034224,244640.0,223265.0,3379.0,3599.0
PLBY,26.113135794644272,726520.0,942095.0,2216.0,2089.0
CNL,26.097290445254316,88680.0,65750.0,4313.0,4579.0
CODI-PA,26.081445095864364,7667.2,5155.0,5662.0,5863.0
RAIL,26.065599746474412,208000.0,199545.0,3538.0,3706.0
ERII,26.049754397084456,1105220.0,999675.0,1734.0,2022.0
DEC,26.033909047694504,940800.0,898145.0,1924.0,2152.0
RC,26.01806369830455,951580.0,1169455.0,1903.0,1840.0
VNOM,26.002218348914592,1512120.0,1613815.0,1389.0,1502.0
BKD,25.986372999524637,4834240.0,5418760.0,487.0,485.0
HBNB,25.970527650134684,1320.0,4385.0,6052.0,5920.0
NVGS,25.95468230074473,418420.0,418525.0,2840.0,3003.0
HGLB,25.938836951354777,86140.0,69830.0,4337.0,4537.0
LYEL,25.922991601964824,147320.0,172120.0,3877.0,3830.0
OUT,25.90714625257487,1647040.0,1973155.0,1312.0,1270.0
LHX,25.891300903184916,1749600.0,1709670.0,1244.0,1429.0
TXN,25.875455553794964,5983780.0,7639935.0,387.0,331.0
PACB,25.85961020440501,6903060.0,7129620.0,328.0,361.0
T-PC,25.843764855015056,164280.6,202180.55,3775.0,3694.0
CGEN,25.827919505625097,243500.0,248060.0,3388.0,3503.0
OXM,25.81207415623514,216100.0,274020.0,3505.0,3407.0
EPSN,25.79622880684519,190400.0,141035.0,3635.0,4005.0
CCJ,25.780383457455237,2452060.0,3138845.0,963.0,839.0
GOTU,25.76453810806528,202700.0,295055.0,3563.0,3328.0
AIOT,25.74869275867533,2535040.0,2385110.0,923.0,1097.0
LGCY,25.732847409285377,39620.0,49145.0,4837.0,4792.0
SEED,25.71700205989542,18580.0,432545.0,5268.5,2967.0
TIL,25.70115671050547,7480.0,8710.0,5680.0,5689.0
ENLT,25.685311361115517,146260.0,198060.0,3889.0,3711.0
DTW,25.66946601172556,20800.0,22555.0,5217.0,5261.0
LU,25.6536206623356,933020.0,924990.0,1935.0,2122.0
KLIC,25.63777531294565,779140.0,1036515.0,2140.0,1965.0
ANNA,25.621929963555694,214340.0,240865.0,3513.0,3533.0
KBDC,25.60608461416574,480440.0,403775.0,2690.0,3040.0
SVC,25.59023926477579,1361820.0,1604285.0,1492.0,1507.0
REFI,25.574393915385834,193460.0,167585.0,3616.0,3849.0
GAU,25.55854856599588,3074200.0,3172525.0,759.0,830.0
PRS,25.54270321660593,37700.0,38835.0,4878.5,4949.0
KRMN,25.526857867215973,1902240.0,2627700.0,1176.0,1004.0
NCEW,25.51101251782602,80.0,6940.0,6221.0,5772.0
CAAP,25.495167168436062,268600.0,183905.0,3288.0,3782.0
DTM,25.479321819046106,883540.0,926830.0,2003.0,2121.0
DAN,25.463476469656154,1763600.0,1474430.0,1235.0,1593.0
BCBP,25.4476311202662,112680.0,184350.0,4123.0,3781.0
MDXH,25.431785770876246,69697480.0,17589545.0,11.0,127.0
MITT-PB,25.415940421486294,9714.2,10159.3,5568.0,5627.0
REX,25.40009507209634,149560.0,167265.0,3861.0,3852.0
ICG,25.384249722706386,24660.0,36840.0,5142.0,4982.0
WHR,25.368404373316434,1715460.0,2349430.0,1267.0,1117.0
ITUB,25.35255902392648,24309360.0,20841225.0,74.0,107.0
UTSI,25.336713674536526,6320.0,7855.0,5737.0,5732.0
VICI,25.320868325146566,9170380.0,9909170.0,250.0,243.0
CLM,25.305022975756614,4311000.0,2325630.0,550.0,1126.0
OR,25.28917762636666,799460.0,942300.0,2115.0,2088.0
ST,25.273332276976706,1265820.0,1645345.0,1565.0,1478.0
PVH,25.257486927586754,913660.0,869120.0,1962.0,2194.0
BBAR,25.2416415781968,894480.0,605675.0,1985.0,2613.0
KF,25.225796228806846,25940.0,30200.0,5110.0,5100.0
PBR,25.209950879416894,14519540.0,15032830.0,149.0,150.0
BCSF,25.19410553002694,486300.0,351735.0,2680.0,3172.0
LODE,25.178260180636986,1022620.0,1479930.0,1817.0,1590.0
TRP,25.162414831247027,1643580.0,2324420.0,1313.0,1127.0
PDI,25.14656948185707,5320940.0,3347525.0,444.0,788.0
GOF,25.13072413246712,1799500.0,1311635.0,1222.0,1714.0
MFIC,25.114878783077167,530860.0,615165.0,2588.0,2593.0
IEP,25.09903343368721,2296960.0,1273305.0,1003.0,1746.0
TSAT,25.08318808429726,264960.0,281415.0,3303.0,3375.0
CRF,25.067342734907307,3143240.0,1542895.0,740.0,1549.0
WH,25.05149738551735,1260940.0,1371590.0,1571.0,1669.0
EVLV,25.0356520361274,2536060.0,2053485.0,922.0,1238.0
RPT,25.019806686737446,58060.0,116595.0,4601.0,4184.0
BROS,25.00396133734749,4341300.0,4179200.0,546.0,653.0
BHR-PB,24.988115987957535,12107.0,7810.75,5475.0,5733.0
CTM,24.972270638567583,855860.0,1398905.0,2037.0,1639.0
PAGS,24.956425289177623,3629960.0,2763405.0,643.0,954.0
AZI,24.94057993978767,167960.0,4380425.0,3758.0,626.0
LION,24.92473459039772,2891480.0,2687825.0,808.0,983.0
LITE,24.908889241007763,6410900.0,5321945.0,364.0,502.0
C-PN,24.89304389161781,217610.0,490320.55,3497.0,2822.0
ELWT,24.87719854222786,16080.0,13960.0,5348.0,5473.5
MBLY,24.8613531928379,3898500.0,7126360.0,608.0,362.0
SEVN,24.845507843447947,123120.0,165840.0,4032.0,3862.0
IVF,24.829662494057995,24812540.0,6258040.0,68.0,426.0
UNIT,24.81381714466804,2103900.0,2444780.0,1084.0,1061.0
VRSN,24.797971795278087,692040.0,880625.0,2286.0,2176.0
AMTM,24.78212644588813,3240720.0,2408265.0,718.0,1082.0
SYNX,24.766281096498176,23660.0,34295.0,5157.0,5027.0
VRA,24.750435747108224,89660.0,111090.0,4305.0,4220.0
BAND,24.73459039771827,714920.0,1211390.0,2249.5,1802.0
ANGI,24.718745048328316,879040.0,863730.0,2009.0,2204.0
TLYS,24.70289969893836,107100.0,119870.0,4172.5,4157.0
SRTS,24.687054349548408,42560.0,23680.0,4787.0,5234.0
VICR,24.671209000158452,1093820.0,871195.0,1748.0,2191.0
HERZ,24.6553636507685,40940.0,21170.0,4816.0,5293.0
T-PA,24.639518301378548,305478.0,221000.35,3159.0,3605.0
IPI,24.62367295198859,143400.0,177130.0,3907.5,3814.0
NKE,24.607827602598636,34759380.0,24548110.0,37.0,82.0
CDNL,24.591982253208684,1265300.0,796590.0,1566.0,2300.0
INO,24.57613690381873,7887600.0,6182405.0,286.0,431.0
ACIU,24.560291554428776,185160.0,204250.0,3660.0,3679.0
CPSH,24.544446205038824,206080.0,286675.0,3547.0,3358.0
EVEX,24.528600855648865,755700.0,1007635.0,2172.0,2013.0
YALA,24.512755506258912,434400.0,288705.0,2802.0,3348.0
STRK,24.49691015686896,80960.0,84250.0,4377.0,4420.0
MHNC,24.481064807479004,2220.0,5090.0,5978.5,5867.0
SNTG,24.465219458089052,27420.0,280815.0,5080.5,3378.0
VCYT,24.449374108699097,1343100.0,1354930.0,1505.0,1683.0
PEW,24.43352875930914,405160.0,298635.0,2886.0,3316.0
SRG,24.41768340991919,110660.0,154050.0,4139.0,3931.0
EDN,24.401838060529236,111760.0,86940.0,4129.0,4395.0
GEVO,24.38599271113928,2443240.0,3276065.0,965.0,801.0
AGRZ,24.370147361749325,24424020.0,12603720.0,72.0,180.0
LUD,24.354302012359373,3700.0,12690.0,5883.5,5522.0
ELLO,24.338456662969417,2600.0,4150.0,5956.0,5934.0
USAC,24.322611313579465,355500.0,277825.0,3024.0,3391.0
OKYO,24.306765964189513,51260.0,88040.0,4677.0,4386.0
PUK,24.290920614799557,1076360.0,1142090.0,1768.0,1867.0
BCG,24.2750752654096,175700.0,59605.0,3707.0,4655.0
DAVA,24.25922991601965,190880.0,261790.0,3629.0,3446.0
MRTN,24.243384566629693,549380.0,736620.0,2565.0,2390.0
SNAP,24.22753921723974,37749160.0,41253900.0,34.0,34.0
OEC,24.21169386784979,372480.0,440105.0,2971.0,2946.0
NBR,24.19584851845983,206040.0,268190.0,3548.0,3424.0
AMX,24.180003169069877,2343200.0,2592180.0,993.0,1015.0
NRUC,24.164157819679925,10940.0,15315.0,5515.5,5439.0
VYGR,24.14831247028997,424820.0,506100.0,2824.0,2782.0
RDY,24.132467120900017,2478980.0,3037225.0,950.0,865.0
TDAY,24.11662177151006,3101800.0,2544550.0,751.0,1034.0
NN,24.100776422120106,2553080.0,3028835.0,911.0,868.0
BCYC,24.084931072730154,403100.0,313000.0,2889.0,3283.0
DHC,24.0690857233402,1483620.0,1878130.0,1408.0,1314.0
PSN,24.053240373950246,903160.0,2045880.0,1980.0,1241.0
PMT,24.03739502456029,1159960.0,1349015.0,1671.0,1690.0
SMX,24.021549675170338,16000.0,28395.0,5349.5,5135.0
TSOL,24.005704325780382,1320.0,9090.0,6052.0,5668.0
VTS,23.98985897639043,444700.0,480265.0,2776.0,2843.0
CSTM,23.974013627000478,984560.0,1524900.0,1862.0,1558.0
PFLT,23.958168277610522,960160.0,1139430.0,1894.0,1870.0
DVA,23.942322928220566,671820.0,1043675.0,2315.0,1958.0
MVO,23.926477578830614,0.0,,6287.0,
LBTYB,23.910632229440658,5260.0,2635.0,5789.0,5998.0
XP,23.894786880050706,5514280.0,3791110.0,426.0,714.0
EEIQ,23.878941530660754,9900.0,11380.0,5556.5,5577.0
TMQ,23.863096181270794,1041660.0,1237070.0,1797.0,1782.0
ARQ,23.847250831880842,212900.0,235090.0,3520.0,3545.0
META,23.83140548249089,16067740.0,17021790.0,130.0,132.0
LEA,23.815560133100934,483200.0,748340.0,2686.0,2368.0
AMBA,23.799714783710982,872780.0,1840570.0,2018.0,1341.0
BON,23.783869434321026,9120.0,9900.0,5596.5,5637.0
NIPG,23.76802408493107,68060.0,60190.0,4490.0,4650.0
RWT,23.75217873554112,1470220.0,1969390.0,1415.0,1271.0
BHFAN,23.736333386151166,52940.0,78640.0,4652.0,4463.0
MED,23.72048803676121,103260.0,201365.0,4203.0,3700.0
AZO,23.70464268737126,236260.0,166535.0,3421.0,3855.0
INTS,23.688797337981303,28140.0,26345.0,5065.5,5173.0
CNDT,23.672951988591347,1029360.0,960525.0,1808.0,2067.0
ASPS,23.657106639201395,14520.0,26400.0,5400.0,5172.0
SSL,23.641261289811442,1055340.0,1083435.0,1786.0,1922.0
JMIA,23.625415940421487,2914560.0,2030200.0,797.0,1248.0
SEB,23.60957059103153,22500.0,13250.0,5177.0,5498.5
HTLD,23.59372524164158,967860.0,797085.0,1882.0,2299.0
EDTK,23.577879892251623,4680.0,12520.0,5825.0,5529.0
ITRN,23.56203454286167,170400.0,154500.0,3738.0,3927.0
PDD,23.54618919347172,6521080.0,5676290.0,357.0,471.0
SBSW,23.53034384408176,4676940.0,5040740.0,506.0,539.0
DLXY,23.514498494691807,54840.0,64025.0,4634.0,4608.5
LSCC,23.498653145301855,1490660.0,1999585.0,1400.0,1262.0
SFM,23.4828077959119,1329580.0,1942755.0,1513.0,1281.0
MNR,23.466962446521947,472280.0,305270.0,2714.0,3303.0
BEPC,23.45111709713199,1991580.0,2267620.0,1129.0,1141.0
FEDU,23.435271747742036,2260.0,2875.0,5975.0,5989.0
VINP,23.419426398352083,61120.0,37450.0,4566.0,4971.5
IVA,23.40358104896213,565760.0,702695.0,2523.0,2442.0
GNLX,23.387735699572175,334680.0,309465.0,3080.0,3293.0
PPTA,23.371890350182223,936160.0,1210280.0,1931.0,1805.0
FENG,23.356045000792268,3700.0,2220.0,5883.5,6042.5
GOOG,23.340199651402312,13675220.0,20465040.0,155.0,110.0
FIZZ,23.32435430201236,260740.0,343040.0,3318.0,3192.0
PSFE,23.308508952622407,784360.0,406635.0,2134.0,3032.0
STKS,23.29266360323245,22940.0,20755.0,5167.0,5304.0
ISRG,23.276818253842496,2405320.0,3261540.0,975.0,807.0
SORA,23.260972904452544,416740.0,228510.0,2844.0,3572.0
ENB,23.245127555062588,7074420.0,5177665.0,320.0,517.0
NTGR,23.229282205672636,310720.0,411965.0,3142.5,3022.0
ZNTL,23.213436856282684,1745480.0,1152335.0,1247.0,1859.0
BMBL,23.197591506892724,3697560.0,2969590.0,636.0,882.0
MSB,23.181746157502772,30300.0,37095.0,5023.0,4977.0
NPCE,23.16590080811282,158440.0,254430.0,3811.0,3483.0
BBCQU,23.150055458722864,3740.0,1020.0,5881.0,6127.0
KNF,23.134210109332912,580720.0,792405.0,2495.0,2307.0
DOLE,23.118364759942956,1107760.0,1183235.0,1733.0,1831.0
JBTM,23.102519410553,846720.0,677130.0,2047.0,2495.0
HGV,23.08667406116305,927660.0,1167335.0,1942.0,1841.0
HNRG,23.070828711773096,694640.0,861745.0,2282.0,2209.0
GOOGL,23.05498336238314,19635720.0,30768040.0,105.0,60.0
RSI,23.039138012993188,1712620.0,2916970.0,1269.0,902.0
ACLS,23.023292663603232,253480.0,392175.0,3345.0,3079.0
NGS,23.007447314213277,143020.0,130225.0,3913.0,4084.0
SRZN,22.991601964823325,245880.0,290880.0,3374.0,3341.0
CODA,22.975756615433372,61840.0,71990.0,4550.0,4516.0
WPRT,22.959911266043417,167600.0,83390.0,3760.5,4426.0
UAVS,22.94406591665346,3351380.0,2231220.0,691.0,1161.0
NMRA,22.92822056726351,827900.0,699550.0,2078.0,2449.0
EVC,22.912375217873553,1704160.0,1929960.0,1274.0,1290.0
AIMD,22.8965298684836,61240.0,216170.0,4563.0,3630.0
SNEX,22.88068451909365,1059060.0,1036150.0,1783.0,1966.0
GLPI,22.86483916970369,3083240.0,2413095.0,757.0,1076.0
GLRE,22.848993820313737,107500.0,147485.0,4166.0,3976.0
DXLG,22.833148470923785,17860.0,33995.0,5292.5,5031.0
KXIN,22.81730312153383,469420.0,133565.0,2720.0,4067.0
RES,22.801457772143877,1324360.0,1428600.0,1516.0,1621.0
SKIN,22.785612422753925,280240.0,622340.0,3243.0,2581.0
TNYA,22.769767073363965,2379700.0,2025490.0,980.0,1250.0
CCIF,22.753921723974013,168280.0,118820.0,3757.0,4164.0
CGTX,22.73807637458406,508620.0,559500.0,2638.0,2684.0
ELPC,22.722231025194105,644840.0,463755.0,2370.0,2878.0
MLTX,22.706385675804153,1451800.0,1257510.0,1426.0,1764.0
CGNT,22.690540326414197,339860.0,440305.0,3070.0,2945.0
BRNS,22.67469497702424,33120.0,34390.0,4963.5,5025.0
VFC,22.65884962763429,5825920.0,8792750.0,395.0,280.0
MO,22.643004278244337,9956100.0,9952410.0,230.0,240.0
FSLR,22.62715892885438,2244400.0,2658480.0,1029.0,993.0
AMRZ,22.611313579464426,3405640.0,3591200.0,678.0,743.0
AP,22.595468230074474,108240.0,113755.0,4161.0,4208.0
KMPR,22.579622880684518,837680.0,856005.0,2058.0,2217.0
IBO,22.563777531294566,30700.0,30430.0,5012.0,5094.0
WAFU,22.547932181904613,215740.0,2752385.0,3507.0,959.0
MHLA,22.532086832514654,1000.0,3080.0,6087.0,5982.0
BSX,22.516241483124702,16508400.0,19876610.0,127.0,113.0
NVAX,22.50039613373475,2453460.0,3060595.0,962.0,854.0
CDNS,22.484550784344794,2144560.0,2389675.0,1070.0,1093.0
BTOC,22.468705434954842,72680.0,226550.0,4442.5,3582.0
NI,22.45286008556489,5172440.0,5759090.0,458.0,463.0
CIM,22.43701473617493,656920.0,769930.0,2342.0,2340.0
IFRX,22.421169386784978,1211780.0,916890.0,1625.0,2130.0
LZ,22.405324037395026,3169340.0,3224455.0,737.0,819.0
AMBO,22.38947868800507,12880.0,27800.0,5449.5,5145.0
VECO,22.373633338615118,589460.0,851015.0,2477.0,2228.0
FLX,22.357787989225162,130120.0,123085.0,3988.0,4137.0
AXR,22.341942639835207,14220.0,13990.0,5407.0,5472.0
ALGM,22.326097290445254,1669840.0,2270620.0,1299.0,1139.0
AAPG,22.310251941055302,3680.0,4860.0,5885.0,5881.0
BUR,22.294406591665346,1415400.0,1752960.0,1450.0,1401.0
YDES,22.27856124227539,52640.0,41300.0,4657.0,4912.0
CDR-PC,22.26271589288544,7839.2,7452.35,5651.0,5747.0
MLYS,22.246870543495483,972020.0,727145.0,1878.0,2401.0
PWP,22.23102519410553,848140.0,1285300.0,2046.0,1731.0
HAFN,22.21517984471558,947560.0,989975.0,1912.0,2028.0
CDLR,22.199334495325623,52460.0,58360.0,4661.0,4671.0
WLK,22.183489145935667,798880.0,1227055.0,2118.0,1792.0
BHFAM,22.167643796545715,51980.0,52555.0,4665.5,4750.0
BCAB,22.15179844715576,120340.0,57670.0,4062.0,4677.0
SCKT,22.135953097765807,6868740.0,13527480.0,333.0,163.0
LFCR,22.120107748375855,104480.0,136640.0,4192.0,4041.0
ACM,22.104262398985895,2597400.0,2085915.0,897.0,1222.0
BKE,22.088417049595943,372520.0,400535.0,2970.0,3055.0
SAMG,22.07257170020599,83200.0,66325.0,4361.0,4575.0
POCI,22.056726350816035,60200.0,49455.0,4582.0,4786.0
LMND,22.040881001426083,1066640.0,1571610.0,1774.0,1526.0
AGCO,22.025035652036127,653380.0,900720.0,2352.5,2149.0
KOS,22.00919030264617,8856960.0,12738160.0,257.0,175.0
ORIO,21.99334495325622,36100.0,42280.0,4905.0,4895.0
FICO,21.977499603866267,291840.0,389025.0,3208.0,3091.0
CTNT,21.96165425447631,568180.0,476360.0,2518.0,2855.0
NPWR,21.945808905086356,1547500.0,791495.0,1363.0,2309.0
LZMH,21.929963555696403,120860.0,1005555.0,4055.5,2016.0
FUTU,21.914118206306448,757960.0,1144965.0,2168.0,1866.0
BHFAO,21.898272856916495,39960.0,53400.0,4828.0,4734.0
ACIC,21.882427507526543,277500.0,286570.0,3254.0,3359.0
NYT,21.866582158136588,1672940.0,2346075.0,1296.0,1118.0
PLUT,21.850736808746632,0.0,595.0,6287.0,6176.0
VNDA,21.83489145935668,939500.0,1033805.0,1926.0,1970.0
PASG,21.819046109966724,6340.0,15980.0,5736.0,5421.0
URG,21.80320076057677,4388720.0,6053645.0,536.0,437.0
CRBP,21.78735541118682,574380.0,351140.0,2508.0,3174.0
FC,21.77151006179686,78440.0,78975.0,4391.0,4460.0
CLS,21.755664712406908,2969720.0,3444570.0,780.0,766.0
VNTG,21.739819363016956,19660.0,29035.0,5239.0,5120.0
RRX,21.723974013627,1293820.0,1363475.0,1543.0,1675.0
TLSIW,21.708128664237048,600.0,3770.0,6137.5,5951.5
KNDI,21.692283314847092,69260.0,85365.0,4480.0,4409.0
BHFAP,21.676437965457136,29700.0,38020.0,5038.0,4959.0
Q,21.660592616067184,1305840.0,1825525.0,1530.0,1351.0
NEGG,21.644747266677232,64920.0,91460.0,4520.0,4360.0
KEQU,21.628901917287276,1780.0,4520.0,6014.5,5909.0
CRNC,21.61305656789732,694840.0,726395.0,2281.0,2403.0
INGN,21.59721121850737,223780.0,255900.0,3471.0,3475.0
BRAG,21.581365869117413,36960.0,21795.0,4896.0,5276.0
HEPS,21.56552051972746,203820.0,151255.0,3558.0,3953.0
LVWR,21.54967517033751,870420.0,12194225.0,2020.0,188.0
EBAY,21.533829820947552,4633260.0,4575155.0,509.0,603.0
TNXP,21.517984471557597,389780.0,464005.0,2929.0,2877.0
RGNT,21.502139122167645,46520.0,78265.0,4734.0,4465.0
KMT,21.48629377277769,1906880.0,1585365.0,1169.0,1517.0
SWVL,21.470448423387737,6040.0,12775.0,5758.5,5516.0
BRN,21.454603073997784,20560.0,65380.0,5222.0,4589.0
ATIIU,21.438757724607825,100.0,50.0,6216.5,6250.0
CAR,21.422912375217873,256740.0,446935.0,3332.0,2926.0
SEAT,21.40706702582792,44440.0,69330.0,4759.0,4540.0
WTI,21.391221676437965,2871340.0,4300820.0,814.0,637.0
TSN,21.375376327048013,2928480.0,3262865.0,791.0,806.0
EZPW,21.359530977658057,1034020.0,1049720.0,1804.0,1951.0
DECK,21.3436856282681,2514220.0,2520795.0,936.0,1046.0
DDL,21.32784027887815,362740.0,362025.0,2998.0,3147.0
SBAC,21.311994929488197,726920.0,1155045.0,2215.0,1857.0
AISP,21.29614958009824,390760.0,380520.0,2924.0,3104.0
MITT,21.28030423070829,265260.0,284075.0,3301.0,3367.0
RLX,21.264458881318333,5175800.0,2354375.0,455.0,1115.0
SEV,21.248613531928378,145140.0,221105.0,3895.0,3604.0
MTEK,21.232768182538425,56900.0,54420.0,4615.0,4719.5
TWI,21.216922833148473,585420.0,548115.0,2484.0,2707.0
CMRE,21.201077483758517,384280.0,352065.0,2938.0,3171.0
NNVC,21.18523213436856,248280.0,324705.0,3362.0,3248.5
NFLX,21.16938678497861,31164180.0,35888480.0,50.0,45.0
WRN,21.153541435588654,789080.0,1031710.0,2128.0,1974.0
APT,21.1376960861987,47680.0,40035.0,4718.0,4930.0
MIR,21.12185073680875,3278360.0,4432485.0,706.0,619.0
HOLO,21.10600538741879,176420.0,247540.0,3702.0,3504.0
APTV,21.090160038028838,3517460.0,4346200.0,662.0,631.0
SPH,21.074314688638886,253640.0,220930.0,3344.0,3606.0
BSAAU,21.05846933924893,0.0,90.0,6287.0,6243.0
AACG,21.042623989858978,2711060.0,680140.0,864.0,2487.0
KOSS,21.026778640469022,13780.0,15075.0,5422.0,5442.0
TDC,21.010933291079066,2718500.0,3382850.0,862.0,783.0
KGS,20.995087941689114,1436900.0,1741825.0,1433.0,1406.0
XNET,20.979242592299162,267620.0,250480.0,3293.0,3498.0
DOW,20.963397242909206,6834880.0,9615450.0,336.0,253.0
STZ,20.947551893519254,1782080.0,1779900.0,1226.0,1376.0
AGMH,20.931706544129298,89000.0,76280.0,4311.0,4481.0
CWEN,20.915861194739342,925440.0,1191720.0,1945.0,1824.0
GOOS,20.90001584534939,578580.0,832965.0,2500.0,2260.0
PONY,20.884170495959438,3734700.0,3613800.0,633.0,737.0
USAS,20.868325146569482,4647920.0,4779085.0,507.0,571.0
SEI,20.852479797179527,1947000.0,3299580.0,1146.0,798.0
STRR,20.836634447789574,4020.0,4105.0,5860.0,5936.0
GAP,20.82078909839962,4783360.0,5192030.0,493.0,515.0
SHIM,20.804943749009666,134480.0,84455.0,3965.0,4419.0
TRT,20.789098399619714,257060.0,281615.0,3331.0,3374.0
APEI,20.773253050229755,256100.0,333425.0,3335.5,3216.0
LBTYK,20.757407700839803,1077920.0,1613895.0,1765.0,1501.0
BGSI,20.74156235144985,73280.0,58845.0,4430.0,4666.0
ESAB,20.725717002059895,757020.0,645805.0,2169.0,2546.0
CRWV,20.709871652669943,48313100.0,33287215.0,20.0,50.0
PFSI,20.69402630327999,405180.0,699140.0,2885.0,2452.0
TRN,20.67818095389003,611460.0,811990.0,2430.0,2280.0
ASTL,20.66233560450008,1001980.0,1221655.0,1833.0,1795.0
NE,20.646490255110127,888280.0,1582130.0,1996.0,1519.0
LHSW,20.63064490572017,77540.0,132580.0,4400.5,4076.0
SDRL,20.61479955633022,561740.0,688650.0,2540.0,2473.0
DKS,20.598954206940263,1327940.0,1350095.0,1515.0,1689.0
HYFT,20.583108857550307,173420.0,247475.0,3716.0,3505.0
CLLS,20.567263508160355,15560.0,17800.0,5364.0,5371.0
LAND,20.551418158770403,746240.0,667740.0,2188.0,2506.0
WING,20.535572809380447,1288540.0,1399895.0,1546.0,1636.0
MCHPP,20.51972745999049,136280.0,104090.0,3960.0,4275.0
CLB,20.50388211060054,562420.0,702410.0,2539.0,2445.0
IPSC,20.488036761210584,474160.0,587140.0,2706.0,2640.0
EVR,20.47219141182063,540860.0,572900.0,2577.0,2663.0
TSEM,20.45634606243068,1523740.0,2058680.0,1382.0,1235.0
CDR-PB,20.44050071304072,3152.6,3636.5,5917.0,5959.0
TOPS,20.424655363650768,130060.0,231150.0,3990.0,3561.0
SFD,20.408810014260816,2003680.0,1466805.0,1126.0,1598.0
GPMT-PA,20.39296466487086,4146.2,7604.3,5851.0,5741.0
AIIO,20.377119315480908,429080.0,657550.0,2818.0,2528.0
MITQ,20.361273966090955,18540.0,18420.0,5270.0,5354.0
IRD,20.345428616700996,553820.0,802190.0,2556.0,2290.0
VTVT,20.329583267311044,53960.0,102010.0,4643.0,4285.0
INBX,20.31373791792109,244200.0,210805.0,3384.5,3654.0
MUX,20.297892568531136,1484780.0,1013730.0,1406.0,1998.0
TUYA,20.282047219141184,371480.0,510400.0,2975.0,2772.0
MACIU,20.266201869751228,140.0,205.0,6207.0,6224.0
JSPR,20.250356520361272,1002260.0,719690.0,1832.0,2416.0
RERE,20.23451117097132,792480.0,879470.0,2123.0,2178.0
PLAY,20.218665821581368,1246580.0,1390660.0,1590.0,1647.0
SPMC,20.202820472191412,66820.0,29875.0,4501.0,5108.0
SSTI,20.186975122801456,362800.0,150190.0,2997.0,3963.0
SFWL,20.171129773411504,6520.0,29065.0,5727.0,5118.0
MCHP,20.15528442402155,9231880.0,11217415.0,246.0,211.0
FTAI,20.139439074631596,1254420.0,1757710.0,1584.0,1393.0
AGX,20.123593725241644,294680.0,288415.0,3194.0,3352.0
PNRG,20.107748375851685,113760.0,81925.0,4117.0,4435.0
BTI,20.091903026461733,4686960.0,4056005.0,505.0,680.0
AUR,20.07605767707178,33118560.0,28592680.0,46.0,66.0
TS,20.060212327681825,1511400.0,1510430.0,1391.0,1569.0
ECG,20.044366978291873,598840.0,600215.0,2459.0,2625.0
VFSWW,20.02852162890192,2740.0,2630.0,5948.0,5999.5
ILAG,20.01267627951196,760.0,2315.0,6116.0,6033.5
XPER,19.99683093012201,563640.0,503395.0,2533.0,2785.0
SOGP,19.980985580732057,9200.0,11170.0,5591.5,5588.0
NERV,19.9651402313421,165420.0,144435.0,3770.0,3990.0
PED,19.94929488195215,22420.0,25575.0,5178.5,5186.0
LBTYA,19.933449532562193,2058900.0,2868025.0,1099.0,918.0
VTSI,19.917604183172237,74460.0,42740.0,4418.0,4890.0
DBI,19.901758833782285,442880.0,388065.0,2778.0,3092.0
LHAI,19.885913484392333,124860.0,177600.0,4018.0,3813.0
VFS,19.870068135002377,361300.0,386820.0,3004.0,3093.0
CSBR,19.85422278561242,12400.0,11360.0,5471.0,5578.0
LII,19.83837743622247,446540.0,627735.0,2769.0,2574.0
CHCT,19.822532086832513,348580.0,360460.0,3041.0,3152.0
BHF,19.80668673744256,1322720.0,893695.0,1518.0,2159.0
MSGM,19.79084138805261,88220.0,54720.0,4318.0,4714.0
NSPR,19.774996038662653,235860.0,98045.0,3423.0,4319.0
TREE,19.759150689272698,405520.0,480470.0,2882.5,2842.0
MB,19.743305339882745,94420.0,1657905.0,4265.0,1465.0
BBD,19.72745999049279,29615120.0,29600515.0,55.0,64.0
MPWR,19.711614641102837,651180.0,848290.0,2359.0,2230.0
PNR,19.695769291712885,2167380.0,2937365.0,1057.0,890.0
GNRC,19.679923942322926,835040.0,1203145.0,2063.0,1813.0
CWH,19.664078592932974,1464780.0,2180145.0,1416.0,1185.0
CRC,19.64823324354302,714980.0,836425.0,2248.0,2254.0
CHRS,19.632387894153066,1519260.0,1027745.0,1385.0,1977.0
RIG,19.616542544763114,47550180.0,46904295.0,21.0,26.0
ATCH,19.600697195373158,1193360.0,3439375.0,1646.0,767.0
CMP,19.584851845983202,414080.0,496565.0,2854.0,2803.0
KEP,19.56900649659325,1404460.0,1079820.0,1459.0,1925.0
SVRN,19.553161147203298,9060.0,12575.0,5601.5,5527.0
GROV,19.537315797813342,35480.0,27225.0,4912.0,5163.0
NC,19.521470448423386,18120.0,13650.0,5283.0,5489.0
JFU,19.505625099033434,1592960.0,399815.0,1334.0,3057.0
CIG,19.48977974964348,4805620.0,4886265.0,490.0,559.0
LEE,19.473934400253526,34160.0,48215.0,4943.0,4803.0
ASTE,19.458089050863574,186220.0,289050.0,3654.5,3347.0
NB,19.44224370147362,3194780.0,3695010.0,729.0,727.0
TLK,19.426398352083663,531100.0,720070.0,2587.0,2411.0
IMMP,19.41055300269371,116920.0,167800.0,4089.0,3847.0
MNYWW,19.394707653303755,1440.0,5270.0,6040.0,5855.5
CENN,19.378862303913802,4400.0,4840.0,5840.5,5886.0
BRSP,19.36301695452385,1052900.0,1458545.0,1787.0,1602.0
ZVIA,19.34717160513389,371680.0,402005.0,2974.0,3047.0
PAAS,19.33132625574394,5405000.0,4125230.0,436.0,663.0
ABEV,19.315480906353987,23892920.0,30282800.0,75.0,63.0
BLNE,19.29963555696403,540100.0,362400.0,2580.0,3145.0
BRIA,19.2758675328791,4360.0,9540.0,5842.0,5649.5
ITP,19.2758675328791,374580.0,682255.0,2963.0,2486.0
CTXR,19.252099508794167,933680.0,891395.0,1933.0,2162.0
NFGC,19.236254159404215,1309220.0,1391070.0,1527.0,1645.0
EXOD,19.220408810014263,140100.0,59370.0,3939.0,4657.0
ARM,19.204563460624307,4068120.0,5336520.0,585.0,497.0
NRDY,19.18871811123435,65641.0,32464.8,4513.0,5058.0
PURR,19.1728727618444,6944280.0,7188105.0,326.0,359.0
OPFI,19.157027412454443,1132860.0,1082860.0,1702.0,1923.0
WU,19.14118206306449,9263120.0,13098290.0,245.0,166.0
CTOR,19.12533671367454,159820.0,134860.0,3797.0,4056.0
GRO,19.109491364284583,140940.0,145000.0,3932.0,3988.0
AMSF,19.093646014894627,701380.0,408390.0,2269.0,3028.0
DTI,19.077800665504675,177980.0,237915.0,3692.0,3540.0
VOXR,19.06195531611472,565620.0,441635.0,2525.0,2940.0
SANM,19.046109966724767,491180.0,828860.0,2669.0,2264.0
VIAV,19.030264617334815,4698560.0,5242200.0,502.0,511.0
HE,19.014419267944856,1944360.0,1865130.0,1150.0,1322.0
CE,18.998573918554904,1282920.0,2041900.0,1550.0,1244.0
NRG,18.98272856916495,1901540.0,3220280.0,1177.0,820.0
MATW,18.966883219774996,945140.0,622525.0,1919.0,2580.0
GRDX,18.951037870385044,229020.0,117315.0,3456.0,4178.0
AZN,18.935192520995088,3559820.0,4132850.0,654.0,661.0
BHM,18.919347171605132,5400.0,9695.0,5780.5,5645.5
EVI,18.90350182221518,156020.0,130960.0,3826.0,4081.0
AMRC,18.887656472825228,558400.0,712795.0,2544.0,2425.0
ICU,18.871811123435272,77680.0,73930.0,4398.0,4498.0
OSRH,18.85596577404532,104496940.0,26414090.0,3.0,76.0
RDW,18.840120424655364,15727380.0,17851590.0,133.0,126.0
NDRA,18.824275075265408,18360.0,16545.0,5274.5,5410.0
VRT,18.808429725875456,3890980.0,6274270.0,609.0,425.0
NRXS,18.792584376485504,85780.0,97300.0,4339.0,4324.0
XRTX,18.776739027095548,6400.0,12090.0,5732.0,5546.0
TRC,18.760893677705592,217900.0,156745.0,3495.0,3904.0
ARCO,18.74504832831564,1613220.0,1133960.0,1324.0,1873.0
ASR,18.729202978925684,45580.0,65060.0,4745.0,4594.0
SAR,18.713357629535732,123280.0,139570.0,4031.0,4017.0
EVGN,18.69751228014578,351700.0,610900.0,3034.5,2600.0
SY,18.68166693075582,107220.0,184925.0,4169.5,3779.0
PLG,18.66582158136587,1244760.0,984125.0,1593.0,2038.0
GTX,18.649976231975916,2359160.0,2264340.0,987.0,1143.0
SOUN,18.63413088258596,22527100.0,36098535.0,83.0,44.0
QXO-PB,18.61828553319601,33888.4,105074.9,4947.0,4263.0
KR,18.602440183806053,5242180.0,6227760.0,450.0,427.0
NCMI,18.586594834416097,4192280.0,1280430.0,566.0,1738.0
WETH,18.570749485026145,70340.0,134535.0,4472.0,4058.0
EPM,18.554904135636193,282760.0,308250.0,3238.0,3296.0
PPIH,18.539058786246237,66460.0,67965.0,4504.0,4557.0
LFT-PA,18.523213436856285,6087.4,2562.1,5754.0,6009.0
CAVA,18.50736808746633,4987340.0,4006130.0,471.0,688.0
ENS,18.491522738076373,800300.0,520510.0,2113.0,2750.0
CX,18.47567738868642,5752240.0,7828050.0,403.0,326.0
POLA,18.45983203929647,169120.0,2660525.0,3748.5,992.0
CITR,18.443986689906513,24280.0,24735.0,5147.0,5209.0
TTGT,18.428141340516557,420780.0,468935.0,2834.0,2866.0
UONE,18.412295991126605,3200.0,4850.0,5913.0,5884.0
PAC,18.39645064173665,73040.0,132890.0,4434.5,4074.0
AGI,18.380605292346697,3315920.0,4907210.0,697.0,556.0
PACK,18.364759942956745,361020.0,611800.0,3008.0,2598.0
HLI,18.348914593566786,750620.0,1008605.0,2182.0,2010.0
LAES,18.333069244176833,10465180.0,13255355.0,217.0,164.0
ANVS,18.31722389478688,655100.0,584995.0,2346.5,2644.0
HUYA,18.301378545396926,1297400.0,638925.0,1540.0,2554.0
SNDL,18.285533196006973,1238340.0,1931525.0,1604.0,1288.0
UEC,18.269687846617018,5486520.0,7490885.0,428.0,344.0
FLOC,18.253842497227062,661000.0,562395.0,2336.0,2676.0
ICL,18.23799714783711,897060.0,1100990.0,1984.0,1903.0
ANEB,18.222151798447157,260.0,260.0,6187.5,6214.0
YQ,18.2063064490572,2000.0,6210.0,6002.0,5817.0
BBUC,18.19046109966725,282540.0,301685.0,3239.0,3309.0
AKBA,18.174615750277294,3389440.0,4155680.0,682.0,656.0
RBA,18.158770400887338,2605720.0,1960895.0,894.0,1273.0
NXL,18.142925051497386,61740.0,157770.0,4553.0,3895.0
SITE,18.127079702107434,686720.0,986275.0,2295.0,2036.0
CRNT,18.111234352717478,476420.0,541935.0,2698.0,2719.0
METC,18.095389003327522,2293460.0,2344340.0,1007.0,1121.0
CISO,18.07954365393757,119500.0,94960.0,4067.0,4340.0
ESRT,18.063698304547614,1590680.0,2012700.0,1336.0,1257.0
GLW,18.047852955157662,9874200.0,13719810.0,232.0,161.0
KRKR,18.03200760576771,9540.0,12345.0,5573.5,5539.0
INM,18.01616225637775,89200.0,2797035.0,4309.0,943.0
STKH,18.0003169069878,6109020.0,9264285.0,378.0,260.0
AMKR,17.984471557597846,3863520.0,6100595.0,613.0,433.0
OBTC,17.96862620820789,11100.0,6725.0,5510.0,5784.0
GSRFR,17.95278085881794,220.0,1960.0,6191.5,6065.0
POWI,17.936935509427983,510420.0,640130.0,2632.5,2551.0
ALIT,17.921090160038027,444840.0,591675.0,2774.0,2634.0
VALE,17.905244810648075,18001220.0,22753925.0,117.0,95.0
ALM,17.889399461258122,7235880.0,7102560.0,313.0,365.0
MASK,17.873554111868167,116800.0,164050.0,4091.0,3870.0
ATCX,17.857708762478214,13540.0,11135.0,5429.0,5590.0
PETS,17.84186341308826,224680.0,122520.0,3467.0,4143.0
CATX,17.826018063698303,1086160.0,1063705.0,1759.0,1934.0
TDS,17.81017271430835,864620.0,1164835.0,2027.0,1846.0
HUDI,17.7943273649184,181520.0,3354030.0,3677.0,787.0
NOAH,17.778482015528443,112840.0,114175.0,4122.0,4206.0
TCRX,17.762636666138487,323580.0,489490.0,3104.0,2824.0
ABR,17.746791316748535,3417800.0,4059660.0,676.0,679.0
LZM,17.73094596735858,292560.0,399170.0,3202.0,3062.0
WSO,17.715100617968627,449520.0,579045.0,2766.0,2654.0
NIU,17.699255268578675,226100.0,211855.0,3464.0,3646.0
COLL,17.683409919188716,1008660.0,688055.0,1826.0,2475.0
IE,17.667564569798763,1390740.0,1937190.0,1468.0,1282.0
EUDA,17.65171922040881,2500.0,5215.0,5965.5,5859.0
PDCC,17.635873871018855,3120.0,8160.0,5920.5,5718.5
PASW,17.620028521628903,86400.0,1540130.0,4333.0,1551.0
CBOE,17.604183172238947,605680.0,939685.0,2441.0,2093.0
AMTX,17.58833782284899,754380.0,927725.0,2178.0,2117.0
WFRD,17.57249247345904,703600.0,1099580.0,2263.0,1905.0
INSE,17.556647124069087,139660.0,133885.0,3942.0,4066.0
SLMT,17.54080177467913,25060.0,41990.0,5129.5,4904.0
HAL,17.52495642528918,8079000.0,10919700.0,277.0,215.0
MBOT,17.509111075899224,1212680.0,743730.0,1624.0,2381.0
BNAI,17.493265726509268,118480.0,125425.0,4077.0,4123.0
CBIO,17.477420377119316,172140.0,238540.0,3725.0,3538.0
TELO,17.461575027729364,54880.0,82900.0,4633.0,4428.0
WVE,17.445729678339408,4178780.0,3173880.0,571.0,828.0
AMBQ,17.429884328949452,414160.0,523670.0,2853.0,2745.0
AGCC,17.4140389795595,48040.0,72735.0,4710.5,4509.0
FCEL,17.398193630169544,10044140.0,8619745.0,229.0,290.0
CPRI,17.382348280779592,4872120.0,4099750.0,484.0,672.0
OMCL,17.36650293138964,726240.0,845400.0,2219.5,2239.0
STNE,17.350657581999684,7582740.0,4197255.0,299.0,651.0
FSI,17.33481223260973,28380.0,23420.0,5061.0,5240.0
JVA,17.318966883219776,47040.0,54325.0,4728.0,4722.0
INLX,17.30312153382982,280.0,680.0,6183.5,6165.0
SCOR,17.287276184439868,56020.0,19840.0,4622.0,5323.0
POST,17.271430835049912,851040.0,1087830.0,2042.0,1914.0
GSUN,17.255585485659957,4290520.0,19322230.0,551.0,116.0
IIIV,17.239740136270004,635740.0,512690.0,2388.0,2766.0
BHR,17.223894786880052,257280.0,374545.0,3330.0,3117.0
CELU,17.208049437490097,25060.0,44295.0,5129.5,4869.0
CYD,17.192204088100144,106200.0,100470.0,4179.0,4301.0
ORA,17.17635873871019,652340.0,897115.0,2356.0,2154.0
LMAT,17.160513389320233,388340.0,448455.0,2930.0,2919.0
PLRZ,17.14466803993028,104220.0,81075.0,4197.0,4442.0
NEXT,17.12882269054033,2231600.0,2964180.0,1038.0,884.0
PCSA,17.112977341150373,56700.0,645595.0,4616.5,2547.0
TLRY,17.097131991760417,3004520.0,4896250.0,773.0,557.0
HSAI,17.081286642370465,1814140.0,1634090.0,1214.0,1486.0
TIGR,17.06544129298051,2479220.0,2019245.0,949.0,1253.0
FVRR,17.049595943590557,755820.0,1030195.0,2171.0,1976.0
HWKN,17.033750594200605,111640.0,166000.0,4130.0,3861.0
CLBT,17.01790524481065,12685500.0,3984205.0,171.0,690.0
CLRB,17.002059895420693,37480.0,40795.0,4886.5,4919.0
DIT,16.98621454603074,180.0,3560.0,6200.0,5962.0
LOMA,16.970369196640785,547000.0,449090.0,2569.0,2916.0
RBLX,16.954523847250833,10181860.0,15581820.0,222.0,139.0
INTC,16.938678497860877,116925920.0,120039695.0,1.0,3.0
CHPT,16.92283314847092,384920.0,373570.0,2935.0,3120.0
ADXN,16.90698779908097,80.0,740.0,6221.0,6158.0
PLBL,16.891142449691017,162980.0,211480.0,3779.0,3649.0
BWXT,16.87529710030106,897820.0,887495.0,1982.0,2165.0
MIAX,16.85945175091111,919660.0,1238890.0,1958.0,1780.0
UPB,16.843606401521154,603220.0,625030.0,2448.0,2577.0
TSSI,16.827761052131198,1896520.0,930255.0,1181.0,2113.0
DLHC,16.811915702741246,18960.0,17030.0,5257.0,5392.0
CSIQ,16.796070353351293,1294900.0,1758690.0,1542.0,1392.0
EAF,16.780225003961338,193920.0,293095.0,3612.0,3332.0
AIRI,16.764379654571385,22340.0,17200.0,5182.0,5389.0
UVV,16.74853430518143,411980.0,327155.0,2865.5,3239.0
ALLR,16.732688955791474,75020.0,70695.0,4415.0,4530.5
WRD,16.716843606401522,4372460.0,2443475.0,540.0,1062.0
RXT,16.70099825701157,7879380.0,7309645.0,287.0,353.0
TRAK,16.685152907621614,51600.0,57185.0,4672.0,4688.0
CYCU,16.669307558231658,28219140.0,53880205.0,57.0,19.0
CHRW,16.653462208841706,1331920.0,2380330.0,1510.0,1101.0
ARKR,16.63761685945175,2960.0,2085.0,5932.0,6051.5
COSM,16.621771510061798,1727220.0,3327005.0,1259.0,793.0
BGS,16.605926160671842,2620340.0,2425970.0,890.0,1071.0
LONA,16.590080811281886,152480.0,47250.0,3847.0,4818.0
ABLV,16.574235461891934,33340.0,31405.0,4959.0,5070.5
COHR,16.558390112501982,10493680.0,7376825.0,216.0,348.0
CHSN,16.542544763112026,65000.0,184405.0,4519.0,3780.0
WVVI,16.526699413722074,21380.0,8080.0,5200.0,5723.0
IMTX,16.51085406433212,579620.0,471930.0,2497.0,2862.0
TGE,16.495008714942163,51480.0,37820.0,4674.5,4962.0
MDWD,16.47916336555221,57920.0,59585.0,4603.0,4656.0
GURE,16.46331801616226,7640.0,9520.0,5665.0,5652.0
FEBO,16.447472666772303,7020.0,7215.0,5703.5,5758.0
NIO,16.43162731738235,20997080.0,25354655.0,96.0,79.0
ALHC,16.415781967992395,4586720.0,5920895.0,515.0,450.0
DNA,16.39993661860244,1087020.0,1027610.0,1758.0,1979.0
RDNW,16.384091269212487,90720.0,74565.0,4297.5,4493.0
SPRY,16.368245919822535,2557640.0,2580995.0,907.0,1019.0
IZEA,16.35240057043258,182180.0,79825.0,3673.0,4454.0
NAGE,16.336555221042623,454240.0,717135.0,2757.0,2421.0
TSLA,16.32070987165267,32562240.0,39197755.0,48.0,39.0
TNC,16.304864522262715,322960.0,253130.0,3108.0,3488.0
COCO,16.289019172872763,722560.0,1130845.0,2232.0,1879.0
ASYS,16.273173823482807,482900.0,394160.0,2687.0,3070.0
CMTG,16.25732847409285,618000.0,659690.0,2420.0,2521.0
CRVO,16.2414831247029,379160.0,362830.0,2946.0,3144.0
ZTEK,16.225637775312947,92360.0,138305.0,4285.0,4029.0
UFG,16.20979242592299,119720.0,91985.0,4065.0,4356.0
SPPL,16.19394707653304,200140.0,109900.0,3576.0,4231.0
SJ,16.178101727143083,24920.0,28095.0,5135.0,5140.0
SAIA,16.162256377753128,548140.0,549810.0,2567.0,2703.0
CLNE,16.146411028363175,1931780.0,1948105.0,1156.0,1279.0
DH,16.130565678973223,269120.0,209635.0,3284.0,3656.0
GPMT,16.114720329583267,323480.0,218680.0,3106.0,3617.0
KRMD,16.098874980193315,390600.0,277930.0,2925.0,3390.0
FORTY,16.08302963080336,620.0,365.0,6135.0,6201.5
CCI,16.067184281413404,2362060.0,4216315.0,986.0,648.0
MRKR,16.05133893202345,47540.0,47085.0,4719.0,4822.5
TWAV,16.0354935826335,36320.0,46440.0,4902.0,4829.0
RGTI,16.019648233243544,15476300.0,20359420.0,136.0,111.0
LFMD,16.003802883853588,698680.0,1138740.0,2272.0,1871.0
LCTX,15.987957534463634,938560.0,950680.0,1929.0,2075.0
SNPS,15.97211218507368,1278660.0,1708675.0,1554.0,1431.0
MOD,15.956266835683728,1238860.0,1620535.0,1601.0,1495.0
NVA,15.940421486293774,197440.0,224375.0,3596.0,3596.0
TOUR,15.924576136903818,7800.0,6180.0,5654.0,5820.0
NCTY,15.908730787513864,242240.0,261335.0,3398.0,3451.0
VIV,15.89288543812391,3000320.0,1825555.0,774.0,1350.0
MFI,15.877040088733956,3080.0,3970.0,5925.0,5943.0
LNZA,15.861194739344004,68320.0,68970.0,4489.0,4544.0
SAGT,15.84534938995405,3908020.0,1409090.0,606.0,1628.0
TARA,15.829504040564094,342960.0,391350.0,3057.0,3084.0
RYM,15.81365869117414,5400.0,10330.0,5780.5,5619.0
SLSR,15.797813341784186,107900.0,140050.0,4164.5,4015.0
ADV,15.781967992394232,104380.0,115005.0,4194.0,4202.0
AGIG,15.76612264300428,44080.0,100050.0,4771.0,4302.0
SXTP,15.750277293614323,87280.0,118780.0,4324.0,4165.0
ZDAI,15.734431944224369,34120.0,57470.0,4944.0,4682.0
BFRG,15.718586594834417,107100.0,137315.0,4172.5,4034.0
LITS,15.702741245444463,71760.0,116165.0,4454.0,4187.0
OSG,15.686895896054509,476220.0,463475.0,2699.0,2880.0
PHAT,15.671050546664553,1274220.0,1778465.0,1559.0,1377.0
TONX,15.655205197274599,419520.0,311045.0,2839.0,3290.0
FUN,15.639359847884645,1588500.0,2354875.0,1337.0,1114.0
BEEM,15.623514498494693,352180.0,325775.0,3031.0,3244.0
EFXT,15.607669149104739,675180.0,730965.0,2311.0,2394.0
GME,15.591823799714783,5223360.0,6893080.0,453.0,379.0
IDR,15.575978450324829,233800.0,229860.0,3432.0,3566.0
EVGO,15.560133100934875,2755560.0,3827385.0,851.0,708.0
ACON,15.544287751544921,94500.0,60680.0,4264.0,4644.0
INTZ,15.528442402154969,245200.0,226325.0,3375.0,3585.0
BPRE,15.512597052765015,778000.0,879660.0,2141.0,2177.0
WTF,15.49675170337506,10400.0,5285.0,5540.0,5853.0
ELME,15.480906353985105,268140.0,738220.0,3290.0,2389.0
PAVM,15.465061004595151,91280.0,46445.0,4293.0,4828.0
SBS,15.449215655205197,14936580.0,8567645.0,144.0,291.0
CMND,15.433370305815245,233240.0,141095.0,3435.0,4004.0
IVVD,15.417524956425288,3038220.0,3325840.0,764.0,794.0
GLUE,15.401679607035334,784100.0,1489540.0,2135.0,1583.0
STM,15.385834257645381,8052860.0,10919535.0,279.0,216.0
EFOI,15.369988908255428,2860.0,8335.0,5937.5,5711.0
NXRT,15.354143558865474,233440.0,281880.0,3433.0,3373.0
BRID,15.338298209475518,4540.0,4030.0,5836.0,5940.0
NKTX,15.322452860085564,391920.0,619770.0,2918.0,2585.0
INTR,15.30660751069561,4397780.0,5493200.0,534.0,480.0
KC,15.290762161305658,1267000.0,1491940.0,1564.0,1581.0
NUS,15.274916811915704,593980.0,607410.0,2471.0,2604.0
IMSR,15.259071462525748,1135400.0,1810155.0,1701.0,1362.0
VSH,15.243226113135794,3216180.0,4881760.0,726.0,562.0
SYM,15.22738076374584,1370800.0,1731125.0,1479.0,1414.0
MMA,15.211535414355886,77340.0,106605.0,4402.0,4252.0
RNTX,15.195690064965934,266860.0,428485.0,3296.0,2982.0
SHLS,15.17984471557598,4025360.0,5300415.0,588.0,505.0
SST,15.163999366186024,837080.0,254920.0,2060.0,3481.0
NAII,15.14815401679607,17080.0,78580.0,5326.0,4464.0
JBGS,15.132308667406116,820000.0,878110.0,2092.0,2183.0
SOS,15.116463318016162,316360.0,100645.0,3126.0,4297.0
TCRT,15.10061796862621,10440.0,9065.0,5536.5,5669.0
WILC,15.084772619236253,5160.0,11415.0,5795.0,5574.0
NAKA,15.068927269846299,77780.0,127920.0,4397.0,4101.0
QXO,15.053081920456346,20098040.0,18994070.0,101.0,121.0
DOMH,15.037236571066392,291720.0,195100.0,3209.0,3729.0
SYNA,15.021391221676438,468480.0,664655.0,2724.0,2511.0
ONON,15.005545872286483,11799400.0,8466880.0,185.0,296.0
OSTX,14.989700522896529,516780.0,318115.0,2613.0,3262.0
DOCN,14.973855173506575,2133100.0,3324700.0,1074.0,795.0
AAUC,14.958009824116623,682560.0,1032435.0,2301.0,1973.0
DCGO,14.942164474726669,1340260.0,656975.0,1506.0,2530.0
CSR,14.926319125336715,101900.0,140230.0,4212.0,4013.0
UUUU,14.910473775946759,6083180.0,6916250.0,380.0,376.0
MBI,14.894628426556805,555220.0,553715.0,2552.0,2696.0
WIMI,14.878783077166851,63680.0,138870.0,4537.0,4023.0
LXU,14.862937727776899,750120.0,945625.0,2183.0,2085.0
BXMT,14.847092378386945,2461340.0,2728790.0,958.0,965.0
AIRG,14.831247028996989,64640.0,74375.0,4527.0,4494.0
CABA,14.815401679607035,4630500.0,3247285.0,511.0,812.0
PROK,14.799556330217081,1259260.0,1021290.0,1575.0,1992.0
VAL,14.783710980827127,1415080.0,1145405.0,1451.0,1865.0
REKR,14.767865631437175,2146860.0,1209960.0,1067.0,1808.0
AKAM,14.752020282047217,2932240.0,3603480.0,790.0,741.0
USGO,14.736174932657264,57540.0,68005.0,4608.0,4556.0
FEAM,14.720329583267311,436880.0,1188860.0,2794.5,1827.0
NVMI,14.704484233877357,495100.0,560760.0,2661.0,2681.0
KLRS,14.688638884487403,41280.0,76725.0,4809.5,4477.0
EONR,14.672793535097448,485960.0,602255.0,2681.0,2621.0
IONS,14.656948185707494,1953300.0,2841175.0,1142.0,930.0
WD,14.64110283631754,417340.0,429005.0,2843.0,2978.0
ISPR,14.625257486927588,14340.0,24315.0,5403.0,5217.0
RDZN,14.609412137537634,275740.0,274635.0,3262.0,3405.0
BORR,14.59356678814768,10260860.0,5874270.0,221.0,454.0
CRBU,14.577721438757724,911620.0,1042365.0,1966.5,1960.0
CSV,14.56187608936777,292220.0,215980.0,3205.0,3631.0
LEGN,14.546030739977816,2516620.0,2839635.0,931.0,931.0
TOMZ,14.530185390587864,42620.0,27480.0,4785.5,5154.0
MATH,14.51434004119791,45480.0,35250.0,4747.0,5006.0
DTST,14.498494691807954,37640.0,18330.0,4882.5,5355.0
MGRT,14.482649342418,30240.0,24310.0,5025.5,5218.0
ALB,14.466803993028046,1924480.0,2319415.0,1159.0,1128.0
GPI,14.450958643638092,199760.0,226370.0,3577.0,3584.0
CLVT,14.43511329424814,3238620.0,5635235.0,719.0,472.0
FKWL,14.419267944858182,9920.0,21035.0,5553.0,5299.0
ABVC,14.403422595468228,141820.0,101715.0,3923.0,4287.0
TYRA,14.387577246078276,472960.0,644940.0,2711.0,2548.0
GUTS,14.371731896688322,924220.0,1284665.0,1949.0,1732.0
DBVT,14.355886547298368,181340.0,359895.0,3678.0,3154.0
TU,14.340041197908416,5527080.0,9557825.0,425.0,255.0
INTT,14.324195848518459,126340.0,155765.0,4011.0,3911.0
FMC,14.308350499128505,2741740.0,3669325.0,853.0,730.0
VRCA,14.292505149738552,74200.0,47690.0,4421.5,4814.0
NEUP,14.276659800348598,65980.0,455590.0,4507.5,2899.0
MNSO,14.260814450958645,884660.0,671865.0,2002.0,2500.0
GRI,14.244969101568689,161660.0,398045.0,3786.0,3064.0
RAYA,14.229123752178735,24600.0,37625.0,5143.0,4967.0
PIII,14.21327840278878,44740.0,68805.0,4757.5,4550.0
TBLA,14.197433053398829,3271960.0,3172980.0,708.0,829.0
LGN,14.181587704008875,1585240.0,1334700.0,1341.0,1698.0
YMAT,14.165742354618919,20500.0,84470.0,5224.0,4418.0
EVAX,14.149897005228965,16600.0,13735.0,5334.0,5484.0
WMG,14.134051655839011,2462960.0,2364180.0,956.0,1108.0
GRNQ,14.118206306449057,39700.0,11607.0,4834.5,5564.0
FIEE,14.102360957059105,1893120.0,1264600.0,1183.0,1758.0
PFAI,14.086515607669147,5040.0,18315.0,5803.0,5358.0
MIRA,14.070670258279193,57200.0,98220.0,4612.0,4316.0
TTI,14.054824908889241,1482940.0,1856720.0,1410.0,1328.0
WLTH,14.038979559499287,863620.0,866305.0,2029.0,2198.0
WSO-B,14.023134210109333,400.0,225.0,6162.0,6221.0
ECVT,14.007288860719381,1222760.0,1267620.0,1617.5,1752.0
DQ,13.991443511329424,946320.0,1021740.0,1915.5,1989.0
RIOT,13.97559816193947,22028860.0,23310280.0,86.0,92.0
CSPI,13.959752812549517,13520.0,10965.0,5431.0,5596.0
ACCS,13.943907463159563,44240.0,25375.0,4766.5,5190.0
CEVA,13.92806211376961,1137400.0,928850.0,1699.0,2115.0
IH,13.912216764379654,3060.0,3855.0,5927.0,5946.0
NYC,13.8963714149897,17720.0,38400.0,5298.0,4956.0
RILYL,13.880526065599746,7920.0,7135.0,5647.0,5763.0
CDZI,13.864680716209794,557640.0,858215.0,2548.0,2214.0
FJET,13.84883536681984,700640.0,618295.0,2270.0,2588.0
EQS,13.832990017429884,7740.0,9970.0,5656.5,5634.0
ICON,13.81714466803993,22280.0,35430.0,5184.0,5002.0
GDTC,13.801299318649976,20300.0,214205.0,5228.5,3638.0
MTSI,13.785453969260022,1364480.0,1511610.0,1486.0,1568.0
RBBN,13.76960861987007,497340.0,727285.0,2659.0,2400.0
CIA,13.753763270480112,156360.0,157740.0,3823.0,3896.0
TRON,13.737917921090158,605040.0,467115.0,2443.0,2868.0
ZUMZ,13.722072571700206,169120.0,247330.0,3748.5,3506.0
JFB,13.706227222310252,716500.0,377180.0,2243.0,3109.0
OSS,13.690381872920298,883040.0,1024255.0,2004.0,1984.0
GMHS,13.674536523530346,42020.0,23850.0,4799.0,5228.0
HUT,13.658691174140388,5280260.0,4837295.0,447.0,564.0
XTIA,13.642845824750435,950520.0,601030.0,1906.0,2623.0
OMEX,13.627000475360482,326660.0,369300.0,3095.0,3134.0
IBIO,13.611155125970528,1002740.0,702500.0,1831.0,2443.0
PKX,13.595309776580574,267380.0,326405.0,3294.0,3242.0
TOVX,13.579464427190619,679500.0,537655.0,2306.0,2727.0
ODYS,13.563619077800665,37480.0,21355.0,4886.5,5286.0
CRGO,13.54777372841071,1460400.0,392375.0,1420.0,3077.0
NEXM,13.531928379020759,18160.0,24410.0,5280.5,5213.0
ADGM,13.516083029630805,511720.0,25471280.0,2631.0,78.0
DRCT,13.500237680240849,17820.0,14035.0,5295.0,5471.0
NXPI,13.484392330850895,3542880.0,4526015.0,655.0,612.0
TIMB,13.46854698146094,535140.0,561875.0,2583.0,2678.0
SMR,13.452701632070987,30681320.0,30896130.0,52.0,58.0
BGLC,13.436856282681035,21960.0,20165.0,5189.5,5314.0
NAMS,13.42101093329108,1119280.0,1076900.0,1719.0,1926.0
HOVR,13.405165583901123,649720.0,1115295.0,2362.0,1897.0
ERIC,13.389320234511171,7317740.0,11885220.0,310.0,195.0
USAR,13.373474885121217,11487420.0,11969205.0,193.0,194.0
CNF,13.357629535731263,8480.0,6880.0,5625.0,5778.0
INDP,13.341784186341311,239040.0,150665.0,3409.0,3960.0
SLDP,13.325938836951353,2516300.0,3814770.0,932.0,710.0
ALNY,13.3100934875614,1547160.0,2284010.0,1364.0,1135.0
OPTX,13.294248138171447,297800.0,407230.0,3186.0,3031.0
GENK,13.278402788781493,141900.0,510155.0,3921.0,2773.0
ACR,13.26255743939154,27960.0,35190.0,5070.0,5008.0
RILYP,13.246712090001584,6680.0,8230.0,5720.0,5714.0
IONR,13.23086674061163,76700.0,73775.0,4405.0,4502.0
CORZ,13.215021391221676,11713920.0,14030600.0,188.0,159.0
EHTH,13.199176041831723,238160.0,240315.0,3412.0,3535.0
LTRN,13.18333069244177,113900.0,75085.0,4116.0,4489.0
BMR,13.167485343051814,34660.0,69185.0,4925.0,4542.0
AVD,13.15163999366186,621760.0,300875.0,2416.0,3311.0
QBTS,13.135794644271906,12058440.0,18074405.0,182.0,123.0
ASIX,13.119949294881952,382240.0,296585.0,2941.0,3326.0
ELUT,13.104103945492,70180.0,53260.0,4473.0,4738.0
SBDS,13.088258596102046,1100.0,1960.0,6076.0,6065.0
TANH,13.072413246712088,2441920.0,747225.0,967.0,2372.0
OLMA,13.056567897322136,1093380.0,989400.0,1749.0,2029.0
CYN,13.040722547932182,256620.0,166345.0,3333.0,3857.0
RANI,13.024877198542228,979960.0,1049800.0,1869.0,1950.0
STRL,13.009031849152276,584980.0,840335.0,2486.0,2248.0
SQNS,12.993186499762318,47960.0,64750.0,4712.0,4601.0
COIN,12.977341150372364,6627820.0,7450355.0,346.0,345.0
CENX,12.961495800982412,2020460.0,2014410.0,1122.0,1255.0
GLXG,12.945650451592458,105680.0,358350.0,4182.0,3157.0
AA,12.929805102202504,5226540.0,4991540.0,452.0,545.0
SHEN,12.913959752812548,361700.0,501785.0,3001.0,2791.0
HSDT,12.898114403422595,133020.0,107430.0,3973.0,4244.0
AMTD,12.88226905403264,7980.0,11785.0,5641.5,5555.0
RPID,12.866423704642688,206200.0,227250.0,3545.0,3579.0
UK,12.850578355252734,77540.0,66095.0,4400.5,4576.0
NXT,12.83473300586278,1902500.0,2779755.0,1174.5,950.0
CREX,12.818887656472825,69820.0,33880.0,4475.0,5034.0
ORCL,12.80304230708287,26186220.0,30934680.0,64.0,57.0
LOT,12.787196957692917,299400.0,143060.0,3183.0,3993.0
POWL,12.771351608302965,474700.0,730015.0,2703.0,2397.0
CTSO,12.75550625891301,61700.0,63550.0,4554.0,4618.0
STAA,12.739660909523053,1332940.0,1019020.0,1509.0,1993.0
XPEV,12.7238155601331,6629840.0,6481610.0,345.0,411.0
GCL,12.707970210743147,342100.0,863340.0,3062.0,2206.0
QCOM,12.692124861353193,8256580.0,11411500.0,275.0,208.0
CTRI,12.67627951196324,1388200.0,2200870.0,1471.0,1178.0
ACI,12.660434162573283,5579440.0,11011415.0,416.0,214.0
HERE,12.64458881318333,16200.0,21435.0,5346.0,5284.0
WSHP,12.628743463793377,64600.0,65140.0,4530.0,4592.0
SHMD,12.612898114403423,466480.0,416750.0,2731.0,3008.0
IONQ,12.59705276501347,18382540.0,20905640.0,113.0,106.0
RETO,12.581207415623513,2917460.0,1032800.0,796.0,1971.0
NCNA,12.56536206623356,35160.0,34655.0,4916.0,5018.0
OCCI,12.549516716843605,262640.0,217195.0,3310.0,3628.0
LI,12.533671367453653,2144920.0,2934115.0,1069.0,892.0
CIFR,12.5178260180637,37519420.0,34609615.0,35.0,48.0
CLGN,12.501980668673745,54600.0,64025.0,4636.0,4608.5
KEN,12.486135319283791,15200.0,19455.0,5373.5,5337.0
RTO,12.470289969893836,1246140.0,1815055.0,1592.0,1360.0
BTBT,12.454444620503882,28444700.0,23815340.0,56.0,87.0
GCTK,12.43859927111393,5940340.0,25618160.0,389.0,77.0
QUBT,12.422753921723974,7840540.0,8516715.0,290.0,294.0
ASPI,12.40690857233402,2803820.0,3426005.0,835.0,772.0
ACXP,12.391063222944066,483580.0,186450.0,2684.0,3771.0
WAVE,12.375217873554112,10780.0,16710.0,5523.5,5405.0
TMC,12.359372524164158,6882480.0,4988395.0,330.0,546.0
ULS,12.343527174774204,686880.0,1039445.0,2294.0,1962.0
VRM,12.32768182538425,9200.0,10910.0,5591.5,5598.0
CLSK,12.311836475994294,19491040.0,20685350.0,107.0,109.0
LUCK,12.295991126604342,37600.0,65440.0,4884.0,4588.0
MTR,12.280145777214388,11720.0,5940.0,5492.0,5830.0
FLL,12.264300427824432,90040.0,114465.0,4303.0,4204.0
BBBY,12.24845507843448,1922500.0,2536995.0,1161.0,1039.0
AAOI,12.232609729044526,14002820.0,12731215.0,153.0,176.0
BBAI,12.21676437965457,17258200.0,23781235.0,122.0,88.0
ALBT,12.200919030264618,527507.4,,2594.0,
RAY,12.185073680874662,4260.0,7320.0,5846.5,5756.0
SONM,12.169228331484709,6760.0,13080.0,5716.0,5509.0
SMSI,12.153382982094756,36520.0,31235.0,4898.0,5073.0
MSC,12.1375376327048,15720.0,49440.0,5359.5,4787.0
UNCY,12.121692283314847,912100.0,766850.0,1965.0,2343.0
MYRG,12.105846933924894,231500.0,313625.0,3442.0,3278.0
TZOO,12.090001584534939,69620.0,114195.0,4476.0,4205.0
CURX,12.074156235144985,208200.0,127855.0,3537.0,4102.0
UP,12.05831088575503,109000.0,93000.0,4152.0,4351.0
EPOW,12.042465536365077,507900.0,389840.0,2639.0,3088.0
PRCT,12.026620186975123,992920.0,1769980.0,1851.0,1383.0
AMIX,12.010774837585169,215160.0,11634685.0,3510.0,201.0
FLUX,11.994929488195215,379100.0,197515.0,2947.0,3714.0
JOBY,11.979084138805261,23089080.0,35070200.0,78.0,47.0
KVHI,11.963238789415307,150340.0,189270.0,3856.0,3759.0
QSI,11.947393440025353,3364080.0,2864020.0,687.0,922.0
OPEN,11.931548090635397,64706960.0,50635250.0,13.0,22.0
MDBH,11.915702741245445,3880.0,2450.0,5871.5,6023.5
IMNN,11.899857391855491,36460.0,90435.0,4899.0,4370.0
ARBK,11.884012042465535,19280.0,11905.0,5250.0,5550.0
MYGN,11.868166693075583,1553180.0,2647475.0,1361.0,998.0
NAK,11.85232134368563,2871980.0,4113515.0,813.0,668.0
GDEV,11.836475994295673,2580.0,12470.0,5957.5,5533.0
BALY,11.820630644905721,196200.0,80650.0,3601.0,4444.0
KLC,11.804785295515765,2773600.0,1021585.0,841.0,1991.0
HKPD,11.788939946125812,221560.0,1281740.0,3483.0,1737.0
NOK,11.77309459673586,99421880.0,91324125.0,4.0,5.0
ABAT,11.757249247345904,2387480.0,3107870.0,979.0,847.0
APYX,11.74140389795595,150680.0,116575.0,3854.0,4185.0
JKS,11.725558548565996,397040.0,580945.0,2904.0,2648.0
SVCO,11.709713199176042,399760.0,428925.0,2899.0,2980.0
FMST,11.693867849786088,116420.0,118095.0,4096.0,4168.0
CIGL,11.678022500396134,766640.0,,2153.0,
MODD,11.66217715100618,1207020.0,430380.0,1630.0,2973.0
YOU,11.646331801616226,1948260.0,1733295.0,1144.0,1411.0
LIXT,11.630486452226272,171640.0,377905.0,3730.0,3108.0
MXL,11.614641102836318,2541460.0,3676715.0,920.0,729.0
PTN,11.598795753446362,54240.0,20615.0,4642.0,5306.0
GEOS,11.58295040405641,188060.0,156785.0,3643.5,3903.0
IMDX,11.559182379971478,437660.0,219795.0,2790.0,3610.0
EU,11.559182379971478,4611580.0,3581420.0,513.0,744.0
NNE,11.535414355886548,2150940.0,2015280.0,1063.0,1254.0
ORBS,11.519569006496594,12632020.0,11866940.0,173.0,196.0
ELVA,11.503723657106638,644240.0,659060.0,2371.0,2526.0
LAFAR,11.487878307716686,660.0,4430.0,6130.5,5917.0
HYMC,11.47203295832673,1585100.0,1578765.0,1342.0,1521.0
BYRN,11.456187608936776,511780.0,869400.0,2630.0,2193.0
INAB,11.440342259546824,120800.0,72650.0,4057.0,4511.0
GDHG,11.424496910156869,6120.0,8650.0,5750.5,5695.0
NRGV,11.408651560766915,5437560.0,5573715.0,432.0,475.0
AOSL,11.392806211376962,873260.0,593530.0,2015.0,2631.0
PRIM,11.376960861987007,1021280.0,1259495.0,1820.0,1762.0
STUB,11.361115512597053,12502340.0,6436570.0,177.0,416.0
ON,11.345270163207099,7493000.0,9986195.0,301.0,238.0
GBFH,11.329424813817145,78060.0,126185.0,4393.0,4113.0
MNRO,11.31357946442719,1275940.0,1177715.0,1558.0,1834.0
IREN,11.297734115037237,52349460.0,46540300.0,18.0,28.0
APRE,11.281888765647283,25040.0,45720.0,5131.0,4839.5
HIMX,11.266043416257327,1152680.0,1517620.0,1683.0,1563.0
RFIL,11.250198066867375,220020.0,233455.0,3492.0,3550.0
REED,11.234352717477421,14100.0,11710.0,5411.0,5561.0
BATL,11.218507368087465,4499240.0,8304970.0,524.0,302.0
FUSEW,11.202662018697513,440.0,4330.0,6154.5,5922.0
HIVE,11.186816669307559,35149820.0,20262415.0,36.0,112.0
INVE,11.170971319917603,530160.0,257885.0,2591.0,3466.0
VIOT,11.155125970527651,51960.0,58255.0,4667.0,4672.0
SNES,11.139280621137695,37380.0,148635.0,4891.0,3972.0
MTZ,11.123435271747741,1758120.0,1598655.0,1241.0,1510.0
AGRO,11.10758992235779,1117720.0,813145.0,1722.0,2276.0
TTMI,11.091744572967833,2707300.0,3265825.0,865.0,804.0
SLQT,11.07589922357788,731860.0,746240.0,2210.0,2373.0
VELO,11.060053874187927,2281100.0,1849090.0,1012.0,1335.0
NXGL,11.044208524797972,1092300.0,400960.0,1753.0,3053.0
TROX,11.028363175408018,2746520.0,2996655.0,852.0,874.0
CC,11.012517826018064,2714220.0,3044000.0,863.0,862.0
GWH,10.99667247662811,704040.0,773935.0,2261.0,2332.0
SGML,10.980827127238156,2260280.0,1821010.0,1020.0,1359.0
AIP,10.964981777848202,564860.0,657150.0,2527.0,2529.0
DNMXW,10.949136428458248,2520.0,2280.0,5962.0,6037.0
RTACW,10.933291079068294,2500.0,10975.0,5965.5,5595.0
LUCY,10.91744572967834,190260.0,202965.0,3636.0,3689.0
TRUG,10.901600380288386,21615960.0,5521930.0,88.0,478.0
SMMT,10.88575503089843,6893400.0,4684530.0,329.0,585.0
GYRO,10.869909681508478,2680.0,2085.0,5951.5,6051.5
STXS,10.854064332118524,759820.0,841425.0,2164.0,2246.0
DPRO,10.838218982728568,834280.0,779990.0,2064.0,2326.0
KBSX,10.822373633338616,9040.0,13690.0,5603.0,5487.0
PZZA,10.80652828394866,1361880.0,1823565.0,1491.0,1355.0
XAIR,10.790682934558706,31400.0,44040.0,4997.0,4875.0
HAIN,10.774837585168754,755080.0,727120.0,2175.0,2402.0
IPWR,10.758992235778798,432820.0,206940.0,2809.0,3670.0
WKEY,10.743146886388844,46680.0,44460.0,4732.0,4865.0
USNA,10.727301536998892,251720.0,218320.0,3350.0,3621.0
ESOA,10.711456187608936,251440.0,192220.0,3351.0,3748.0
GOSS,10.695610838218983,12485400.0,42305295.0,178.0,32.0
SOLS,10.679765488829029,1485840.0,2994600.0,1404.0,876.0
AXG,10.663920139439075,84500.0,172765.0,4351.0,3825.0
OLN,10.64807479004912,2121080.0,3263190.0,1076.0,805.0
PUMP,10.632229440659167,2023360.0,4230320.0,1119.0,647.0
GFAI,10.616384091269213,116820.0,194495.0,4090.0,3737.0
PLUR,10.600538741879259,15620.0,17785.0,5362.0,5372.0
FCHL,10.584693392489305,26800.0,241780.0,5088.0,3527.0
BRBI,10.56884804309935,1440.0,610.0,6040.0,6175.0
GILT,10.553002693709395,553500.0,602725.0,2557.0,2620.0
STRO,10.537157344319443,666040.0,330835.0,2324.0,3227.0
PROP,10.521311994929489,4975440.0,2230760.0,472.0,1163.0
ONMD,10.505466645539533,534300.0,2759990.0,2584.0,956.0
SLSN,10.489621296149581,14780.0,31055.0,5388.0,5080.0
OI,10.473775946759627,2758000.0,3359185.0,849.0,785.0
BMGL,10.457930597369671,13760.0,6975.0,5423.5,5770.0
CCB,10.442085247979719,222240.0,451110.0,3475.5,2911.0
RILY,10.426239898589763,455400.0,587200.0,2755.0,2639.0
SINT,10.41039454919981,151540.0,245760.0,3851.0,3510.0
THCH,10.394549199809857,7020.0,8360.0,5703.5,5709.0
MIST,10.378703850419901,2737820.0,1627090.0,856.0,1492.0
SID,10.362858501029947,2248880.0,4538565.0,1028.0,609.0
BNZI,10.347013151639995,179831.4,,3683.0,
RDCM,10.33116780225004,239740.0,215790.0,3405.0,3634.0
XTNT,10.315322452860086,643920.0,246995.0,2372.0,3508.0
CRUS,10.299477103470132,751440.0,807725.0,2181.0,2287.0
BENF,10.283631754080178,39440.0,19595.0,4839.0,5329.0
ETOR,10.267786404690224,2044540.0,1210150.0,1108.0,1807.0
MLGO,10.25194105530027,30240.0,32935.0,5025.5,5051.0
KG,10.236095705910316,11800.0,13865.0,5489.0,5478.5
IDN,10.22025035652036,1200460.0,434335.0,1635.0,2961.0
GRABW,10.204405007130408,38460.0,33210.0,4855.5,5045.0
TAOX,10.188559657740454,65080.0,82015.0,4518.0,4434.0
AMPX,10.172714308350498,6064480.0,6323355.0,382.0,421.0
SEATW,10.156868958960546,8500.0,2300.0,5622.5,6036.0
LTBR,10.141023609570592,556040.0,933945.0,2549.0,2106.0
HTOO,10.125178260180636,13840.0,8380.0,5420.0,5708.0
CMRC,10.109332910790684,885680.0,1156850.0,1999.0,1853.0
HUN,10.093487561400728,2118940.0,3488120.0,1078.0,759.0
ASTS,10.077642212010774,9509880.0,11980725.0,237.0,193.0
TELA,10.061796862620822,247760.0,163160.0,3364.0,3878.0
ELVR,10.045951513230866,43940.0,44815.0,4773.0,4858.0
ORN,10.030106163840912,371900.0,722635.0,2972.0,2409.0
SVRE,10.01426081445096,37700.0,40545.0,4878.5,4922.0
TLSA,9.998415465061004,1619680.0,940765.0,1322.0,2090.5
NMG,9.98257011567105,272640.0,404350.0,3275.0,3036.0
BTAI,9.966724766281096,1653280.0,765410.0,1309.0,2346.0
YOUL,9.950879416891143,1533020.0,921230.0,1375.0,2123.0
LX,9.935034067501189,1958020.0,1719895.0,1137.0,1422.0
NYAX,9.919188718111235,50440.0,22190.0,4684.0,5269.0
AURE,9.90334336872128,12580.0,16140.0,5464.0,5416.0
OYSER,9.887498019331327,1480.0,930.0,6036.0,6131.0
DFDV,9.871652669941373,736640.0,575760.0,2204.0,2657.0
PMEC,9.855807320551419,24540.0,190700.0,5145.0,3753.0
BIDU,9.839961971161463,5323360.0,2741815.0,443.0,963.0
HYPD,9.82411662177151,215680.0,216670.0,3508.0,3629.0
SPIR,9.808271272381557,618980.0,612810.0,2418.0,2596.0
BOLT,9.792425922991601,55260.0,23445.0,4628.0,5238.5
AHG,9.776580573601649,39920.0,16660.0,4830.0,5406.0
CSAN,9.760735224211693,2239440.0,1439090.0,1034.0,1615.0
GLXY,9.74488987482174,5906700.0,6607230.0,393.0,397.0
ASST,9.729044525431787,2913680.0,2700900.0,799.0,976.0
KTTA,9.713199176041831,104460.0,254260.0,4193.0,3484.0
CIEN,9.697353826651877,2993240.0,2231610.0,775.0,1160.0
WBUY,9.681508477261925,49200.0,9119065.0,4699.0,268.0
ALMU,9.66566312787197,412460.0,476605.0,2861.0,2854.0
CGTL,9.649817778482015,3600920.0,971615.0,649.0,2051.0
STEX,9.633972429092061,1289160.0,830330.0,1545.0,2263.0
QS,9.618127079702107,16408400.0,23576910.0,128.0,89.0
LDI,9.602281730312153,1639340.0,2940340.0,1315.0,889.0
SJT,9.5864363809222,191220.0,198775.0,3626.0,3707.0
FN,9.570591031532246,1361720.0,904050.0,1493.0,2146.0
ATLX,9.554745682142292,158160.0,210510.0,3812.0,3655.0
CXDO,9.538900332752338,273980.0,502605.0,3271.0,2788.0
ROL,9.523054983362384,4618340.0,6476540.0,512.0,413.0
GXAI,9.507209633972428,26352700.0,6825680.0,63.0,385.0
BLSH,9.491364284582476,2327420.0,1649860.0,996.0,1473.0
COOT,9.475518935192522,8120.0,149055.0,5637.0,3970.0
ARBE,9.459673585802566,1093940.0,1122865.0,1746.0,1888.0
WORX,9.443828236412614,668.4,784.3,6128.0,6151.0
UTI,9.42798288702266,1578900.0,1641125.0,1349.0,1483.0
MNY,9.412137537632704,14240.0,9985.0,5406.0,5633.0
TGL,9.396292188242752,820320.0,218755.0,2091.0,3616.0
ATPC,9.380446838852796,82420.0,369765.0,4366.0,3132.0
ZKIN,9.364601489462842,9580.0,13385.0,5572.0,5496.0
CVGI,9.34875614007289,396200.0,536715.0,2906.0,2731.0
CCGWW,9.332910790682934,40.0,1690.0,6234.5,6087.0
GSIT,9.31706544129298,507580.0,605405.0,2640.0,2615.0
AD,9.301220091903026,120500.0,141460.0,4060.0,3999.0
ANPA,9.285374742513072,8660.0,27275.0,5615.5,5161.0
WULF,9.269529393123118,32878920.0,32556640.0,47.0,51.0
AUUD,9.253684043733164,3781020.0,8045695.0,626.0,310.0
REBN,9.23783869434321,177720.0,155375.0,3698.0,3916.0
TCX,9.221993344953257,82320.0,125450.0,4367.0,4122.0
VGAS,9.206147995563303,23160.0,493200.0,5163.5,2810.0
AXTI,9.190302646173349,11940960.0,12844350.0,184.0,171.0
EXOZ,9.174457296783393,6060.0,6175.0,5755.5,5821.0
BE,9.15861194739344,13095240.0,17107005.0,164.0,131.0
PSNY,9.142766598003487,120180.0,136365.0,4063.0,4042.0
AREN,9.126921248613531,67100.0,137200.0,4499.0,4036.0
AMBR,9.111075899223579,16680.0,13960.0,5333.0,5473.5
TJGC,9.095230549833625,1860620.0,1129685.0,1196.0,1881.0
MIND,9.079385200443669,124080.0,89880.0,4022.0,4374.0
RLMD,9.063539851053717,1109240.0,1357090.0,1731.0,1681.0
WBTN,9.047694501663761,377620.0,383450.0,2951.0,3098.0
BLNK,9.031849152273807,903340.0,1381530.0,1979.0,1657.0
IPGP,9.016003802883855,574600.0,470635.0,2506.0,2863.0
ORGO,9.0001584534939,703660.0,947365.0,2262.0,2081.0
HUIZ,8.984313104103945,188000.0,1519290.0,3645.0,1562.0
PPCB,8.968467754713991,37880.0,150745.0,4875.0,3959.0
ASTI,8.952622405324037,262900.0,376420.0,3308.0,3110.0
NATR,8.936777055934083,259360.0,204675.0,3322.0,3677.0
STRS,8.92093170654413,28420.0,96330.0,5060.0,4332.0
GEMI,8.905086357154175,2588960.0,1448175.0,899.0,1610.0
SLNH,8.889241007764221,11431300.0,10041340.0,195.0,237.0
LPL,8.873395658374267,2978160.0,3228410.0,779.0,816.0
STLA,8.857550308984314,15894700.0,21694990.0,131.0,100.0
AQMS,8.841704959594358,25120.0,30650.0,5126.5,5090.0
AMPG,8.825859610204406,5231080.0,2728310.0,451.0,966.0
PRSO,8.810014260814452,393580.0,332205.0,2915.0,3222.0
LCFY,8.794168911424496,8620.0,13055.0,5618.0,5511.0
SPRU,8.778323562034544,159100.0,64535.0,3801.0,4605.0
RMCF,8.76247821264459,42302380.0,10600100.0,27.0,225.0
BDMD,8.746632863254634,52500.0,50635.0,4659.0,4771.0
LMFA,8.730787513864682,259346.4,,3323.0,
KULR,8.714942164474726,1730980.0,1146205.0,1256.0,1863.0
XPON,8.699096815084772,2803780.0,725385.0,836.0,2405.0
WKSP,8.68325146569482,165860.0,285405.0,3769.0,3364.0
ZJK,8.667406116304864,15020.0,12450.0,5381.5,5535.0
PLCE,8.65156076691491,283600.0,186400.0,3234.0,3772.0
VNET,8.635715417524956,6610640.0,4748905.0,347.0,577.0
UUU,8.619870068135002,35560.0,19565.0,4911.0,5332.0
MARA,8.604024718745048,41743860.0,42858865.0,28.0,31.0
FBGL,8.588179369355094,171820.0,206380.0,3728.5,3672.0
RDAC,8.57233401996514,1180.0,10170.0,6067.0,5624.0
RMBS,8.556488670575186,2035840.0,2526655.0,1111.0,1043.0
BKYI,8.540643321185232,60620.0,217730.0,4576.0,3624.0
TPET,8.524797971795278,1238580.0,1792195.0,1603.0,1369.0
IPW,8.508952622405324,485020.0,4265730.0,2683.0,644.0
QCLS,8.49310727301537,105200.0,153290.0,4184.0,3937.0
NVX,8.477261923625417,173100.0,176705.0,3719.0,3815.0
PMCB,8.46141657423546,113160.0,136700.0,4121.0,4039.0
ACDC,8.445571224845509,1585620.0,1933770.0,1339.0,1284.0
SSM,8.429725875455555,44320.0,125730.0,4762.5,4120.0
BMRA,8.413880526065599,5640.0,6415.0,5770.0,5803.5
ISPC,8.398035176675647,65980.0,64365.0,4507.5,4607.0
VUZI,8.382189827285693,2052100.0,1114740.0,1103.0,1898.0
GOGO,8.366344477895737,1596920.0,1754700.0,1330.0,1396.0
LIDR,8.350499128505785,558340.0,985290.0,2545.0,2037.0
LASR,8.334653779115829,1211300.0,1384205.0,1626.0,1655.0
CELC,8.318808429725875,996460.0,1023990.0,1843.0,1985.0
WDH,8.302963080335921,192620.0,197945.0,3619.0,3712.0
AIRE,8.287117730945967,72100.0,65015.0,4451.0,4595.0
PODC,8.271272381556013,109460.0,77465.0,4148.0,4471.0
SACH,8.25542703216606,96980.0,112070.0,4241.0,4216.0
NXTC,8.239581682776105,296540.0,433155.0,3188.0,2963.0
VPG,8.223736333386151,655100.0,683930.0,2346.5,2481.0
BIVI,8.207890983996197,27874160.0,7866550.0,58.0,325.0
CLFD,8.192045634606243,135560.0,240915.0,3961.0,3532.0
ELA,8.17620028521629,128860.0,145190.0,3996.0,3987.0
AESI,8.160354935826335,2725060.0,3932660.0,859.0,699.0
PRFX,8.144509586436381,1246380.0,448780.0,1591.0,2917.0
LUMN,8.128664237046426,12461180.0,14050750.0,179.0,157.0
GCDT,8.112818887656474,2020600.0,668305.0,1121.0,2505.0
CMCM,8.09697353826652,3820.0,5425.0,5876.0,5847.0
XWEL,8.081128188876564,19000.0,27355.0,5256.0,5159.0
BKSY,8.065282839486612,978920.0,1041215.0,1871.0,1961.0
SNT,8.049437490096658,7920.0,12740.0,5647.0,5518.5
SG,8.033592140706702,5576000.0,6593500.0,417.0,400.0
ESLA,8.01774679131675,32120.0,27735.0,4985.0,5148.5
LBRT,8.001901441926794,2766640.0,5865230.0,845.0,455.0
PLTK,7.98605609253684,2272420.0,1676280.0,1016.0,1451.0
MKZR,7.970210743146887,10920.0,155655.0,5517.0,3912.0
DWSN,7.954365393756932,278500.0,168265.0,3247.0,3844.0
LGO,7.938520044366978,574820.0,498495.0,2505.0,2796.0
LAR,7.922674694977025,2186720.0,2010355.0,1049.0,1259.0
YI,7.90682934558707,1300.0,2910.0,6058.0,5986.5
RDHL,7.890983996197116,25240.0,38610.0,5122.5,4953.0
FOXX,7.875138646807161,7920.0,6495.0,5647.0,5795.5
SYPR,7.859293297417208,29760.0,30075.0,5036.0,5104.0
DKI,7.843447948027254,53660.0,631575.0,4648.0,2567.0
JL,7.8276025986372995,19040.0,14045.0,5255.0,5470.0
RUN,7.811757249247346,7879220.0,9862425.0,288.0,244.0
PN,7.7959118998573915,225480.0,2149675.0,3466.0,1196.0
BRLS,7.780066550467438,4080.0,22640.0,5858.0,5258.0
YXT,7.7642212010774845,1518600.0,3700865.0,1386.0,726.0
COE,7.74837585168753,22360.0,21720.0,5181.0,5278.0
SHPH,7.732530502297576,49400.0,317190.0,4698.0,3267.0
EVO,7.716685152907623,33660.0,67330.0,4949.0,4565.0
STEM,7.700839803517667,211640.0,141000.0,3527.0,4006.0
AIFF,7.684994454127714,95900.0,142050.0,4249.0,3998.0
CAPS,7.669149104737759,2898160.0,838360.0,806.0,2250.0
GNS,7.653303755347805,2497240.0,2428370.0,941.0,1068.0
FUFU,7.637458405957852,366920.0,181220.0,2984.0,3796.0
OKLO,7.621613056567897,7990700.0,9685205.0,282.0,249.0
GTBP,7.605767707177943,590880.0,474190.0,2475.0,2859.0
SIGA,7.58992235778799,585620.0,841810.0,2483.0,2244.0
GLSI,7.574077008398035,117780.0,122965.0,4080.0,4138.0
LAB,7.558231659008081,1356860.0,1687780.0,1496.0,1446.0
LENZ,7.542386309618126,1121700.0,851715.0,1716.0,2224.0
UAMY,7.526540960228173,10800520.0,6552460.0,210.0,403.0
TGEN,7.510695610838219,261700.0,231190.0,3312.0,3560.0
XXI,7.494850261448264,975980.0,1535330.0,1875.0,1553.0
METCB,7.479004912058311,85680.0,73270.0,4340.0,4506.0
TDUP,7.463159562668357,2898380.0,3391515.0,805.0,781.0
APP,7.4473142132784025,6646480.0,7520430.0,343.0,339.0
BTCS,7.431468863888449,764920.0,639505.0,2157.0,2552.0
NOMA,7.4156235144984946,355140.0,93940.0,3025.0,4347.0
RKLB,7.399778165108541,16317400.0,19096670.0,129.0,120.0
BZFD,7.3839328157185875,550620.0,698255.0,2562.0,2454.0
TTD,7.368087466328632,23727180.0,31175350.0,76.0,56.0
ARKO,7.352242116938679,1537800.0,1120595.0,1371.0,1890.0
AMSC,7.336396767548724,551780.0,812200.0,2561.0,2279.0
YRD,7.32055141815877,52240.0,56170.0,4663.0,4705.0
INOD,7.304706068768817,1423820.0,1543090.0,1443.0,1548.0
AAME,7.288860719378862,24960.0,14520.0,5133.0,5454.0
BIOA,7.273015369988908,549240.0,1401295.0,2566.0,1633.0
CRCL,7.257170020598955,9347400.0,10911635.0,243.0,217.0
PLAB,7.241324671209,702760.0,822140.0,2267.0,2269.0
DEFT,7.225479321819046,2861480.0,1850270.0,816.0,1333.0
SGLY,7.209633972429091,3163980.0,1021612.5,738.0,1990.0
ARI,7.193788623039138,4826860.0,3613975.0,488.0,736.0
BRRWW,7.177943273649184,7580.0,8065.0,5671.5,5724.0
AIV,7.162097924259229,823900.0,816035.0,2088.0,2274.0
UPLD,7.146252574869276,60920.0,31135.0,4571.5,5077.0
AAON,7.130407225479322,1280660.0,1268635.0,1553.0,1751.0
BTMD,7.114561876089367,180680.0,210980.0,3680.0,3653.0
NTRP,7.098716526699414,59980.0,56365.0,4585.5,4702.0
ARDX,7.0828711773094595,4199300.0,4673225.0,565.0,588.0
IHRT,7.0670258279195055,953360.0,751845.0,1901.0,2362.0
LANV,7.051180478529552,46240.0,61375.0,4739.0,4636.0
WNW,7.035335129139597,47720.0,122010.0,4716.5,4148.0
GAIA,7.019489779749644,273120.0,154950.0,3274.0,3923.0
IPX,7.0036444303596905,164540.0,243885.0,3774.0,3519.0
ONCO,6.987799080969735,275960.0,269460.0,3260.0,3417.0
CYPH,6.971953731579782,1947720.0,1430415.0,1145.0,1619.0
GFS,6.956108382189827,3796040.0,4529990.0,625.0,611.0
ZEPP,6.940263032799873,52480.0,41450.0,4660.0,4911.0
SLI,6.92441768340992,1369820.0,1622950.0,1481.0,1494.0
SUPX,6.908572334019965,114880.0,181175.0,4110.0,3797.0
NHTC,6.892726984630011,47080.0,49800.0,4726.0,4783.0
FLY,6.876881635240056,3587360.0,3254465.0,652.0,810.0
MDAI,6.861036285850103,229960.0,191465.0,3452.0,3750.0
ENVB,6.845190936460149,178500.0,145205.0,3689.0,3986.0
OLB,6.829345587070194,653620.0,318505.0,2350.0,3261.0
PCT,6.813500237680241,4070640.0,4283760.0,583.0,641.0
ICMB,6.797654888290287,30440.0,34805.0,5019.0,5015.0
MGN,6.781809538900332,1141980.0,59266440.0,1693.0,17.0
STKE,6.765964189510379,99740.0,127515.0,4230.0,4105.0
EVMN,6.750118840120424,411600.0,501010.0,2867.0,2794.0
LMB,6.73427349073047,421540.0,403890.0,2830.0,3039.0
YCBD,6.718428141340517,213180.0,201915.0,3518.5,3696.0
BTDR,6.702582791950562,15632500.0,14064780.0,134.0,156.0
ENPH,6.6867374425606085,3234840.0,4671115.0,721.0,589.0
ZEO,6.6708920931706555,103180.0,2197965.0,4205.0,1180.0
CFND,6.6550467437807,134740.0,49685.0,3964.0,4784.0
TVGN,6.639201394390747,8220.0,12515.0,5632.5,5530.0
RR,6.623356045000792,5433620.0,5362350.0,433.0,495.0
CLNN,6.607510695610838,85940.0,84860.0,4338.0,4413.0
EH,6.591665346220885,436880.0,536910.0,2794.5,2730.0
KMRK,6.57581999683093,53320.0,79645.0,4649.0,4455.0
QUIK,6.559974647440976,411280.0,290870.0,2870.0,3342.0
VLN,6.544129298051023,1687460.0,973400.0,1286.0,2049.0
GPRO,6.528283948661068,8896120.0,5841325.0,256.0,457.0
BAER,6.512438599271114,1276580.0,1538820.0,1557.0,1552.0
HYPR,6.496593249881159,664380.0,580110.0,2327.0,2651.0
FRSX,6.480747900491206,36060.0,52900.0,4907.0,4746.0
SATL,6.464902551101252,5307940.0,5883975.0,445.0,453.0
EZGO,6.449057201711297,107900.0,139450.0,4164.5,4018.0
APLD,6.433211852321344,16901700.0,19380220.0,124.0,115.0
LAC,6.41736650293139,11089560.0,9202980.0,204.0,263.0
CDXS,6.401521153541435,1271260.0,1691675.0,1562.0,1445.0
LINC,6.385675804151482,1281280.0,1023530.0,1552.0,1987.0
MX,6.3698304547615265,487320.0,879245.0,2677.0,2180.0
TPST,6.3539851053715735,450620.0,311280.0,2765.0,3289.0
LNKS,6.33813975598162,849580.0,361720.0,2043.0,3148.0
SIDU,6.322294406591665,6290180.0,6092010.0,366.0,434.0
AZTR,6.306449057201712,1012340.0,1394470.0,1824.0,1643.0
FMFC,6.290603707811757,454040.0,11580435.0,2758.0,202.0
CABO,6.274758358421803,234520.0,204470.0,3425.0,3678.0
SLND,6.25891300903185,492680.0,629405.0,2667.0,2573.0
FULC,6.243067659641896,2886080.0,1756410.0,809.0,1395.0
NAMSW,6.227222310251941,7400.0,2580.0,5683.5,6008.0
ARRY,6.211376960861987,5614260.0,7365980.0,413.0,349.0
ATS,6.195531611472033,187760.0,258850.0,3647.0,3462.5
BBLGW,6.179686262082079,340.0,200.0,6170.0,6225.0
VATE,6.163840912692125,311420.0,1000535.0,3139.0,2020.0
FLNC,6.147995563302171,5530940.0,8176125.0,423.0,306.0
BDTX,6.132150213912216,465920.0,613340.0,2733.0,2595.0
BIRD,6.116304864522263,316480.0,332665.0,3125.0,3221.0
ATOM,6.100459515132309,474960.0,589895.0,2702.0,2635.0
PPBT,6.084614165742354,28300.0,77820.0,5062.0,4468.0
LUCYW,6.0687688163524,2020.0,4420.0,5999.0,5918.0
OPTT,6.052923466962447,3644360.0,6019070.0,641.0,439.0
APVO,6.037078117572492,72860.0,28685.0,4438.0,5127.0
FUSE,6.021232768182538,152980.0,4317340.0,3845.0,635.0
MOBX,6.005387418792584,1834060.0,1973415.0,1207.0,1269.0
BGI,5.9895420694026305,1362420.0,516690.0,1488.0,2761.0
POET,5.9736967200126765,13509860.0,13005170.0,157.0,169.0
DFLI,5.9578513706227225,244600.0,400495.0,3380.0,3056.0
RADX,5.942006021232768,51700.0,147560.0,4670.5,3975.0
PLUG,5.926160671842815,66658560.0,61778480.0,12.0,13.0
DCOY,5.910315322452861,23000.0,85225.0,5166.0,4412.0
HUMA,5.894469973062906,20000720.0,7507510.0,103.0,341.0
BNR,5.878624623672952,6880.0,6225.0,5709.5,5813.0
RDGT,5.862779274282998,275940.0,4082990.0,3261.0,677.0
MRAM,5.846933924893044,1553520.0,1373830.0,1360.0,1663.0
DFDVW,5.83108857550309,11380.0,10515.0,5504.0,5615.0
REFR,5.815243226113136,48220.0,81900.0,4708.0,4436.0
BCARU,5.799397876723181,4100.0,20980.0,5855.0,5301.0
PPSI,5.783552527333228,228420.0,105625.0,3460.0,4258.0
CDLX,5.767707177943274,49060.0,45455.0,4701.0,4849.0
GORO,5.751861828553319,1183080.0,1462290.0,1654.0,1601.0
GGR,5.736016479163365,20920.0,15445.0,5213.0,5436.0
GLOO,5.720171129773412,131500.0,140610.0,3982.0,4009.0
LUNR,5.704325780383457,16533340.0,10883610.0,125.0,218.0
GPUS,5.688480430993503,33580380.0,26928580.0,43.0,71.0
BKKT,5.672635081603549,1377140.0,1012815.0,1477.0,2000.0
SITC,5.656789732213595,841392.8,903354.4,2054.0,2147.0
GSIW,5.640944382823641,23940.0,15225.0,5153.0,5440.0
MNTS,5.6250990334336874,1558240.0,1290505.0,1357.0,1730.0
UPXI,5.609253684043733,1384940.0,936195.0,1474.0,2100.0
BODI,5.5934083346537795,91420.0,61445.0,4291.0,4634.0
MSTR,5.5775629852638255,17529240.0,15901505.0,121.0,136.0
KAPA,5.561717635873871,280340.0,2255480.0,3242.0,1144.0
LVO,5.545872286483917,104880.0,65545.0,4188.0,4585.0
GCTS,5.530026937093964,2515540.0,2505615.0,934.0,1051.0
SRFM,5.514181587704009,2857560.0,2082565.0,818.0,1225.0
NYXH,5.498336238314055,97360.0,122955.0,4238.5,4139.0
EBS,5.482490888924101,1139320.0,1259545.0,1695.0,1761.0
BGIN,5.466645539534147,394540.0,106170.0,2911.0,4255.0
TAOP,5.450800190144193,140420.0,447475.0,3936.5,2924.0
ARMP,5.434954840754239,98640.0,101395.0,4235.0,4292.0
BRFH,5.419109491364284,70680.0,25795.0,4466.0,5181.0
AHCO,5.40326414197433,2978340.0,4095020.0,778.0,674.0
BHST,5.387418792584377,65200.0,91160.0,4516.0,4365.0
LOCL,5.371573443194422,18000.0,22990.0,5287.0,5245.0
CRML,5.355728093804468,4890880.0,5935920.0,479.0,445.0
MVST,5.339882744414514,6903720.0,6487310.0,327.0,410.0
CCOI,5.32403739502456,1805400.0,1645155.0,1218.0,1479.0
FBYD,5.308192045634606,64620.0,98875.0,4529.0,4313.0
GAUZ,5.292346696244652,506260.0,12272145.0,2642.0,187.0
EMPD,5.2765013468546975,802180.0,461475.0,2109.0,2884.0
PL,5.260655997464744,4701180.0,6073760.0,500.0,435.0
ARTL,5.2448106480747905,1568360.0,503105.0,1351.0,2787.0
SILO,5.228965298684836,438520.0,136960.0,2785.0,4038.0
ADTN,5.213119949294882,2235680.0,2828815.0,1036.0,936.0
MNST,5.197274599904929,10493760.0,7014660.0,215.0,368.0
IZM,5.181429250514974,5606240.0,1534370.0,415.0,1554.0
BTTC,5.16558390112502,5149400.0,1301650.0,459.0,1717.0
NVTS,5.149738551735066,14520300.0,15407590.0,148.0,142.0
MCRB,5.133893202345112,55640.0,61525.0,4626.0,4633.0
DXYZ,5.118047852955158,2042660.0,1303705.0,1109.0,1716.0
JFIN,5.102202503565204,25420.0,42240.0,5118.0,4896.0
WALDW,5.086357154175249,26220.0,10790.0,5100.5,5602.0
TE,5.070511804785296,27060360.0,40681395.0,61.0,36.0
AMOD,5.054666455395342,9300.0,17015.0,5586.0,5394.0
CHGG,5.038821106005387,996920.0,1269700.0,1838.0,1749.0
TTEC,5.022975756615433,758720.0,568975.0,2167.0,2667.0
RNAZ,5.00713040722548,37280.0,22825.0,4894.0,5249.0
MIMI,4.991285057835525,84900.0,117530.0,4346.0,4175.0
DUO,4.975439708445571,51700.0,104410.0,4670.5,4271.0
LIMN,4.959594359055617,115873220.0,32351885.0,2.0,53.0
SNAL,4.943749009665663,311160.0,192815.0,3140.0,3745.0
CAN,4.927903660275709,7146380.0,11574815.0,317.0,203.0
LFT,4.912058310885755,300900.0,268870.0,3175.0,3422.0
EDSA,4.8962129614958005,55160.0,59330.0,4631.0,4659.0
SURG,4.880367612105847,64598760.0,32498685.0,14.0,52.0
BBLG,4.8645222627158935,3287600.0,850745.0,704.0,2229.0
TNMG,4.848676913325939,214780.0,15134295.0,3512.0,145.0
BETR,4.832831563935985,872460.0,753845.0,2019.0,2356.0
BEAT,4.816986214546031,653160.0,479720.0,2354.0,2847.0
THRY,4.801140865156077,1092880.0,1007465.0,1751.0,2014.0
ATOS,4.785295515766123,92200.0,57485.0,4286.0,4681.0
SBEV,4.769450166376169,10394600.0,6512940.0,219.0,406.0
MTVA,4.753604816986214,111060.0,79860.0,4137.0,4452.0
DMRC,4.737759467596261,173400.0,122355.0,3717.0,4146.0
TEAD,4.721914118206307,150080.0,155550.0,3858.5,3913.0
SERV,4.706068768816352,5658180.0,4779625.0,411.0,570.0
TROO,4.690223419426398,349400.0,262970.0,3039.0,3441.0
AIRS,4.674378070036445,1232300.0,864365.0,1610.0,2202.0
STFS,4.65853272064649,1215760.0,1635220.0,1621.0,1485.0
WCT,4.642687371256536,6819280.0,1774245.0,337.0,1379.0
INVZ,4.626842021866582,3849220.0,5109300.0,616.0,526.0
KDK,4.610996672476628,1171220.0,978545.0,1663.0,2044.0
LWLG,4.595151323086674,3189020.0,3233605.0,731.5,815.0
KITT,4.57930597369672,372980.0,299300.0,2969.0,3313.0
VVOS,4.5634606243067655,887120.0,2918330.0,1997.0,900.0
KSCP,4.547615274916812,1146640.0,2398720.0,1688.0,1087.0
ELAB,4.531769925526858,277580.0,409070.0,3253.0,3027.0
VENU,4.515924576136904,509700.0,429960.0,2637.0,2975.0
BYSI,4.50007922674695,8050960.0,2045290.0,280.0,1243.0
BCAR,4.484233877356996,129240.0,339335.0,3993.0,3202.0
ENVX,4.468388527967042,17543260.0,8722420.0,120.0,283.0
BJDX,4.452543178577088,281660.0,6192640.0,3240.0,429.0
CRDF,4.436697829187134,710680.0,859425.0,2255.0,2211.0
PLAG,4.420852479797179,7011460.0,16185710.0,323.0,135.0
KLXE,4.405007130407226,726480.0,555760.0,2217.0,2693.0
ASNS,4.389161781017272,167820.0,347790.0,3759.0,3179.0
NRSN,4.373316431627317,246480.0,403365.0,3371.0,3041.0
TVRD,4.357471082237363,179620.0,429670.0,3684.0,2976.0
WATT,4.34162573284741,324520.0,204020.0,3102.0,3682.5
HTCO,4.325780383457455,55140.0,94160.0,4632.0,4344.0
FGMC,4.309935034067501,190860.0,376005.0,3630.0,3112.0
NFE,4.294089684677547,1817880.0,1758795.0,1211.0,1391.0
SCAG,4.278244335287593,237560.0,194645.0,3416.0,3735.0
CWD,4.262398985897639,420400.0,313500.0,2835.5,3280.0
DFSC,4.246553636507685,30398920.0,7645020.0,53.0,330.0
MERC,4.23070828711773,390520.0,431575.0,2926.5,2968.0
NTZ,4.214862937727777,1640.0,3170.0,6020.0,5976.0
KDKRW,4.199017588337823,2660.0,9945.0,5953.0,5635.0
NMTC,4.1831722389478685,100800.0,67805.0,4219.5,4560.0
NEON,4.1673268895579145,122300.0,112755.0,4040.0,4212.0
UCL,4.151481540167961,19736440.0,4953380.0,104.0,550.0
MRNO,4.135636190778007,287160.0,227505.0,3219.0,3578.0
SUIG,4.119790841388053,203360.0,272885.0,3559.0,3410.0
YDDL,4.103945491998099,7160.0,11475.0,5700.0,5571.0
XCUR,4.088100142608145,34900.0,47945.0,4922.0,4809.5
FLYX,4.072254793218191,453460.0,458030.0,2762.0,2894.0
INUV,4.056409443828237,371200.0,330810.0,2976.0,3228.0
SQFT,4.040564094438282,9240.0,6415.0,5589.0,5803.5
SCNI,4.024718745048329,104960.0,403010.0,4187.0,3042.0
SEDG,4.008873395658375,2637860.0,3793105.0,885.0,713.0
MCRP,3.99302804626842,415660.0,247195.0,2849.0,3507.0
ANTA,3.977182696878466,2000.0,3690.0,6002.0,5956.0
RIME,3.9613373474885125,1299160.0,458945.0,1539.0,2891.0
BNKK,3.945491998098558,183360.0,90970.0,3664.0,4367.0
CELZ,3.929646648708604,670300.0,19619465.0,2320.0,114.0
UWMC,3.9138012993186497,19509400.0,24721825.0,106.0,81.0
LOOP,3.8979559499286958,44900.0,60220.0,4755.0,4649.0
OPENL,3.8821106005387422,309120.0,279445.0,3148.0,3384.0
DXF,3.866265251148788,420320.0,3272290.0,2837.0,802.0
SKYE,3.8504199017588334,3594980.0,1012675.0,650.0,2001.0
UXIN,3.8345745523688795,95200.0,322375.0,4258.0,3254.0
DGXX,3.818729202978926,5029320.0,3631605.0,469.0,733.0
NGEN,3.8028838535889715,476640.0,391500.0,2697.0,3082.0
NNOX,3.7870385041990176,1844400.0,1147935.0,1203.0,1862.0
CMTL,3.771193154809063,384160.0,356195.0,2939.5,3162.0
FEED,3.7553478054191096,5802240.0,1627000.0,398.0,1493.0
BRCC,3.7395024560291557,1138780.0,1173765.0,1696.0,1838.0
SES,3.7236571066392012,12571540.0,19127885.0,175.0,119.0
PMI,3.7078117572492473,43100.0,70409.7,4780.0,4533.0
FTCI,3.6919664078592938,166980.0,231515.0,3764.0,3558.0
OPENZ,3.6761210584693393,268660.0,292830.0,3286.0,3333.0
SPRO,3.660275709079385,717500.0,1652985.0,2240.0,1467.0
BLDP,3.644430359689431,3144280.0,5622220.0,739.0,473.0
CVRX,3.6285850102994774,1233880.0,1437355.0,1608.0,1616.0
WOLF,3.612739660909523,3607280.0,4522245.0,647.0,615.0
HCTI,3.596894311519569,9579240.0,2607650.0,235.0,1010.0
PSQH,3.5810489621296147,1676220.0,550895.0,1294.0,2699.0
PMNT,3.565203612739661,58920.0,49290.0,4596.0,4788.0
ATGL,3.549358263349707,13960.0,48880.0,5416.0,4796.5
CCIXW,3.5335129139597528,347466.6,,3043.0,
EOSE,3.5176675645697983,19315840.0,26810115.0,108.0,74.0
HPAI,3.5018222151798453,982700.0,302705.0,1866.0,3307.0
UCAR,3.485976865789891,166840.0,453435.0,3765.0,2905.0
NWGL,3.4701315163999364,516480.0,3155115.0,2615.0,834.0
IMCC,3.4542861670099825,9083780.0,6510400.0,251.0,407.0
MTC,3.438440817620028,7920.0,27570.0,5647.0,5152.0
BW,3.4225954682300745,6975740.0,5049400.0,325.0,538.0
RKDA,3.4067501188401206,796560.0,218810.0,2120.0,3615.0
BTOG,3.390904769450166,38160.0,441735.0,4867.0,2938.0
TRNR,3.375059420060212,56360.0,28020.0,4619.0,5142.0
SNTI,3.3592140706702587,287840.0,196965.0,3214.0,3718.0
VERI,3.3433687212803043,7189560.0,3578305.0,315.0,745.0
AMST,3.32752337189035,51720.0,66965.0,4669.0,4567.0
ACTU,3.311678022500396,175060.0,186175.0,3710.0,3773.0
SNYR,3.2958326731104424,42422280.0,10760205.0,26.0,221.0
KNRX,3.279987323720488,14540.0,25290.0,5399.0,5194.0
BDRX,3.264141974330534,23840.0,266590.0,5154.0,3431.0
DDC,3.2482966249405796,479500.0,336860.0,2693.0,3208.0
EYPT,3.232451275550626,14886020.0,5061610.0,145.0,536.0
QNTM,3.216605926160672,437160.0,283600.0,2792.0,3369.0
CXAI,3.2007605767707177,473064.4,186138.35,2710.0,3774.0
OCS,3.1849152273807633,198200.0,292130.0,3590.0,3335.0
MPLT,3.16906987799081,518980.0,1480880.0,2609.0,1588.0
HCAI,3.153224528600856,41280.0,46560.0,4809.5,4826.0
CDTG,3.1373791792109014,9174580.0,2568300.0,249.0,1025.0
ALPS,3.121533829820948,93780.0,51355.0,4272.0,4763.0
HUHU,3.1056884804309934,69280.0,34850.0,4479.0,5013.5
AVX,3.0898431310410395,17800.0,17265.0,5296.0,5387.0
ACH,3.0739977816510855,2883600.0,1735250.0,810.0,1410.0
DCX,3.0581524322611315,32720.0,1007685.0,4976.0,2012.0
MOVE,3.042307082871177,108780.0,453090.0,4154.0,2906.0
BTCT,3.0264617334812236,194580.0,240810.0,3609.0,3534.0
CLDI,3.010616384091269,176220.0,487009.7,3704.0,2829.0
FRGT,2.9947710347013152,3105520.0,832495.0,749.0,2261.0
BAK,2.9789256853113613,2555020.0,1800900.0,910.0,1367.0
HTZ,2.9630803359214073,55653420.0,54440120.0,17.0,18.0
ABTC,2.947234986531453,1120760.0,1281955.0,1717.0,1736.0
MI,2.931389637141499,14560.0,39225.0,5398.0,4942.0
XELB,2.915544287751545,30960.0,43200.0,5006.0,4886.0
LRHC,2.8996989383615905,274760.0,1716540.0,3267.0,1425.0
BIYA,2.883853588971637,136680.0,7215345.0,3957.0,357.0
TOYO,2.8680082395816826,746060.0,712250.0,2189.0,2426.0
POM,2.8521628901917286,34000.0,134865.0,4946.0,4055.0
SMTK,2.8363175408017747,9050580.0,4143095.0,252.0,660.0
CD,2.8204721914118207,404540.0,225820.0,2887.0,3589.0
ATER,2.8046268420218663,182440.0,481220.0,3672.0,2841.0
SOBR,2.7887814926319128,229120.0,593850.0,3455.0,2630.0
SHFS,2.7729361432419584,199380.0,329485.0,3580.0,3233.0
VTGN,2.7570907938520044,1060720.0,7349355.0,1781.0,350.0
EMAT,2.7412454444620504,1490040.0,519005.0,1401.0,2754.0
FTRK,2.7254000950720965,1936889.4,10065823.4,1153.0,236.0
BZAI,2.709554745682142,22163960.0,7909665.0,84.0,322.0
BNBX,2.6937093962921885,73700.0,53500.0,4427.0,4733.0
ICCM,2.677864046902234,100340.0,82170.0,4225.0,4432.0
LSTA,2.66201869751228,30120.0,98525.0,5029.0,4314.0
ARAI,2.646173348122326,655860.0,649525.0,2344.0,2542.0
MPU,2.630327998732372,72740.0,163625.0,4440.5,3871.0
VRAX,2.614482649342418,34340.0,87320.0,4936.0,4389.0
FLD,2.5986372999524643,111620.0,134450.0,4131.0,4059.0
INSG,2.58279195056251,458440.0,460810.0,2747.5,2886.0
WETO,2.566946601172556,21377880.0,6296000.65,92.0,424.0
CVKD,2.551101251782602,44800.0,40635.0,4756.0,4920.0
PMAX,2.535255902392648,55220.0,68830.0,4630.0,4549.0
TWG,2.5194105530026936,46300.0,34260.0,4735.5,5028.0
RAIN,2.50356520361274,252800.0,1592735.0,3347.0,1512.0
JLHL,2.4877198542227856,317260.0,1936780.0,3124.0,1283.0
KALA,2.4718745048328317,70560.0,84485.0,4467.0,4417.0
OPENW,2.4560291554428777,242800.0,330375.0,3395.5,3230.0
HRTX,2.4401838060529233,3118620.0,2834495.0,744.0,933.0
CNEY,2.4243384566629693,61780.0,180220.0,4551.0,3800.0
CCHH,2.4084931072730154,116240.0,412060.0,4098.0,3021.0
ERNA,2.3926477578830614,30740.0,44780.0,5011.0,4859.0
NXXT,2.376802408493107,5609940.0,3251180.0,414.0,811.0
XXII,2.3609570591031535,14060.0,10520.0,5412.0,5613.5
XCH,2.345111709713199,1317520.0,1272135.0,1522.0,1747.0
RCT,2.329266360323245,1101120.0,709340.0,1740.0,2430.0
KUST,2.313421010933291,1528380.0,7008565.0,1380.0,369.0
INTJ,2.297575661543337,3880.0,11485.0,5871.5,5570.0
AUID,2.2817303121533827,422720.0,261585.0,2829.0,3448.0
NAUT,2.265884962763429,542000.0,891700.0,2575.0,2161.0
VRRM,2.250039613373475,3037280.0,5800615.0,765.0,460.0
NOTE,2.234194263983521,468500.0,335520.0,2723.0,3210.0
TRAW,2.218348914593567,93860.0,108440.0,4271.0,4239.0
SSTK,2.202503565203613,903520.0,1390850.0,1978.0,1646.0
KWM,2.1866582158136585,75240.0,560229.55,4413.0,2682.0
BYAH,2.170812866423705,98280.0,966754.55,4236.0,2060.0
FEMY,2.1549675170337506,273280.0,182310.0,3273.0,3788.0
MNDR,2.1391221676437966,722740.0,370825.0,2231.0,3126.0
IPDN,2.1232768182538426,2305500.0,659210.0,1002.0,2525.0
WLFC,2.1074314688638887,346720.0,260005.0,3046.0,3455.0
MSS,2.0915861194739342,1472240.0,2913075.0,1413.0,904.0
DARE,2.0757407700839803,3523060.0,978515.0,660.0,2045.0
NCRA,2.0598954206940263,152200.0,7401245.0,3848.0,346.0
EGG,2.0440500713040723,26500.0,1372420.0,5091.5,1667.0
ELTX,2.0282047219141184,215600.0,272870.0,3509.0,3411.0
CANG,2.0123593725241644,202320.0,137065.0,3564.0,4037.0
RMSG,1.99651402313421,146320.0,795055.0,3887.0,2303.0
VCIG,1.9806686737442563,950480.0,1369840.0,1907.0,1670.0
MTNB,1.964823324354302,1050180.0,15085700.0,1789.0,148.0
AIFU,1.9489779749643479,41380.0,16495.0,4807.0,5411.0
ADCT,1.933132625574394,2255480.0,1158470.0,1024.0,1851.0
SNWV,1.9172872761844397,90800.0,137430.0,4295.5,4033.0
NAMI,1.9014419267944858,244520.0,3131165.0,3381.0,840.0
TYGO,1.8855965774045316,1023540.0,1821685.0,1815.0,1357.0
AEON,1.8697512280145778,324700.0,686735.0,3101.0,2478.0
EVTL,1.8539058786246236,8446820.0,9122535.0,273.0,267.0
CETX,1.8380605292346697,37580.0,63230.0,4885.0,4622.0
AFJK,1.8222151798447155,3220.0,28270.0,5912.0,5136.5
FNGR,1.8063698304547615,1789500.0,4093565.0,1225.0,676.0
BIAF,1.7905244810648073,34249400.0,8789030.0,40.0,281.0
RNWWW,1.7746791316748536,1292520.0,357745.0,1544.0,3159.0
APUS,1.7588337822848992,407820.0,141153.0,2876.5,4003.0
RSVRW,1.7429884328949454,16520.0,,5336.0,
LIQT,1.7271430835049912,144100.0,128085.0,3903.0,4098.0
JAGX,1.7112977341150373,370840.0,175185.0,2978.0,3819.0
BNRG,1.695452384725083,948409.6,705873.0,1911.0,2437.0
VTAK,1.6796070353351293,2063580.0,6816795.0,1096.0,386.0
NCPL,1.663761685945175,4009360.0,1071130.0,590.0,1930.0
NNNN,1.6479163365552212,305040.0,110550.0,3160.0,4225.0
SOC,1.632070987165267,10666300.0,8138565.0,211.0,307.0
SDST,1.616225637775313,216140.0,1698125.0,3504.0,1436.0
HUBC,1.6003802883853588,286680.0,423680.0,3223.0,2993.0
GETY,1.584534938995405,3449940.0,4819840.0,668.0,567.0
VWAV,1.5686895896054507,6473380.0,2226715.0,360.0,1166.0
TOPP,1.5528442402154967,765240.0,1191990.0,2156.0,1823.0
ZBAO,1.5369988908255428,13380440.0,61601140.0,159.0,14.0
MBRX,1.5211535414355886,1135780.0,2349790.0,1700.0,1116.0
VEEA,1.5053081920456346,637140.0,1616145.0,2386.0,1499.0
CRMT,1.4894628426556806,187580.0,211825.0,3648.0,3647.0
CHAI,1.4736174932657264,522880.0,12103990.0,2603.0,190.0
KPTI,1.4577721438757725,1396560.0,2756750.0,1464.0,958.0
CAPR,1.4419267944858185,22714720.0,11433395.0,81.0,207.0
GOVX,1.4260814450958643,267140.0,192880.0,3295.0,3743.0
ORIS,1.4102360957059104,1309.8,2451.6,6055.0,6022.0
GVH,1.3943907463159564,170600.0,1039265.0,3736.0,1963.0
JEM,1.3785453969260022,38880.0,2278070.0,4849.0,1137.0
ALAR,1.3627000475360482,121880.0,135450.0,4044.0,4049.0
SRXH,1.3468546981460943,1265060.0,1317080.0,1568.0,1709.0
TC,1.33100934875614,457460.0,1035105.0,2751.0,1969.0
GNPX,1.315163999366186,995560.0,449225.0,1847.0,2914.0
SBFM,1.2993186499762321,174540.0,863950.0,3711.0,2203.0
NVVE,1.283473300586278,22600.0,685890.0,5175.0,2479.0
YMT,1.267627951196324,827220.0,5159645.0,2080.0,520.0
AFJKU,1.25178260180637,280.0,1950.0,6183.5,6067.5
FGL,1.2359372524164158,4896480.0,1862345.0,476.0,1323.0
RPGL,1.2200919030264616,825760.0,253345.0,2085.0,3487.0
SPWR,1.2042465536365077,4913400.0,7055580.0,474.0,367.0
VIVS,1.1884012042465535,1676820.0,7243725.0,1293.0,355.0
AKAN,1.1725558548565995,5243440.0,1667690.0,449.0,1456.0
CNTX,1.1567105054666456,1693140.0,1846340.0,1281.0,1337.0
PSIG,1.1408651560766914,1061040.0,309740.0,1779.0,3292.0
ZONE,1.1250198066867374,17028200.0,13033595.0,123.0,168.0
LESL,1.1091744572967834,3842400.0,2103355.0,618.0,1214.0
BGL,1.0933291079068292,355660.0,323200.0,3023.0,3252.0
RGC,1.0774837585168753,151840.0,194865.0,3850.0,3731.0
BURU,1.0616384091269213,3278640.0,5710725.0,705.0,466.0
MVIS,1.0457930597369671,5248560.0,1840176.7,448.0,1342.0
INV,1.0299477103470132,12541580.0,4115860.0,176.0,666.0
TDIC,1.0141023609570592,147000.0,219930.0,3879.0,3609.0
PHGE,0.998257011567105,776980.0,1932045.0,2143.0,1287.0
BAOS,0.982411662177151,18977900.0,6975175.0,110.0,370.0
PDSB,0.966566312787197,3217240.0,2363245.0,725.0,1111.0
VNRX,0.9507209633972429,941860.0,1006150.0,1922.0,2015.0
CRIS,0.9348756140072889,910700.0,316975.0,1968.0,3268.0
NTCL,0.9190302646173348,111400.0,77755.0,4132.0,4469.0
FTFT,0.9031849152273808,64880.0,179770.0,4521.0,3802.0
SEGG,0.8873395658374268,52320.0,135292.8,4662.0,4052.0
RBNE,0.8714942164474727,51540.0,151875.0,4673.0,3949.0
AMZE,0.8556488670575186,6445400.0,9505330.0,362.0,256.0
NIVF,0.8398035176675647,1841360.0,664495.0,1204.0,2513.0
RITR,0.8239581682776106,5085820.0,128697145.0,465.0,1.0
ZNB,0.8081128188876565,473440.0,331764.4,2708.0,3224.0
CPOP,0.7922674694977025,3929500.0,9310145.0,600.0,259.0
SUGP,0.7764221201077484,412060.0,430627.0,2864.0,2972.0
SOHOB,0.7605767707177943,300.0,640.0,6176.5,6169.0
VSEE,0.7447314213278403,1014600.0,21164510.0,1822.0,104.0
DAIC,0.7288860719378862,1357020.0,585580.0,1495.0,2642.0
SION,0.7130407225479322,4567080.0,4199155.0,517.0,650.0
ENLV,0.6971953731579782,351760.0,449930.0,3033.0,2913.0
HCWB,0.6813500237680241,305020.0,132895.0,3161.0,4073.0
TENX,0.66550467437807,10455220.0,8669615.0,218.0,287.0
WOK,0.6496593249881161,1028600.0,526370.0,1809.0,2741.0
YYAI,0.633813975598162,24796540.0,70274540.0,69.0,8.0
EDBL,0.6179686262082079,1142580.0,3430130.0,1692.0,771.0
LGCL,0.6021232768182538,25297360.0,10568715.0,66.0,228.0
SOHON,0.5862779274282998,360.0,140.0,6166.5,6230.0
SOHOO,0.5704325780383457,120.0,540.0,6212.0,6181.5
JDZG,0.5545872286483917,565660.0,405175.0,2524.0,3034.0
GV,0.5387418792584376,27420.0,376000.0,5080.5,3113.0
STAI,0.5228965298684836,1120.0,2690.0,6072.5,5993.0
WHLR,0.5070511804785296,2502260.0,1282995.0,939.0,1734.0
OMH,0.4912058310885755,6034620.0,49227565.0,385.0,23.0
RUBI,0.47536048169862144,182760.0,632810.0,3669.5,2563.0
LIDRW,0.4595151323086674,365380.0,154925.0,2987.0,3924.0
VMAR,0.4436697829187134,485640.0,3088895.0,2682.0,850.0
YYGH,0.4278244335287593,886860.0,812985.0,1998.0,2277.0
SLXN,0.4119790841388053,1453960.0,581565.0,1424.0,2646.0
JZ,0.3961337347488513,62240.0,109295.0,4545.0,4237.0
MYSEW,0.38028838535889714,17100.0,5680.0,5325.0,5839.5
LGHL,0.3644430359689431,2258000.0,6496465.0,1022.0,409.0
FAMI,0.3485976865789891,21830080.0,7796340.0,87.0,328.0
GDC,0.332752337189035,206140.0,333290.0,3546.0,3217.0
POAS,0.316906987799081,400200.0,328490.0,2897.0,3235.0
HKIT,0.3010616384091269,309740.0,208105.0,3146.0,3664.0
GIPR,0.28521628901917284,7684220.0,2070660.0,295.0,1230.0
PAVS,0.2693709396292188,55240.0,2886870.0,4629.0,912.0
GMM,0.2535255902392648,53840.0,1355335.0,4645.0,1682.0
MEHA,0.23768024084931072,158862.2,297434.05,3808.0,3321.0
LYRA,0.2218348914593567,1360.6,1145.65,6046.0,6115.0
RBOT,0.20598954206940265,38460.0,42230.0,4855.5,4897.0
AIXI,0.19014419267944857,2700500.0,1516550.0,867.0,1566.0
CREG,0.17429884328949455,30161.8,33454.85,5028.0,5039.0
NUWE,0.1584534938995405,440300.0,9014650.0,2783.0,270.0
TMCWW,0.14260814450958642,755960.0,399620.0,2170.0,3060.0
CISS,0.1267627951196324,361322.2,1830306.35,3002.0,1346.0
LBGJ,0.11091744572967835,2839880.0,1653050.55,826.0,1466.0
YHC,0.09507209633972429,43800.0,314095.0,4774.0,3276.0
ZCMD,0.07922674694977025,2487140.0,12439260.0,947.0,185.0
INLF,0.0633813975598162,98080.0,8025550.0,4237.0,312.0
VSTD,0.04753604816986214,2500.0,267900.0,5965.5,3427.0
ADTX,0.0316906987799081,9398340.0,14167705.0,242.0,154.0
SSKN,0.01584534938995405,4082.6,8603.1,5857.0,5697.0
AACBR,,,,,
ABPWW,,,,,
ABR-PD,,15465.6,12682.6,5366.0,5523.0
ABR-PE,,6240.4,6375.2,5740.0,5805.0
ABR-PF,,5940.4,9326.05,5762.0,5660.0
ABLVW,,,,,
ACONW,,,,,
ACP-PA,,2231.0,1796.95,5977.0,6077.0
ACR-PC,,33485.8,20503.2,4955.0,5308.0
ACR-PD,,10451.2,6916.6,5535.0,5775.0
ADC-PA,,15689.8,12970.05,5361.0,5512.0
ADSEW,,,,,
AENTW,,,,,
AERTW,,,,,
AEVAW,,,,,
AFJKR,,,,,
AFRIW,,,,,
AGM-PD,,5062.6,4729.3,5801.0,5895.0
AGM-PE,,3806.2,4303.65,5877.0,5924.0
AGM-PF,,9442.8,9472.4,5580.0,5655.0
AGM-PG,,9391.0,6224.8,5584.0,5814.0
AGM-PH,,2507.2,4468.4,5963.0,5914.0
AHL-PD,,5349.2,1337.3,5785.0,6103.0
AHL-PE,,10666.2,14418.05,5528.0,5457.0
AHL-PF,,2799.8,699.95,5943.0,6161.0
AHT-PD,,21718.4,8529.35,5195.0,5700.0
AHT-PF,,102405.2,28693.65,4210.0,5126.0
AHT-PG,,28105.6,10643.5,5067.0,5608.0
AHT-PI,,24273.0,9877.8,5148.0,5639.0
AIIOW,,,,,
AIMDW,,,,,
AIRJW,,,,,
AISPW,,,,,
ALB-PA,,231495.2,330428.0,3443.0,3229.0
ALDFW,,,,,
ALFUW,,,,,
ALISR,,,,,
ALL-PB,,15824.6,32843.25,5354.0,5053.0
ALL-PI,,38341.6,31794.9,4861.0,5066.0
ALL-PJ,,34400.8,44609.55,4934.0,4862.0
ALTG-PA,,4637.4,2263.95,5829.0,6038.0
ALUR,,,,,
AMH-PH,,8500.0,7686.25,5622.5,5737.0
AMODW,,,,,
AMPGW,,,,,
ANG-PD,,5997.4,9867.1,5760.0,5640.0
ANGHW,,,,,
ANNAW,,,,,
ANSCW,,,,,
APACR,,,,,
APLMW,,,,,
APXTW,,,,,
ARBEW,,,,,
AREBW,,,,,
ARES-PB,,322968.0,166261.9,3107.0,3858.0
ARQQW,,,,,
ASB-PE,,3417.0,6235.85,5900.0,5811.0
ASB-PF,,5386.8,8898.4,5782.0,5681.0
ASBPW,,,,,
ASPCR,,,,,
ASPSW,,,,,
ASPSZ,,,,,
ASTLW,,,,,
ATH-PA,,170402.0,83682.55,3737.0,4425.0
ATH-PB,,18890.0,19614.0,5260.0,5327.0
ATH-PD,,54369.2,48835.8,4639.0,4798.0
ATH-PE,,54416.6,33289.65,4638.0,5043.0
ATIIW,,,,,
ATLN,,,,,
AUB-PA,,8089.6,8080.95,5639.0,5722.0
AUROW,,,,,
AXINR,,,,,
BACCR,,,,,
BAERW,,,,,
BAYA,,,,,
BAYAU,,,,,
BC-PC,,,,,
BCARW,,,,,
BCGWW,,,,,
BCTXL,,,,,
BCTXW,,,,,
BCTXZ,,,,,
BDCIW,,,,,
BDMDW,,,,,
BEAGR,,,,,
BEATW,,,,,
BENFW,,,,,
BETRW,,,,,
BFRGW,,,,,
BGLWW,,,,,
BIAFW,,,,,
BIVIW,,,,,
BKHAR,,,,,
BLUWW,,,,,
BLZRW,,,,,
BNAIW,,,,,
BNCWW,,,,,
BNZIW,,,,,
BPACR,,,,,
BRLSW,,,,,
BSAAR,,,,,
BTBDW,,,,,
BZAIW,,,,,
BZFDW,,,,,
CDIOW,,,,,
CDROW,,,,,
CDTTW,,,,,
CELUW,,,,,
CEPT,,,,,
CHPGR,,,,,
CINGW,,,,,
CLSKW,,,,,
CNCKW,,,,,
CNO-PA,,,,,
COCHW,,,,,
COLAR,,,,,
COOTW,,,,,
CORZW,,,,,
CORZZ,,,,,
CRACR,,,,,
CRANR,,,,,
CRAQR,,,,,
CRGOW,,,,,
CRMLW,,,,,
CTBB,,,,,
CTDD,,,,,
CUBWW,,,,,
CWAN,,,,,
CXAIW,,,,,
CYCUW,,,,,
DAAQW,,,,,
DAICW,,,,,
DAVEW,,,,,
DEVS,,,,,
DFLIW,,,,,
DHCNL,,,,,
DJTWW,,,,,
DMAAR,,,,,
DMIIR,,,,,
DRDBW,,,,,
DRMAW,,,,,
DRTSW,,,,,
DSYWW,,,,,
DTSQR,,,,,
DTSTW,,,,,
DYORW,,,,,
ECXWW,,,,,
EDBLW,,,,,
EEX,,,,,
EGHAR,,,,,
EMISR,,,,,
ENGNW,,,,,
ESHAR,,,,,
ESLAW,,,,,
ESPR,,,,,
EUDAW,,,,,
EURKR,,,,,
EVGOW,,,,,
EVLVW,,,,,
EVOXW,,,,,
EXEEL,,,,,
EXEEZ,,,,,
F-PB,,,,,
F-PC,,,,,
F-PD,,,,,
FACTW,,,,,
FBYDW,,,,,
FDP,,,,,
FERAR,,,,,
FFAIW,,,,,
FGIWW,,,,,
FGMCR,,,,,
FGMCU,,,,,
FIGXW,,,,,
FLDDW,,,,,
FMSTW,,,,,
FOXXW,,,,,
FSHPR,,,,,
FUFUW,,,,,
GFAIW,,,,,
GGROW,,,,,
GIBOW,,,,,
GIWWR,,,,,
GIPRW,,,,,
GL-PD,,,,,
GLU-PA,,,,,
GPATW,,,,,
GRRRW,,,,,
GSHRW,,,,,
GTENW,,,,,
GTERR,,,,,
GTERW,,,,,
HAVAR,,,,,
HCMAW,,,,,
HNNAZ,,,,,
HOLOW,,,,,
HOVRW,,,,,
HPAIW,,,,,
HSCSW,,,,,
HTZWW,,,,,
HUBCW,,,,,
HUMAW,,,,,
HVIIR,,,,,
HVMCW,,,,,
IBACR,,,,,
ICUCW,,,,,
IMSRW,,,,,
INACR,,,,,
INVZW,,,,,
IPCXR,,,,,
IPEXR,,,,,
IVDAW,,,,,
JSPRW,,,,,
KCHVR,,,,,
KFIIR,,,,,
KIDZW,,,,,
KITTW,,,,,
KORE,,,,,
KOYNW,,,,,
KVACW,,,,,
KWMWW,,,,,
KYIVW,,,,,
LCCCR,,,,,
LCFYW,,,,,
LIMNW,,,,,
LKSPR,,,,,
LNZAW,,,,,
LOKVU,,,,,
LOKVW,,,,,
LPAAW,,,,,
LPBBW,,,,,
LTRYW,,,,,
LWACW,,,,,
MACIW,,,,,
MBAVW,,,,,
MBVIW,,,,,
MCGAW,,,,,
MDAIW,,,,,
MDCXW,,,,,
MER-PK,,182777.8,140755.6,3668.0,4007.0
MFICL,,,,,
MKDWW,,,,,
MKLYR,,,,,
MLECW,,,,,
MMTXW,,,,,
MNTSW,,,,,
MOBBW,,,,,
MOBXW,,,,,
MRNOW,,,,,
MSAIW,,,,,
MSW,,,,,
MTEKW,,,,,
MVSTW,,,,,
NCPLW,,,,,
NEE-PN,,,,,
NEE-PU,,,,,
NEOVW,,,,,
NIOBW,,,,,
NIVFW,,,,,
NIXXW,,,,,
NMPAR,,,,,
NNAVW,,,,,
NOEMW,,,,,
NPACW,,,,,
NRXPW,,,,,
NSA,,,,,
NUAIW,,,,,
NVNIW,,,,,
NVVEW,,,,,
NXGLW,,,,,
NXPLW,,,,,
OABIW,,,,,
OACCW,,,,,
OBAWW,,,,,
OCSAW,,,,,
ODVWZ,,,,,
ONCHW,,,,,
ONFOW,,,,,
ONMDW,,,,,
OPTXW,,,,,
ORGN,,,,,
ORGNW,,,,,
ORIQW,,,,,
OSRHW,,,,,
OUSTZ,,,,,
PACHW,,,,,
PBMWW,,,,,
PCAPW,,,,,
PCG-PC,,889.2,625.05,6100.0,6172.0
PCG-PI,,2047.6,1178.0,5995.0,6113.0
PCSC,,,,,
PCTTW,,,,,
PDYNW,,,,,
PGACR,,,,,
PGYWW,,,,,
PIIIW,,,,,
PLMKW,,,,,
PMTRW,,,,,
POLEW,,,,,
PRA,,,,,
PRENW,,,,,
QETAR,,,,,
QSEAR,,,,,
QUMSR,,,,,
RAAQU,,,,,
RAAQW,,,,,
RAINW,,,,,
RANGR,,,,,
RCKTW,,,,,
RDACR,,,,,
RDAGW,,,,,
RDZNW,,,,,
REE,,,,,
REVBW,,,,,
RFAIR,,,,,
RGTIW,,,,,
RMCOW,,,,,
RMSGW,,,,,
RUMBW,,,,,
RVMDW,,,,,
RVSNW,,,,,
RZLVW,,,,,
SABSW,,,,,
SATLW,,,,,
SATS,,,,,
SBCWW,,,,,
SBFMW,,,,,
SCAGW,,,,,
SCLXW,,,,,
SDHIR,,,,,
SDSTW,,,,,
SEM,,,,,
SHFSW,,,,,
SHMDW,,,,,
SILA,,,,,
SIMAW,,,,,
SKBL,,,,,
SKLZ,,,,,
SLAI,,,,,
SLDPW,,,,,
SLXNW,,,,,
SMXWW,,,,,
SNBR,,,,,
SOCAW,,,,,
SOUNW,,,,,
SPEGR,,,,,
SPKLW,,,,,
SPWRW,,,,,
SQFTW,,,,,
SRTAW,,,,,
SSEAR,,,,,
SSSS,,,,,
STEL,,,,,
SVACU,,,,,
SVACW,,,,,
SVCCW,,,,,
SVREW,,,,,
SWAGW,,,,,
SWVLW,,,,,
SXTPW,,,,,
SZZLR,,,,,
TACHW,,,,,
TACOW,,,,,
TALKW,,,,,
TAVIR,,,,,
TBHC,,,,,
TBLAW,,,,,
TDACW,,,,,
TDWDR,,,,,
TECTP,,,,,
TLNCW,,,,,
TNONW,,,,,
TOIIW,,,,,
TPTA,,,,,
TVACW,,,,,
TVAIR,,,,,
TVGNW,,,,,
TWLVR,,,,,
UHGWW,,,,,
USGOW,,,,,
VEEAW,,,,,
VGASW,,,,,
VSEEW,,,,,
VSSYW,,,,,
VWAVW,,,,,
WENNW,,,,,
WGSWW,,,,,
WLDSW,,,,,
WRB-PF,,,,,
WRB-PG,,,,,
WRB-PH,,,,,
WSR,,,,,
WSTNR,,,,,
WTGUR,,,,,
WTO,,,,,
XBPEW,,,,,
XOSWW,,,,,
XRPNW,,,,,
YDESW,,,,,
YHNAR,,,,,
ZEOWW,,,,,
ZOOZW,,,,,
